{
	"credit": "Made with Blockbench",
	"texture_size": [64, 64],
	"textures": {
		"1": "blocks/glass_orange",
		"4": "custom/balloonmotifs",
		"5": "blocks/glass_pane_top",
		"particle": "blocks/glass_lime"
	},
	"elements": [
		{
			"from": [4, 30, 8],
			"to": [9, 31, 9],
			"rotation": {"angle": 0, "axis": "y", "origin": [14, 25, 14]},
			"faces": {
				"north": {"uv": [0, 0, 0.25, 0.25], "texture": "#1"},
				"east": {"uv": [0, 0, 0.25, 0.25], "texture": "#1"},
				"south": {"uv": [0, 0, 0.25, 0.25], "texture": "#1"},
				"west": {"uv": [0, 0, 0.25, 0.25], "texture": "#1"},
				"up": {"uv": [0, 0, 0.25, 0.25], "texture": "#1"},
				"down": {"uv": [0, 0, 0.25, 0.25], "texture": "#1"}
			}
		},
		{
			"from": [2, 29, 8],
			"to": [11, 30, 9],
			"rotation": {"angle": 0, "axis": "y", "origin": [14, 24, 14]},
			"faces": {
				"north": {"uv": [0, 0, 0.25, 0.25], "texture": "#1"},
				"east": {"uv": [0, 0, 0.25, 0.25], "texture": "#1"},
				"south": {"uv": [0, 0, 0.25, 0.25], "texture": "#1"},
				"west": {"uv": [0, 0, 0.25, 0.25], "texture": "#1"},
				"up": {"uv": [0, 0, 0.25, 0.25], "texture": "#1"},
				"down": {"uv": [0, 0, 0.25, 0.25], "texture": "#1"}
			}
		},
		{
			"from": [1, 28, 8],
			"to": [12, 29, 9],
			"rotation": {"angle": 0, "axis": "y", "origin": [14, 23, 14]},
			"faces": {
				"north": {"uv": [0, 0, 0.25, 0.25], "texture": "#1"},
				"east": {"uv": [0, 0, 0.25, 0.25], "texture": "#1"},
				"south": {"uv": [0, 0, 0.25, 0.25], "texture": "#1"},
				"west": {"uv": [0, 0, 0.25, 0.25], "texture": "#1"},
				"up": {"uv": [0, 0, 0.25, 0.25], "texture": "#1"},
				"down": {"uv": [0, 0, 0.25, 0.25], "texture": "#1"}
			}
		},
		{
			"from": [0, 26, 8],
			"to": [13, 28, 9],
			"rotation": {"angle": 0, "axis": "y", "origin": [14, 22, 14]},
			"faces": {
				"north": {"uv": [0, 0, 0.25, 0.5], "texture": "#1"},
				"east": {"uv": [0, 0, 0.25, 0.5], "texture": "#1"},
				"south": {"uv": [0, 0, 0.25, 0.5], "texture": "#1"},
				"west": {"uv": [0, 0, 0.25, 0.5], "texture": "#1"},
				"up": {"uv": [0, 0, 0.25, 0.5], "texture": "#1"},
				"down": {"uv": [0, 0, 0.25, 0.5], "texture": "#1"}
			}
		},
		{
			"from": [-1, 20, 8],
			"to": [14, 26, 9],
			"rotation": {"angle": 0, "axis": "y", "origin": [14, 30, 14]},
			"faces": {
				"north": {"uv": [0, 0, 0.25, 1.5], "texture": "#1"},
				"east": {"uv": [0, 0, 0.25, 1.5], "texture": "#1"},
				"south": {"uv": [0, 0, 0.25, 1.5], "texture": "#1"},
				"west": {"uv": [0, 0, 0.25, 1.5], "texture": "#1"},
				"up": {"uv": [0, 0, 0.25, 1.5], "texture": "#1"},
				"down": {"uv": [0, 0, 0.25, 1.5], "texture": "#1"}
			}
		},
		{
			"from": [0, 18, 8],
			"to": [13, 20, 9],
			"rotation": {"angle": 0, "axis": "y", "origin": [14, 14, 14]},
			"faces": {
				"north": {"uv": [0, 0, 0.25, 0.5], "texture": "#1"},
				"east": {"uv": [0, 0, 0.25, 0.5], "texture": "#1"},
				"south": {"uv": [0, 0, 0.25, 0.5], "texture": "#1"},
				"west": {"uv": [0, 0, 0.25, 0.5], "texture": "#1"},
				"up": {"uv": [0, 0, 0.25, 0.5], "texture": "#1"},
				"down": {"uv": [0, 0, 0.25, 0.5], "texture": "#1"}
			}
		},
		{
			"from": [1, 17, 8],
			"to": [12, 18, 9],
			"rotation": {"angle": 0, "axis": "y", "origin": [14, 12, 14]},
			"faces": {
				"north": {"uv": [0, 0, 0.25, 0.25], "texture": "#1"},
				"east": {"uv": [0, 0, 0.25, 0.25], "texture": "#1"},
				"south": {"uv": [0, 0, 0.25, 0.25], "texture": "#1"},
				"west": {"uv": [0, 0, 0.25, 0.25], "texture": "#1"},
				"up": {"uv": [0, 0, 0.25, 0.25], "texture": "#1"},
				"down": {"uv": [0, 0, 0.25, 0.25], "texture": "#1"}
			}
		},
		{
			"from": [2, 16, 8],
			"to": [11, 17, 9],
			"rotation": {"angle": 0, "axis": "y", "origin": [14, 11, 14]},
			"faces": {
				"north": {"uv": [0, 0, 0.25, 0.25], "texture": "#1"},
				"east": {"uv": [0, 0, 0.25, 0.25], "texture": "#1"},
				"south": {"uv": [0, 0, 0.25, 0.25], "texture": "#1"},
				"west": {"uv": [0, 0, 0.25, 0.25], "texture": "#1"},
				"up": {"uv": [0, 0, 0.25, 0.25], "texture": "#1"},
				"down": {"uv": [0, 0, 0.25, 0.25], "texture": "#1"}
			}
		},
		{
			"from": [4, 15, 8],
			"to": [9, 16, 9],
			"rotation": {"angle": 0, "axis": "y", "origin": [14, 10, 14]},
			"faces": {
				"north": {"uv": [0, 0, 0.25, 0.25], "texture": "#1"},
				"east": {"uv": [0, 0, 0.25, 0.25], "texture": "#1"},
				"south": {"uv": [0, 0, 0.25, 0.25], "texture": "#1"},
				"west": {"uv": [0, 0, 0.25, 0.25], "texture": "#1"},
				"up": {"uv": [0, 0, 0.25, 0.25], "texture": "#1"},
				"down": {"uv": [0, 0, 0.25, 0.25], "texture": "#1"}
			}
		},
		{
			"name": "octagon",
			"from": [4.68629, 14, 9.5],
			"to": [8.31371, 15, 13.5],
			"rotation": {"angle": 0, "axis": "y", "origin": [7, 7, 8]},
			"faces": {
				"north": {"uv": [0, 0, 0.25, 0.25], "rotation": 90, "texture": "#1"},
				"east": {"uv": [0, 0, 0.25, 0.25], "rotation": 90, "texture": "#1"},
				"south": {"uv": [0, 0, 0.25, 0.25], "rotation": 90, "texture": "#1"},
				"west": {"uv": [0, 0, 0.25, 0.25], "rotation": 90, "texture": "#1"},
				"up": {"uv": [0, 0, 0.25, 0.25], "rotation": 90, "texture": "#1"},
				"down": {"uv": [0, 0, 0.25, 0.25], "rotation": 90, "texture": "#1"}
			}
		},
		{
			"from": [-2, 20, 9],
			"to": [15, 26, 14],
			"rotation": {"angle": 0, "axis": "y", "origin": [14, 30, 19]},
			"faces": {
				"north": {"uv": [0, 0, 1, 0.5], "texture": "#1"},
				"east": {"uv": [0, 0, 1, 0.5], "texture": "#1"},
				"south": {"uv": [0, 0, 1, 0.5], "texture": "#1"},
				"west": {"uv": [0, 0, 1, 0.5], "texture": "#1"},
				"up": {"uv": [0, 0, 1, 0.5], "texture": "#1"},
				"down": {"uv": [0, 0, 1, 0.5], "texture": "#1"}
			}
		},
		{
			"from": [3, 30, 9],
			"to": [10, 31, 14],
			"rotation": {"angle": 0, "axis": "y", "origin": [14, 25, 19]},
			"faces": {
				"north": {"uv": [0, 0, 1.25, 0.25], "texture": "#1"},
				"east": {"uv": [0, 0, 1.25, 0.25], "texture": "#1"},
				"south": {"uv": [0, 0, 1.25, 0.25], "texture": "#1"},
				"west": {"uv": [0, 0, 1.25, 0.25], "texture": "#1"},
				"up": {"uv": [0, 0, 1.25, 0.25], "texture": "#1"},
				"down": {"uv": [0, 0, 1.25, 0.25], "texture": "#1"}
			}
		},
		{
			"from": [3, 15, 9],
			"to": [10, 16, 14],
			"rotation": {"angle": 0, "axis": "y", "origin": [14, 10, 19]},
			"faces": {
				"north": {"uv": [0, 0, 1.25, 0.25], "texture": "#1"},
				"east": {"uv": [0, 0, 1.25, 0.25], "texture": "#1"},
				"south": {"uv": [0, 0, 1.25, 0.25], "texture": "#1"},
				"west": {"uv": [0, 0, 1.25, 0.25], "texture": "#1"},
				"up": {"uv": [0, 0, 1.25, 0.25], "texture": "#1"},
				"down": {"uv": [0, 0, 1.25, 0.25], "texture": "#1"}
			}
		},
		{
			"from": [1, 29, 9],
			"to": [12, 30, 14],
			"rotation": {"angle": 0, "axis": "y", "origin": [14, 24, 19]},
			"faces": {
				"north": {"uv": [0, 0, 1.25, 0.25], "texture": "#1"},
				"east": {"uv": [0, 0, 1.25, 0.25], "texture": "#1"},
				"south": {"uv": [0, 0, 1.25, 0.25], "texture": "#1"},
				"west": {"uv": [0, 0, 1.25, 0.25], "texture": "#1"},
				"up": {"uv": [0, 0, 1.25, 0.25], "texture": "#1"},
				"down": {"uv": [0, 0, 1.25, 0.25], "texture": "#1"}
			}
		},
		{
			"from": [1, 16, 9],
			"to": [12, 17, 14],
			"rotation": {"angle": 0, "axis": "y", "origin": [14, 11, 19]},
			"faces": {
				"north": {"uv": [0, 0, 1.25, 0.25], "texture": "#1"},
				"east": {"uv": [0, 0, 1.25, 0.25], "texture": "#1"},
				"south": {"uv": [0, 0, 1.25, 0.25], "texture": "#1"},
				"west": {"uv": [0, 0, 1.25, 0.25], "texture": "#1"},
				"up": {"uv": [0, 0, 1.25, 0.25], "texture": "#1"},
				"down": {"uv": [0, 0, 1.25, 0.25], "texture": "#1"}
			}
		},
		{
			"from": [0, 28, 9],
			"to": [13, 29, 14],
			"rotation": {"angle": 0, "axis": "y", "origin": [14, 23, 19]},
			"faces": {
				"north": {"uv": [0, 0, 1.25, 0.25], "texture": "#1"},
				"east": {"uv": [0, 0, 1.25, 0.25], "texture": "#1"},
				"south": {"uv": [0, 0, 1.25, 0.25], "texture": "#1"},
				"west": {"uv": [0, 0, 1.25, 0.25], "texture": "#1"},
				"up": {"uv": [0, 0, 1.25, 0.25], "texture": "#1"},
				"down": {"uv": [0, 0, 1.25, 0.25], "texture": "#1"}
			}
		},
		{
			"from": [0, 17, 9],
			"to": [13, 18, 14],
			"rotation": {"angle": 0, "axis": "y", "origin": [14, 12, 19]},
			"faces": {
				"north": {"uv": [0, 0, 1.25, 0.25], "texture": "#1"},
				"east": {"uv": [0, 0, 1.25, 0.25], "texture": "#1"},
				"south": {"uv": [0, 0, 1.25, 0.25], "texture": "#1"},
				"west": {"uv": [0, 0, 1.25, 0.25], "texture": "#1"},
				"up": {"uv": [0, 0, 1.25, 0.25], "texture": "#1"},
				"down": {"uv": [0, 0, 1.25, 0.25], "texture": "#1"}
			}
		},
		{
			"from": [-1, 26, 9],
			"to": [14, 28, 14],
			"rotation": {"angle": 0, "axis": "y", "origin": [14, 22, 19]},
			"faces": {
				"north": {"uv": [0, 0, 1.25, 0.5], "texture": "#1"},
				"east": {"uv": [0, 0, 1.25, 0.5], "texture": "#1"},
				"south": {"uv": [0, 0, 1.25, 0.5], "texture": "#1"},
				"west": {"uv": [0, 0, 1.25, 0.5], "texture": "#1"},
				"up": {"uv": [0, 0, 1.25, 0.5], "texture": "#1"},
				"down": {"uv": [0, 0, 1.25, 0.5], "texture": "#1"}
			}
		},
		{
			"from": [-1, 18, 9],
			"to": [14, 20, 14],
			"rotation": {"angle": 0, "axis": "y", "origin": [14, 14, 19]},
			"faces": {
				"north": {"uv": [0, 0, 1.25, 0.5], "texture": "#1"},
				"east": {"uv": [0, 0, 1.25, 0.5], "texture": "#1"},
				"south": {"uv": [0, 0, 1.25, 0.5], "texture": "#1"},
				"west": {"uv": [0, 0, 1.25, 0.5], "texture": "#1"},
				"up": {"uv": [0, 0, 1.25, 0.5], "texture": "#1"},
				"down": {"uv": [0, 0, 1.25, 0.5], "texture": "#1"}
			}
		},
		{
			"from": [4, 30, 14],
			"to": [9, 31, 15],
			"rotation": {"angle": 0, "axis": "y", "origin": [14, 25, 20]},
			"faces": {
				"north": {"uv": [0, 0, 0.25, 0.25], "texture": "#1"},
				"east": {"uv": [0, 0, 0.25, 0.25], "texture": "#1"},
				"south": {"uv": [0, 0, 0.25, 0.25], "texture": "#1"},
				"west": {"uv": [0, 0, 0.25, 0.25], "texture": "#1"},
				"up": {"uv": [0, 0, 0.25, 0.25], "texture": "#1"},
				"down": {"uv": [0, 0, 0.25, 0.25], "texture": "#1"}
			}
		},
		{
			"from": [2, 29, 14],
			"to": [11, 30, 15],
			"rotation": {"angle": 0, "axis": "y", "origin": [14, 24, 20]},
			"faces": {
				"north": {"uv": [0, 0, 0.25, 0.25], "texture": "#1"},
				"east": {"uv": [0, 0, 0.25, 0.25], "texture": "#1"},
				"south": {"uv": [0, 0, 0.25, 0.25], "texture": "#1"},
				"west": {"uv": [0, 0, 0.25, 0.25], "texture": "#1"},
				"up": {"uv": [0, 0, 0.25, 0.25], "texture": "#1"},
				"down": {"uv": [0, 0, 0.25, 0.25], "texture": "#1"}
			}
		},
		{
			"from": [1, 28, 14],
			"to": [12, 29, 15],
			"rotation": {"angle": 0, "axis": "y", "origin": [14, 23, 20]},
			"faces": {
				"north": {"uv": [0, 0, 0.25, 0.25], "texture": "#1"},
				"east": {"uv": [0, 0, 0.25, 0.25], "texture": "#1"},
				"south": {"uv": [0, 0, 0.25, 0.25], "texture": "#1"},
				"west": {"uv": [0, 0, 0.25, 0.25], "texture": "#1"},
				"up": {"uv": [0, 0, 0.25, 0.25], "texture": "#1"},
				"down": {"uv": [0, 0, 0.25, 0.25], "texture": "#1"}
			}
		},
		{
			"from": [0, 26, 14],
			"to": [13, 28, 15],
			"rotation": {"angle": 0, "axis": "y", "origin": [14, 22, 20]},
			"faces": {
				"north": {"uv": [0, 0, 0.25, 0.5], "texture": "#1"},
				"east": {"uv": [0, 0, 0.25, 0.5], "texture": "#1"},
				"south": {"uv": [0, 0, 0.25, 0.5], "texture": "#1"},
				"west": {"uv": [0, 0, 0.25, 0.5], "texture": "#1"},
				"up": {"uv": [0, 0, 0.25, 0.5], "texture": "#1"},
				"down": {"uv": [0, 0, 0.25, 0.5], "texture": "#1"}
			}
		},
		{
			"from": [-1, 20, 14],
			"to": [14, 26, 15],
			"rotation": {"angle": 0, "axis": "y", "origin": [14, 30, 20]},
			"faces": {
				"north": {"uv": [0, 0, 0.25, 1.5], "texture": "#1"},
				"east": {"uv": [0, 0, 0.25, 1.5], "texture": "#1"},
				"south": {"uv": [0, 0, 0.25, 1.5], "texture": "#1"},
				"west": {"uv": [0, 0, 0.25, 1.5], "texture": "#1"},
				"up": {"uv": [0, 0, 0.25, 1.5], "texture": "#1"},
				"down": {"uv": [0, 0, 0.25, 1.5], "texture": "#1"}
			}
		},
		{
			"from": [0, 18, 14],
			"to": [13, 20, 15],
			"rotation": {"angle": 0, "axis": "y", "origin": [14, 14, 20]},
			"faces": {
				"north": {"uv": [0, 0, 0.25, 0.5], "texture": "#1"},
				"east": {"uv": [0, 0, 0.25, 0.5], "texture": "#1"},
				"south": {"uv": [0, 0, 0.25, 0.5], "texture": "#1"},
				"west": {"uv": [0, 0, 0.25, 0.5], "texture": "#1"},
				"up": {"uv": [0, 0, 0.25, 0.5], "texture": "#1"},
				"down": {"uv": [0, 0, 0.25, 0.5], "texture": "#1"}
			}
		},
		{
			"from": [1, 17, 14],
			"to": [12, 18, 15],
			"rotation": {"angle": 0, "axis": "y", "origin": [14, 12, 20]},
			"faces": {
				"north": {"uv": [0, 0, 0.25, 0.25], "texture": "#1"},
				"east": {"uv": [0, 0, 0.25, 0.25], "texture": "#1"},
				"south": {"uv": [0, 0, 0.25, 0.25], "texture": "#1"},
				"west": {"uv": [0, 0, 0.25, 0.25], "texture": "#1"},
				"up": {"uv": [0, 0, 0.25, 0.25], "texture": "#1"},
				"down": {"uv": [0, 0, 0.25, 0.25], "texture": "#1"}
			}
		},
		{
			"from": [2, 16, 14],
			"to": [11, 17, 15],
			"rotation": {"angle": 0, "axis": "y", "origin": [14, 11, 20]},
			"faces": {
				"north": {"uv": [0, 0, 0.25, 0.25], "texture": "#1"},
				"east": {"uv": [0, 0, 0.25, 0.25], "texture": "#1"},
				"south": {"uv": [0, 0, 0.25, 0.25], "texture": "#1"},
				"west": {"uv": [0, 0, 0.25, 0.25], "texture": "#1"},
				"up": {"uv": [0, 0, 0.25, 0.25], "texture": "#1"},
				"down": {"uv": [0, 0, 0.25, 0.25], "texture": "#1"}
			}
		},
		{
			"from": [4, 15, 14],
			"to": [9, 16, 15],
			"rotation": {"angle": 0, "axis": "y", "origin": [14, 10, 20]},
			"faces": {
				"north": {"uv": [0, 0, 0.25, 0.25], "texture": "#1"},
				"east": {"uv": [0, 0, 0.25, 0.25], "texture": "#1"},
				"south": {"uv": [0, 0, 0.25, 0.25], "texture": "#1"},
				"west": {"uv": [0, 0, 0.25, 0.25], "texture": "#1"},
				"up": {"uv": [0, 0, 0.25, 0.25], "texture": "#1"},
				"down": {"uv": [0, 0, 0.25, 0.25], "texture": "#1"}
			}
		},
		{
			"from": [6, 5, 11],
			"to": [7, 14, 12],
			"rotation": {"angle": 0, "axis": "y", "origin": [14, 23, 19]},
			"faces": {
				"north": {"uv": [7, 0, 8.5, 4], "texture": "#5"},
				"east": {"uv": [7, 0, 8.5, 4], "texture": "#5"},
				"south": {"uv": [7, 0, 8.5, 4], "texture": "#5"},
				"west": {"uv": [7, 0, 8.5, 4], "texture": "#5"},
				"up": {"uv": [7, 0, 8.5, 4], "texture": "#5"},
				"down": {"uv": [7, 0, 8.5, 4], "texture": "#5"}
			}
		},
		{
			"from": [6, -6, 12],
			"to": [7, 5, 13],
			"rotation": {"angle": 0, "axis": "y", "origin": [14, 12, 20]},
			"faces": {
				"north": {"uv": [7, 0, 8.5, 4], "texture": "#5"},
				"east": {"uv": [7, 0, 8.5, 4], "texture": "#5"},
				"south": {"uv": [7, 0, 8.5, 4], "texture": "#5"},
				"west": {"uv": [7, 0, 8.5, 4], "texture": "#5"},
				"up": {"uv": [7, 0, 8.5, 4], "texture": "#5"},
				"down": {"uv": [7, 0, 8.5, 4], "texture": "#5"}
			}
		},
		{
			"from": [6, -16, 13],
			"to": [7, -6, 14],
			"rotation": {"angle": 0, "axis": "y", "origin": [14, 2, 21]},
			"faces": {
				"north": {"uv": [7, 0, 8.5, 4], "texture": "#5"},
				"east": {"uv": [7, 0, 8.5, 4], "texture": "#5"},
				"south": {"uv": [7, 0, 8.5, 4], "texture": "#5"},
				"west": {"uv": [7, 0, 8.5, 4], "texture": "#5"},
				"up": {"uv": [7, 0, 8.5, 4], "texture": "#5"},
				"down": {"uv": [7, 0, 8.5, 4], "texture": "#5"}
			}
		},
		{
			"from": [-1, 15.5, 15.1],
			"to": [14, 30.5, 15.1],
			"rotation": {"angle": 0, "axis": "y", "origin": [14, 31, 8]},
			"faces": {
				"north": {"uv": [0.75, 8.75, 1, 15.75], "texture": "#4"},
				"east": {"uv": [0.75, 8.5, 7.75, 15.5], "texture": "#4"},
				"south": {"uv": [0.75, 8.75, 7.75, 15.75], "texture": "#4"},
				"west": {"uv": [0.75, 8.5, 7.75, 15.5], "texture": "#4"},
				"up": {"uv": [0.75, 8.5, 7.75, 15.5], "texture": "#4"},
				"down": {"uv": [0.75, 8.5, 7.75, 15.5], "texture": "#4"}
			}
		},
		{
			"from": [-1, 15.5, 7.9],
			"to": [14, 30.5, 7.9],
			"rotation": {"angle": 0, "axis": "y", "origin": [14, 31, 15]},
			"faces": {
				"north": {"uv": [0.75, 8.75, 7.75, 15.75], "texture": "#4"},
				"east": {"uv": [0.75, 8.5, 7.75, 15.5], "texture": "#4"},
				"south": {"uv": [0.75, 8.5, 1.5, 9], "texture": "#4"},
				"west": {"uv": [0.75, 8.5, 7.75, 15.5], "texture": "#4"},
				"up": {"uv": [0.75, 8.5, 7.75, 15.5], "texture": "#4"},
				"down": {"uv": [0.75, 8.5, 7.75, 15.5], "texture": "#4"}
			}
		}
	],
	"display": {
		"thirdperson_righthand": {
			"rotation": [64, -1, 0],
			"translation": [2, 12.75, 15.5]
		},
		"firstperson_righthand": {
			"translation": [0, 18.25, 0]
		},
		"firstperson_lefthand": {
			"translation": [-2, 13, 0]
		},
		"gui": {
			"rotation": [0, 27, 0],
			"scale": [0.33, 0.33, 0.33]
		},
		"head": {
			"translation": [1.25, 0, -4.75]
		},
		"fixed": {
			"translation": [0, 10, -7.75]
		}
	},
	"groups": [
		{
			"name": "group",
			"origin": [14, 10, 14],
			"children": [0, 1, 2, 3, 4, 5, 6, 7, 8, 9, 10, 11, 12, 13, 14, 15, 16, 17, 18,
				{
					"name": "group",
					"origin": [14, 10, 14],
					"children": [19, 20, 21, 22, 23, 24, 25, 26, 27]
				}
			]
		},
		{
			"name": "string",
			"origin": [14, 2, 21],
			"children": [28, 29, 30]
		},
		{
			"name": "sticker",
			"origin": [14, 30, 15],
			"children": [31, 32]
		}
	]
}
