{
	"credit": "Made with Blockbench",
	"textures": {
		"0": "block/beacon",
		"1": "block/brewing_stand_base",
		"2": "block/white_stained_glass",
		"particle": "block/beacon"
	},
	"elements": [
		{
			"from": [13.22, 11.85, 7.81111],
			"to": [14.22, 15.85, 8.11111],
			"rotation": {"angle": -22.5, "axis": "z", "origin": [9.8125, 18, 9.81111]},
			"faces": {
				"north": {"uv": [0, 1, 1, 0], "texture": "#1"},
				"east": {"uv": [0.3, 0, 0, 6], "texture": "#1"},
				"south": {"uv": [1, 0, 0, 6], "texture": "#1"},
				"west": {"uv": [0.3, 0, 0, 6], "texture": "#1"},
				"up": {"uv": [1, 0, 0, 0.3], "texture": "#1"},
				"down": {"uv": [1, 0, 0, 0.3], "texture": "#1"}
			}
		},
		{
			"from": [1.78, 11.85, 7.81111],
			"to": [2.78, 15.85, 8.11111],
			"rotation": {"angle": 22.5, "axis": "z", "origin": [6.1875, 18, 9.81111]},
			"faces": {
				"north": {"uv": [1, 1, 0, 0], "texture": "#1"},
				"east": {"uv": [0, 0, 0.3, 6], "texture": "#1"},
				"south": {"uv": [0, 0, 1, 6], "texture": "#1"},
				"west": {"uv": [0, 0, 0.3, 6], "texture": "#1"},
				"up": {"uv": [0, 0, 1, 0.3], "texture": "#1"},
				"down": {"uv": [0, 0, 1, 0.3], "texture": "#1"}
			}
		},
		{
			"from": [1.78, -4.15, 7.81111],
			"to": [2.78, -0.15, 8.11111],
			"rotation": {"angle": 22.5, "axis": "z", "origin": [6.1875, 18, 9.81111]},
			"faces": {
				"north": {"uv": [1, 1, 0, 0], "texture": "#1"},
				"east": {"uv": [0, 0, 0.3, 6], "texture": "#1"},
				"south": {"uv": [0, 0, 1, 6], "texture": "#1"},
				"west": {"uv": [0, 0, 0.3, 6], "texture": "#1"},
				"up": {"uv": [0, 0, 1, 0.3], "texture": "#1"},
				"down": {"uv": [0, 0, 1, 0.3], "texture": "#1"}
			}
		},
		{
			"from": [13.22, -4.15, 7.81111],
			"to": [14.22, -0.15, 8.11111],
			"rotation": {"angle": -22.5, "axis": "z", "origin": [9.8125, 18, 9.81111]},
			"faces": {
				"north": {"uv": [0, 1, 1, 0], "texture": "#1"},
				"east": {"uv": [0.3, 0, 0, 6], "texture": "#1"},
				"south": {"uv": [1, 0, 0, 6], "texture": "#1"},
				"west": {"uv": [0.3, 0, 0, 6], "texture": "#1"},
				"up": {"uv": [1, 0, 0, 0.3], "texture": "#1"},
				"down": {"uv": [1, 0, 0, 0.3], "texture": "#1"}
			}
		},
		{
			"from": [-5, 2, 7.81111],
			"to": [-4, 5, 8.11111],
			"rotation": {"angle": 45, "axis": "z", "origin": [6.1875, 18, 9.81111]},
			"faces": {
				"north": {"uv": [1, 1, 0, 0], "texture": "#1"},
				"east": {"uv": [0, 0, 0.3, 6], "texture": "#1"},
				"south": {"uv": [0, 0, 1, 6], "texture": "#1"},
				"west": {"uv": [0, 0, 0.3, 6], "texture": "#1"},
				"up": {"uv": [0, 0, 1, 0.3], "texture": "#1"},
				"down": {"uv": [0, 0, 1, 0.3], "texture": "#1"}
			}
		},
		{
			"from": [20, 2, 7.81111],
			"to": [21, 5, 8.11111],
			"rotation": {"angle": -45, "axis": "z", "origin": [9.8125, 18, 9.81111]},
			"faces": {
				"north": {"uv": [0, 1, 1, 0], "texture": "#1"},
				"east": {"uv": [0.3, 0, 0, 6], "texture": "#1"},
				"south": {"uv": [1, 0, 0, 6], "texture": "#1"},
				"west": {"uv": [0.3, 0, 0, 6], "texture": "#1"},
				"up": {"uv": [1, 0, 0, 0.3], "texture": "#1"},
				"down": {"uv": [1, 0, 0, 0.3], "texture": "#1"}
			}
		},
		{
			"name": "cube2",
			"from": [12.05, 14.25, 7.81111],
			"to": [13.05, 17.45, 8.11111],
			"rotation": {"angle": 0, "axis": "z", "origin": [9.8125, 18, 9.81111]},
			"faces": {
				"north": {"uv": [0, 1, 1, 0], "texture": "#1"},
				"east": {"uv": [0.3, 0, 0, 3.2], "texture": "#1"},
				"south": {"uv": [1, 0, 0, 3.2], "texture": "#1"},
				"west": {"uv": [0.3, 0, 0, 3.2], "texture": "#1"},
				"up": {"uv": [1, 0, 0, 0.3], "texture": "#1"},
				"down": {"uv": [1, 0, 0, 0.3], "texture": "#1"}
			}
		},
		{
			"from": [2.95, 14.25, 7.81111],
			"to": [3.95, 17.45, 8.11111],
			"rotation": {"angle": 0, "axis": "z", "origin": [6.1875, 18, 9.81111]},
			"faces": {
				"north": {"uv": [1, 1, 0, 0], "texture": "#1"},
				"east": {"uv": [0, 0, 0.3, 3.2], "texture": "#1"},
				"south": {"uv": [0, 0, 1, 3.2], "texture": "#1"},
				"west": {"uv": [0, 0, 0.3, 3.2], "texture": "#1"},
				"up": {"uv": [0, 0, 1, 0.3], "texture": "#1"},
				"down": {"uv": [0, 0, 1, 0.3], "texture": "#1"}
			}
		},
		{
			"from": [10.6, -4.2, 7.81111],
			"to": [11.6, 11, 8.11111],
			"rotation": {"angle": 0, "axis": "z", "origin": [9.8125, 18, 9.81111]},
			"faces": {
				"north": {"uv": [0, 1, 1, 0], "texture": "#1"},
				"east": {"uv": [0.3, 0, 0, 3.2], "texture": "#1"},
				"south": {"uv": [1, 0, 0, 3.2], "texture": "#1"},
				"west": {"uv": [0.3, 0, 0, 3.2], "texture": "#1"},
				"up": {"uv": [1, 0, 0, 0.3], "texture": "#1"},
				"down": {"uv": [1, 0, 0, 0.3], "texture": "#1"}
			}
		},
		{
			"from": [4.4, -4.2, 7.81111],
			"to": [5.4, 11, 8.11111],
			"rotation": {"angle": 0, "axis": "z", "origin": [6.1875, 18, 9.81111]},
			"faces": {
				"north": {"uv": [1, 1, 0, 0], "texture": "#1"},
				"east": {"uv": [0, 0, 0.3, 3.2], "texture": "#1"},
				"south": {"uv": [0, 0, 1, 3.2], "texture": "#1"},
				"west": {"uv": [0, 0, 0.3, 3.2], "texture": "#1"},
				"up": {"uv": [0, 0, 1, 0.3], "texture": "#1"},
				"down": {"uv": [0, 0, 1, 0.3], "texture": "#1"}
			}
		},
		{
			"from": [7.72, 0, 7.765],
			"to": [8.28, 16.9, 8.157],
			"rotation": {"angle": 0, "axis": "z", "origin": [4.12693, 10.88582, 8]},
			"faces": {
				"north": {"uv": [4, 5, 5, 6], "texture": "#0"},
				"east": {"uv": [4, 5, 5, 6], "rotation": 90, "texture": "#0"},
				"south": {"uv": [4, 5, 5, 6], "rotation": 90, "texture": "#0"},
				"west": {"uv": [4, 5, 5, 6], "rotation": 90, "texture": "#0"},
				"up": {"uv": [4, 5, 5, 6], "rotation": 90, "texture": "#0"},
				"down": {"uv": [4, 5, 5, 6], "rotation": 90, "texture": "#0"}
			}
		},
		{
			"from": [12.26, 16, 7.75],
			"to": [12.82, 16.9, 8.25],
			"rotation": {"angle": 0, "axis": "z", "origin": [4.12693, 10.88582, 7.985]},
			"faces": {
				"north": {"uv": [4, 5, 5, 6], "texture": "#0"},
				"east": {"uv": [4, 5, 5, 6], "rotation": 90, "texture": "#0"},
				"south": {"uv": [4, 5, 5, 6], "rotation": 90, "texture": "#0"},
				"west": {"uv": [4, 5, 5, 6], "rotation": 90, "texture": "#0"},
				"up": {"uv": [4, 5, 5, 6], "rotation": 90, "texture": "#0"},
				"down": {"uv": [4, 5, 5, 6], "rotation": 90, "texture": "#0"}
			}
		},
		{
			"from": [3.18, 16, 7.75],
			"to": [3.74, 16.9, 8.25],
			"rotation": {"angle": 0, "axis": "z", "origin": [11.87307, 10.88582, 7.985]},
			"faces": {
				"north": {"uv": [5, 5, 4, 6], "texture": "#0"},
				"east": {"uv": [4, 6, 5, 5], "rotation": 90, "texture": "#0"},
				"south": {"uv": [4, 6, 5, 5], "rotation": 90, "texture": "#0"},
				"west": {"uv": [4, 6, 5, 5], "rotation": 90, "texture": "#0"},
				"up": {"uv": [4, 6, 5, 5], "rotation": 90, "texture": "#0"},
				"down": {"uv": [4, 6, 5, 5], "rotation": 90, "texture": "#0"}
			}
		},
		{
			"from": [10.85, 10, 7.75],
			"to": [11.41, 10.9, 8.25],
			"rotation": {"angle": 0, "axis": "z", "origin": [4.12693, 10.88582, 7.985]},
			"faces": {
				"north": {"uv": [4, 5, 5, 6], "texture": "#0"},
				"east": {"uv": [4, 5, 5, 6], "rotation": 90, "texture": "#0"},
				"south": {"uv": [4, 5, 5, 6], "rotation": 90, "texture": "#0"},
				"west": {"uv": [4, 5, 5, 6], "rotation": 90, "texture": "#0"},
				"up": {"uv": [4, 5, 5, 6], "rotation": 90, "texture": "#0"},
				"down": {"uv": [4, 5, 5, 6], "rotation": 90, "texture": "#0"}
			}
		},
		{
			"from": [4.59, 10, 7.75],
			"to": [5.15, 10.9, 8.25],
			"rotation": {"angle": 0, "axis": "z", "origin": [11.87307, 10.88582, 7.985]},
			"faces": {
				"north": {"uv": [5, 5, 4, 6], "texture": "#0"},
				"east": {"uv": [4, 6, 5, 5], "rotation": 90, "texture": "#0"},
				"south": {"uv": [4, 6, 5, 5], "rotation": 90, "texture": "#0"},
				"west": {"uv": [4, 6, 5, 5], "rotation": 90, "texture": "#0"},
				"up": {"uv": [4, 6, 5, 5], "rotation": 90, "texture": "#0"},
				"down": {"uv": [4, 6, 5, 5], "rotation": 90, "texture": "#0"}
			}
		},
		{
			"from": [10.85, 4, 7.75],
			"to": [11.41, 4.9, 8.25],
			"rotation": {"angle": 0, "axis": "z", "origin": [4.12693, 4.88582, 7.985]},
			"faces": {
				"north": {"uv": [4, 5, 5, 6], "texture": "#0"},
				"east": {"uv": [4, 5, 5, 6], "rotation": 90, "texture": "#0"},
				"south": {"uv": [4, 5, 5, 6], "rotation": 90, "texture": "#0"},
				"west": {"uv": [4, 5, 5, 6], "rotation": 90, "texture": "#0"},
				"up": {"uv": [4, 5, 5, 6], "rotation": 90, "texture": "#0"},
				"down": {"uv": [4, 5, 5, 6], "rotation": 90, "texture": "#0"}
			}
		},
		{
			"from": [4.59, 4, 7.75],
			"to": [5.15, 4.9, 8.25],
			"rotation": {"angle": 0, "axis": "z", "origin": [11.87307, 4.88582, 7.985]},
			"faces": {
				"north": {"uv": [5, 5, 4, 6], "texture": "#0"},
				"east": {"uv": [4, 6, 5, 5], "rotation": 90, "texture": "#0"},
				"south": {"uv": [4, 6, 5, 5], "rotation": 90, "texture": "#0"},
				"west": {"uv": [4, 6, 5, 5], "rotation": 90, "texture": "#0"},
				"up": {"uv": [4, 6, 5, 5], "rotation": 90, "texture": "#0"},
				"down": {"uv": [4, 6, 5, 5], "rotation": 90, "texture": "#0"}
			}
		},
		{
			"from": [10.85, 6, 7.75],
			"to": [11.41, 6.9, 8.25],
			"rotation": {"angle": 0, "axis": "z", "origin": [4.12693, 6.88582, 7.985]},
			"faces": {
				"north": {"uv": [4, 5, 5, 6], "texture": "#0"},
				"east": {"uv": [4, 5, 5, 6], "rotation": 90, "texture": "#0"},
				"south": {"uv": [4, 5, 5, 6], "rotation": 90, "texture": "#0"},
				"west": {"uv": [4, 5, 5, 6], "rotation": 90, "texture": "#0"},
				"up": {"uv": [4, 5, 5, 6], "rotation": 90, "texture": "#0"},
				"down": {"uv": [4, 5, 5, 6], "rotation": 90, "texture": "#0"}
			}
		},
		{
			"from": [4.59, 6, 7.75],
			"to": [5.15, 6.9, 8.25],
			"rotation": {"angle": 0, "axis": "z", "origin": [11.87307, 6.88582, 7.985]},
			"faces": {
				"north": {"uv": [5, 5, 4, 6], "texture": "#0"},
				"east": {"uv": [4, 6, 5, 5], "rotation": 90, "texture": "#0"},
				"south": {"uv": [4, 6, 5, 5], "rotation": 90, "texture": "#0"},
				"west": {"uv": [4, 6, 5, 5], "rotation": 90, "texture": "#0"},
				"up": {"uv": [4, 6, 5, 5], "rotation": 90, "texture": "#0"},
				"down": {"uv": [4, 6, 5, 5], "rotation": 90, "texture": "#0"}
			}
		},
		{
			"from": [10.85, 0, 7.75],
			"to": [11.41, 0.9, 8.25],
			"rotation": {"angle": 0, "axis": "z", "origin": [4.12693, 0.88582, 7.985]},
			"faces": {
				"north": {"uv": [4, 5, 5, 6], "texture": "#0"},
				"east": {"uv": [4, 5, 5, 6], "rotation": 90, "texture": "#0"},
				"south": {"uv": [4, 5, 5, 6], "rotation": 90, "texture": "#0"},
				"west": {"uv": [4, 5, 5, 6], "rotation": 90, "texture": "#0"},
				"up": {"uv": [4, 5, 5, 6], "rotation": 90, "texture": "#0"},
				"down": {"uv": [4, 5, 5, 6], "rotation": 90, "texture": "#0"}
			}
		},
		{
			"from": [4.59, 0, 7.75],
			"to": [5.15, 0.9, 8.25],
			"rotation": {"angle": 0, "axis": "z", "origin": [11.87307, 0.88582, 7.985]},
			"faces": {
				"north": {"uv": [5, 5, 4, 6], "texture": "#0"},
				"east": {"uv": [4, 6, 5, 5], "rotation": 90, "texture": "#0"},
				"south": {"uv": [4, 6, 5, 5], "rotation": 90, "texture": "#0"},
				"west": {"uv": [4, 6, 5, 5], "rotation": 90, "texture": "#0"},
				"up": {"uv": [4, 6, 5, 5], "rotation": 90, "texture": "#0"},
				"down": {"uv": [4, 6, 5, 5], "rotation": 90, "texture": "#0"}
			}
		},
		{
			"from": [10.85, 8, 7.75],
			"to": [11.41, 8.9, 8.25],
			"rotation": {"angle": 0, "axis": "z", "origin": [4.12693, 10.88582, 7.985]},
			"faces": {
				"north": {"uv": [4, 5, 5, 6], "texture": "#0"},
				"east": {"uv": [4, 5, 5, 6], "rotation": 90, "texture": "#0"},
				"south": {"uv": [4, 5, 5, 6], "rotation": 90, "texture": "#0"},
				"west": {"uv": [4, 5, 5, 6], "rotation": 90, "texture": "#0"},
				"up": {"uv": [4, 5, 5, 6], "rotation": 90, "texture": "#0"},
				"down": {"uv": [4, 5, 5, 6], "rotation": 90, "texture": "#0"}
			}
		},
		{
			"from": [4.59, 8, 7.75],
			"to": [5.15, 8.9, 8.25],
			"rotation": {"angle": 0, "axis": "z", "origin": [11.87307, 10.88582, 7.985]},
			"faces": {
				"north": {"uv": [5, 5, 4, 6], "texture": "#0"},
				"east": {"uv": [4, 6, 5, 5], "rotation": 90, "texture": "#0"},
				"south": {"uv": [4, 6, 5, 5], "rotation": 90, "texture": "#0"},
				"west": {"uv": [4, 6, 5, 5], "rotation": 90, "texture": "#0"},
				"up": {"uv": [4, 6, 5, 5], "rotation": 90, "texture": "#0"},
				"down": {"uv": [4, 6, 5, 5], "rotation": 90, "texture": "#0"}
			}
		},
		{
			"from": [10.85, 2, 7.75],
			"to": [11.41, 2.9, 8.25],
			"rotation": {"angle": 0, "axis": "z", "origin": [4.12693, 4.88582, 7.985]},
			"faces": {
				"north": {"uv": [4, 5, 5, 6], "texture": "#0"},
				"east": {"uv": [4, 5, 5, 6], "rotation": 90, "texture": "#0"},
				"south": {"uv": [4, 5, 5, 6], "rotation": 90, "texture": "#0"},
				"west": {"uv": [4, 5, 5, 6], "rotation": 90, "texture": "#0"},
				"up": {"uv": [4, 5, 5, 6], "rotation": 90, "texture": "#0"},
				"down": {"uv": [4, 5, 5, 6], "rotation": 90, "texture": "#0"}
			}
		},
		{
			"from": [4.59, 2, 7.75],
			"to": [5.15, 2.9, 8.25],
			"rotation": {"angle": 0, "axis": "z", "origin": [11.87307, 4.88582, 7.985]},
			"faces": {
				"north": {"uv": [5, 5, 4, 6], "texture": "#0"},
				"east": {"uv": [4, 6, 5, 5], "rotation": 90, "texture": "#0"},
				"south": {"uv": [4, 6, 5, 5], "rotation": 90, "texture": "#0"},
				"west": {"uv": [4, 6, 5, 5], "rotation": 90, "texture": "#0"},
				"up": {"uv": [4, 6, 5, 5], "rotation": 90, "texture": "#0"},
				"down": {"uv": [4, 6, 5, 5], "rotation": 90, "texture": "#0"}
			}
		},
		{
			"from": [10.85, -2, 7.75],
			"to": [11.41, -1.1, 8.25],
			"rotation": {"angle": 0, "axis": "z", "origin": [4.12693, 0.88582, 7.985]},
			"faces": {
				"north": {"uv": [4, 5, 5, 6], "texture": "#0"},
				"east": {"uv": [4, 5, 5, 6], "rotation": 90, "texture": "#0"},
				"south": {"uv": [4, 5, 5, 6], "rotation": 90, "texture": "#0"},
				"west": {"uv": [4, 5, 5, 6], "rotation": 90, "texture": "#0"},
				"up": {"uv": [4, 5, 5, 6], "rotation": 90, "texture": "#0"},
				"down": {"uv": [4, 5, 5, 6], "rotation": 90, "texture": "#0"}
			}
		},
		{
			"from": [4.59, -2, 7.75],
			"to": [5.15, -1.1, 8.25],
			"rotation": {"angle": 0, "axis": "z", "origin": [11.87307, 0.88582, 7.985]},
			"faces": {
				"north": {"uv": [5, 5, 4, 6], "texture": "#0"},
				"east": {"uv": [4, 6, 5, 5], "rotation": 90, "texture": "#0"},
				"south": {"uv": [4, 6, 5, 5], "rotation": 90, "texture": "#0"},
				"west": {"uv": [4, 6, 5, 5], "rotation": 90, "texture": "#0"},
				"up": {"uv": [4, 6, 5, 5], "rotation": 90, "texture": "#0"},
				"down": {"uv": [4, 6, 5, 5], "rotation": 90, "texture": "#0"}
			}
		},
		{
			"from": [12.26, 14, 7.75],
			"to": [12.82, 14.9, 8.25],
			"rotation": {"angle": 0, "axis": "z", "origin": [4.12693, 10.88582, 7.985]},
			"faces": {
				"north": {"uv": [4, 5, 5, 6], "texture": "#0"},
				"east": {"uv": [4, 5, 5, 6], "rotation": 90, "texture": "#0"},
				"south": {"uv": [4, 5, 5, 6], "rotation": 90, "texture": "#0"},
				"west": {"uv": [4, 5, 5, 6], "rotation": 90, "texture": "#0"},
				"up": {"uv": [4, 5, 5, 6], "rotation": 90, "texture": "#0"},
				"down": {"uv": [4, 5, 5, 6], "rotation": 90, "texture": "#0"}
			}
		},
		{
			"from": [3.18, 14, 7.75],
			"to": [3.74, 14.9, 8.25],
			"rotation": {"angle": 0, "axis": "z", "origin": [11.87307, 10.88582, 7.985]},
			"faces": {
				"north": {"uv": [5, 5, 4, 6], "texture": "#0"},
				"east": {"uv": [4, 6, 5, 5], "rotation": 90, "texture": "#0"},
				"south": {"uv": [4, 6, 5, 5], "rotation": 90, "texture": "#0"},
				"west": {"uv": [4, 6, 5, 5], "rotation": 90, "texture": "#0"},
				"up": {"uv": [4, 6, 5, 5], "rotation": 90, "texture": "#0"},
				"down": {"uv": [4, 6, 5, 5], "rotation": 90, "texture": "#0"}
			}
		},
		{
			"from": [10.26, 15, 7.75],
			"to": [10.82, 15.9, 8.25],
			"rotation": {"angle": -22.5, "axis": "z", "origin": [4.12693, 10.88582, 7.985]},
			"faces": {
				"north": {"uv": [4, 5, 5, 6], "texture": "#0"},
				"east": {"uv": [4, 5, 5, 6], "rotation": 90, "texture": "#0"},
				"south": {"uv": [4, 5, 5, 6], "rotation": 90, "texture": "#0"},
				"west": {"uv": [4, 5, 5, 6], "rotation": 90, "texture": "#0"},
				"up": {"uv": [4, 5, 5, 6], "rotation": 90, "texture": "#0"},
				"down": {"uv": [4, 5, 5, 6], "rotation": 90, "texture": "#0"}
			}
		},
		{
			"from": [5.18, 15, 7.75],
			"to": [5.74, 15.9, 8.25],
			"rotation": {"angle": 22.5, "axis": "z", "origin": [11.87307, 10.88582, 7.985]},
			"faces": {
				"north": {"uv": [5, 5, 4, 6], "texture": "#0"},
				"east": {"uv": [4, 6, 5, 5], "rotation": 90, "texture": "#0"},
				"south": {"uv": [4, 6, 5, 5], "rotation": 90, "texture": "#0"},
				"west": {"uv": [4, 6, 5, 5], "rotation": 90, "texture": "#0"},
				"up": {"uv": [4, 6, 5, 5], "rotation": 90, "texture": "#0"},
				"down": {"uv": [4, 6, 5, 5], "rotation": 90, "texture": "#0"}
			}
		},
		{
			"from": [4.72, 0, 7.95],
			"to": [11.28, 16.9, 8.05],
			"rotation": {"angle": 0, "axis": "z", "origin": [4.12693, 10.88582, 8.185]},
			"faces": {
				"north": {"uv": [4, 5, 5, 6], "texture": "#2"},
				"east": {"uv": [4, 5, 5, 6], "rotation": 90, "texture": "#2"},
				"south": {"uv": [4, 5, 5, 6], "rotation": 90, "texture": "#2"},
				"west": {"uv": [4, 5, 5, 6], "rotation": 90, "texture": "#2"},
				"up": {"uv": [4, 5, 5, 6], "rotation": 90, "texture": "#2"},
				"down": {"uv": [4, 5, 5, 6], "rotation": 90, "texture": "#2"}
			}
		},
		{
			"from": [7.24897, 9.39104, 7.81111],
			"to": [8.24897, 15.39104, 8.11111],
			"rotation": {"angle": 22.5, "axis": "z", "origin": [6.1875, 10, 9.81111]},
			"faces": {
				"north": {"uv": [0, 1, 1, 0], "texture": "#1"},
				"east": {"uv": [0, 0, 0.3, 6], "texture": "#1"},
				"south": {"uv": [0, 0, 1, 6], "texture": "#1"},
				"west": {"uv": [0, 0, 0.3, 6], "texture": "#1"},
				"up": {"uv": [0, 0, 1, 0.3], "texture": "#1"},
				"down": {"uv": [0, 0, 1, 0.3], "texture": "#1"}
			}
		},
		{
			"from": [7.75103, 9.39104, 7.81111],
			"to": [8.75103, 15.39104, 8.11111],
			"rotation": {"angle": -22.5, "axis": "z", "origin": [9.8125, 10, 9.81111]},
			"faces": {
				"north": {"uv": [0, 1, 1, 0], "texture": "#1"},
				"east": {"uv": [0.3, 0, 0, 6], "texture": "#1"},
				"south": {"uv": [1, 0, 0, 6], "texture": "#1"},
				"west": {"uv": [0.3, 0, 0, 6], "texture": "#1"},
				"up": {"uv": [1, 0, 0, 0.3], "texture": "#1"},
				"down": {"uv": [1, 0, 0, 0.3], "texture": "#1"}
			}
		},
		{
			"from": [9.14435, 14.15685, 7.81111],
			"to": [10.14435, 17.35685, 8.11111],
			"rotation": {"angle": 45, "axis": "z", "origin": [6.1875, 10, 9.81111]},
			"faces": {
				"north": {"uv": [0, 1, 1, 0], "texture": "#1"},
				"east": {"uv": [0, 0, 0.3, 3.2], "texture": "#1"},
				"south": {"uv": [0, 0, 1, 3.2], "texture": "#1"},
				"west": {"uv": [0, 0, 0.3, 3.2], "texture": "#1"},
				"up": {"uv": [0, 0, 1, 0.3], "texture": "#1"},
				"down": {"uv": [0, 0, 1, 0.3], "texture": "#1"}
			}
		},
		{
			"from": [5.85565, 14.15685, 7.81111],
			"to": [6.85565, 17.35685, 8.11111],
			"rotation": {"angle": -45, "axis": "z", "origin": [9.8125, 10, 9.81111]},
			"faces": {
				"north": {"uv": [0, 1, 1, 0], "texture": "#1"},
				"east": {"uv": [0.3, 0, 0, 3.2], "texture": "#1"},
				"south": {"uv": [1, 0, 0, 3.2], "texture": "#1"},
				"west": {"uv": [0.3, 0, 0, 3.2], "texture": "#1"},
				"up": {"uv": [1, 0, 0, 0.3], "texture": "#1"},
				"down": {"uv": [1, 0, 0, 0.3], "texture": "#1"}
			}
		},
		{
			"from": [9.14435, 16.55685, 7.81111],
			"to": [11.14435, 17.55685, 8.11111],
			"rotation": {"angle": 45, "axis": "z", "origin": [6.1875, 10, 9.81111]},
			"faces": {
				"north": {"uv": [0, 1, 1, 0], "rotation": 270, "texture": "#1"},
				"east": {"uv": [0, 0, 1, 0.3], "rotation": 90, "texture": "#1"},
				"south": {"uv": [0, 0, 1, 2], "rotation": 90, "texture": "#1"},
				"west": {"uv": [0, 0, 1, 0.3], "rotation": 90, "texture": "#1"},
				"up": {"uv": [0, 0, 0.3, 2], "rotation": 90, "texture": "#1"},
				"down": {"uv": [0, 0, 0.3, 2], "rotation": 90, "texture": "#1"}
			}
		},
		{
			"from": [4.85565, 16.55685, 7.81111],
			"to": [6.85565, 17.55685, 8.11111],
			"rotation": {"angle": -45, "axis": "z", "origin": [9.8125, 10, 9.81111]},
			"faces": {
				"north": {"uv": [0, 1, 1, 0], "rotation": 270, "texture": "#1"},
				"east": {"uv": [0, 0.3, 1, 0], "rotation": 90, "texture": "#1"},
				"south": {"uv": [0, 2, 1, 0], "rotation": 90, "texture": "#1"},
				"west": {"uv": [0, 0.3, 1, 0], "rotation": 90, "texture": "#1"},
				"up": {"uv": [0, 2, 0.3, 0], "rotation": 90, "texture": "#1"},
				"down": {"uv": [0, 2, 0.3, 0], "rotation": 90, "texture": "#1"}
			}
		},
		{
			"from": [7.89897, 17.89104, 7.81111],
			"to": [11.89897, 18.89104, 8.11111],
			"rotation": {"angle": 22.5, "axis": "z", "origin": [6.1875, 10, 9.81111]},
			"faces": {
				"north": {"uv": [0, 1, 1, 0], "rotation": 270, "texture": "#1"},
				"east": {"uv": [0, 0, 1, 0.3], "rotation": 90, "texture": "#1"},
				"south": {"uv": [0, 0, 1, 4], "rotation": 90, "texture": "#1"},
				"west": {"uv": [0, 0, 1, 0.3], "rotation": 90, "texture": "#1"},
				"up": {"uv": [0, 0, 0.3, 4], "rotation": 90, "texture": "#1"},
				"down": {"uv": [0, 0, 0.3, 4], "rotation": 90, "texture": "#1"}
			}
		},
		{
			"from": [4.10103, 17.89104, 7.81111],
			"to": [8.10103, 18.89104, 8.11111],
			"rotation": {"angle": -22.5, "axis": "z", "origin": [9.8125, 10, 9.81111]},
			"faces": {
				"north": {"uv": [0, 1, 1, 0], "rotation": 270, "texture": "#1"},
				"east": {"uv": [0, 0.3, 1, 0], "rotation": 90, "texture": "#1"},
				"south": {"uv": [0, 4, 1, 0], "rotation": 90, "texture": "#1"},
				"west": {"uv": [0, 0.3, 1, 0], "rotation": 90, "texture": "#1"},
				"up": {"uv": [0, 4, 0.3, 0], "rotation": 90, "texture": "#1"},
				"down": {"uv": [0, 4, 0.3, 0], "rotation": 90, "texture": "#1"}
			}
		},
		{
			"from": [10.1884, 9.99686, 7.765],
			"to": [10.7484, 10.55686, 8.157],
			"rotation": {"angle": 22.5, "axis": "z", "origin": [7.40693, 2.88582, 8]},
			"faces": {
				"north": {"uv": [4, 5, 5, 6], "texture": "#0"},
				"east": {"uv": [4, 5, 5, 6], "rotation": 90, "texture": "#0"},
				"south": {"uv": [4, 5, 5, 6], "rotation": 90, "texture": "#0"},
				"west": {"uv": [4, 5, 5, 6], "rotation": 90, "texture": "#0"},
				"up": {"uv": [4, 5, 5, 6], "rotation": 90, "texture": "#0"},
				"down": {"uv": [4, 5, 5, 6], "rotation": 90, "texture": "#0"}
			}
		},
		{
			"from": [5.2516, 9.99686, 7.765],
			"to": [5.8116, 10.55686, 8.157],
			"rotation": {"angle": -22.5, "axis": "z", "origin": [8.59307, 2.88582, 8]},
			"faces": {
				"north": {"uv": [4, 5, 5, 6], "texture": "#0"},
				"east": {"uv": [4, 5, 5, 6], "rotation": 90, "texture": "#0"},
				"south": {"uv": [4, 5, 5, 6], "rotation": 90, "texture": "#0"},
				"west": {"uv": [4, 5, 5, 6], "rotation": 90, "texture": "#0"},
				"up": {"uv": [4, 5, 5, 6], "rotation": 90, "texture": "#0"},
				"down": {"uv": [4, 5, 5, 6], "rotation": 90, "texture": "#0"}
			}
		},
		{
			"from": [10.1884, 12.99686, 7.765],
			"to": [10.7484, 13.55686, 8.157],
			"rotation": {"angle": 22.5, "axis": "z", "origin": [7.40693, 2.88582, 8]},
			"faces": {
				"north": {"uv": [4, 5, 5, 6], "texture": "#0"},
				"east": {"uv": [4, 5, 5, 6], "rotation": 90, "texture": "#0"},
				"south": {"uv": [4, 5, 5, 6], "rotation": 90, "texture": "#0"},
				"west": {"uv": [4, 5, 5, 6], "rotation": 90, "texture": "#0"},
				"up": {"uv": [4, 5, 5, 6], "rotation": 90, "texture": "#0"},
				"down": {"uv": [4, 5, 5, 6], "rotation": 90, "texture": "#0"}
			}
		},
		{
			"from": [5.2516, 12.99686, 7.765],
			"to": [5.8116, 13.55686, 8.157],
			"rotation": {"angle": -22.5, "axis": "z", "origin": [8.59307, 2.88582, 8]},
			"faces": {
				"north": {"uv": [4, 5, 5, 6], "texture": "#0"},
				"east": {"uv": [4, 5, 5, 6], "rotation": 90, "texture": "#0"},
				"south": {"uv": [4, 5, 5, 6], "rotation": 90, "texture": "#0"},
				"west": {"uv": [4, 5, 5, 6], "rotation": 90, "texture": "#0"},
				"up": {"uv": [4, 5, 5, 6], "rotation": 90, "texture": "#0"},
				"down": {"uv": [4, 5, 5, 6], "rotation": 90, "texture": "#0"}
			}
		},
		{
			"from": [10.1884, 10.99686, 7.765],
			"to": [10.7484, 11.55686, 8.157],
			"rotation": {"angle": 22.5, "axis": "z", "origin": [7.40693, 2.88582, 8]},
			"faces": {
				"north": {"uv": [4, 5, 5, 6], "texture": "#0"},
				"east": {"uv": [4, 5, 5, 6], "rotation": 90, "texture": "#0"},
				"south": {"uv": [4, 5, 5, 6], "rotation": 90, "texture": "#0"},
				"west": {"uv": [4, 5, 5, 6], "rotation": 90, "texture": "#0"},
				"up": {"uv": [4, 5, 5, 6], "rotation": 90, "texture": "#0"},
				"down": {"uv": [4, 5, 5, 6], "rotation": 90, "texture": "#0"}
			}
		},
		{
			"from": [5.2516, 10.99686, 7.765],
			"to": [5.8116, 11.55686, 8.157],
			"rotation": {"angle": -22.5, "axis": "z", "origin": [8.59307, 2.88582, 8]},
			"faces": {
				"north": {"uv": [4, 5, 5, 6], "texture": "#0"},
				"east": {"uv": [4, 5, 5, 6], "rotation": 90, "texture": "#0"},
				"south": {"uv": [4, 5, 5, 6], "rotation": 90, "texture": "#0"},
				"west": {"uv": [4, 5, 5, 6], "rotation": 90, "texture": "#0"},
				"up": {"uv": [4, 5, 5, 6], "rotation": 90, "texture": "#0"},
				"down": {"uv": [4, 5, 5, 6], "rotation": 90, "texture": "#0"}
			}
		},
		{
			"from": [10.1884, 13.99686, 7.765],
			"to": [10.7484, 14.55686, 8.157],
			"rotation": {"angle": 22.5, "axis": "z", "origin": [7.40693, 2.88582, 8]},
			"faces": {
				"north": {"uv": [4, 5, 5, 6], "texture": "#0"},
				"east": {"uv": [4, 5, 5, 6], "rotation": 90, "texture": "#0"},
				"south": {"uv": [4, 5, 5, 6], "rotation": 90, "texture": "#0"},
				"west": {"uv": [4, 5, 5, 6], "rotation": 90, "texture": "#0"},
				"up": {"uv": [4, 5, 5, 6], "rotation": 90, "texture": "#0"},
				"down": {"uv": [4, 5, 5, 6], "rotation": 90, "texture": "#0"}
			}
		},
		{
			"from": [5.2516, 13.99686, 7.765],
			"to": [5.8116, 14.55686, 8.157],
			"rotation": {"angle": -22.5, "axis": "z", "origin": [8.59307, 2.88582, 8]},
			"faces": {
				"north": {"uv": [4, 5, 5, 6], "texture": "#0"},
				"east": {"uv": [4, 5, 5, 6], "rotation": 90, "texture": "#0"},
				"south": {"uv": [4, 5, 5, 6], "rotation": 90, "texture": "#0"},
				"west": {"uv": [4, 5, 5, 6], "rotation": 90, "texture": "#0"},
				"up": {"uv": [4, 5, 5, 6], "rotation": 90, "texture": "#0"},
				"down": {"uv": [4, 5, 5, 6], "rotation": 90, "texture": "#0"}
			}
		},
		{
			"from": [10.1884, 11.99686, 7.765],
			"to": [10.7484, 12.55686, 8.157],
			"rotation": {"angle": 22.5, "axis": "z", "origin": [7.40693, 2.88582, 8]},
			"faces": {
				"north": {"uv": [4, 5, 5, 6], "texture": "#0"},
				"east": {"uv": [4, 5, 5, 6], "rotation": 90, "texture": "#0"},
				"south": {"uv": [4, 5, 5, 6], "rotation": 90, "texture": "#0"},
				"west": {"uv": [4, 5, 5, 6], "rotation": 90, "texture": "#0"},
				"up": {"uv": [4, 5, 5, 6], "rotation": 90, "texture": "#0"},
				"down": {"uv": [4, 5, 5, 6], "rotation": 90, "texture": "#0"}
			}
		},
		{
			"from": [5.2516, 11.99686, 7.765],
			"to": [5.8116, 12.55686, 8.157],
			"rotation": {"angle": -22.5, "axis": "z", "origin": [8.59307, 2.88582, 8]},
			"faces": {
				"north": {"uv": [4, 5, 5, 6], "texture": "#0"},
				"east": {"uv": [4, 5, 5, 6], "rotation": 90, "texture": "#0"},
				"south": {"uv": [4, 5, 5, 6], "rotation": 90, "texture": "#0"},
				"west": {"uv": [4, 5, 5, 6], "rotation": 90, "texture": "#0"},
				"up": {"uv": [4, 5, 5, 6], "rotation": 90, "texture": "#0"},
				"down": {"uv": [4, 5, 5, 6], "rotation": 90, "texture": "#0"}
			}
		},
		{
			"from": [10.1884, 14.99686, 7.765],
			"to": [10.7484, 15.55686, 8.157],
			"rotation": {"angle": 22.5, "axis": "z", "origin": [7.40693, 2.88582, 8]},
			"faces": {
				"north": {"uv": [4, 5, 5, 6], "texture": "#0"},
				"east": {"uv": [4, 5, 5, 6], "rotation": 90, "texture": "#0"},
				"south": {"uv": [4, 5, 5, 6], "rotation": 90, "texture": "#0"},
				"west": {"uv": [4, 5, 5, 6], "rotation": 90, "texture": "#0"},
				"up": {"uv": [4, 5, 5, 6], "rotation": 90, "texture": "#0"},
				"down": {"uv": [4, 5, 5, 6], "rotation": 90, "texture": "#0"}
			}
		},
		{
			"from": [5.2516, 14.99686, 7.765],
			"to": [5.8116, 15.55686, 8.157],
			"rotation": {"angle": -22.5, "axis": "z", "origin": [8.59307, 2.88582, 8]},
			"faces": {
				"north": {"uv": [4, 5, 5, 6], "texture": "#0"},
				"east": {"uv": [4, 5, 5, 6], "rotation": 90, "texture": "#0"},
				"south": {"uv": [4, 5, 5, 6], "rotation": 90, "texture": "#0"},
				"west": {"uv": [4, 5, 5, 6], "rotation": 90, "texture": "#0"},
				"up": {"uv": [4, 5, 5, 6], "rotation": 90, "texture": "#0"},
				"down": {"uv": [4, 5, 5, 6], "rotation": 90, "texture": "#0"}
			}
		},
		{
			"from": [14.78378, 14.26267, 7.765],
			"to": [15.34378, 14.82267, 8.157],
			"rotation": {"angle": 45, "axis": "z", "origin": [7.40693, 2.88582, 8]},
			"faces": {
				"north": {"uv": [4, 5, 5, 6], "texture": "#0"},
				"east": {"uv": [4, 5, 5, 6], "rotation": 90, "texture": "#0"},
				"south": {"uv": [4, 5, 5, 6], "rotation": 90, "texture": "#0"},
				"west": {"uv": [4, 5, 5, 6], "rotation": 90, "texture": "#0"},
				"up": {"uv": [4, 5, 5, 6], "rotation": 90, "texture": "#0"},
				"down": {"uv": [4, 5, 5, 6], "rotation": 90, "texture": "#0"}
			}
		},
		{
			"from": [0.65622, 14.26267, 7.765],
			"to": [1.21622, 14.82267, 8.157],
			"rotation": {"angle": -45, "axis": "z", "origin": [8.59307, 2.88582, 8]},
			"faces": {
				"north": {"uv": [4, 5, 5, 6], "texture": "#0"},
				"east": {"uv": [4, 5, 5, 6], "rotation": 90, "texture": "#0"},
				"south": {"uv": [4, 5, 5, 6], "rotation": 90, "texture": "#0"},
				"west": {"uv": [4, 5, 5, 6], "rotation": 90, "texture": "#0"},
				"up": {"uv": [4, 5, 5, 6], "rotation": 90, "texture": "#0"},
				"down": {"uv": [4, 5, 5, 6], "rotation": 90, "texture": "#0"}
			}
		},
		{
			"from": [14.78378, 15.55685, 7.765],
			"to": [15.34378, 16.11685, 8.157],
			"rotation": {"angle": 45, "axis": "z", "origin": [7.40693, 2.88582, 8]},
			"faces": {
				"north": {"uv": [4, 5, 5, 6], "texture": "#0"},
				"east": {"uv": [4, 5, 5, 6], "rotation": 90, "texture": "#0"},
				"south": {"uv": [4, 5, 5, 6], "rotation": 90, "texture": "#0"},
				"west": {"uv": [4, 5, 5, 6], "rotation": 90, "texture": "#0"},
				"up": {"uv": [4, 5, 5, 6], "rotation": 90, "texture": "#0"},
				"down": {"uv": [4, 5, 5, 6], "rotation": 90, "texture": "#0"}
			}
		},
		{
			"from": [0.65622, 15.55685, 7.765],
			"to": [1.21622, 16.11685, 8.157],
			"rotation": {"angle": -45, "axis": "z", "origin": [8.59307, 2.88582, 8]},
			"faces": {
				"north": {"uv": [4, 5, 5, 6], "texture": "#0"},
				"east": {"uv": [4, 5, 5, 6], "rotation": 90, "texture": "#0"},
				"south": {"uv": [4, 5, 5, 6], "rotation": 90, "texture": "#0"},
				"west": {"uv": [4, 5, 5, 6], "rotation": 90, "texture": "#0"},
				"up": {"uv": [4, 5, 5, 6], "rotation": 90, "texture": "#0"},
				"down": {"uv": [4, 5, 5, 6], "rotation": 90, "texture": "#0"}
			}
		},
		{
			"from": [15.78378, 15.55685, 7.765],
			"to": [16.34378, 16.11685, 8.157],
			"rotation": {"angle": 45, "axis": "z", "origin": [7.40693, 2.88582, 8]},
			"faces": {
				"north": {"uv": [4, 5, 5, 6], "texture": "#0"},
				"east": {"uv": [4, 5, 5, 6], "rotation": 90, "texture": "#0"},
				"south": {"uv": [4, 5, 5, 6], "rotation": 90, "texture": "#0"},
				"west": {"uv": [4, 5, 5, 6], "rotation": 90, "texture": "#0"},
				"up": {"uv": [4, 5, 5, 6], "rotation": 90, "texture": "#0"},
				"down": {"uv": [4, 5, 5, 6], "rotation": 90, "texture": "#0"}
			}
		},
		{
			"from": [-0.34378, 15.55685, 7.765],
			"to": [0.21622, 16.11685, 8.157],
			"rotation": {"angle": -45, "axis": "z", "origin": [8.59307, 2.88582, 8]},
			"faces": {
				"north": {"uv": [4, 5, 5, 6], "texture": "#0"},
				"east": {"uv": [4, 5, 5, 6], "rotation": 90, "texture": "#0"},
				"south": {"uv": [4, 5, 5, 6], "rotation": 90, "texture": "#0"},
				"west": {"uv": [4, 5, 5, 6], "rotation": 90, "texture": "#0"},
				"up": {"uv": [4, 5, 5, 6], "rotation": 90, "texture": "#0"},
				"down": {"uv": [4, 5, 5, 6], "rotation": 90, "texture": "#0"}
			}
		},
		{
			"from": [11.1884, 18.04104, 7.765],
			"to": [11.7484, 18.60104, 8.157],
			"rotation": {"angle": 22.5, "axis": "z", "origin": [7.40693, 2.88582, 8]},
			"faces": {
				"north": {"uv": [4, 5, 5, 6], "texture": "#0"},
				"east": {"uv": [4, 5, 5, 6], "rotation": 90, "texture": "#0"},
				"south": {"uv": [4, 5, 5, 6], "rotation": 90, "texture": "#0"},
				"west": {"uv": [4, 5, 5, 6], "rotation": 90, "texture": "#0"},
				"up": {"uv": [4, 5, 5, 6], "rotation": 90, "texture": "#0"},
				"down": {"uv": [4, 5, 5, 6], "rotation": 90, "texture": "#0"}
			}
		},
		{
			"from": [4.2516, 18.04104, 7.765],
			"to": [4.8116, 18.60104, 8.157],
			"rotation": {"angle": -22.5, "axis": "z", "origin": [8.59307, 2.88582, 8]},
			"faces": {
				"north": {"uv": [4, 5, 5, 6], "texture": "#0"},
				"east": {"uv": [4, 5, 5, 6], "rotation": 90, "texture": "#0"},
				"south": {"uv": [4, 5, 5, 6], "rotation": 90, "texture": "#0"},
				"west": {"uv": [4, 5, 5, 6], "rotation": 90, "texture": "#0"},
				"up": {"uv": [4, 5, 5, 6], "rotation": 90, "texture": "#0"},
				"down": {"uv": [4, 5, 5, 6], "rotation": 90, "texture": "#0"}
			}
		},
		{
			"from": [12.1884, 18.04104, 7.765],
			"to": [12.7484, 18.60104, 8.157],
			"rotation": {"angle": 22.5, "axis": "z", "origin": [7.40693, 2.88582, 8]},
			"faces": {
				"north": {"uv": [4, 5, 5, 6], "texture": "#0"},
				"east": {"uv": [4, 5, 5, 6], "rotation": 90, "texture": "#0"},
				"south": {"uv": [4, 5, 5, 6], "rotation": 90, "texture": "#0"},
				"west": {"uv": [4, 5, 5, 6], "rotation": 90, "texture": "#0"},
				"up": {"uv": [4, 5, 5, 6], "rotation": 90, "texture": "#0"},
				"down": {"uv": [4, 5, 5, 6], "rotation": 90, "texture": "#0"}
			}
		},
		{
			"from": [3.2516, 18.04104, 7.765],
			"to": [3.8116, 18.60104, 8.157],
			"rotation": {"angle": -22.5, "axis": "z", "origin": [8.59307, 2.88582, 8]},
			"faces": {
				"north": {"uv": [4, 5, 5, 6], "texture": "#0"},
				"east": {"uv": [4, 5, 5, 6], "rotation": 90, "texture": "#0"},
				"south": {"uv": [4, 5, 5, 6], "rotation": 90, "texture": "#0"},
				"west": {"uv": [4, 5, 5, 6], "rotation": 90, "texture": "#0"},
				"up": {"uv": [4, 5, 5, 6], "rotation": 90, "texture": "#0"},
				"down": {"uv": [4, 5, 5, 6], "rotation": 90, "texture": "#0"}
			}
		},
		{
			"from": [13.1884, 18.04104, 7.765],
			"to": [13.7484, 18.60104, 8.157],
			"rotation": {"angle": 22.5, "axis": "z", "origin": [7.40693, 2.88582, 8]},
			"faces": {
				"north": {"uv": [4, 5, 5, 6], "texture": "#0"},
				"east": {"uv": [4, 5, 5, 6], "rotation": 90, "texture": "#0"},
				"south": {"uv": [4, 5, 5, 6], "rotation": 90, "texture": "#0"},
				"west": {"uv": [4, 5, 5, 6], "rotation": 90, "texture": "#0"},
				"up": {"uv": [4, 5, 5, 6], "rotation": 90, "texture": "#0"},
				"down": {"uv": [4, 5, 5, 6], "rotation": 90, "texture": "#0"}
			}
		},
		{
			"from": [12.1884, 16.29104, 7.765],
			"to": [12.7484, 17.85104, 8.157],
			"rotation": {"angle": 22.5, "axis": "z", "origin": [7.40693, 2.88582, 8]},
			"faces": {
				"north": {"uv": [4, 5, 5, 6], "texture": "#0"},
				"east": {"uv": [4, 5, 5, 6], "rotation": 90, "texture": "#0"},
				"south": {"uv": [4, 5, 5, 6], "rotation": 90, "texture": "#0"},
				"west": {"uv": [4, 5, 5, 6], "rotation": 90, "texture": "#0"},
				"up": {"uv": [4, 5, 5, 6], "rotation": 90, "texture": "#0"},
				"down": {"uv": [4, 5, 5, 6], "rotation": 90, "texture": "#0"}
			}
		},
		{
			"from": [3.2516, 16.29104, 7.765],
			"to": [3.8116, 17.85104, 8.157],
			"rotation": {"angle": -22.5, "axis": "z", "origin": [8.59307, 2.88582, 8]},
			"faces": {
				"north": {"uv": [4, 5, 5, 6], "texture": "#0"},
				"east": {"uv": [4, 5, 5, 6], "rotation": 90, "texture": "#0"},
				"south": {"uv": [4, 5, 5, 6], "rotation": 90, "texture": "#0"},
				"west": {"uv": [4, 5, 5, 6], "rotation": 90, "texture": "#0"},
				"up": {"uv": [4, 5, 5, 6], "rotation": 90, "texture": "#0"},
				"down": {"uv": [4, 5, 5, 6], "rotation": 90, "texture": "#0"}
			}
		},
		{
			"from": [6.65, 16.75, 7.765],
			"to": [7.21, 17.31, 8.157],
			"rotation": {"angle": 0, "axis": "z", "origin": [7.40693, 2.88582, 8]},
			"faces": {
				"north": {"uv": [4, 5, 5, 6], "texture": "#0"},
				"east": {"uv": [4, 5, 5, 6], "rotation": 90, "texture": "#0"},
				"south": {"uv": [4, 5, 5, 6], "rotation": 90, "texture": "#0"},
				"west": {"uv": [4, 5, 5, 6], "rotation": 90, "texture": "#0"},
				"up": {"uv": [4, 5, 5, 6], "rotation": 90, "texture": "#0"},
				"down": {"uv": [4, 5, 5, 6], "rotation": 90, "texture": "#0"}
			}
		},
		{
			"from": [8.79, 16.75, 7.765],
			"to": [9.35, 17.31, 8.157],
			"rotation": {"angle": 0, "axis": "z", "origin": [8.59307, 2.88582, 8]},
			"faces": {
				"north": {"uv": [4, 5, 5, 6], "texture": "#0"},
				"east": {"uv": [4, 5, 5, 6], "rotation": 90, "texture": "#0"},
				"south": {"uv": [4, 5, 5, 6], "rotation": 90, "texture": "#0"},
				"west": {"uv": [4, 5, 5, 6], "rotation": 90, "texture": "#0"},
				"up": {"uv": [4, 5, 5, 6], "rotation": 90, "texture": "#0"},
				"down": {"uv": [4, 5, 5, 6], "rotation": 90, "texture": "#0"}
			}
		},
		{
			"from": [-2.9241, 12.13574, 7.765],
			"to": [-1.0241, 12.69574, 8.157],
			"rotation": {"angle": -45, "axis": "z", "origin": [7.40693, 2.88582, 8]},
			"faces": {
				"north": {"uv": [4, 5, 5, 6], "rotation": 90, "texture": "#0"},
				"east": {"uv": [4, 5, 5, 6], "rotation": 90, "texture": "#0"},
				"south": {"uv": [4, 5, 5, 6], "rotation": 90, "texture": "#0"},
				"west": {"uv": [4, 5, 5, 6], "rotation": 90, "texture": "#0"},
				"up": {"uv": [4, 5, 5, 6], "rotation": 90, "texture": "#0"},
				"down": {"uv": [4, 5, 5, 6], "rotation": 90, "texture": "#0"}
			}
		},
		{
			"from": [7.72, 11, 7.765],
			"to": [8.28, 15.9, 8.157],
			"rotation": {"angle": 0, "axis": "z", "origin": [4.12693, 2.88582, 8]},
			"faces": {
				"north": {"uv": [4, 5, 5, 6], "texture": "#0"},
				"east": {"uv": [4, 5, 5, 6], "rotation": 90, "texture": "#0"},
				"south": {"uv": [4, 5, 5, 6], "rotation": 90, "texture": "#0"},
				"west": {"uv": [4, 5, 5, 6], "rotation": 90, "texture": "#0"},
				"up": {"uv": [4, 5, 5, 6], "rotation": 90, "texture": "#0"},
				"down": {"uv": [4, 5, 5, 6], "rotation": 90, "texture": "#0"}
			}
		},
		{
			"from": [5.72, 15, 7.9],
			"to": [10.28, 18.9, 8.1],
			"rotation": {"angle": 0, "axis": "z", "origin": [4.12693, 2.88582, 8.235]},
			"faces": {
				"north": {"uv": [7, 4, 8, 5], "texture": "#2"},
				"south": {"uv": [7.75, 5.75, 8.75, 6.75], "texture": "#2"}
			}
		},
		{
			"from": [6.72, 12.2, 7.9],
			"to": [9.28, 13.1, 8.1],
			"rotation": {"angle": 0, "axis": "z", "origin": [4.12693, 2.88582, 8.235]},
			"faces": {
				"north": {"uv": [7, 4, 8, 5], "texture": "#2"},
				"south": {"uv": [7.75, 5.75, 8.75, 6.75], "texture": "#2"}
			}
		},
		{
			"from": [10.28, 16, 7.9],
			"to": [11.48, 18.9, 8.1],
			"rotation": {"angle": 0, "axis": "z", "origin": [4.12693, 2.88582, 8.135]},
			"faces": {
				"north": {"uv": [7, 4, 8, 5], "texture": "#2"},
				"south": {"uv": [7.75, 5.75, 8.75, 6.75], "texture": "#2"}
			}
		},
		{
			"from": [4.52, 16, 7.9],
			"to": [5.72, 18.9, 8.1],
			"rotation": {"angle": 0, "axis": "z", "origin": [11.87307, 2.88582, 8.135]},
			"faces": {
				"north": {"uv": [7, 4, 8, 5], "texture": "#2"},
				"south": {"uv": [7.75, 5.75, 8.75, 6.75], "texture": "#2"}
			}
		},
		{
			"from": [6.28, 13.1, 7.9],
			"to": [8.28, 15, 8.1],
			"rotation": {"angle": 0, "axis": "z", "origin": [4.12693, 2.88582, 8.235]},
			"faces": {
				"north": {"uv": [7, 4, 8, 5], "texture": "#2"},
				"south": {"uv": [7.75, 5.75, 8.75, 6.75], "texture": "#2"}
			}
		},
		{
			"from": [7.72, 13.1, 7.9],
			"to": [9.72, 15, 8.1],
			"rotation": {"angle": 0, "axis": "z", "origin": [11.87307, 2.88582, 8.235]},
			"faces": {
				"north": {"uv": [7, 4, 8, 5], "texture": "#2"},
				"south": {"uv": [7.75, 5.75, 8.75, 6.75], "texture": "#2"}
			}
		},
		{
			"from": [17.0241, 12.13574, 7.765],
			"to": [18.9241, 12.69574, 8.157],
			"rotation": {"angle": 45, "axis": "z", "origin": [8.59307, 2.88582, 8]},
			"faces": {
				"north": {"uv": [4, 5, 5, 6], "rotation": 90, "texture": "#0"},
				"east": {"uv": [4, 5, 5, 6], "rotation": 90, "texture": "#0"},
				"south": {"uv": [4, 5, 5, 6], "rotation": 90, "texture": "#0"},
				"west": {"uv": [4, 5, 5, 6], "rotation": 90, "texture": "#0"},
				"up": {"uv": [4, 5, 5, 6], "rotation": 90, "texture": "#0"},
				"down": {"uv": [4, 5, 5, 6], "rotation": 90, "texture": "#0"}
			}
		},
		{
			"from": [2.2516, 18.04104, 7.765],
			"to": [2.8116, 18.60104, 8.157],
			"rotation": {"angle": -22.5, "axis": "z", "origin": [8.59307, 2.88582, 8]},
			"faces": {
				"north": {"uv": [4, 5, 5, 6], "texture": "#0"},
				"east": {"uv": [4, 5, 5, 6], "rotation": 90, "texture": "#0"},
				"south": {"uv": [4, 5, 5, 6], "rotation": 90, "texture": "#0"},
				"west": {"uv": [4, 5, 5, 6], "rotation": 90, "texture": "#0"},
				"up": {"uv": [4, 5, 5, 6], "rotation": 90, "texture": "#0"},
				"down": {"uv": [4, 5, 5, 6], "rotation": 90, "texture": "#0"}
			}
		}
	],
	"display": {
		"thirdperson_righthand": {
			"scale": [4, 4, 4]
		}
	},
	"groups": [0, 1, 2, 3, 4, 5, 6, 7, 8, 9, 10, 11, 12, 13, 14, 15, 16, 17, 18, 19, 20, 21, 22, 23, 24, 25, 26, 27, 28, 29, 30, 31,
		{
			"name": "kite",
			"origin": [8, 8, 8],
			"children": [32, 33, 34, 35, 36, 37, 38, 39, 40, 41, 42, 43, 44, 45, 46, 47, 48, 49, 50, 51, 52, 53, 54, 55, 56, 57, 58, 59, 60, 61, 62, 63, 64, 65, 66, 67, 68, 69, 70, 71, 72, 73, 74, 75, 76]
		}
	]
}