{
	"credit": "Made with SpyKid_22",
	"textures": {
		"0": "block/coal_block",
		"1": "block/light_gray_wool",
		"2": "block/light_gray_stained_glass",
		"4": "block/gray_wool",
		"5": "block/red_stained_glass",
		"particle": "block/coal_block"
	},
	"elements": [
		{
			"from": [0.5, 1.5, 3.5],
			"to": [1.05, 12.1, 12.5],
			"rotation": {"angle": 0, "axis": "x", "origin": [8, 8, 13.5]},
			"faces": {
				"north": {"uv": [0, 0, 0.5, 5.25], "texture": "#0"},
				"east": {"uv": [0, 0, 9, 5.25], "texture": "#0"},
				"south": {"uv": [0, 0, 0.5, 5.25], "texture": "#0"},
				"west": {"uv": [0, 0, 9, 5.25], "texture": "#0"},
				"up": {"uv": [0, 0, 0.5, 9], "texture": "#0"},
				"down": {"uv": [0, 0, 0.5, 9], "texture": "#0"}
			}
		},
		{
			"from": [0.5, 3.75596, 8.15853],
			"to": [1, 9.50596, 11.15853],
			"rotation": {"angle": 22.5, "axis": "x", "origin": [8, -0.74404, 6.15853]},
			"faces": {
				"north": {"uv": [0, 0, 0.5, 5.75], "rotation": 180, "texture": "#0"},
				"east": {"uv": [0, 0, 5.75, 3], "rotation": 270, "texture": "#0"},
				"south": {"uv": [0, 0, 0.5, 5.75], "texture": "#0"},
				"west": {"uv": [0, 0, 5.75, 3], "rotation": 90, "texture": "#0"},
				"up": {"uv": [0, 0, 0.5, 3], "rotation": 180, "texture": "#0"},
				"down": {"uv": [0, 0, 0.5, 3], "texture": "#0"}
			}
		},
		{
			"from": [0.5, 2.36208, 2.17548],
			"to": [1, 8.11208, 3.92548],
			"rotation": {"angle": -22.5, "axis": "x", "origin": [1, 5.26046, 5.00472]},
			"faces": {
				"north": {"uv": [0, 0, 0.5, 5.75], "rotation": 180, "texture": "#0"},
				"east": {"uv": [0, 0, 1.75, 5.75], "rotation": 180, "texture": "#0"},
				"south": {"uv": [0, 0, 0.5, 5.75], "rotation": 180, "texture": "#0"},
				"west": {"uv": [0, 0, 1.75, 5.75], "rotation": 180, "texture": "#0"},
				"up": {"uv": [0, 0, 0.5, 1.75], "texture": "#0"},
				"down": {"uv": [0, 0, 0.5, 1.75], "texture": "#0"}
			}
		},
		{
			"from": [0.25, 2.66812, 2.21406],
			"to": [0.5, 8.41812, 2.71406],
			"rotation": {"angle": -22.5, "axis": "x", "origin": [1, 5.3165, 5.7933]},
			"faces": {
				"north": {"uv": [0, 0, 0.25, 7], "rotation": 180, "texture": "#1"},
				"east": {"uv": [0, 0, 0.5, 7], "rotation": 180, "texture": "#1"},
				"south": {"uv": [0, 0, 0.25, 7], "rotation": 180, "texture": "#1"},
				"west": {"uv": [0, 0, 0.5, 7], "rotation": 180, "texture": "#1"},
				"up": {"uv": [0, 0, 0.25, 0.5], "texture": "#1"},
				"down": {"uv": [0, 0, 0.25, 0.5], "texture": "#1"}
			}
		},
		{
			"from": [0.25, 1.5, 3.5],
			"to": [0.5, 2, 12.5],
			"rotation": {"angle": 0, "axis": "x", "origin": [8, 9.5, 13.25]},
			"faces": {
				"north": {"uv": [0, 0, 0.25, 0.5], "texture": "#1"},
				"east": {"uv": [0, 0, 9, 0.5], "texture": "#1"},
				"south": {"uv": [0, 0, 0.25, 0.5], "texture": "#1"},
				"west": {"uv": [0, 0, 9, 0.5], "texture": "#1"},
				"up": {"uv": [0, 0, 0.25, 9], "texture": "#1"},
				"down": {"uv": [0, 0, 0.25, 9], "texture": "#1"}
			}
		},
		{
			"from": [0.25, 3.73693, 10.7542],
			"to": [0.5, 9.48693, 11.2542],
			"rotation": {"angle": 22.5, "axis": "x", "origin": [8, -0.51307, 6.2542]},
			"faces": {
				"north": {"uv": [0, 0, 0.25, 7], "rotation": 180, "texture": "#1"},
				"east": {"uv": [0, 0, 7, 0.75], "rotation": 270, "texture": "#1"},
				"south": {"uv": [0, 0, 0.25, 7], "texture": "#1"},
				"west": {"uv": [0, 0, 7, 0.75], "rotation": 90, "texture": "#1"},
				"up": {"uv": [0, 0, 0.25, 0.75], "rotation": 180, "texture": "#1"},
				"down": {"uv": [0, 0, 0.25, 0.75], "texture": "#1"}
			}
		},
		{
			"from": [0.175, 5.46839, 5.89477],
			"to": [0.5, 7.56839, 9.29477],
			"rotation": {"angle": 22.5, "axis": "x", "origin": [2.75, 4.56839, 7.61977]},
			"faces": {
				"north": {"uv": [0, 0, 0.25, 7], "rotation": 180, "texture": "#1"},
				"east": {"uv": [0, 0, 7, 0.75], "rotation": 270, "texture": "#1"},
				"south": {"uv": [0, 0, 0.25, 7], "texture": "#1"},
				"west": {"uv": [0, 0, 7, 0.75], "rotation": 90, "texture": "#1"},
				"up": {"uv": [0, 0, 0.25, 0.75], "rotation": 180, "texture": "#1"},
				"down": {"uv": [0, 0, 0.25, 0.75], "texture": "#1"}
			}
		},
		{
			"from": [0.175, 5.17645, 6.26336],
			"to": [0.5, 7.27645, 8.41336],
			"rotation": {"angle": -22.5, "axis": "x", "origin": [0.65, 6.34596, 7.58713]},
			"faces": {
				"north": {"uv": [0, 0, 0.25, 7], "rotation": 180, "texture": "#1"},
				"east": {"uv": [0, 0, 0.5, 7], "rotation": 180, "texture": "#1"},
				"south": {"uv": [0, 0, 0.25, 7], "rotation": 180, "texture": "#1"},
				"west": {"uv": [0, 0, 0.5, 7], "rotation": 180, "texture": "#1"},
				"up": {"uv": [0, 0, 0.25, 0.5], "texture": "#1"},
				"down": {"uv": [0, 0, 0.25, 0.5], "texture": "#1"}
			}
		},
		{
			"from": [0.175, 4.75888, 6.81168],
			"to": [0.5, 5.15888, 9.51168],
			"rotation": {"angle": 0, "axis": "x", "origin": [2.75, 7.40888, 9.81168]},
			"faces": {
				"north": {"uv": [0, 0, 0.25, 0.5], "texture": "#1"},
				"east": {"uv": [0, 0, 9, 0.5], "texture": "#1"},
				"south": {"uv": [0, 0, 0.25, 0.5], "texture": "#1"},
				"west": {"uv": [0, 0, 9, 0.5], "texture": "#1"},
				"up": {"uv": [0, 0, 0.25, 9], "texture": "#1"},
				"down": {"uv": [0, 0, 0.25, 9], "texture": "#1"}
			}
		},
		{
			"from": [0.25, 1.73457, 8.0896],
			"to": [0.575, 2.23457, 12.6896],
			"rotation": {"angle": 45, "axis": "x", "origin": [0.725, 2.30835, 12.27008]},
			"faces": {
				"north": {"uv": [0, 0, 0.25, 0.5], "rotation": 180, "texture": "#1"},
				"east": {"uv": [0, 0, 0.5, 7], "rotation": 270, "texture": "#1"},
				"south": {"uv": [0, 0, 0.25, 0.5], "texture": "#1"},
				"west": {"uv": [0, 0, 0.5, 7], "rotation": 90, "texture": "#1"},
				"up": {"uv": [0, 0, 0.25, 7], "rotation": 180, "texture": "#1"},
				"down": {"uv": [0, 0, 0.25, 7], "texture": "#1"}
			}
		},
		{
			"from": [0.25, 0.32297, 6.37309],
			"to": [0.575, 5.07297, 6.87309],
			"rotation": {"angle": 45, "axis": "x", "origin": [0.725, 4.55835, 6.77008]},
			"faces": {
				"north": {"uv": [0, 0, 0.25, 7], "rotation": 180, "texture": "#1"},
				"east": {"uv": [0, 0, 0.5, 7], "rotation": 180, "texture": "#1"},
				"south": {"uv": [0, 0, 0.25, 7], "rotation": 180, "texture": "#1"},
				"west": {"uv": [0, 0, 0.5, 7], "rotation": 180, "texture": "#1"},
				"up": {"uv": [0, 0, 0.25, 0.5], "texture": "#1"},
				"down": {"uv": [0, 0, 0.25, 0.5], "texture": "#1"}
			}
		},
		{
			"from": [0.5, 5.07901, 1.43694],
			"to": [1, 10.82901, 3.93694],
			"rotation": {"angle": 22.5, "axis": "x", "origin": [8, 6.29097, 5.7252]},
			"faces": {
				"north": {"uv": [0, 0, 0.5, 5.75], "rotation": 180, "texture": "#0"},
				"east": {"uv": [0, 0, 5.75, 2.5], "rotation": 90, "texture": "#0"},
				"south": {"uv": [0, 0, 0.5, 5.75], "texture": "#0"},
				"west": {"uv": [0, 0, 5.75, 2.5], "rotation": 270, "texture": "#0"},
				"up": {"uv": [0, 0, 0.5, 2.5], "texture": "#0"},
				"down": {"uv": [0, 0, 0.5, 2.5], "rotation": 180, "texture": "#0"}
			}
		},
		{
			"from": [0.25, 4.92572, 1.20754],
			"to": [0.5, 10.67572, 1.70754],
			"rotation": {"angle": 22.5, "axis": "x", "origin": [8, 5.63769, 5.9958]},
			"faces": {
				"north": {"uv": [0, 0, 0.25, 7], "rotation": 180, "texture": "#1"},
				"east": {"uv": [0, 0, 7, 0.75], "rotation": 90, "texture": "#1"},
				"south": {"uv": [0, 0, 0.25, 7], "texture": "#1"},
				"west": {"uv": [0, 0, 7, 0.75], "rotation": 270, "texture": "#1"},
				"up": {"uv": [0, 0, 0.25, 0.75], "texture": "#1"},
				"down": {"uv": [0, 0, 0.25, 0.75], "rotation": 180, "texture": "#1"}
			}
		},
		{
			"from": [0.175, 6.68627, 5.6094],
			"to": [0.5, 8.78627, 7.0094],
			"rotation": {"angle": 22.5, "axis": "x", "origin": [8, 5.6906, 5.84081]},
			"faces": {
				"north": {"uv": [0, 0, 0.25, 7], "rotation": 180, "texture": "#1"},
				"east": {"uv": [0, 0, 7, 0.75], "rotation": 90, "texture": "#1"},
				"south": {"uv": [0, 0, 0.25, 7], "texture": "#1"},
				"west": {"uv": [0, 0, 7, 0.75], "rotation": 270, "texture": "#1"},
				"up": {"uv": [0, 0, 0.25, 0.75], "texture": "#1"},
				"down": {"uv": [0, 0, 0.25, 0.75], "rotation": 180, "texture": "#1"}
			}
		},
		{
			"from": [0.25, 11.62461, 3.5],
			"to": [0.5, 12.12461, 12.5],
			"rotation": {"angle": 0, "axis": "x", "origin": [8, 5.63769, 5.9958]},
			"faces": {
				"north": {"uv": [0, 0, 0.25, 0.5], "rotation": 180, "texture": "#1"},
				"east": {"uv": [0, 0, 9, 0.5], "rotation": 180, "texture": "#1"},
				"south": {"uv": [0, 0, 0.25, 0.5], "rotation": 180, "texture": "#1"},
				"west": {"uv": [0, 0, 9, 0.5], "rotation": 180, "texture": "#1"},
				"up": {"uv": [0, 0, 0.25, 9], "texture": "#1"},
				"down": {"uv": [0, 0, 0.25, 9], "texture": "#1"}
			}
		},
		{
			"from": [0.175, 4.98918, 6.81168],
			"to": [0.5, 8.63918, 9.51168],
			"rotation": {"angle": 0, "axis": "x", "origin": [8, 5.6906, 5.84081]},
			"faces": {
				"north": {"uv": [0, 0, 0.25, 0.5], "rotation": 180, "texture": "#1"},
				"east": {"uv": [0, 0, 9, 0.5], "rotation": 180, "texture": "#1"},
				"south": {"uv": [0, 0, 0.25, 0.5], "rotation": 180, "texture": "#1"},
				"west": {"uv": [0, 0, 9, 0.5], "rotation": 180, "texture": "#1"},
				"up": {"uv": [0, 0, 0.25, 9], "texture": "#1"},
				"down": {"uv": [0, 0, 0.25, 9], "texture": "#1"}
			}
		},
		{
			"from": [0.5, 3.3267, 12.22823],
			"to": [1, 9.0767, 14.47823],
			"rotation": {"angle": -22.5, "axis": "x", "origin": [8, 5.62804, 5.82767]},
			"faces": {
				"north": {"uv": [0, 0, 0.5, 5.75], "texture": "#0"},
				"east": {"uv": [0, 0, 2.25, 5.75], "texture": "#0"},
				"south": {"uv": [0, 0, 0.5, 5.75], "texture": "#0"},
				"west": {"uv": [0, 0, 2.25, 5.75], "texture": "#0"},
				"up": {"uv": [0, 0, 0.5, 2.25], "texture": "#0"},
				"down": {"uv": [0, 0, 0.5, 2.25], "texture": "#0"}
			}
		},
		{
			"from": [0.25, 3.31267, 13.9716],
			"to": [0.5, 9.06267, 14.4716],
			"rotation": {"angle": -22.5, "axis": "x", "origin": [8, 5.63769, 5.78909]},
			"faces": {
				"north": {"uv": [0, 0, 0.25, 7], "texture": "#1"},
				"east": {"uv": [0, 0, 0.5, 7], "texture": "#1"},
				"south": {"uv": [0, 0, 0.25, 7], "texture": "#1"},
				"west": {"uv": [0, 0, 0.5, 7], "texture": "#1"},
				"up": {"uv": [0, 0, 0.25, 0.5], "texture": "#1"},
				"down": {"uv": [0, 0, 0.25, 0.5], "texture": "#1"}
			}
		},
		{
			"from": [0.175, 4.90995, 8.96062],
			"to": [0.5, 7.00995, 10.36062],
			"rotation": {"angle": -22.5, "axis": "x", "origin": [8, 5.6906, 5.84081]},
			"faces": {
				"north": {"uv": [0, 0, 0.25, 7], "texture": "#1"},
				"east": {"uv": [0, 0, 0.5, 7], "texture": "#1"},
				"south": {"uv": [0, 0, 0.25, 7], "texture": "#1"},
				"west": {"uv": [0, 0, 0.5, 7], "texture": "#1"},
				"up": {"uv": [0, 0, 0.25, 0.5], "texture": "#1"},
				"down": {"uv": [0, 0, 0.25, 0.5], "texture": "#1"}
			}
		},
		{
			"from": [0.25, 8.08502, 0.23131],
			"to": [0.575, 8.58502, 5.08131],
			"rotation": {"angle": 45, "axis": "x", "origin": [8, 5.95747, 5.98255]},
			"faces": {
				"north": {"uv": [0, 0, 0.25, 0.5], "rotation": 180, "texture": "#1"},
				"east": {"uv": [0, 0, 0.5, 7], "rotation": 90, "texture": "#1"},
				"south": {"uv": [0, 0, 0.25, 0.5], "texture": "#1"},
				"west": {"uv": [0, 0, 0.5, 7], "rotation": 270, "texture": "#1"},
				"up": {"uv": [0, 0, 0.25, 7], "texture": "#1"},
				"down": {"uv": [0, 0, 0.25, 7], "rotation": 180, "texture": "#1"}
			}
		},
		{
			"from": [0.25, 10.35871, 8.8601],
			"to": [0.575, 14.95871, 9.3601],
			"rotation": {"angle": 45, "axis": "x", "origin": [8, 9.20747, 6.73255]},
			"faces": {
				"north": {"uv": [0, 0, 0.25, 7], "texture": "#1"},
				"east": {"uv": [0, 0, 0.5, 7], "texture": "#1"},
				"south": {"uv": [0, 0, 0.25, 7], "texture": "#1"},
				"west": {"uv": [0, 0, 0.5, 7], "texture": "#1"},
				"up": {"uv": [0, 0, 0.25, 0.5], "texture": "#1"},
				"down": {"uv": [0, 0, 0.25, 0.5], "texture": "#1"}
			}
		},
		{
			"from": [0.25, 6.5, 1.75],
			"to": [0.5, 7, 14.5],
			"rotation": {"angle": 0, "axis": "x", "origin": [8, 14.5, 13.25]},
			"faces": {
				"north": {"uv": [0, 0, 0.25, 0.5], "texture": "#1"},
				"east": {"uv": [0, 0, 9, 0.5], "texture": "#1"},
				"south": {"uv": [0, 0, 0.25, 0.5], "texture": "#1"},
				"west": {"uv": [0, 0, 9, 0.5], "texture": "#1"},
				"up": {"uv": [0, 0, 0.25, 9], "texture": "#1"},
				"down": {"uv": [0, 0, 0.25, 9], "texture": "#1"}
			}
		},
		{
			"from": [15, 5.07901, 1.43694],
			"to": [15.5, 10.82901, 3.93694],
			"rotation": {"angle": 22.5, "axis": "x", "origin": [22.5, 6.29097, 5.7252]},
			"faces": {
				"north": {"uv": [0, 0, 0.5, 5.75], "rotation": 180, "texture": "#0"},
				"east": {"uv": [0, 0, 5.75, 2.5], "rotation": 90, "texture": "#0"},
				"south": {"uv": [0, 0, 0.5, 5.75], "texture": "#0"},
				"west": {"uv": [0, 0, 5.75, 2.5], "rotation": 270, "texture": "#0"},
				"up": {"uv": [0, 0, 0.5, 2.5], "texture": "#0"},
				"down": {"uv": [0, 0, 0.5, 2.5], "rotation": 180, "texture": "#0"}
			}
		},
		{
			"from": [15, 3.3267, 12.22823],
			"to": [15.5, 9.0767, 14.47823],
			"rotation": {"angle": -22.5, "axis": "x", "origin": [22.5, 5.62804, 5.82767]},
			"faces": {
				"north": {"uv": [0, 0, 0.5, 5.75], "texture": "#0"},
				"east": {"uv": [0, 0, 2.25, 5.75], "texture": "#0"},
				"south": {"uv": [0, 0, 0.5, 5.75], "texture": "#0"},
				"west": {"uv": [0, 0, 2.25, 5.75], "texture": "#0"},
				"up": {"uv": [0, 0, 0.5, 2.25], "texture": "#0"},
				"down": {"uv": [0, 0, 0.5, 2.25], "texture": "#0"}
			}
		},
		{
			"from": [15, 3.75596, 8.15853],
			"to": [15.5, 9.50596, 11.15853],
			"rotation": {"angle": 22.5, "axis": "x", "origin": [22.5, -0.74404, 6.15853]},
			"faces": {
				"north": {"uv": [0, 0, 0.5, 5.75], "rotation": 180, "texture": "#0"},
				"east": {"uv": [0, 0, 5.75, 3], "rotation": 270, "texture": "#0"},
				"south": {"uv": [0, 0, 0.5, 5.75], "texture": "#0"},
				"west": {"uv": [0, 0, 5.75, 3], "rotation": 90, "texture": "#0"},
				"up": {"uv": [0, 0, 0.5, 3], "rotation": 180, "texture": "#0"},
				"down": {"uv": [0, 0, 0.5, 3], "texture": "#0"}
			}
		},
		{
			"from": [14.95, 1.5, 3.5],
			"to": [15.5, 12.1, 12.5],
			"rotation": {"angle": 0, "axis": "x", "origin": [22.5, 8, 13.5]},
			"faces": {
				"north": {"uv": [0, 0, 0.5, 5.25], "texture": "#0"},
				"east": {"uv": [0, 0, 9, 5.25], "texture": "#0"},
				"south": {"uv": [0, 0, 0.5, 5.25], "texture": "#0"},
				"west": {"uv": [0, 0, 9, 5.25], "texture": "#0"},
				"up": {"uv": [0, 0, 0.5, 9], "texture": "#0"},
				"down": {"uv": [0, 0, 0.5, 9], "texture": "#0"}
			}
		},
		{
			"from": [15, 2.36208, 2.17548],
			"to": [15.5, 8.11208, 3.92548],
			"rotation": {"angle": -22.5, "axis": "x", "origin": [15.5, 5.26046, 5.00472]},
			"faces": {
				"north": {"uv": [0, 0, 0.5, 5.75], "rotation": 180, "texture": "#0"},
				"east": {"uv": [0, 0, 1.75, 5.75], "rotation": 180, "texture": "#0"},
				"south": {"uv": [0, 0, 0.5, 5.75], "rotation": 180, "texture": "#0"},
				"west": {"uv": [0, 0, 1.75, 5.75], "rotation": 180, "texture": "#0"},
				"up": {"uv": [0, 0, 0.5, 1.75], "texture": "#0"},
				"down": {"uv": [0, 0, 0.5, 1.75], "texture": "#0"}
			}
		},
		{
			"from": [0.75, 5.77461, 6.5],
			"to": [15.5, 8.12461, 8.25],
			"rotation": {"angle": 0, "axis": "x", "origin": [22.5, 5.31715, 5.01745]},
			"faces": {
				"north": {"uv": [0, 0, 14.75, 2.35], "rotation": 180, "texture": "#4"},
				"east": {"uv": [0, 0, 1.75, 2.35], "rotation": 180, "texture": "#4"},
				"south": {"uv": [0, 0, 14.75, 2.35], "rotation": 180, "texture": "#4"},
				"west": {"uv": [0, 0, 1.75, 2.35], "rotation": 180, "texture": "#4"},
				"up": {"uv": [0, 0, 14.75, 1.75], "texture": "#4"},
				"down": {"uv": [0, 0, 14.75, 1.75], "texture": "#4"}
			}
		},
		{
			"from": [5.5, 4.77461, 4.5],
			"to": [10.5, 9.12461, 10.25],
			"rotation": {"angle": 0, "axis": "x", "origin": [22.5, 5.31715, 5.01745]},
			"faces": {
				"north": {"uv": [0, 0, 5, 4.35], "rotation": 180, "texture": "#4"},
				"east": {"uv": [0, 0, 5.75, 4.35], "rotation": 180, "texture": "#4"},
				"south": {"uv": [0, 0, 5, 4.35], "rotation": 180, "texture": "#4"},
				"west": {"uv": [0, 0, 5.75, 4.35], "rotation": 180, "texture": "#4"},
				"up": {"uv": [0, 0, 5, 5.75], "texture": "#4"},
				"down": {"uv": [0, 0, 5, 5.75], "texture": "#4"}
			}
		},
		{
			"from": [6.5, 5.52461, 5.5],
			"to": [9.5, 8.62461, 10.75],
			"rotation": {"angle": 0, "axis": "x", "origin": [22.5, 5.31715, 5.01745]},
			"faces": {
				"north": {"uv": [0, 0, 3, 3.1], "rotation": 180, "texture": "#0"},
				"east": {"uv": [0, 0, 5.25, 3.1], "rotation": 180, "texture": "#0"},
				"south": {"uv": [0, 0, 3, 3.1], "rotation": 180, "texture": "#0"},
				"west": {"uv": [0, 0, 5.25, 3.1], "rotation": 180, "texture": "#0"},
				"up": {"uv": [0, 0, 3, 5.25], "texture": "#0"},
				"down": {"uv": [0, 0, 3, 5.25], "texture": "#0"}
			}
		},
		{
			"from": [6.5, 3.77461, 5.5],
			"to": [9.5, 9.12461, 9.25],
			"rotation": {"angle": 0, "axis": "x", "origin": [22.5, 5.31715, 5.01745]},
			"faces": {
				"north": {"uv": [0, 0, 3, 5.35], "rotation": 180, "texture": "#4"},
				"east": {"uv": [0, 0, 3.75, 5.35], "rotation": 180, "texture": "#4"},
				"south": {"uv": [0, 0, 3, 5.35], "rotation": 180, "texture": "#4"},
				"west": {"uv": [0, 0, 3.75, 5.35], "rotation": 180, "texture": "#4"},
				"up": {"uv": [0, 0, 3, 3.75], "texture": "#4"},
				"down": {"uv": [0, 0, 3, 3.75], "texture": "#4"}
			}
		},
		{
			"from": [6.5, 6.02461, 5.5],
			"to": [9.5, 9.87461, 9.25],
			"rotation": {"angle": 0, "axis": "x", "origin": [22.5, 5.31715, 5.01745]},
			"faces": {
				"north": {"uv": [1.75, 1.85, 2.75, 2.85], "rotation": 180, "texture": "#4"},
				"east": {"uv": [1.75, 1.85, 2.75, 2.85], "rotation": 180, "texture": "#4"},
				"south": {"uv": [1.75, 1.85, 2.75, 2.85], "rotation": 180, "texture": "#4"},
				"west": {"uv": [1.75, 1.85, 2.75, 2.85], "rotation": 180, "texture": "#4"},
				"up": {"uv": [1.75, 1.85, 2.75, 2.85], "rotation": 180, "texture": "#4"},
				"down": {"uv": [1.75, 1.85, 2.75, 2.85], "rotation": 180, "texture": "#4"}
			}
		},
		{
			"from": [6.25, 5.27461, 8.5],
			"to": [9.75, 8.87461, 11],
			"rotation": {"angle": 0, "axis": "x", "origin": [22.5, 5.31715, 8.01745]},
			"faces": {
				"north": {"uv": [0, 0, 0.25, 15.85], "rotation": 180, "texture": "#2"},
				"east": {"uv": [0, 0, 0.25, 15.85], "rotation": 180, "texture": "#2"},
				"south": {"uv": [0, 0, 16, 15.85], "rotation": 180, "texture": "#2"},
				"west": {"uv": [0, 0, 0.25, 15.85], "rotation": 180, "texture": "#2"},
				"up": {"uv": [0, 0, 0.25, 15.85], "rotation": 180, "texture": "#2"},
				"down": {"uv": [0, 0, 0.25, 15.85], "rotation": 180, "texture": "#2"}
			}
		},
		{
			"from": [6.25, 4.27461, 8.5],
			"to": [7.25, 5.12461, 11],
			"rotation": {"angle": 0, "axis": "x", "origin": [22.5, 4.31715, 8.01745]},
			"faces": {
				"north": {"uv": [0, 0, 16, 15.85], "rotation": 180, "texture": "#5"},
				"east": {"uv": [0, 0, 16, 15.85], "rotation": 180, "texture": "#5"},
				"south": {"uv": [0, 0, 16, 15.85], "rotation": 180, "texture": "#5"},
				"west": {"uv": [0, 0, 16, 15.85], "rotation": 180, "texture": "#5"},
				"up": {"uv": [0, 0, 16, 15.85], "rotation": 180, "texture": "#5"},
				"down": {"uv": [0, 0, 16, 15.85], "rotation": 180, "texture": "#5"}
			}
		},
		{
			"from": [8.75, 4.27461, 8.5],
			"to": [9.75, 5.12461, 11],
			"rotation": {"angle": 0, "axis": "x", "origin": [25, 4.31715, 8.01745]},
			"faces": {
				"north": {"uv": [0, 0, 16, 15.85], "rotation": 180, "texture": "#5"},
				"east": {"uv": [0, 0, 16, 15.85], "rotation": 180, "texture": "#5"},
				"south": {"uv": [0, 0, 16, 15.85], "rotation": 180, "texture": "#5"},
				"west": {"uv": [0, 0, 16, 15.85], "rotation": 180, "texture": "#5"},
				"up": {"uv": [0, 0, 16, 15.85], "rotation": 180, "texture": "#5"},
				"down": {"uv": [0, 0, 16, 15.85], "rotation": 180, "texture": "#5"}
			}
		},
		{
			"from": [15.425, 6.68627, 5.6094],
			"to": [15.75, 8.78627, 7.0094],
			"rotation": {"angle": 22.5, "axis": "x", "origin": [23.25, 5.6906, 5.84081]},
			"faces": {
				"north": {"uv": [0, 0, 0.25, 7], "rotation": 180, "texture": "#1"},
				"east": {"uv": [0, 0, 7, 0.75], "rotation": 90, "texture": "#1"},
				"south": {"uv": [0, 0, 0.25, 7], "texture": "#1"},
				"west": {"uv": [0, 0, 7, 0.75], "rotation": 270, "texture": "#1"},
				"up": {"uv": [0, 0, 0.25, 0.75], "texture": "#1"},
				"down": {"uv": [0, 0, 0.25, 0.75], "rotation": 180, "texture": "#1"}
			}
		},
		{
			"from": [15.425, 4.98918, 6.81168],
			"to": [15.75, 8.63918, 9.51168],
			"rotation": {"angle": 0, "axis": "x", "origin": [23.25, 5.6906, 5.84081]},
			"faces": {
				"north": {"uv": [0, 0, 0.25, 0.5], "rotation": 180, "texture": "#1"},
				"east": {"uv": [0, 0, 9, 0.5], "rotation": 180, "texture": "#1"},
				"south": {"uv": [0, 0, 0.25, 0.5], "rotation": 180, "texture": "#1"},
				"west": {"uv": [0, 0, 9, 0.5], "rotation": 180, "texture": "#1"},
				"up": {"uv": [0, 0, 0.25, 9], "texture": "#1"},
				"down": {"uv": [0, 0, 0.25, 9], "texture": "#1"}
			}
		},
		{
			"from": [15.425, 4.90995, 8.96062],
			"to": [15.75, 7.00995, 10.36062],
			"rotation": {"angle": -22.5, "axis": "x", "origin": [23.25, 5.6906, 5.84081]},
			"faces": {
				"north": {"uv": [0, 0, 0.25, 7], "texture": "#1"},
				"east": {"uv": [0, 0, 0.5, 7], "texture": "#1"},
				"south": {"uv": [0, 0, 0.25, 7], "texture": "#1"},
				"west": {"uv": [0, 0, 0.5, 7], "texture": "#1"},
				"up": {"uv": [0, 0, 0.25, 0.5], "texture": "#1"},
				"down": {"uv": [0, 0, 0.25, 0.5], "texture": "#1"}
			}
		},
		{
			"from": [15.425, 5.46839, 5.89477],
			"to": [15.75, 7.56839, 9.29477],
			"rotation": {"angle": 22.5, "axis": "x", "origin": [18, 4.56839, 7.61977]},
			"faces": {
				"north": {"uv": [0, 0, 0.25, 7], "rotation": 180, "texture": "#1"},
				"east": {"uv": [0, 0, 7, 0.75], "rotation": 270, "texture": "#1"},
				"south": {"uv": [0, 0, 0.25, 7], "texture": "#1"},
				"west": {"uv": [0, 0, 7, 0.75], "rotation": 90, "texture": "#1"},
				"up": {"uv": [0, 0, 0.25, 0.75], "rotation": 180, "texture": "#1"},
				"down": {"uv": [0, 0, 0.25, 0.75], "texture": "#1"}
			}
		},
		{
			"from": [15.425, 4.75888, 6.81168],
			"to": [15.75, 5.15888, 9.51168],
			"rotation": {"angle": 0, "axis": "x", "origin": [18, 7.40888, 9.81168]},
			"faces": {
				"north": {"uv": [0, 0, 0.25, 0.5], "texture": "#1"},
				"east": {"uv": [0, 0, 9, 0.5], "texture": "#1"},
				"south": {"uv": [0, 0, 0.25, 0.5], "texture": "#1"},
				"west": {"uv": [0, 0, 9, 0.5], "texture": "#1"},
				"up": {"uv": [0, 0, 0.25, 9], "texture": "#1"},
				"down": {"uv": [0, 0, 0.25, 9], "texture": "#1"}
			}
		},
		{
			"from": [15.425, 5.17645, 6.26336],
			"to": [15.75, 7.27645, 8.41336],
			"rotation": {"angle": -22.5, "axis": "x", "origin": [15.9, 6.34596, 7.58713]},
			"faces": {
				"north": {"uv": [0, 0, 0.25, 7], "rotation": 180, "texture": "#1"},
				"east": {"uv": [0, 0, 0.5, 7], "rotation": 180, "texture": "#1"},
				"south": {"uv": [0, 0, 0.25, 7], "rotation": 180, "texture": "#1"},
				"west": {"uv": [0, 0, 0.5, 7], "rotation": 180, "texture": "#1"},
				"up": {"uv": [0, 0, 0.25, 0.5], "texture": "#1"},
				"down": {"uv": [0, 0, 0.25, 0.5], "texture": "#1"}
			}
		},
		{
			"from": [15.5, 0.32297, 6.37309],
			"to": [15.825, 5.07297, 6.87309],
			"rotation": {"angle": 45, "axis": "x", "origin": [15.975, 4.55835, 6.77008]},
			"faces": {
				"north": {"uv": [0, 0, 0.25, 7], "rotation": 180, "texture": "#1"},
				"east": {"uv": [0, 0, 0.5, 7], "rotation": 180, "texture": "#1"},
				"south": {"uv": [0, 0, 0.25, 7], "rotation": 180, "texture": "#1"},
				"west": {"uv": [0, 0, 0.5, 7], "rotation": 180, "texture": "#1"},
				"up": {"uv": [0, 0, 0.25, 0.5], "texture": "#1"},
				"down": {"uv": [0, 0, 0.25, 0.5], "texture": "#1"}
			}
		},
		{
			"from": [15.5, 1.5, 3.5],
			"to": [15.75, 2, 12.5],
			"rotation": {"angle": 0, "axis": "x", "origin": [23.25, 9.5, 13.25]},
			"faces": {
				"north": {"uv": [0, 0, 0.25, 0.5], "texture": "#1"},
				"east": {"uv": [0, 0, 9, 0.5], "texture": "#1"},
				"south": {"uv": [0, 0, 0.25, 0.5], "texture": "#1"},
				"west": {"uv": [0, 0, 9, 0.5], "texture": "#1"},
				"up": {"uv": [0, 0, 0.25, 9], "texture": "#1"},
				"down": {"uv": [0, 0, 0.25, 9], "texture": "#1"}
			}
		},
		{
			"from": [15.5, 1.73457, 8.0896],
			"to": [15.825, 2.23457, 12.6896],
			"rotation": {"angle": 45, "axis": "x", "origin": [15.975, 2.30835, 12.27008]},
			"faces": {
				"north": {"uv": [0, 0, 0.25, 0.5], "rotation": 180, "texture": "#1"},
				"east": {"uv": [0, 0, 0.5, 7], "rotation": 270, "texture": "#1"},
				"south": {"uv": [0, 0, 0.25, 0.5], "texture": "#1"},
				"west": {"uv": [0, 0, 0.5, 7], "rotation": 90, "texture": "#1"},
				"up": {"uv": [0, 0, 0.25, 7], "rotation": 180, "texture": "#1"},
				"down": {"uv": [0, 0, 0.25, 7], "texture": "#1"}
			}
		},
		{
			"from": [15.5, 3.73693, 10.7542],
			"to": [15.75, 9.48693, 11.2542],
			"rotation": {"angle": 22.5, "axis": "x", "origin": [23.25, -0.51307, 6.2542]},
			"faces": {
				"north": {"uv": [0, 0, 0.25, 7], "rotation": 180, "texture": "#1"},
				"east": {"uv": [0, 0, 7, 0.75], "rotation": 270, "texture": "#1"},
				"south": {"uv": [0, 0, 0.25, 7], "texture": "#1"},
				"west": {"uv": [0, 0, 7, 0.75], "rotation": 90, "texture": "#1"},
				"up": {"uv": [0, 0, 0.25, 0.75], "rotation": 180, "texture": "#1"},
				"down": {"uv": [0, 0, 0.25, 0.75], "texture": "#1"}
			}
		},
		{
			"from": [15.5, 3.31267, 13.9716],
			"to": [15.75, 9.06267, 14.4716],
			"rotation": {"angle": -22.5, "axis": "x", "origin": [23.25, 5.63769, 5.78909]},
			"faces": {
				"north": {"uv": [0, 0, 0.25, 7], "texture": "#1"},
				"east": {"uv": [0, 0, 0.5, 7], "texture": "#1"},
				"south": {"uv": [0, 0, 0.25, 7], "texture": "#1"},
				"west": {"uv": [0, 0, 0.5, 7], "texture": "#1"},
				"up": {"uv": [0, 0, 0.25, 0.5], "texture": "#1"},
				"down": {"uv": [0, 0, 0.25, 0.5], "texture": "#1"}
			}
		},
		{
			"from": [15.5, 6.5, 1.75],
			"to": [15.75, 7, 14.5],
			"rotation": {"angle": 0, "axis": "x", "origin": [23.25, 14.5, 13.25]},
			"faces": {
				"north": {"uv": [0, 0, 0.25, 0.5], "texture": "#1"},
				"east": {"uv": [0, 0, 9, 0.5], "texture": "#1"},
				"south": {"uv": [0, 0, 0.25, 0.5], "texture": "#1"},
				"west": {"uv": [0, 0, 9, 0.5], "texture": "#1"},
				"up": {"uv": [0, 0, 0.25, 9], "texture": "#1"},
				"down": {"uv": [0, 0, 0.25, 9], "texture": "#1"}
			}
		},
		{
			"from": [15.5, 10.35871, 8.8601],
			"to": [15.825, 14.95871, 9.3601],
			"rotation": {"angle": 45, "axis": "x", "origin": [23.25, 9.20747, 6.73255]},
			"faces": {
				"north": {"uv": [0, 0, 0.25, 7], "texture": "#1"},
				"east": {"uv": [0, 0, 0.5, 7], "texture": "#1"},
				"south": {"uv": [0, 0, 0.25, 7], "texture": "#1"},
				"west": {"uv": [0, 0, 0.5, 7], "texture": "#1"},
				"up": {"uv": [0, 0, 0.25, 0.5], "texture": "#1"},
				"down": {"uv": [0, 0, 0.25, 0.5], "texture": "#1"}
			}
		},
		{
			"from": [15.5, 11.62461, 3.5],
			"to": [15.75, 12.12461, 12.5],
			"rotation": {"angle": 0, "axis": "x", "origin": [23.25, 5.63769, 5.9958]},
			"faces": {
				"north": {"uv": [0, 0, 0.25, 0.5], "rotation": 180, "texture": "#1"},
				"east": {"uv": [0, 0, 9, 0.5], "rotation": 180, "texture": "#1"},
				"south": {"uv": [0, 0, 0.25, 0.5], "rotation": 180, "texture": "#1"},
				"west": {"uv": [0, 0, 9, 0.5], "rotation": 180, "texture": "#1"},
				"up": {"uv": [0, 0, 0.25, 9], "texture": "#1"},
				"down": {"uv": [0, 0, 0.25, 9], "texture": "#1"}
			}
		},
		{
			"from": [15.5, 8.08502, 0.23131],
			"to": [15.825, 8.58502, 5.08131],
			"rotation": {"angle": 45, "axis": "x", "origin": [23.25, 5.95747, 5.98255]},
			"faces": {
				"north": {"uv": [0, 0, 0.25, 0.5], "rotation": 180, "texture": "#1"},
				"east": {"uv": [0, 0, 0.5, 7], "rotation": 90, "texture": "#1"},
				"south": {"uv": [0, 0, 0.25, 0.5], "texture": "#1"},
				"west": {"uv": [0, 0, 0.5, 7], "rotation": 270, "texture": "#1"},
				"up": {"uv": [0, 0, 0.25, 7], "texture": "#1"},
				"down": {"uv": [0, 0, 0.25, 7], "rotation": 180, "texture": "#1"}
			}
		},
		{
			"from": [15.5, 4.92572, 1.20754],
			"to": [15.75, 10.67572, 1.70754],
			"rotation": {"angle": 22.5, "axis": "x", "origin": [23.25, 5.63769, 5.9958]},
			"faces": {
				"north": {"uv": [0, 0, 0.25, 7], "rotation": 180, "texture": "#1"},
				"east": {"uv": [0, 0, 7, 0.75], "rotation": 90, "texture": "#1"},
				"south": {"uv": [0, 0, 0.25, 7], "texture": "#1"},
				"west": {"uv": [0, 0, 7, 0.75], "rotation": 270, "texture": "#1"},
				"up": {"uv": [0, 0, 0.25, 0.75], "texture": "#1"},
				"down": {"uv": [0, 0, 0.25, 0.75], "rotation": 180, "texture": "#1"}
			}
		},
		{
			"from": [15.5, 2.66812, 2.21406],
			"to": [15.75, 8.41812, 2.71406],
			"rotation": {"angle": -22.5, "axis": "x", "origin": [16.25, 5.3165, 5.7933]},
			"faces": {
				"north": {"uv": [0, 0, 0.25, 7], "rotation": 180, "texture": "#1"},
				"east": {"uv": [0, 0, 0.5, 7], "rotation": 180, "texture": "#1"},
				"south": {"uv": [0, 0, 0.25, 7], "rotation": 180, "texture": "#1"},
				"west": {"uv": [0, 0, 0.5, 7], "rotation": 180, "texture": "#1"},
				"up": {"uv": [0, 0, 0.25, 0.5], "texture": "#1"},
				"down": {"uv": [0, 0, 0.25, 0.5], "texture": "#1"}
			}
		}
	],
	"display": {
		"thirdperson_righthand": {
			"rotation": [0, -173, 0],
			"translation": [0, 0, -1],
			"scale": [0.31, 0.39, 0.31]
		},
		"thirdperson_lefthand": {
			"rotation": [0, -173, 0],
			"translation": [0, 0, -1],
			"scale": [0.31, 0.39, 0.31]
		},
		"firstperson_righthand": {
			"rotation": [0, -65, 0],
			"translation": [5, 2.25, 0]
		},
		"firstperson_lefthand": {
			"rotation": [0, -65, 0],
			"translation": [5, 2.25, 0]
		},
		"gui": {
			"rotation": [-9, 17, 0],
			"translation": [0.5, 1, 0],
			"scale": [0.77, 0.89, 1]
		},
		"head": {
			"scale": [2.33, 2.33, 2.33]
		},
		"fixed": {
			"rotation": [16, -162, 7],
			"translation": [0.5, 1.25, -1.5],
			"scale": [0.77, 0.89, 0.48]
		}
	},
	"groups": [
		{
			"name": "Inner wing",
			"origin": [1, 4.97135, 5.31494],
			"children": [
				{
					"name": "group",
					"origin": [8, 5.31715, 5.01745],
					"children": []
				}
			]
		},
		{
			"name": "Detail wing",
			"origin": [1, 5.3165, 5.7933],
			"children": []
		},
		{
			"name": "Inner wing",
			"origin": [1, 4.97135, 5.31494],
			"children": [
				{
					"name": "group",
					"origin": [8, 5.31715, 5.01745],
					"children": []
				}
			]
		},
		{
			"name": "Detail wing",
			"origin": [1, 5.3165, 5.7933],
			"children": [
				{
					"name": "Wings",
					"origin": [16.25, 5.3165, 5.7933],
					"children": [0, 1, 2, 3, 4, 5, 6, 7, 8, 9, 10, 11, 12, 13, 14, 15, 16, 17, 18, 19, 20, 21, 22, 23, 24, 25, 26, 27, 28, 29, 30, 31, 32, 33, 34, 35, 36, 37, 38, 39, 40, 41, 42, 43, 44, 45, 46, 47, 48, 49, 50, 51]
				}
			]
		}
	]
}
