{
	"credit": "anivator",
	"textures": {
		"2": "blocks/astrogrill",
		"3": "blocks/daylight_detector_side",
		"4": "blocks/hardened_clay_stained_black",
		"5": "blocks/anvil_base",
		"6": "blocks/stone_slab_side",
		"7": "blocks/door_iron_lower",
		"9": "blocks/wool_colored_black",
		"10": "blocks/anvil_base",
		"11": "blocks/wool_colored_white",
		"12": "blocks/wool_colored_blue",
		"13": "blocks/gold_ore",
		"particle": "blocks/astrogrill"
	},
	"elements": [
		{
			"from": [1, 8, 20],
			"to": [3, 10, 21],
			"rotation": {"angle": 45, "axis": "y", "origin": [1, 9, 21.5]},
			"faces": {
				"north": {"uv": [5.5, 0.499, 7.499, 2.499], "texture": "#13"},
				"east": {"uv": [5.5, 0.499, 7.499, 2.499], "texture": "#13"},
				"south": {"uv": [5.5, 0.499, 7.499, 2.499], "texture": "#13"},
				"west": {"uv": [5.5, 0.499, 7.499, 2.499], "texture": "#13"},
				"up": {"uv": [5.5, 0.499, 7.499, 2.499], "texture": "#13"},
				"down": {"uv": [5.5, 0.499, 7.499, 2.499], "texture": "#13"}
			}
		},
		{
			"from": [-1, 21, 20],
			"to": [5, 22, 21],
			"rotation": {"angle": 45, "axis": "y", "origin": [1, 9, 21.5]},
			"faces": {
				"north": {"uv": [6, 1.75, 6.999, 2.749], "texture": "#13"},
				"east": {"uv": [6, 1.75, 6.999, 2.749], "texture": "#13"},
				"south": {"uv": [6, 1.75, 6.999, 2.749], "texture": "#13"},
				"west": {"uv": [6, 1.75, 6.999, 2.749], "texture": "#13"},
				"up": {"uv": [6, 1.75, 6.999, 2.749], "texture": "#13"},
				"down": {"uv": [6, 1.75, 6.999, 2.749], "texture": "#13"}
			}
		},
		{
			"from": [-1, 10, 20],
			"to": [5, 11, 21],
			"rotation": {"angle": 45, "axis": "y", "origin": [1, 9, 21.5]},
			"faces": {
				"north": {"uv": [5.75, 2.25, 7.748, 3.25], "texture": "#13"},
				"east": {"uv": [5.75, 2.25, 7.748, 3.25], "texture": "#13"},
				"south": {"uv": [5.75, 2.25, 7.748, 3.25], "texture": "#13"},
				"west": {"uv": [5.75, 2.25, 7.748, 3.25], "texture": "#13"},
				"up": {"uv": [5.75, 2.25, 7.748, 3.25], "texture": "#13"},
				"down": {"uv": [5.75, 2.25, 7.748, 3.25], "texture": "#13"}
			}
		},
		{
			"from": [-2, 11, 20],
			"to": [6, 21, 21],
			"rotation": {"angle": 45, "axis": "y", "origin": [1, 9, 21.5]},
			"faces": {
				"north": {"uv": [0, 0, 8, 10], "texture": "#11"},
				"east": {"uv": [6, 1.25, 6.998, 2.998], "texture": "#13"},
				"south": {"uv": [0, 0, 8, 10], "texture": "#11"},
				"west": {"uv": [5.75, 2, 7.498, 3.248], "texture": "#13"},
				"up": {"uv": [6.25, 1.75, 7.498, 2.748], "texture": "#13"},
				"down": {"uv": [6.25, 1.75, 7.998, 2.998], "texture": "#13"}
			}
		},
		{
			"from": [23, 0, 20],
			"to": [24, 7, 21],
			"faces": {
				"north": {"uv": [0, 0, 1, 7], "texture": "#2"},
				"east": {"uv": [0, 0, 1, 7], "texture": "#2"},
				"south": {"uv": [0, 0, 1, 7], "texture": "#9"},
				"west": {"uv": [0, 0, 1, 7], "texture": "#missing"},
				"up": {"uv": [0, 0, 1, 1], "texture": "#missing"},
				"down": {"uv": [0, 0, 1, 1], "texture": "#missing"}
			}
		},
		{
			"from": [0, 6, 20],
			"to": [23, 7, 21],
			"faces": {
				"north": {"uv": [0, 0, 16, 1], "texture": "#2"},
				"east": {"uv": [0, 0, 1, 1], "texture": "#missing"},
				"south": {"uv": [0, 0, 16, 1], "texture": "#4"},
				"west": {"uv": [0, 0, 1, 1], "texture": "#missing"},
				"up": {"uv": [0, 0, 16, 1], "texture": "#missing"},
				"down": {"uv": [0, 0, 16, 1], "texture": "#missing"}
			}
		},
		{
			"from": [-1, 0, 20],
			"to": [0, 7, 21],
			"faces": {
				"north": {"uv": [0, 0, 1, 7], "texture": "#2"},
				"east": {"uv": [0, 0, 1, 7], "texture": "#missing"},
				"south": {"uv": [0, 0, 1, 7], "texture": "#9"},
				"west": {"uv": [0, 0, 1, 7], "texture": "#2"},
				"up": {"uv": [0, 0, 1, 1], "texture": "#missing"},
				"down": {"uv": [0, 0, 1, 1], "texture": "#4"}
			}
		},
		{
			"from": [0, 0, 20],
			"to": [23, 6, 21],
			"faces": {
				"north": {"uv": [0, 0, 16, 6], "texture": "#2"},
				"east": {"uv": [0, 0, 1, 6], "texture": "#missing"},
				"south": {"uv": [0, 0, 16, 6], "texture": "#12"},
				"west": {"uv": [0, 0, 1, 6], "texture": "#missing"},
				"up": {"uv": [0, 0, 16, 1], "texture": "#missing"},
				"down": {"uv": [0, 0, 16, 1], "texture": "#missing"}
			}
		},
		{
			"from": [-1, -1, 8],
			"to": [24, 0, 22],
			"faces": {
				"north": {"uv": [0, 0, 16, 1], "texture": "#2"},
				"east": {"uv": [0, 0, 14, 1], "texture": "#2"},
				"south": {"uv": [0, 0, 16, 1], "texture": "#2"},
				"west": {"uv": [0, 0, 14, 1], "texture": "#2"},
				"up": {"uv": [0, 0, 16, 14], "texture": "#9"},
				"down": {"uv": [0.249, 5.5, 15.999, 11.248], "texture": "#7"}
			}
		},
		{
			"from": [-1, 7, 8],
			"to": [24, 8, 22],
			"faces": {
				"north": {"uv": [0, 0, 9, 0.998], "texture": "#5"},
				"east": {"uv": [0, 0, 9, 0.998], "texture": "#5"},
				"south": {"uv": [0, 0, 9, 0.998], "texture": "#5"},
				"west": {"uv": [0, 0, 9, 0.998], "texture": "#5"},
				"up": {"uv": [0, 0, 9, 0.998], "texture": "#5"},
				"down": {"uv": [0, 0, 9, 0.998], "texture": "#5"}
			}
		},
		{
			"from": [1, 8, 13],
			"to": [2, 9, 18],
			"faces": {
				"north": {"uv": [0, 9.999, 4.999, 14.998], "texture": "#3"},
				"east": {"uv": [0, 9.999, 4.999, 14.998], "texture": "#3"},
				"south": {"uv": [0, 9.999, 4.999, 14.998], "texture": "#3"},
				"west": {"uv": [0, 9.999, 4.999, 14.998], "texture": "#3"},
				"up": {"uv": [0, 9.999, 4.999, 14.998], "texture": "#3"},
				"down": {"uv": [0, 9.999, 4.999, 14.998], "texture": "#3"}
			}
		},
		{
			"from": [2, 8, 14],
			"to": [6, 9, 17],
			"faces": {
				"north": {"uv": [0, 0, 4, 1], "texture": "#7"},
				"east": {"uv": [0, 0, 4, 1], "texture": "#7"},
				"south": {"uv": [0, 0, 4, 1], "texture": "#7"},
				"west": {"uv": [0, 0, 4, 1], "texture": "#7"},
				"up": {"uv": [6.75, 6.999, 10.75, 7.998], "texture": "#7"},
				"down": {"uv": [0, 0, 4, 1], "texture": "#7"}
			}
		},
		{
			"from": [2, 8, 17],
			"to": [6, 9, 18],
			"faces": {
				"north": {"uv": [0, 12.5, 4, 13.499], "texture": "#3"},
				"east": {"uv": [0, 12.5, 4, 13.499], "texture": "#3"},
				"south": {"uv": [0, 12.5, 4, 13.499], "texture": "#3"},
				"west": {"uv": [0, 12.5, 4, 13.499], "texture": "#3"},
				"up": {"uv": [0, 12.5, 4, 13.499], "texture": "#3"},
				"down": {"uv": [0, 12.5, 4, 13.499], "texture": "#3"}
			}
		},
		{
			"from": [2, 8, 13],
			"to": [6, 9, 14],
			"faces": {
				"north": {"uv": [0.499, 11.25, 4.499, 12.249], "texture": "#3"},
				"east": {"uv": [0.499, 11.25, 4.499, 12.249], "texture": "#3"},
				"south": {"uv": [0.499, 11.25, 4.499, 12.249], "texture": "#3"},
				"west": {"uv": [0.499, 11.25, 4.499, 12.249], "texture": "#3"},
				"up": {"uv": [0.499, 11.25, 4.499, 12.249], "texture": "#3"},
				"down": {"uv": [0.499, 11.25, 4.499, 12.249], "texture": "#3"}
			}
		},
		{
			"from": [6, 8, 13],
			"to": [7, 9, 18],
			"faces": {
				"north": {"uv": [0, 9.749, 4.999, 14.748], "texture": "#3"},
				"east": {"uv": [0, 9.749, 4.999, 14.748], "texture": "#3"},
				"south": {"uv": [0, 9.749, 4.999, 14.748], "texture": "#3"},
				"west": {"uv": [0, 9.749, 4.999, 14.748], "texture": "#3"},
				"up": {"uv": [0, 9.749, 4.999, 14.748], "texture": "#3"},
				"down": {"uv": [0, 9.749, 4.999, 14.748], "texture": "#3"}
			}
		},
		{
			"from": [8, 8, 13],
			"to": [9, 9, 18],
			"faces": {
				"north": {"uv": [0, 9.249, 4.999, 14.248], "texture": "#3"},
				"east": {"uv": [0, 9.249, 4.999, 14.248], "texture": "#3"},
				"south": {"uv": [0, 9.249, 4.999, 14.248], "texture": "#3"},
				"west": {"uv": [0, 9.249, 4.999, 14.248], "texture": "#3"},
				"up": {"uv": [0, 9.249, 4.999, 14.248], "texture": "#3"},
				"down": {"uv": [0, 9.249, 4.999, 14.248], "texture": "#3"}
			}
		},
		{
			"from": [9, 8, 14],
			"to": [13, 9, 17],
			"faces": {
				"north": {"uv": [0, 0, 4, 1], "texture": "#7"},
				"east": {"uv": [0, 0, 4, 1], "texture": "#7"},
				"south": {"uv": [0, 0, 4, 1], "texture": "#7"},
				"west": {"uv": [0, 0, 4, 1], "texture": "#7"},
				"up": {"uv": [6, 6.75, 9.999, 7.749], "texture": "#7"},
				"down": {"uv": [0, 0, 4, 1], "texture": "#7"}
			}
		},
		{
			"from": [9, 8, 17],
			"to": [13, 9, 18],
			"faces": {
				"north": {"uv": [1.25, 10.25, 5.249, 11.249], "texture": "#3"},
				"east": {"uv": [1.25, 10.25, 5.249, 11.249], "texture": "#3"},
				"south": {"uv": [1.25, 10.25, 5.249, 11.249], "texture": "#3"},
				"west": {"uv": [1.25, 10.25, 5.249, 11.249], "texture": "#3"},
				"up": {"uv": [1.25, 10.25, 5.249, 11.249], "texture": "#3"},
				"down": {"uv": [1.25, 10.25, 5.249, 11.249], "texture": "#3"}
			}
		},
		{
			"from": [9, 8, 13],
			"to": [13, 9, 14],
			"faces": {
				"north": {"uv": [0.499, 11.499, 4.499, 12.498], "texture": "#3"},
				"east": {"uv": [0.499, 11.499, 4.499, 12.498], "texture": "#3"},
				"south": {"uv": [0.499, 11.499, 4.499, 12.498], "texture": "#3"},
				"west": {"uv": [0.499, 11.499, 4.499, 12.498], "texture": "#3"},
				"up": {"uv": [0.499, 11.499, 4.499, 12.498], "texture": "#3"},
				"down": {"uv": [0.499, 11.499, 4.499, 12.498], "texture": "#3"}
			}
		},
		{
			"from": [13, 8, 13],
			"to": [14, 9, 18],
			"faces": {
				"north": {"uv": [0, 9, 4.999, 13.999], "texture": "#3"},
				"east": {"uv": [0, 9, 4.999, 13.999], "texture": "#3"},
				"south": {"uv": [0, 9, 4.999, 13.999], "texture": "#3"},
				"west": {"uv": [0, 9, 4.999, 13.999], "texture": "#3"},
				"up": {"uv": [0, 9, 4.999, 13.999], "texture": "#3"},
				"down": {"uv": [0, 9, 4.999, 13.999], "texture": "#3"}
			}
		},
		{
			"from": [17, 8, 10],
			"to": [23, 9, 11],
			"faces": {
				"north": {"uv": [0, 11.749, 6, 12.748], "texture": "#3"},
				"east": {"uv": [0, 11.749, 6, 12.748], "texture": "#3"},
				"south": {"uv": [0, 11.749, 6, 12.748], "texture": "#3"},
				"west": {"uv": [0, 11.749, 6, 12.748], "texture": "#3"},
				"up": {"uv": [0, 11.749, 6, 12.748], "texture": "#3"},
				"down": {"uv": [0, 11.749, 6, 12.748], "texture": "#3"}
			}
		},
		{
			"from": [17, 8, 11],
			"to": [18, 9, 20],
			"faces": {
				"north": {"uv": [3.25, 6.25, 4.249, 15.25], "texture": "#3"},
				"east": {"uv": [3.25, 6.25, 4.249, 15.25], "texture": "#3"},
				"south": {"uv": [3.25, 6.25, 4.249, 15.25], "texture": "#3"},
				"west": {"uv": [3.25, 6.25, 4.249, 15.25], "texture": "#3"},
				"up": {"uv": [3.25, 6.25, 4.249, 15.25], "texture": "#3"},
				"down": {"uv": [3.25, 6.25, 4.249, 15.25], "texture": "#3"}
			}
		},
		{
			"from": [17, 8, 19],
			"to": [23, 9, 20],
			"faces": {
				"north": {"uv": [0, 9.999, 6, 10.999], "texture": "#3"},
				"east": {"uv": [0, 9.999, 6, 10.999], "texture": "#3"},
				"south": {"uv": [0, 9.999, 6, 10.999], "texture": "#3"},
				"west": {"uv": [0, 9.999, 6, 10.999], "texture": "#3"},
				"up": {"uv": [0, 9.999, 6, 10.999], "texture": "#3"},
				"down": {"uv": [0, 9.999, 6, 10.999], "texture": "#3"}
			}
		},
		{
			"from": [22, 8, 11],
			"to": [23, 9, 20],
			"faces": {
				"north": {"uv": [0, 11.25, 5.249, 13.499], "texture": "#3"},
				"east": {"uv": [0, 11.25, 5.249, 13.499], "texture": "#3"},
				"south": {"uv": [0, 11.25, 5.249, 13.499], "texture": "#3"},
				"west": {"uv": [0, 11.25, 5.249, 13.499], "texture": "#3"},
				"up": {"uv": [0, 11.25, 5.249, 13.499], "texture": "#3"},
				"down": {"uv": [0, 11.25, 5.249, 13.499], "texture": "#3"}
			}
		},
		{
			"from": [18, 8, 11],
			"to": [22, 9, 19],
			"faces": {
				"north": {"uv": [6, 7.249, 9.999, 8.248], "texture": "#7"},
				"east": {"uv": [6, 7.249, 9.999, 8.248], "texture": "#7"},
				"south": {"uv": [6, 7.249, 9.999, 8.248], "texture": "#7"},
				"west": {"uv": [6, 7.249, 9.999, 8.248], "texture": "#7"},
				"up": {"uv": [6, 7.249, 9.999, 8.248], "texture": "#7"},
				"down": {"uv": [6, 7.249, 9.999, 8.248], "texture": "#7"}
			}
		},
		{
			"from": [0, 0, 9],
			"to": [23, 7, 10],
			"faces": {
				"north": {"uv": [0, 9.999, 16, 14.498], "texture": "#9"},
				"east": {"uv": [0, 0, 1, 7], "texture": "#2"},
				"south": {"uv": [0, 0, 16, 7], "texture": "#2"},
				"west": {"uv": [0, 0, 1, 7], "texture": "#2"},
				"up": {"uv": [0, 0, 16, 1], "texture": "#missing"},
				"down": {"uv": [0, 0, 16, 1], "texture": "#missing"}
			}
		},
		{
			"from": [0, -3, 19],
			"to": [1, -1, 21],
			"faces": {
				"north": {"uv": [0, 0, 1, 2], "texture": "#9"},
				"east": {"uv": [0, 0, 2, 2], "texture": "#9"},
				"south": {"uv": [0, 0, 1, 2], "texture": "#9"},
				"west": {"uv": [0, 0, 2, 2], "texture": "#9"},
				"up": {"uv": [0, 0, 1, 2], "texture": "#missing"},
				"down": {"uv": [0, 0, 1, 2], "texture": "#9"}
			}
		},
		{
			"from": [0, -3, 10],
			"to": [1, -1, 12],
			"faces": {
				"north": {"uv": [0, 0, 1, 2], "texture": "#9"},
				"east": {"uv": [0, 0, 2, 2], "texture": "#9"},
				"south": {"uv": [0, 0, 1, 2], "texture": "#9"},
				"west": {"uv": [0, 0, 2, 2], "texture": "#9"},
				"up": {"uv": [0, 0, 1, 2], "texture": "#missing"},
				"down": {"uv": [0, 0, 1, 2], "texture": "#9"}
			}
		},
		{
			"from": [21, -3, 19],
			"to": [22, -1, 21],
			"faces": {
				"north": {"uv": [0, 0, 1, 2], "texture": "#9"},
				"east": {"uv": [0, 0, 2, 2], "texture": "#9"},
				"south": {"uv": [0, 0, 1, 2], "texture": "#9"},
				"west": {"uv": [0, 0, 2, 2], "texture": "#9"},
				"up": {"uv": [0, 0, 1, 2], "texture": "#missing"},
				"down": {"uv": [0, 0, 1, 2], "texture": "#9"}
			}
		},
		{
			"from": [21, -3, 9],
			"to": [22, -1, 11],
			"faces": {
				"north": {"uv": [0, 0, 1, 2], "texture": "#9"},
				"east": {"uv": [0, 0, 2, 2], "texture": "#9"},
				"south": {"uv": [0, 0, 1, 2], "texture": "#9"},
				"west": {"uv": [0, 0, 2, 2], "texture": "#9"},
				"up": {"uv": [0, 0, 1, 2], "texture": "#missing"},
				"down": {"uv": [0, 0, 1, 2], "texture": "#9"}
			}
		},
		{
			"from": [1.5, 0.5, 10],
			"to": [1.6, 2.5, 20],
			"rotation": {"angle": -22.5, "axis": "z", "origin": [0, 5.5, 15]},
			"faces": {
				"north": {"uv": [0, 0, 2, 1], "rotation": 90, "texture": "#missing"},
				"east": {"uv": [0, 0, 2, 1], "rotation": 90, "texture": "#missing"},
				"south": {"uv": [0, 0, 2, 1], "rotation": 90, "texture": "#missing"},
				"west": {"uv": [0, 0, 2, 1], "rotation": 90, "texture": "#10"},
				"up": {"uv": [0, 0, 2, 1], "rotation": 90, "texture": "#missing"},
				"down": {"uv": [0, 0, 2, 1], "rotation": 90, "texture": "#missing"}
			}
		},
		{
			"from": [0, 0, 10],
			"to": [1, 7, 20],
			"faces": {
				"north": {"uv": [0, 0, 1, 7], "texture": "#10"},
				"east": {"uv": [0, 0, 1, 7], "texture": "#10"},
				"south": {"uv": [0, 0, 1, 7], "texture": "#10"},
				"west": {"uv": [0, 0, 1, 7], "texture": "#10"},
				"up": {"uv": [0, 0, 1, 7], "texture": "#10"},
				"down": {"uv": [0, 0, 1, 7], "texture": "#10"}
			}
		},
		{
			"from": [0.5, 2.5, 10],
			"to": [0.6, 4.5, 20],
			"rotation": {"angle": -22.5, "axis": "z", "origin": [0, 5.5, 15]},
			"faces": {
				"north": {"uv": [0, 0, 2, 1], "rotation": 90, "texture": "#10"},
				"east": {"uv": [0, 0, 2, 1], "rotation": 90, "texture": "#10"},
				"south": {"uv": [0, 0, 2, 1], "rotation": 90, "texture": "#10"},
				"west": {"uv": [0, 0, 2, 1], "rotation": 90, "texture": "#10"},
				"up": {"uv": [0, 0, 2, 1], "rotation": 90, "texture": "#10"},
				"down": {"uv": [0, 0, 2, 1], "rotation": 90, "texture": "#10"}
			}
		},
		{
			"from": [-0.5, 4.5, 10],
			"to": [-0.4, 6.5, 20],
			"rotation": {"angle": -22.5, "axis": "z", "origin": [0, 5.5, 15]},
			"faces": {
				"north": {"uv": [0, 0, 2, 1], "rotation": 90, "texture": "#missing"},
				"east": {"uv": [0, 0, 2, 1], "rotation": 90, "texture": "#missing"},
				"south": {"uv": [0, 0, 2, 1], "rotation": 90, "texture": "#missing"},
				"west": {"uv": [0, 0, 2, 1], "rotation": 90, "texture": "#10"},
				"up": {"uv": [0, 0, 2, 1], "rotation": 90, "texture": "#missing"},
				"down": {"uv": [0, 0, 2, 1], "rotation": 90, "texture": "#missing"}
			}
		},
		{
			"from": [-3, 6, 20],
			"to": [-1, 7, 21],
			"faces": {
				"north": {"uv": [0, 0, 2, 1], "texture": "#6"},
				"east": {"uv": [0, 0, 2, 1], "texture": "#6"},
				"south": {"uv": [0, 0, 2, 1], "texture": "#6"},
				"west": {"uv": [0, 0, 2, 1], "texture": "#6"},
				"up": {"uv": [0, 0, 2, 1], "texture": "#6"},
				"down": {"uv": [0, 0, 2, 1], "texture": "#6"}
			}
		},
		{
			"from": [21.5, 0.5, 10],
			"to": [21.6, 2.5, 20],
			"rotation": {"angle": 22.5, "axis": "z", "origin": [26, 5.5, 15]},
			"faces": {
				"north": {"uv": [0, 0, 2, 1], "rotation": 90, "texture": "#missing"},
				"east": {"uv": [0, 0, 2, 1], "rotation": 90, "texture": "#10"},
				"south": {"uv": [0, 0, 2, 1], "rotation": 90, "texture": "#missing"},
				"west": {"uv": [0, 0, 2, 1], "rotation": 90, "texture": "#missing"},
				"up": {"uv": [0, 0, 2, 1], "rotation": 270, "texture": "#missing"},
				"down": {"uv": [0, 0, 2, 1], "rotation": 270, "texture": "#missing"}
			}
		},
		{
			"from": [22, 0, 10],
			"to": [23, 7, 20],
			"faces": {
				"north": {"uv": [0, 0, 1, 7], "texture": "#10"},
				"east": {"uv": [0, 0, 1, 7], "texture": "#10"},
				"south": {"uv": [0, 0, 1, 7], "texture": "#10"},
				"west": {"uv": [0, 0, 1, 7], "texture": "#10"},
				"up": {"uv": [0, 0, 1, 7], "rotation": 180, "texture": "#10"},
				"down": {"uv": [0, 0, 1, 7], "rotation": 180, "texture": "#10"}
			}
		},
		{
			"from": [22.5, 3.5, 10],
			"to": [22.6, 5.5, 20],
			"rotation": {"angle": 22.5, "axis": "z", "origin": [26, 5.5, 15]},
			"faces": {
				"north": {"uv": [0, 0, 2, 1], "rotation": 90, "texture": "#10"},
				"east": {"uv": [0, 0, 2, 1], "rotation": 90, "texture": "#10"},
				"south": {"uv": [0, 0, 2, 1], "rotation": 90, "texture": "#10"},
				"west": {"uv": [0, 0, 2, 1], "rotation": 90, "texture": "#10"},
				"up": {"uv": [0, 0, 2, 1], "rotation": 270, "texture": "#10"},
				"down": {"uv": [0, 0, 2, 1], "rotation": 270, "texture": "#10"}
			}
		},
		{
			"from": [23.5, 5.5, 10],
			"to": [23.6, 7.5, 20],
			"rotation": {"angle": 22.5, "axis": "z", "origin": [26, 5.5, 15]},
			"faces": {
				"north": {"uv": [0, 0, 2, 1], "rotation": 90, "texture": "#missing"},
				"east": {"uv": [0, 0, 2, 1], "rotation": 90, "texture": "#10"},
				"south": {"uv": [0, 0, 2, 1], "rotation": 90, "texture": "#missing"},
				"west": {"uv": [0, 0, 2, 1], "rotation": 90, "texture": "#missing"},
				"up": {"uv": [0, 0, 2, 1], "rotation": 270, "texture": "#missing"},
				"down": {"uv": [0, 0, 2, 1], "rotation": 270, "texture": "#missing"}
			}
		},
		{
			"from": [23, 6, 9],
			"to": [26, 7, 10],
			"faces": {
				"north": {"uv": [0, 0, 3, 1], "texture": "#6"},
				"east": {"uv": [0, 0, 3, 1], "texture": "#6"},
				"south": {"uv": [0, 0, 3, 1], "texture": "#6"},
				"west": {"uv": [0, 0, 3, 1], "texture": "#6"},
				"up": {"uv": [0, 0, 3, 1], "texture": "#6"},
				"down": {"uv": [0, 0, 3, 1], "texture": "#6"}
			}
		},
		{
			"from": [24, 6, 20],
			"to": [26, 7, 21],
			"faces": {
				"north": {"uv": [0, 0, 2, 1], "texture": "#6"},
				"east": {"uv": [0, 0, 2, 1], "texture": "#6"},
				"south": {"uv": [0, 0, 2, 1], "texture": "#6"},
				"west": {"uv": [0, 0, 2, 1], "texture": "#6"},
				"up": {"uv": [0, 0, 2, 1], "texture": "#6"},
				"down": {"uv": [0, 0, 2, 1], "texture": "#6"}
			}
		},
		{
			"from": [25, 6, 10],
			"to": [26, 7, 20],
			"faces": {
				"north": {"uv": [0, 0, 1, 10], "texture": "#6"},
				"east": {"uv": [0, 0, 1, 10], "texture": "#6"},
				"south": {"uv": [0, 0, 1, 10], "texture": "#6"},
				"west": {"uv": [0, 0, 1, 10], "texture": "#6"},
				"up": {"uv": [0, 0, 1, 10], "texture": "#6"},
				"down": {"uv": [0, 0, 1, 10], "texture": "#6"}
			}
		},
		{
			"from": [-3, 6, 9],
			"to": [0, 7, 10],
			"faces": {
				"north": {"uv": [0, 0, 3, 1], "texture": "#6"},
				"east": {"uv": [0, 0, 3, 1], "texture": "#6"},
				"south": {"uv": [0, 0, 3, 1], "texture": "#6"},
				"west": {"uv": [0, 0, 3, 1], "texture": "#6"},
				"up": {"uv": [0, 0, 3, 1], "texture": "#6"},
				"down": {"uv": [0, 0, 3, 1], "texture": "#6"}
			}
		},
		{
			"from": [-3, 6, 10],
			"to": [-2, 7, 20],
			"faces": {
				"north": {"uv": [0, 0, 1, 10], "texture": "#6"},
				"east": {"uv": [0, 0, 1, 10], "texture": "#6"},
				"south": {"uv": [0, 0, 1, 10], "texture": "#6"},
				"west": {"uv": [0, 0, 1, 10], "texture": "#6"},
				"up": {"uv": [0, 0, 1, 10], "texture": "#6"},
				"down": {"uv": [0, 0, 1, 10], "texture": "#6"}
			}
		},
		{
			"from": [8, 9, 14],
			"to": [9, 10, 15],
			"faces": {
				"north": {"uv": [0, 0, 1, 1], "texture": "#9"},
				"east": {"uv": [0, 0, 1, 1], "texture": "#9"},
				"south": {"uv": [0, 0, 1, 1], "texture": "#9"},
				"west": {"uv": [0, 0, 1, 1], "texture": "#9"},
				"up": {"uv": [0, 0, 1, 1], "texture": "#9"},
				"down": {"uv": [0, 0, 1, 1], "texture": "#9"}
			}
		},
		{
			"from": [6, 9, 14],
			"to": [7, 10, 15],
			"faces": {
				"north": {"uv": [0, 0, 1, 1], "texture": "#9"},
				"east": {"uv": [0, 0, 1, 1], "texture": "#9"},
				"south": {"uv": [0, 0, 1, 1], "texture": "#9"},
				"west": {"uv": [0, 0, 1, 1], "texture": "#9"},
				"up": {"uv": [0, 0, 1, 1], "texture": "#9"},
				"down": {"uv": [0, 0, 1, 1], "texture": "#9"}
			}
		},
		{
			"from": [17, 9, 14],
			"to": [18, 10, 15],
			"faces": {
				"north": {"uv": [0, 0, 1, 1], "texture": "#9"},
				"east": {"uv": [0, 0, 1, 1], "texture": "#9"},
				"south": {"uv": [0, 0, 1, 1], "texture": "#9"},
				"west": {"uv": [0, 0, 1, 1], "texture": "#9"},
				"up": {"uv": [0, 0, 1, 1], "texture": "#9"},
				"down": {"uv": [0, 0, 1, 1], "texture": "#9"}
			}
		},
		{
			"from": [11, 27, -14],
			"to": [21, 29, -4],
			"faces": {
				"north": {"uv": [4.25, 0.749, 7.498, 2.998], "texture": "#13"},
				"east": {"uv": [4.25, 0.749, 7.498, 2.998], "texture": "#13"},
				"south": {"uv": [4.25, 0.749, 7.498, 2.998], "texture": "#13"},
				"west": {"uv": [4.25, 0.749, 7.498, 2.998], "texture": "#13"},
				"up": {"uv": [4.25, 0.749, 7.498, 2.998], "texture": "#13"},
				"down": {"uv": [4.25, 0.749, 7.498, 2.998], "texture": "#13"}
			}
		},
		{
			"from": [10, 30, -6],
			"to": [22, 31, 4],
			"rotation": {"angle": 22.5, "axis": "x", "origin": [16, 26.5, -11]},
			"faces": {
				"north": {"uv": [6, 1.5, 7.998, 3.248], "texture": "#13"},
				"east": {"uv": [6, 1.5, 7.998, 3.248], "texture": "#13"},
				"south": {"uv": [6, 1.5, 7.998, 3.248], "texture": "#10"},
				"west": {"uv": [6, 1.5, 7.998, 3.248], "texture": "#13"},
				"up": {"uv": [6, 1.5, 7.998, 3.248], "texture": "#13"},
				"down": {"uv": [6, 1.5, 7.998, 3.248], "texture": "#13"}
			}
		},
		{
			"from": [-1, 29, -15],
			"to": [9, 30, -3],
			"rotation": {"angle": 22.5, "axis": "z", "origin": [13, 34, 8]},
			"faces": {
				"north": {"uv": [4.999, 1, 7.748, 3.248], "texture": "#13"},
				"east": {"uv": [4.999, 1, 7.748, 3.248], "texture": "#13"},
				"south": {"uv": [4.999, 1, 7.748, 3.248], "texture": "#13"},
				"west": {"uv": [4.999, 1, 7.748, 3.248], "texture": "#10"},
				"up": {"uv": [5.5, 1.25, 7.498, 2.747], "texture": "#13"},
				"down": {"uv": [4.999, 1, 7.248, 2.246], "texture": "#13"}
			}
		},
		{
			"from": [10, 27, -16],
			"to": [22, 28, -6],
			"rotation": {"angle": -22.5, "axis": "x", "origin": [16, 8.5, -11]},
			"faces": {
				"north": {"uv": [6, 0.749, 7.998, 2.998], "texture": "#10"},
				"east": {"uv": [6, 0.749, 7.998, 2.998], "texture": "#13"},
				"south": {"uv": [6, 0.749, 7.998, 2.998], "texture": "#13"},
				"west": {"uv": [6, 0.749, 7.998, 2.998], "texture": "#13"},
				"up": {"uv": [6, 0.749, 7.998, 2.998], "texture": "#13"},
				"down": {"uv": [6, 0.749, 7.998, 2.998], "texture": "#13"}
			}
		},
		{
			"from": [16, -4, -9],
			"to": [17, 32, -8],
			"faces": {
				"north": {"uv": [0, 0, 1, 16], "texture": "#6"},
				"east": {"uv": [0, 0, 1, 16], "texture": "#6"},
				"south": {"uv": [0, 0, 1, 16], "texture": "#6"},
				"west": {"uv": [0, 0, 1, 16], "texture": "#6"},
				"up": {"uv": [0, 0, 1, 16], "texture": "#6"},
				"down": {"uv": [0, 0, 1, 16], "texture": "#6"}
			}
		},
		{
			"from": [22, 31, -14],
			"to": [32, 32, -4],
			"rotation": {"angle": -22.5, "axis": "z", "origin": [13, 34, 8]},
			"faces": {
				"north": {"uv": [5.5, 0.749, 6.998, 2.747], "texture": "#13"},
				"east": {"uv": [5.5, 0.749, 6.998, 2.747], "texture": "#10"},
				"south": {"uv": [5.5, 0.749, 6.998, 2.747], "texture": "#13"},
				"west": {"uv": [5.5, 0.749, 6.998, 2.747], "texture": "#13"},
				"up": {"uv": [5.5, 0.749, 6.998, 2.747], "texture": "#13"},
				"down": {"uv": [5.5, 0.749, 6.998, 2.747], "texture": "#13"}
			}
		}
	],
	"display": {
		"thirdperson_righthand": {
			"rotation": [68, -175.25, 0],
			"translation": [6.75, 7.5, 3.25],
			"scale": [1.78516, 1.71484, 1]
		},
		"ground": {
			"translation": [-2.25, 13, -1]
		}
	},
	"groups": [
		{
			"name": "group",
			"origin": [8, 8, 8],
			"children": [0, 1, 2, 3,
				{
					"name": "group",
					"origin": [8, 8, 8],
					"children": [4, 5, 6, 7, 8, 9,
						{
							"name": "group",
							"origin": [8, 8, 8],
							"children": [10, 11, 12, 13, 14, 15, 16, 17, 18, 19, 20, 21, 22, 23, 24, 25, 26]
						}, 27, 28, 29,
						{
							"name": "group",
							"origin": [8, 8, 8],
							"children": [30, 31, 32, 33, 34,
								{
									"name": "group2",
									"origin": [8, 8, 8],
									"children": [35, 36, 37, 38, 39, 40, 41, 42]
								}
							]
						}, 43, 44, 45, 46]
				}
			]
		},
		{
			"name": "group",
			"origin": [8, 8, 8],
			"children": [47, 48, 49, 50, 51, 52]
		}
	]
}
