{
	"credit": "Made with Blockbench",
	"textures": {
		"0": "blocks/beacon",
		"1": "blocks/brewing_stand_base",
		"2": "blocks/glass_white",
		"particle": "blocks/beacon"
	},
	"elements": [
		{
			"from": [13.22, 11.85, 7.81111],
			"to": [14.22, 15.85, 8.11111],
			"rotation": {"angle": -22.5, "axis": "z", "origin": [9.8125, 18, 9.81111]},
			"faces": {
				"north": {"uv": [0, 1, 1, 0], "texture": "#1"},
				"east": {"uv": [0.3, 0, 0, 6], "texture": "#1"},
				"south": {"uv": [1, 0, 0, 6], "texture": "#1"},
				"west": {"uv": [0.3, 0, 0, 6], "texture": "#1"},
				"up": {"uv": [1, 0, 0, 0.3], "texture": "#1"},
				"down": {"uv": [1, 0, 0, 0.3], "texture": "#1"}
			}
		},
		{
			"from": [1.78, 11.85, 7.81111],
			"to": [2.78, 15.85, 8.11111],
			"rotation": {"angle": 22.5, "axis": "z", "origin": [6.1875, 18, 9.81111]},
			"faces": {
				"north": {"uv": [1, 1, 0, 0], "texture": "#1"},
				"east": {"uv": [0, 0, 0.3, 6], "texture": "#1"},
				"south": {"uv": [0, 0, 1, 6], "texture": "#1"},
				"west": {"uv": [0, 0, 0.3, 6], "texture": "#1"},
				"up": {"uv": [0, 0, 1, 0.3], "texture": "#1"},
				"down": {"uv": [0, 0, 1, 0.3], "texture": "#1"}
			}
		},
		{
			"from": [1.78, -4.15, 7.81111],
			"to": [2.78, -0.15, 8.11111],
			"rotation": {"angle": 22.5, "axis": "z", "origin": [6.1875, 18, 9.81111]},
			"faces": {
				"north": {"uv": [1, 1, 0, 0], "texture": "#1"},
				"east": {"uv": [0, 0, 0.3, 6], "texture": "#1"},
				"south": {"uv": [0, 0, 1, 6], "texture": "#1"},
				"west": {"uv": [0, 0, 0.3, 6], "texture": "#1"},
				"up": {"uv": [0, 0, 1, 0.3], "texture": "#1"},
				"down": {"uv": [0, 0, 1, 0.3], "texture": "#1"}
			}
		},
		{
			"from": [13.22, -4.15, 7.81111],
			"to": [14.22, -0.15, 8.11111],
			"rotation": {"angle": -22.5, "axis": "z", "origin": [9.8125, 18, 9.81111]},
			"faces": {
				"north": {"uv": [0, 1, 1, 0], "texture": "#1"},
				"east": {"uv": [0.3, 0, 0, 6], "texture": "#1"},
				"south": {"uv": [1, 0, 0, 6], "texture": "#1"},
				"west": {"uv": [0.3, 0, 0, 6], "texture": "#1"},
				"up": {"uv": [1, 0, 0, 0.3], "texture": "#1"},
				"down": {"uv": [1, 0, 0, 0.3], "texture": "#1"}
			}
		},
		{
			"from": [-5, 2, 7.81111],
			"to": [-4, 5, 8.11111],
			"rotation": {"angle": 45, "axis": "z", "origin": [6.1875, 18, 9.81111]},
			"faces": {
				"north": {"uv": [1, 1, 0, 0], "texture": "#1"},
				"east": {"uv": [0, 0, 0.3, 6], "texture": "#1"},
				"south": {"uv": [0, 0, 1, 6], "texture": "#1"},
				"west": {"uv": [0, 0, 0.3, 6], "texture": "#1"},
				"up": {"uv": [0, 0, 1, 0.3], "texture": "#1"},
				"down": {"uv": [0, 0, 1, 0.3], "texture": "#1"}
			}
		},
		{
			"from": [20, 2, 7.81111],
			"to": [21, 5, 8.11111],
			"rotation": {"angle": -45, "axis": "z", "origin": [9.8125, 18, 9.81111]},
			"faces": {
				"north": {"uv": [0, 1, 1, 0], "texture": "#1"},
				"east": {"uv": [0.3, 0, 0, 6], "texture": "#1"},
				"south": {"uv": [1, 0, 0, 6], "texture": "#1"},
				"west": {"uv": [0.3, 0, 0, 6], "texture": "#1"},
				"up": {"uv": [1, 0, 0, 0.3], "texture": "#1"},
				"down": {"uv": [1, 0, 0, 0.3], "texture": "#1"}
			}
		},
		{
			"name": "cube2",
			"from": [12.05, 14.25, 7.81111],
			"to": [13.05, 17.45, 8.11111],
			"rotation": {"angle": 0, "axis": "z", "origin": [9.8125, 18, 9.81111]},
			"faces": {
				"north": {"uv": [0, 1, 1, 0], "texture": "#1"},
				"east": {"uv": [0.3, 0, 0, 3.2], "texture": "#1"},
				"south": {"uv": [1, 0, 0, 3.2], "texture": "#1"},
				"west": {"uv": [0.3, 0, 0, 3.2], "texture": "#1"},
				"up": {"uv": [1, 0, 0, 0.3], "texture": "#1"},
				"down": {"uv": [1, 0, 0, 0.3], "texture": "#1"}
			}
		},
		{
			"from": [2.95, 14.25, 7.81111],
			"to": [3.95, 17.45, 8.11111],
			"rotation": {"angle": 0, "axis": "z", "origin": [6.1875, 18, 9.81111]},
			"faces": {
				"north": {"uv": [1, 1, 0, 0], "texture": "#1"},
				"east": {"uv": [0, 0, 0.3, 3.2], "texture": "#1"},
				"south": {"uv": [0, 0, 1, 3.2], "texture": "#1"},
				"west": {"uv": [0, 0, 0.3, 3.2], "texture": "#1"},
				"up": {"uv": [0, 0, 1, 0.3], "texture": "#1"},
				"down": {"uv": [0, 0, 1, 0.3], "texture": "#1"}
			}
		},
		{
			"from": [10.6, -4.2, 7.81111],
			"to": [11.6, 11, 8.11111],
			"rotation": {"angle": 0, "axis": "z", "origin": [9.8125, 18, 9.81111]},
			"faces": {
				"north": {"uv": [0, 1, 1, 0], "texture": "#1"},
				"east": {"uv": [0.3, 0, 0, 3.2], "texture": "#1"},
				"south": {"uv": [1, 0, 0, 3.2], "texture": "#1"},
				"west": {"uv": [0.3, 0, 0, 3.2], "texture": "#1"},
				"up": {"uv": [1, 0, 0, 0.3], "texture": "#1"},
				"down": {"uv": [1, 0, 0, 0.3], "texture": "#1"}
			}
		},
		{
			"from": [4.4, -4.2, 7.81111],
			"to": [5.4, 11, 8.11111],
			"rotation": {"angle": 0, "axis": "z", "origin": [6.1875, 18, 9.81111]},
			"faces": {
				"north": {"uv": [1, 1, 0, 0], "texture": "#1"},
				"east": {"uv": [0, 0, 0.3, 3.2], "texture": "#1"},
				"south": {"uv": [0, 0, 1, 3.2], "texture": "#1"},
				"west": {"uv": [0, 0, 0.3, 3.2], "texture": "#1"},
				"up": {"uv": [0, 0, 1, 0.3], "texture": "#1"},
				"down": {"uv": [0, 0, 1, 0.3], "texture": "#1"}
			}
		},
		{
			"from": [7.72, 0, 7.765],
			"to": [8.28, 16.9, 8.157],
			"rotation": {"angle": 0, "axis": "z", "origin": [4.12693, 10.88582, 8]},
			"faces": {
				"north": {"uv": [4, 5, 5, 6], "texture": "#0"},
				"east": {"uv": [4, 5, 5, 6], "rotation": 90, "texture": "#0"},
				"south": {"uv": [4, 5, 5, 6], "rotation": 90, "texture": "#0"},
				"west": {"uv": [4, 5, 5, 6], "rotation": 90, "texture": "#0"},
				"up": {"uv": [4, 5, 5, 6], "rotation": 90, "texture": "#0"},
				"down": {"uv": [4, 5, 5, 6], "rotation": 90, "texture": "#0"}
			}
		},
		{
			"from": [12.26, 16, 7.75],
			"to": [12.82, 16.9, 8.25],
			"rotation": {"angle": 0, "axis": "z", "origin": [4.12693, 10.88582, 7.985]},
			"faces": {
				"north": {"uv": [4, 5, 5, 6], "texture": "#0"},
				"east": {"uv": [4, 5, 5, 6], "rotation": 90, "texture": "#0"},
				"south": {"uv": [4, 5, 5, 6], "rotation": 90, "texture": "#0"},
				"west": {"uv": [4, 5, 5, 6], "rotation": 90, "texture": "#0"},
				"up": {"uv": [4, 5, 5, 6], "rotation": 90, "texture": "#0"},
				"down": {"uv": [4, 5, 5, 6], "rotation": 90, "texture": "#0"}
			}
		},
		{
			"from": [3.18, 16, 7.75],
			"to": [3.74, 16.9, 8.25],
			"rotation": {"angle": 0, "axis": "z", "origin": [11.87307, 10.88582, 7.985]},
			"faces": {
				"north": {"uv": [5, 5, 4, 6], "texture": "#0"},
				"east": {"uv": [4, 6, 5, 5], "rotation": 90, "texture": "#0"},
				"south": {"uv": [4, 6, 5, 5], "rotation": 90, "texture": "#0"},
				"west": {"uv": [4, 6, 5, 5], "rotation": 90, "texture": "#0"},
				"up": {"uv": [4, 6, 5, 5], "rotation": 90, "texture": "#0"},
				"down": {"uv": [4, 6, 5, 5], "rotation": 90, "texture": "#0"}
			}
		},
		{
			"from": [10.85, 10, 7.75],
			"to": [11.41, 10.9, 8.25],
			"rotation": {"angle": 0, "axis": "z", "origin": [4.12693, 10.88582, 7.985]},
			"faces": {
				"north": {"uv": [4, 5, 5, 6], "texture": "#0"},
				"east": {"uv": [4, 5, 5, 6], "rotation": 90, "texture": "#0"},
				"south": {"uv": [4, 5, 5, 6], "rotation": 90, "texture": "#0"},
				"west": {"uv": [4, 5, 5, 6], "rotation": 90, "texture": "#0"},
				"up": {"uv": [4, 5, 5, 6], "rotation": 90, "texture": "#0"},
				"down": {"uv": [4, 5, 5, 6], "rotation": 90, "texture": "#0"}
			}
		},
		{
			"from": [4.59, 10, 7.75],
			"to": [5.15, 10.9, 8.25],
			"rotation": {"angle": 0, "axis": "z", "origin": [11.87307, 10.88582, 7.985]},
			"faces": {
				"north": {"uv": [5, 5, 4, 6], "texture": "#0"},
				"east": {"uv": [4, 6, 5, 5], "rotation": 90, "texture": "#0"},
				"south": {"uv": [4, 6, 5, 5], "rotation": 90, "texture": "#0"},
				"west": {"uv": [4, 6, 5, 5], "rotation": 90, "texture": "#0"},
				"up": {"uv": [4, 6, 5, 5], "rotation": 90, "texture": "#0"},
				"down": {"uv": [4, 6, 5, 5], "rotation": 90, "texture": "#0"}
			}
		},
		{
			"from": [10.85, 4, 7.75],
			"to": [11.41, 4.9, 8.25],
			"rotation": {"angle": 0, "axis": "z", "origin": [4.12693, 4.88582, 7.985]},
			"faces": {
				"north": {"uv": [4, 5, 5, 6], "texture": "#0"},
				"east": {"uv": [4, 5, 5, 6], "rotation": 90, "texture": "#0"},
				"south": {"uv": [4, 5, 5, 6], "rotation": 90, "texture": "#0"},
				"west": {"uv": [4, 5, 5, 6], "rotation": 90, "texture": "#0"},
				"up": {"uv": [4, 5, 5, 6], "rotation": 90, "texture": "#0"},
				"down": {"uv": [4, 5, 5, 6], "rotation": 90, "texture": "#0"}
			}
		},
		{
			"from": [4.59, 4, 7.75],
			"to": [5.15, 4.9, 8.25],
			"rotation": {"angle": 0, "axis": "z", "origin": [11.87307, 4.88582, 7.985]},
			"faces": {
				"north": {"uv": [5, 5, 4, 6], "texture": "#0"},
				"east": {"uv": [4, 6, 5, 5], "rotation": 90, "texture": "#0"},
				"south": {"uv": [4, 6, 5, 5], "rotation": 90, "texture": "#0"},
				"west": {"uv": [4, 6, 5, 5], "rotation": 90, "texture": "#0"},
				"up": {"uv": [4, 6, 5, 5], "rotation": 90, "texture": "#0"},
				"down": {"uv": [4, 6, 5, 5], "rotation": 90, "texture": "#0"}
			}
		},
		{
			"from": [10.85, 6, 7.75],
			"to": [11.41, 6.9, 8.25],
			"rotation": {"angle": 0, "axis": "z", "origin": [4.12693, 6.88582, 7.985]},
			"faces": {
				"north": {"uv": [4, 5, 5, 6], "texture": "#0"},
				"east": {"uv": [4, 5, 5, 6], "rotation": 90, "texture": "#0"},
				"south": {"uv": [4, 5, 5, 6], "rotation": 90, "texture": "#0"},
				"west": {"uv": [4, 5, 5, 6], "rotation": 90, "texture": "#0"},
				"up": {"uv": [4, 5, 5, 6], "rotation": 90, "texture": "#0"},
				"down": {"uv": [4, 5, 5, 6], "rotation": 90, "texture": "#0"}
			}
		},
		{
			"from": [4.59, 6, 7.75],
			"to": [5.15, 6.9, 8.25],
			"rotation": {"angle": 0, "axis": "z", "origin": [11.87307, 6.88582, 7.985]},
			"faces": {
				"north": {"uv": [5, 5, 4, 6], "texture": "#0"},
				"east": {"uv": [4, 6, 5, 5], "rotation": 90, "texture": "#0"},
				"south": {"uv": [4, 6, 5, 5], "rotation": 90, "texture": "#0"},
				"west": {"uv": [4, 6, 5, 5], "rotation": 90, "texture": "#0"},
				"up": {"uv": [4, 6, 5, 5], "rotation": 90, "texture": "#0"},
				"down": {"uv": [4, 6, 5, 5], "rotation": 90, "texture": "#0"}
			}
		},
		{
			"from": [10.85, 0, 7.75],
			"to": [11.41, 0.9, 8.25],
			"rotation": {"angle": 0, "axis": "z", "origin": [4.12693, 0.88582, 7.985]},
			"faces": {
				"north": {"uv": [4, 5, 5, 6], "texture": "#0"},
				"east": {"uv": [4, 5, 5, 6], "rotation": 90, "texture": "#0"},
				"south": {"uv": [4, 5, 5, 6], "rotation": 90, "texture": "#0"},
				"west": {"uv": [4, 5, 5, 6], "rotation": 90, "texture": "#0"},
				"up": {"uv": [4, 5, 5, 6], "rotation": 90, "texture": "#0"},
				"down": {"uv": [4, 5, 5, 6], "rotation": 90, "texture": "#0"}
			}
		},
		{
			"from": [4.59, 0, 7.75],
			"to": [5.15, 0.9, 8.25],
			"rotation": {"angle": 0, "axis": "z", "origin": [11.87307, 0.88582, 7.985]},
			"faces": {
				"north": {"uv": [5, 5, 4, 6], "texture": "#0"},
				"east": {"uv": [4, 6, 5, 5], "rotation": 90, "texture": "#0"},
				"south": {"uv": [4, 6, 5, 5], "rotation": 90, "texture": "#0"},
				"west": {"uv": [4, 6, 5, 5], "rotation": 90, "texture": "#0"},
				"up": {"uv": [4, 6, 5, 5], "rotation": 90, "texture": "#0"},
				"down": {"uv": [4, 6, 5, 5], "rotation": 90, "texture": "#0"}
			}
		},
		{
			"from": [10.85, 8, 7.75],
			"to": [11.41, 8.9, 8.25],
			"rotation": {"angle": 0, "axis": "z", "origin": [4.12693, 10.88582, 7.985]},
			"faces": {
				"north": {"uv": [4, 5, 5, 6], "texture": "#0"},
				"east": {"uv": [4, 5, 5, 6], "rotation": 90, "texture": "#0"},
				"south": {"uv": [4, 5, 5, 6], "rotation": 90, "texture": "#0"},
				"west": {"uv": [4, 5, 5, 6], "rotation": 90, "texture": "#0"},
				"up": {"uv": [4, 5, 5, 6], "rotation": 90, "texture": "#0"},
				"down": {"uv": [4, 5, 5, 6], "rotation": 90, "texture": "#0"}
			}
		},
		{
			"from": [4.59, 8, 7.75],
			"to": [5.15, 8.9, 8.25],
			"rotation": {"angle": 0, "axis": "z", "origin": [11.87307, 10.88582, 7.985]},
			"faces": {
				"north": {"uv": [5, 5, 4, 6], "texture": "#0"},
				"east": {"uv": [4, 6, 5, 5], "rotation": 90, "texture": "#0"},
				"south": {"uv": [4, 6, 5, 5], "rotation": 90, "texture": "#0"},
				"west": {"uv": [4, 6, 5, 5], "rotation": 90, "texture": "#0"},
				"up": {"uv": [4, 6, 5, 5], "rotation": 90, "texture": "#0"},
				"down": {"uv": [4, 6, 5, 5], "rotation": 90, "texture": "#0"}
			}
		},
		{
			"from": [10.85, 2, 7.75],
			"to": [11.41, 2.9, 8.25],
			"rotation": {"angle": 0, "axis": "z", "origin": [4.12693, 4.88582, 7.985]},
			"faces": {
				"north": {"uv": [4, 5, 5, 6], "texture": "#0"},
				"east": {"uv": [4, 5, 5, 6], "rotation": 90, "texture": "#0"},
				"south": {"uv": [4, 5, 5, 6], "rotation": 90, "texture": "#0"},
				"west": {"uv": [4, 5, 5, 6], "rotation": 90, "texture": "#0"},
				"up": {"uv": [4, 5, 5, 6], "rotation": 90, "texture": "#0"},
				"down": {"uv": [4, 5, 5, 6], "rotation": 90, "texture": "#0"}
			}
		},
		{
			"from": [4.59, 2, 7.75],
			"to": [5.15, 2.9, 8.25],
			"rotation": {"angle": 0, "axis": "z", "origin": [11.87307, 4.88582, 7.985]},
			"faces": {
				"north": {"uv": [5, 5, 4, 6], "texture": "#0"},
				"east": {"uv": [4, 6, 5, 5], "rotation": 90, "texture": "#0"},
				"south": {"uv": [4, 6, 5, 5], "rotation": 90, "texture": "#0"},
				"west": {"uv": [4, 6, 5, 5], "rotation": 90, "texture": "#0"},
				"up": {"uv": [4, 6, 5, 5], "rotation": 90, "texture": "#0"},
				"down": {"uv": [4, 6, 5, 5], "rotation": 90, "texture": "#0"}
			}
		},
		{
			"from": [10.85, -2, 7.75],
			"to": [11.41, -1.1, 8.25],
			"rotation": {"angle": 0, "axis": "z", "origin": [4.12693, 0.88582, 7.985]},
			"faces": {
				"north": {"uv": [4, 5, 5, 6], "texture": "#0"},
				"east": {"uv": [4, 5, 5, 6], "rotation": 90, "texture": "#0"},
				"south": {"uv": [4, 5, 5, 6], "rotation": 90, "texture": "#0"},
				"west": {"uv": [4, 5, 5, 6], "rotation": 90, "texture": "#0"},
				"up": {"uv": [4, 5, 5, 6], "rotation": 90, "texture": "#0"},
				"down": {"uv": [4, 5, 5, 6], "rotation": 90, "texture": "#0"}
			}
		},
		{
			"from": [4.59, -2, 7.75],
			"to": [5.15, -1.1, 8.25],
			"rotation": {"angle": 0, "axis": "z", "origin": [11.87307, 0.88582, 7.985]},
			"faces": {
				"north": {"uv": [5, 5, 4, 6], "texture": "#0"},
				"east": {"uv": [4, 6, 5, 5], "rotation": 90, "texture": "#0"},
				"south": {"uv": [4, 6, 5, 5], "rotation": 90, "texture": "#0"},
				"west": {"uv": [4, 6, 5, 5], "rotation": 90, "texture": "#0"},
				"up": {"uv": [4, 6, 5, 5], "rotation": 90, "texture": "#0"},
				"down": {"uv": [4, 6, 5, 5], "rotation": 90, "texture": "#0"}
			}
		},
		{
			"from": [12.26, 14, 7.75],
			"to": [12.82, 14.9, 8.25],
			"rotation": {"angle": 0, "axis": "z", "origin": [4.12693, 10.88582, 7.985]},
			"faces": {
				"north": {"uv": [4, 5, 5, 6], "texture": "#0"},
				"east": {"uv": [4, 5, 5, 6], "rotation": 90, "texture": "#0"},
				"south": {"uv": [4, 5, 5, 6], "rotation": 90, "texture": "#0"},
				"west": {"uv": [4, 5, 5, 6], "rotation": 90, "texture": "#0"},
				"up": {"uv": [4, 5, 5, 6], "rotation": 90, "texture": "#0"},
				"down": {"uv": [4, 5, 5, 6], "rotation": 90, "texture": "#0"}
			}
		},
		{
			"from": [3.18, 14, 7.75],
			"to": [3.74, 14.9, 8.25],
			"rotation": {"angle": 0, "axis": "z", "origin": [11.87307, 10.88582, 7.985]},
			"faces": {
				"north": {"uv": [5, 5, 4, 6], "texture": "#0"},
				"east": {"uv": [4, 6, 5, 5], "rotation": 90, "texture": "#0"},
				"south": {"uv": [4, 6, 5, 5], "rotation": 90, "texture": "#0"},
				"west": {"uv": [4, 6, 5, 5], "rotation": 90, "texture": "#0"},
				"up": {"uv": [4, 6, 5, 5], "rotation": 90, "texture": "#0"},
				"down": {"uv": [4, 6, 5, 5], "rotation": 90, "texture": "#0"}
			}
		},
		{
			"from": [10.26, 15, 7.75],
			"to": [10.82, 15.9, 8.25],
			"rotation": {"angle": -22.5, "axis": "z", "origin": [4.12693, 10.88582, 7.985]},
			"faces": {
				"north": {"uv": [4, 5, 5, 6], "texture": "#0"},
				"east": {"uv": [4, 5, 5, 6], "rotation": 90, "texture": "#0"},
				"south": {"uv": [4, 5, 5, 6], "rotation": 90, "texture": "#0"},
				"west": {"uv": [4, 5, 5, 6], "rotation": 90, "texture": "#0"},
				"up": {"uv": [4, 5, 5, 6], "rotation": 90, "texture": "#0"},
				"down": {"uv": [4, 5, 5, 6], "rotation": 90, "texture": "#0"}
			}
		},
		{
			"from": [5.18, 15, 7.75],
			"to": [5.74, 15.9, 8.25],
			"rotation": {"angle": 22.5, "axis": "z", "origin": [11.87307, 10.88582, 7.985]},
			"faces": {
				"north": {"uv": [5, 5, 4, 6], "texture": "#0"},
				"east": {"uv": [4, 6, 5, 5], "rotation": 90, "texture": "#0"},
				"south": {"uv": [4, 6, 5, 5], "rotation": 90, "texture": "#0"},
				"west": {"uv": [4, 6, 5, 5], "rotation": 90, "texture": "#0"},
				"up": {"uv": [4, 6, 5, 5], "rotation": 90, "texture": "#0"},
				"down": {"uv": [4, 6, 5, 5], "rotation": 90, "texture": "#0"}
			}
		},
		{
			"from": [4.72, 0, 7.95],
			"to": [11.28, 16.9, 8.05],
			"rotation": {"angle": 0, "axis": "z", "origin": [4.12693, 10.88582, 8.185]},
			"faces": {
				"north": {"uv": [4, 5, 5, 6], "texture": "#2"},
				"east": {"uv": [4, 5, 5, 6], "rotation": 90, "texture": "#2"},
				"south": {"uv": [4, 5, 5, 6], "rotation": 90, "texture": "#2"},
				"west": {"uv": [4, 5, 5, 6], "rotation": 90, "texture": "#2"},
				"up": {"uv": [4, 5, 5, 6], "rotation": 90, "texture": "#2"},
				"down": {"uv": [4, 5, 5, 6], "rotation": 90, "texture": "#2"}
			}
		}
	],
	"display": {
		"thirdperson_righthand": {
			"scale": [4, 4, 4]
		}
	}
}
