{
	"credit": "Made with Blockbench",
	"textures": {
		"0": "blocks/beacon",
		"1": "blocks/brewing_stand_base",
		"2": "blocks/glass_white",
		"particle": "blocks/beacon"
	},
	"elements": [
		{
			"from": [4.1875, 2, 7.81111],
			"to": [5.1875, 8, 8.11111],
			"rotation": {"angle": 22.5, "axis": "z", "origin": [6.1875, 10, 9.81111]},
			"faces": {
				"north": {"uv": [0, 1, 1, 0], "texture": "#1"},
				"east": {"uv": [0, 0, 0.3, 6], "texture": "#1"},
				"south": {"uv": [0, 0, 1, 6], "texture": "#1"},
				"west": {"uv": [0, 0, 0.3, 6], "texture": "#1"},
				"up": {"uv": [0, 0, 1, 0.3], "texture": "#1"},
				"down": {"uv": [0, 0, 1, 0.3], "texture": "#1"}
			}
		},
		{
			"from": [10.8125, 2, 7.81111],
			"to": [11.8125, 8, 8.11111],
			"rotation": {"angle": -22.5, "axis": "z", "origin": [9.8125, 10, 9.81111]},
			"faces": {
				"north": {"uv": [0, 1, 1, 0], "texture": "#1"},
				"east": {"uv": [0.3, 0, 0, 6], "texture": "#1"},
				"south": {"uv": [1, 0, 0, 6], "texture": "#1"},
				"west": {"uv": [0.3, 0, 0, 6], "texture": "#1"},
				"up": {"uv": [1, 0, 0, 0.3], "texture": "#1"},
				"down": {"uv": [1, 0, 0, 0.3], "texture": "#1"}
			}
		},
		{
			"from": [3.4875, 8.5, 7.81111],
			"to": [4.4875, 11.7, 8.11111],
			"rotation": {"angle": 45, "axis": "z", "origin": [6.1875, 10, 9.81111]},
			"faces": {
				"north": {"uv": [0, 1, 1, 0], "texture": "#1"},
				"east": {"uv": [0, 0, 0.3, 3.2], "texture": "#1"},
				"south": {"uv": [0, 0, 1, 3.2], "texture": "#1"},
				"west": {"uv": [0, 0, 0.3, 3.2], "texture": "#1"},
				"up": {"uv": [0, 0, 1, 0.3], "texture": "#1"},
				"down": {"uv": [0, 0, 1, 0.3], "texture": "#1"}
			}
		},
		{
			"from": [11.5125, 8.5, 7.81111],
			"to": [12.5125, 11.7, 8.11111],
			"rotation": {"angle": -45, "axis": "z", "origin": [9.8125, 10, 9.81111]},
			"faces": {
				"north": {"uv": [0, 1, 1, 0], "texture": "#1"},
				"east": {"uv": [0.3, 0, 0, 3.2], "texture": "#1"},
				"south": {"uv": [1, 0, 0, 3.2], "texture": "#1"},
				"west": {"uv": [0.3, 0, 0, 3.2], "texture": "#1"},
				"up": {"uv": [1, 0, 0, 0.3], "texture": "#1"},
				"down": {"uv": [1, 0, 0, 0.3], "texture": "#1"}
			}
		},
		{
			"from": [3.4875, 10.9, 7.81111],
			"to": [5.4875, 11.9, 8.11111],
			"rotation": {"angle": 45, "axis": "z", "origin": [6.1875, 10, 9.81111]},
			"faces": {
				"north": {"uv": [0, 1, 1, 0], "rotation": 270, "texture": "#1"},
				"east": {"uv": [0, 0, 1, 0.3], "rotation": 90, "texture": "#1"},
				"south": {"uv": [0, 0, 1, 2], "rotation": 90, "texture": "#1"},
				"west": {"uv": [0, 0, 1, 0.3], "rotation": 90, "texture": "#1"},
				"up": {"uv": [0, 0, 0.3, 2], "rotation": 90, "texture": "#1"},
				"down": {"uv": [0, 0, 0.3, 2], "rotation": 90, "texture": "#1"}
			}
		},
		{
			"from": [10.5125, 10.9, 7.81111],
			"to": [12.5125, 11.9, 8.11111],
			"rotation": {"angle": -45, "axis": "z", "origin": [9.8125, 10, 9.81111]},
			"faces": {
				"north": {"uv": [0, 1, 1, 0], "rotation": 270, "texture": "#1"},
				"east": {"uv": [0, 0.3, 1, 0], "rotation": 90, "texture": "#1"},
				"south": {"uv": [0, 2, 1, 0], "rotation": 90, "texture": "#1"},
				"west": {"uv": [0, 0.3, 1, 0], "rotation": 90, "texture": "#1"},
				"up": {"uv": [0, 2, 0.3, 0], "rotation": 90, "texture": "#1"},
				"down": {"uv": [0, 2, 0.3, 0], "rotation": 90, "texture": "#1"}
			}
		},
		{
			"from": [4.8375, 10.5, 7.81111],
			"to": [8.8375, 11.5, 8.11111],
			"rotation": {"angle": 22.5, "axis": "z", "origin": [6.1875, 10, 9.81111]},
			"faces": {
				"north": {"uv": [0, 1, 1, 0], "rotation": 270, "texture": "#1"},
				"east": {"uv": [0, 0, 1, 0.3], "rotation": 90, "texture": "#1"},
				"south": {"uv": [0, 0, 1, 4], "rotation": 90, "texture": "#1"},
				"west": {"uv": [0, 0, 1, 0.3], "rotation": 90, "texture": "#1"},
				"up": {"uv": [0, 0, 0.3, 4], "rotation": 90, "texture": "#1"},
				"down": {"uv": [0, 0, 0.3, 4], "rotation": 90, "texture": "#1"}
			}
		},
		{
			"from": [7.1625, 10.5, 7.81111],
			"to": [11.1625, 11.5, 8.11111],
			"rotation": {"angle": -22.5, "axis": "z", "origin": [9.8125, 10, 9.81111]},
			"faces": {
				"north": {"uv": [0, 1, 1, 0], "rotation": 270, "texture": "#1"},
				"east": {"uv": [0, 0.3, 1, 0], "rotation": 90, "texture": "#1"},
				"south": {"uv": [0, 4, 1, 0], "rotation": 90, "texture": "#1"},
				"west": {"uv": [0, 0.3, 1, 0], "rotation": 90, "texture": "#1"},
				"up": {"uv": [0, 4, 0.3, 0], "rotation": 90, "texture": "#1"},
				"down": {"uv": [0, 4, 0.3, 0], "rotation": 90, "texture": "#1"}
			}
		},
		{
			"from": [7.12693, 2.60582, 7.765],
			"to": [7.68693, 3.16582, 8.157],
			"rotation": {"angle": 22.5, "axis": "z", "origin": [7.40693, 2.88582, 8]},
			"faces": {
				"north": {"uv": [4, 5, 5, 6], "texture": "#0"},
				"east": {"uv": [4, 5, 5, 6], "rotation": 90, "texture": "#0"},
				"south": {"uv": [4, 5, 5, 6], "rotation": 90, "texture": "#0"},
				"west": {"uv": [4, 5, 5, 6], "rotation": 90, "texture": "#0"},
				"up": {"uv": [4, 5, 5, 6], "rotation": 90, "texture": "#0"},
				"down": {"uv": [4, 5, 5, 6], "rotation": 90, "texture": "#0"}
			}
		},
		{
			"from": [8.31307, 2.60582, 7.765],
			"to": [8.87307, 3.16582, 8.157],
			"rotation": {"angle": -22.5, "axis": "z", "origin": [8.59307, 2.88582, 8]},
			"faces": {
				"north": {"uv": [4, 5, 5, 6], "texture": "#0"},
				"east": {"uv": [4, 5, 5, 6], "rotation": 90, "texture": "#0"},
				"south": {"uv": [4, 5, 5, 6], "rotation": 90, "texture": "#0"},
				"west": {"uv": [4, 5, 5, 6], "rotation": 90, "texture": "#0"},
				"up": {"uv": [4, 5, 5, 6], "rotation": 90, "texture": "#0"},
				"down": {"uv": [4, 5, 5, 6], "rotation": 90, "texture": "#0"}
			}
		},
		{
			"from": [7.12693, 5.60582, 7.765],
			"to": [7.68693, 6.16582, 8.157],
			"rotation": {"angle": 22.5, "axis": "z", "origin": [7.40693, 2.88582, 8]},
			"faces": {
				"north": {"uv": [4, 5, 5, 6], "texture": "#0"},
				"east": {"uv": [4, 5, 5, 6], "rotation": 90, "texture": "#0"},
				"south": {"uv": [4, 5, 5, 6], "rotation": 90, "texture": "#0"},
				"west": {"uv": [4, 5, 5, 6], "rotation": 90, "texture": "#0"},
				"up": {"uv": [4, 5, 5, 6], "rotation": 90, "texture": "#0"},
				"down": {"uv": [4, 5, 5, 6], "rotation": 90, "texture": "#0"}
			}
		},
		{
			"from": [8.31307, 5.60582, 7.765],
			"to": [8.87307, 6.16582, 8.157],
			"rotation": {"angle": -22.5, "axis": "z", "origin": [8.59307, 2.88582, 8]},
			"faces": {
				"north": {"uv": [4, 5, 5, 6], "texture": "#0"},
				"east": {"uv": [4, 5, 5, 6], "rotation": 90, "texture": "#0"},
				"south": {"uv": [4, 5, 5, 6], "rotation": 90, "texture": "#0"},
				"west": {"uv": [4, 5, 5, 6], "rotation": 90, "texture": "#0"},
				"up": {"uv": [4, 5, 5, 6], "rotation": 90, "texture": "#0"},
				"down": {"uv": [4, 5, 5, 6], "rotation": 90, "texture": "#0"}
			}
		},
		{
			"from": [7.12693, 3.60582, 7.765],
			"to": [7.68693, 4.16582, 8.157],
			"rotation": {"angle": 22.5, "axis": "z", "origin": [7.40693, 2.88582, 8]},
			"faces": {
				"north": {"uv": [4, 5, 5, 6], "texture": "#0"},
				"east": {"uv": [4, 5, 5, 6], "rotation": 90, "texture": "#0"},
				"south": {"uv": [4, 5, 5, 6], "rotation": 90, "texture": "#0"},
				"west": {"uv": [4, 5, 5, 6], "rotation": 90, "texture": "#0"},
				"up": {"uv": [4, 5, 5, 6], "rotation": 90, "texture": "#0"},
				"down": {"uv": [4, 5, 5, 6], "rotation": 90, "texture": "#0"}
			}
		},
		{
			"from": [8.31307, 3.60582, 7.765],
			"to": [8.87307, 4.16582, 8.157],
			"rotation": {"angle": -22.5, "axis": "z", "origin": [8.59307, 2.88582, 8]},
			"faces": {
				"north": {"uv": [4, 5, 5, 6], "texture": "#0"},
				"east": {"uv": [4, 5, 5, 6], "rotation": 90, "texture": "#0"},
				"south": {"uv": [4, 5, 5, 6], "rotation": 90, "texture": "#0"},
				"west": {"uv": [4, 5, 5, 6], "rotation": 90, "texture": "#0"},
				"up": {"uv": [4, 5, 5, 6], "rotation": 90, "texture": "#0"},
				"down": {"uv": [4, 5, 5, 6], "rotation": 90, "texture": "#0"}
			}
		},
		{
			"from": [7.12693, 6.60582, 7.765],
			"to": [7.68693, 7.16582, 8.157],
			"rotation": {"angle": 22.5, "axis": "z", "origin": [7.40693, 2.88582, 8]},
			"faces": {
				"north": {"uv": [4, 5, 5, 6], "texture": "#0"},
				"east": {"uv": [4, 5, 5, 6], "rotation": 90, "texture": "#0"},
				"south": {"uv": [4, 5, 5, 6], "rotation": 90, "texture": "#0"},
				"west": {"uv": [4, 5, 5, 6], "rotation": 90, "texture": "#0"},
				"up": {"uv": [4, 5, 5, 6], "rotation": 90, "texture": "#0"},
				"down": {"uv": [4, 5, 5, 6], "rotation": 90, "texture": "#0"}
			}
		},
		{
			"from": [8.31307, 6.60582, 7.765],
			"to": [8.87307, 7.16582, 8.157],
			"rotation": {"angle": -22.5, "axis": "z", "origin": [8.59307, 2.88582, 8]},
			"faces": {
				"north": {"uv": [4, 5, 5, 6], "texture": "#0"},
				"east": {"uv": [4, 5, 5, 6], "rotation": 90, "texture": "#0"},
				"south": {"uv": [4, 5, 5, 6], "rotation": 90, "texture": "#0"},
				"west": {"uv": [4, 5, 5, 6], "rotation": 90, "texture": "#0"},
				"up": {"uv": [4, 5, 5, 6], "rotation": 90, "texture": "#0"},
				"down": {"uv": [4, 5, 5, 6], "rotation": 90, "texture": "#0"}
			}
		},
		{
			"from": [7.12693, 4.60582, 7.765],
			"to": [7.68693, 5.16582, 8.157],
			"rotation": {"angle": 22.5, "axis": "z", "origin": [7.40693, 2.88582, 8]},
			"faces": {
				"north": {"uv": [4, 5, 5, 6], "texture": "#0"},
				"east": {"uv": [4, 5, 5, 6], "rotation": 90, "texture": "#0"},
				"south": {"uv": [4, 5, 5, 6], "rotation": 90, "texture": "#0"},
				"west": {"uv": [4, 5, 5, 6], "rotation": 90, "texture": "#0"},
				"up": {"uv": [4, 5, 5, 6], "rotation": 90, "texture": "#0"},
				"down": {"uv": [4, 5, 5, 6], "rotation": 90, "texture": "#0"}
			}
		},
		{
			"from": [8.31307, 4.60582, 7.765],
			"to": [8.87307, 5.16582, 8.157],
			"rotation": {"angle": -22.5, "axis": "z", "origin": [8.59307, 2.88582, 8]},
			"faces": {
				"north": {"uv": [4, 5, 5, 6], "texture": "#0"},
				"east": {"uv": [4, 5, 5, 6], "rotation": 90, "texture": "#0"},
				"south": {"uv": [4, 5, 5, 6], "rotation": 90, "texture": "#0"},
				"west": {"uv": [4, 5, 5, 6], "rotation": 90, "texture": "#0"},
				"up": {"uv": [4, 5, 5, 6], "rotation": 90, "texture": "#0"},
				"down": {"uv": [4, 5, 5, 6], "rotation": 90, "texture": "#0"}
			}
		},
		{
			"from": [7.12693, 7.60582, 7.765],
			"to": [7.68693, 8.16582, 8.157],
			"rotation": {"angle": 22.5, "axis": "z", "origin": [7.40693, 2.88582, 8]},
			"faces": {
				"north": {"uv": [4, 5, 5, 6], "texture": "#0"},
				"east": {"uv": [4, 5, 5, 6], "rotation": 90, "texture": "#0"},
				"south": {"uv": [4, 5, 5, 6], "rotation": 90, "texture": "#0"},
				"west": {"uv": [4, 5, 5, 6], "rotation": 90, "texture": "#0"},
				"up": {"uv": [4, 5, 5, 6], "rotation": 90, "texture": "#0"},
				"down": {"uv": [4, 5, 5, 6], "rotation": 90, "texture": "#0"}
			}
		},
		{
			"from": [8.31307, 7.60582, 7.765],
			"to": [8.87307, 8.16582, 8.157],
			"rotation": {"angle": -22.5, "axis": "z", "origin": [8.59307, 2.88582, 8]},
			"faces": {
				"north": {"uv": [4, 5, 5, 6], "texture": "#0"},
				"east": {"uv": [4, 5, 5, 6], "rotation": 90, "texture": "#0"},
				"south": {"uv": [4, 5, 5, 6], "rotation": 90, "texture": "#0"},
				"west": {"uv": [4, 5, 5, 6], "rotation": 90, "texture": "#0"},
				"up": {"uv": [4, 5, 5, 6], "rotation": 90, "texture": "#0"},
				"down": {"uv": [4, 5, 5, 6], "rotation": 90, "texture": "#0"}
			}
		},
		{
			"from": [9.12693, 8.60582, 7.765],
			"to": [9.68693, 9.16582, 8.157],
			"rotation": {"angle": 45, "axis": "z", "origin": [7.40693, 2.88582, 8]},
			"faces": {
				"north": {"uv": [4, 5, 5, 6], "texture": "#0"},
				"east": {"uv": [4, 5, 5, 6], "rotation": 90, "texture": "#0"},
				"south": {"uv": [4, 5, 5, 6], "rotation": 90, "texture": "#0"},
				"west": {"uv": [4, 5, 5, 6], "rotation": 90, "texture": "#0"},
				"up": {"uv": [4, 5, 5, 6], "rotation": 90, "texture": "#0"},
				"down": {"uv": [4, 5, 5, 6], "rotation": 90, "texture": "#0"}
			}
		},
		{
			"from": [6.31307, 8.60582, 7.765],
			"to": [6.87307, 9.16582, 8.157],
			"rotation": {"angle": -45, "axis": "z", "origin": [8.59307, 2.88582, 8]},
			"faces": {
				"north": {"uv": [4, 5, 5, 6], "texture": "#0"},
				"east": {"uv": [4, 5, 5, 6], "rotation": 90, "texture": "#0"},
				"south": {"uv": [4, 5, 5, 6], "rotation": 90, "texture": "#0"},
				"west": {"uv": [4, 5, 5, 6], "rotation": 90, "texture": "#0"},
				"up": {"uv": [4, 5, 5, 6], "rotation": 90, "texture": "#0"},
				"down": {"uv": [4, 5, 5, 6], "rotation": 90, "texture": "#0"}
			}
		},
		{
			"from": [9.12693, 9.9, 7.765],
			"to": [9.68693, 10.46, 8.157],
			"rotation": {"angle": 45, "axis": "z", "origin": [7.40693, 2.88582, 8]},
			"faces": {
				"north": {"uv": [4, 5, 5, 6], "texture": "#0"},
				"east": {"uv": [4, 5, 5, 6], "rotation": 90, "texture": "#0"},
				"south": {"uv": [4, 5, 5, 6], "rotation": 90, "texture": "#0"},
				"west": {"uv": [4, 5, 5, 6], "rotation": 90, "texture": "#0"},
				"up": {"uv": [4, 5, 5, 6], "rotation": 90, "texture": "#0"},
				"down": {"uv": [4, 5, 5, 6], "rotation": 90, "texture": "#0"}
			}
		},
		{
			"from": [6.31307, 9.9, 7.765],
			"to": [6.87307, 10.46, 8.157],
			"rotation": {"angle": -45, "axis": "z", "origin": [8.59307, 2.88582, 8]},
			"faces": {
				"north": {"uv": [4, 5, 5, 6], "texture": "#0"},
				"east": {"uv": [4, 5, 5, 6], "rotation": 90, "texture": "#0"},
				"south": {"uv": [4, 5, 5, 6], "rotation": 90, "texture": "#0"},
				"west": {"uv": [4, 5, 5, 6], "rotation": 90, "texture": "#0"},
				"up": {"uv": [4, 5, 5, 6], "rotation": 90, "texture": "#0"},
				"down": {"uv": [4, 5, 5, 6], "rotation": 90, "texture": "#0"}
			}
		},
		{
			"from": [10.12693, 9.9, 7.765],
			"to": [10.68693, 10.46, 8.157],
			"rotation": {"angle": 45, "axis": "z", "origin": [7.40693, 2.88582, 8]},
			"faces": {
				"north": {"uv": [4, 5, 5, 6], "texture": "#0"},
				"east": {"uv": [4, 5, 5, 6], "rotation": 90, "texture": "#0"},
				"south": {"uv": [4, 5, 5, 6], "rotation": 90, "texture": "#0"},
				"west": {"uv": [4, 5, 5, 6], "rotation": 90, "texture": "#0"},
				"up": {"uv": [4, 5, 5, 6], "rotation": 90, "texture": "#0"},
				"down": {"uv": [4, 5, 5, 6], "rotation": 90, "texture": "#0"}
			}
		},
		{
			"from": [5.31307, 9.9, 7.765],
			"to": [5.87307, 10.46, 8.157],
			"rotation": {"angle": -45, "axis": "z", "origin": [8.59307, 2.88582, 8]},
			"faces": {
				"north": {"uv": [4, 5, 5, 6], "texture": "#0"},
				"east": {"uv": [4, 5, 5, 6], "rotation": 90, "texture": "#0"},
				"south": {"uv": [4, 5, 5, 6], "rotation": 90, "texture": "#0"},
				"west": {"uv": [4, 5, 5, 6], "rotation": 90, "texture": "#0"},
				"up": {"uv": [4, 5, 5, 6], "rotation": 90, "texture": "#0"},
				"down": {"uv": [4, 5, 5, 6], "rotation": 90, "texture": "#0"}
			}
		},
		{
			"from": [8.12693, 10.65, 7.765],
			"to": [8.68693, 11.21, 8.157],
			"rotation": {"angle": 22.5, "axis": "z", "origin": [7.40693, 2.88582, 8]},
			"faces": {
				"north": {"uv": [4, 5, 5, 6], "texture": "#0"},
				"east": {"uv": [4, 5, 5, 6], "rotation": 90, "texture": "#0"},
				"south": {"uv": [4, 5, 5, 6], "rotation": 90, "texture": "#0"},
				"west": {"uv": [4, 5, 5, 6], "rotation": 90, "texture": "#0"},
				"up": {"uv": [4, 5, 5, 6], "rotation": 90, "texture": "#0"},
				"down": {"uv": [4, 5, 5, 6], "rotation": 90, "texture": "#0"}
			}
		},
		{
			"from": [7.31307, 10.65, 7.765],
			"to": [7.87307, 11.21, 8.157],
			"rotation": {"angle": -22.5, "axis": "z", "origin": [8.59307, 2.88582, 8]},
			"faces": {
				"north": {"uv": [4, 5, 5, 6], "texture": "#0"},
				"east": {"uv": [4, 5, 5, 6], "rotation": 90, "texture": "#0"},
				"south": {"uv": [4, 5, 5, 6], "rotation": 90, "texture": "#0"},
				"west": {"uv": [4, 5, 5, 6], "rotation": 90, "texture": "#0"},
				"up": {"uv": [4, 5, 5, 6], "rotation": 90, "texture": "#0"},
				"down": {"uv": [4, 5, 5, 6], "rotation": 90, "texture": "#0"}
			}
		},
		{
			"from": [9.12693, 10.65, 7.765],
			"to": [9.68693, 11.21, 8.157],
			"rotation": {"angle": 22.5, "axis": "z", "origin": [7.40693, 2.88582, 8]},
			"faces": {
				"north": {"uv": [4, 5, 5, 6], "texture": "#0"},
				"east": {"uv": [4, 5, 5, 6], "rotation": 90, "texture": "#0"},
				"south": {"uv": [4, 5, 5, 6], "rotation": 90, "texture": "#0"},
				"west": {"uv": [4, 5, 5, 6], "rotation": 90, "texture": "#0"},
				"up": {"uv": [4, 5, 5, 6], "rotation": 90, "texture": "#0"},
				"down": {"uv": [4, 5, 5, 6], "rotation": 90, "texture": "#0"}
			}
		},
		{
			"from": [6.31307, 10.65, 7.765],
			"to": [6.87307, 11.21, 8.157],
			"rotation": {"angle": -22.5, "axis": "z", "origin": [8.59307, 2.88582, 8]},
			"faces": {
				"north": {"uv": [4, 5, 5, 6], "texture": "#0"},
				"east": {"uv": [4, 5, 5, 6], "rotation": 90, "texture": "#0"},
				"south": {"uv": [4, 5, 5, 6], "rotation": 90, "texture": "#0"},
				"west": {"uv": [4, 5, 5, 6], "rotation": 90, "texture": "#0"},
				"up": {"uv": [4, 5, 5, 6], "rotation": 90, "texture": "#0"},
				"down": {"uv": [4, 5, 5, 6], "rotation": 90, "texture": "#0"}
			}
		},
		{
			"from": [10.12693, 10.65, 7.765],
			"to": [10.68693, 11.21, 8.157],
			"rotation": {"angle": 22.5, "axis": "z", "origin": [7.40693, 2.88582, 8]},
			"faces": {
				"north": {"uv": [4, 5, 5, 6], "texture": "#0"},
				"east": {"uv": [4, 5, 5, 6], "rotation": 90, "texture": "#0"},
				"south": {"uv": [4, 5, 5, 6], "rotation": 90, "texture": "#0"},
				"west": {"uv": [4, 5, 5, 6], "rotation": 90, "texture": "#0"},
				"up": {"uv": [4, 5, 5, 6], "rotation": 90, "texture": "#0"},
				"down": {"uv": [4, 5, 5, 6], "rotation": 90, "texture": "#0"}
			}
		},
		{
			"from": [9.12693, 8.9, 7.765],
			"to": [9.68693, 10.46, 8.157],
			"rotation": {"angle": 22.5, "axis": "z", "origin": [7.40693, 2.88582, 8]},
			"faces": {
				"north": {"uv": [4, 5, 5, 6], "texture": "#0"},
				"east": {"uv": [4, 5, 5, 6], "rotation": 90, "texture": "#0"},
				"south": {"uv": [4, 5, 5, 6], "rotation": 90, "texture": "#0"},
				"west": {"uv": [4, 5, 5, 6], "rotation": 90, "texture": "#0"},
				"up": {"uv": [4, 5, 5, 6], "rotation": 90, "texture": "#0"},
				"down": {"uv": [4, 5, 5, 6], "rotation": 90, "texture": "#0"}
			}
		},
		{
			"from": [6.31307, 8.9, 7.765],
			"to": [6.87307, 10.46, 8.157],
			"rotation": {"angle": -22.5, "axis": "z", "origin": [8.59307, 2.88582, 8]},
			"faces": {
				"north": {"uv": [4, 5, 5, 6], "texture": "#0"},
				"east": {"uv": [4, 5, 5, 6], "rotation": 90, "texture": "#0"},
				"south": {"uv": [4, 5, 5, 6], "rotation": 90, "texture": "#0"},
				"west": {"uv": [4, 5, 5, 6], "rotation": 90, "texture": "#0"},
				"up": {"uv": [4, 5, 5, 6], "rotation": 90, "texture": "#0"},
				"down": {"uv": [4, 5, 5, 6], "rotation": 90, "texture": "#0"}
			}
		},
		{
			"from": [6.65, 8.75, 7.765],
			"to": [7.21, 9.31, 8.157],
			"rotation": {"angle": 0, "axis": "z", "origin": [7.40693, 2.88582, 8]},
			"faces": {
				"north": {"uv": [4, 5, 5, 6], "texture": "#0"},
				"east": {"uv": [4, 5, 5, 6], "rotation": 90, "texture": "#0"},
				"south": {"uv": [4, 5, 5, 6], "rotation": 90, "texture": "#0"},
				"west": {"uv": [4, 5, 5, 6], "rotation": 90, "texture": "#0"},
				"up": {"uv": [4, 5, 5, 6], "rotation": 90, "texture": "#0"},
				"down": {"uv": [4, 5, 5, 6], "rotation": 90, "texture": "#0"}
			}
		},
		{
			"from": [8.79, 8.75, 7.765],
			"to": [9.35, 9.31, 8.157],
			"rotation": {"angle": 0, "axis": "z", "origin": [8.59307, 2.88582, 8]},
			"faces": {
				"north": {"uv": [4, 5, 5, 6], "texture": "#0"},
				"east": {"uv": [4, 5, 5, 6], "rotation": 90, "texture": "#0"},
				"south": {"uv": [4, 5, 5, 6], "rotation": 90, "texture": "#0"},
				"west": {"uv": [4, 5, 5, 6], "rotation": 90, "texture": "#0"},
				"up": {"uv": [4, 5, 5, 6], "rotation": 90, "texture": "#0"},
				"down": {"uv": [4, 5, 5, 6], "rotation": 90, "texture": "#0"}
			}
		},
		{
			"from": [2.73275, 6.47889, 7.765],
			"to": [4.63275, 7.03889, 8.157],
			"rotation": {"angle": -45, "axis": "z", "origin": [7.40693, 2.88582, 8]},
			"faces": {
				"north": {"uv": [4, 5, 5, 6], "rotation": 90, "texture": "#0"},
				"east": {"uv": [4, 5, 5, 6], "rotation": 90, "texture": "#0"},
				"south": {"uv": [4, 5, 5, 6], "rotation": 90, "texture": "#0"},
				"west": {"uv": [4, 5, 5, 6], "rotation": 90, "texture": "#0"},
				"up": {"uv": [4, 5, 5, 6], "rotation": 90, "texture": "#0"},
				"down": {"uv": [4, 5, 5, 6], "rotation": 90, "texture": "#0"}
			}
		},
		{
			"from": [7.72, 3, 7.765],
			"to": [8.28, 7.9, 8.157],
			"rotation": {"angle": 0, "axis": "z", "origin": [4.12693, 2.88582, 8]},
			"faces": {
				"north": {"uv": [4, 5, 5, 6], "texture": "#0"},
				"east": {"uv": [4, 5, 5, 6], "rotation": 90, "texture": "#0"},
				"south": {"uv": [4, 5, 5, 6], "rotation": 90, "texture": "#0"},
				"west": {"uv": [4, 5, 5, 6], "rotation": 90, "texture": "#0"},
				"up": {"uv": [4, 5, 5, 6], "rotation": 90, "texture": "#0"},
				"down": {"uv": [4, 5, 5, 6], "rotation": 90, "texture": "#0"}
			}
		},
		{
			"from": [5.72, 7, 7.9],
			"to": [10.28, 10.9, 8.1],
			"rotation": {"angle": 0, "axis": "z", "origin": [4.12693, 2.88582, 8.235]},
			"faces": {
				"north": {"uv": [7, 4, 8, 5], "texture": "#2"},
				"south": {"uv": [7.75, 5.75, 8.75, 6.75], "texture": "#2"}
			}
		},
		{
			"from": [6.72, 4.2, 7.9],
			"to": [9.28, 5.1, 8.1],
			"rotation": {"angle": 0, "axis": "z", "origin": [4.12693, 2.88582, 8.235]},
			"faces": {
				"north": {"uv": [7, 4, 8, 5], "texture": "#2"},
				"south": {"uv": [7.75, 5.75, 8.75, 6.75], "texture": "#2"}
			}
		},
		{
			"from": [10.28, 8, 7.9],
			"to": [11.48, 10.9, 8.1],
			"rotation": {"angle": 0, "axis": "z", "origin": [4.12693, 2.88582, 8.135]},
			"faces": {
				"north": {"uv": [7, 4, 8, 5], "texture": "#2"},
				"south": {"uv": [7.75, 5.75, 8.75, 6.75], "texture": "#2"}
			}
		},
		{
			"from": [4.52, 8, 7.9],
			"to": [5.72, 10.9, 8.1],
			"rotation": {"angle": 0, "axis": "z", "origin": [11.87307, 2.88582, 8.135]},
			"faces": {
				"north": {"uv": [7, 4, 8, 5], "texture": "#2"},
				"south": {"uv": [7.75, 5.75, 8.75, 6.75], "texture": "#2"}
			}
		},
		{
			"from": [6.28, 5.1, 7.9],
			"to": [8.28, 7, 8.1],
			"rotation": {"angle": 0, "axis": "z", "origin": [4.12693, 2.88582, 8.235]},
			"faces": {
				"north": {"uv": [7, 4, 8, 5], "texture": "#2"},
				"south": {"uv": [7.75, 5.75, 8.75, 6.75], "texture": "#2"}
			}
		},
		{
			"from": [7.72, 5.1, 7.9],
			"to": [9.72, 7, 8.1],
			"rotation": {"angle": 0, "axis": "z", "origin": [11.87307, 2.88582, 8.235]},
			"faces": {
				"north": {"uv": [7, 4, 8, 5], "texture": "#2"},
				"south": {"uv": [7.75, 5.75, 8.75, 6.75], "texture": "#2"}
			}
		},
		{
			"from": [11.36725, 6.47889, 7.765],
			"to": [13.26725, 7.03889, 8.157],
			"rotation": {"angle": 45, "axis": "z", "origin": [8.59307, 2.88582, 8]},
			"faces": {
				"north": {"uv": [4, 5, 5, 6], "rotation": 90, "texture": "#0"},
				"east": {"uv": [4, 5, 5, 6], "rotation": 90, "texture": "#0"},
				"south": {"uv": [4, 5, 5, 6], "rotation": 90, "texture": "#0"},
				"west": {"uv": [4, 5, 5, 6], "rotation": 90, "texture": "#0"},
				"up": {"uv": [4, 5, 5, 6], "rotation": 90, "texture": "#0"},
				"down": {"uv": [4, 5, 5, 6], "rotation": 90, "texture": "#0"}
			}
		},
		{
			"from": [5.31307, 10.65, 7.765],
			"to": [5.87307, 11.21, 8.157],
			"rotation": {"angle": -22.5, "axis": "z", "origin": [8.59307, 2.88582, 8]},
			"faces": {
				"north": {"uv": [4, 5, 5, 6], "texture": "#0"},
				"east": {"uv": [4, 5, 5, 6], "rotation": 90, "texture": "#0"},
				"south": {"uv": [4, 5, 5, 6], "rotation": 90, "texture": "#0"},
				"west": {"uv": [4, 5, 5, 6], "rotation": 90, "texture": "#0"},
				"up": {"uv": [4, 5, 5, 6], "rotation": 90, "texture": "#0"},
				"down": {"uv": [4, 5, 5, 6], "rotation": 90, "texture": "#0"}
			}
		}
	],
	"display": {
		"thirdperson_righthand": {
			"scale": [4, 4, 4]
		}
	}
}
