{
	"credit": "Made with Blockbench",
	"textures": {
		"1": "blocks/concrete_red",
		"2": "blocks/concrete_black",
		"3": "blocks/iron_block",
		"5": "custom/letters",
		"6": "custom/office",
		"7": "custom/postbox_logo",
		"8": "blocks/concrete_powder_red",
		"9": "custom/post",
		"particle": "blocks/concrete_black"
	},
	"elements": [
		{
			"from": [5.87487, 19.9319, 2.34313],
			"to": [9.62487, 21.7319, 2.34313],
			"rotation": {"angle": 0, "axis": "y", "origin": [7.75027, 17.13619, 7.91375]},
			"faces": {
				"north": {"uv": [0, 6.125, 15.9375, 9.5625], "texture": "#5"},
				"east": {"uv": [0, 0, 0, 1.2], "texture": "#5"},
				"south": {"uv": [0, 0, 2.5, 1.2], "texture": "#5"},
				"west": {"uv": [0, 0, 0, 1.2], "texture": "#5"},
				"up": {"uv": [0, 0, 2.5, 0], "texture": "#5"},
				"down": {"uv": [0, 0, 2.5, 0], "texture": "#5"}
			}
		},
		{
			"name": "octagon",
			"from": [4.22239, 24.0569, 0.66405],
			"to": [10.56427, 24.8069, 15.66405],
			"rotation": {"angle": 45, "axis": "y", "origin": [7.75027, 17.13619, 7.91375]},
			"faces": {
				"north": {"uv": [7.75, 8.25, 8.75, 9.25], "texture": "#1"},
				"east": {"uv": [8.5, 9, 9.5, 10], "texture": "#1"},
				"south": {"uv": [9, 9, 10, 10], "texture": "#1"},
				"west": {"uv": [6.25, 8.5, 7.25, 9.5], "texture": "#1"},
				"up": {"uv": [7.75, 7.75, 8.75, 9.5], "texture": "#1"},
				"down": {"uv": [7.75, 8.75, 8.75, 9.75], "texture": "#1"}
			}
		},
		{
			"name": "octagon",
			"from": [0.17487, 24.0569, 5.17219],
			"to": [15.17487, 24.8069, 11.51407],
			"rotation": {"angle": 0, "axis": "y", "origin": [7.75027, 17.13619, 7.91375]},
			"faces": {
				"north": {"uv": [7.75, 8.25, 8.75, 9.25], "texture": "#1"},
				"east": {"uv": [8.5, 9, 9.5, 10], "texture": "#1"},
				"south": {"uv": [9, 9, 10, 10], "texture": "#1"},
				"west": {"uv": [6.25, 8.5, 7.25, 9.5], "texture": "#1"},
				"up": {"uv": [7.75, 7.75, 8.75, 9.5], "texture": "#1"},
				"down": {"uv": [7.75, 8.75, 8.75, 9.75], "texture": "#1"}
			}
		},
		{
			"name": "octagon",
			"from": [0.92487, 24.8069, 5.54719],
			"to": [14.42487, 25.5569, 11.13907],
			"rotation": {"angle": 0, "axis": "y", "origin": [7.75027, 17.13619, 7.91375]},
			"faces": {
				"north": {"uv": [7.75, 8.25, 8.75, 9.25], "texture": "#1"},
				"east": {"uv": [8.5, 9, 9.5, 10], "texture": "#1"},
				"south": {"uv": [9, 9, 10, 10], "texture": "#1"},
				"west": {"uv": [6.25, 8.5, 7.25, 9.5], "texture": "#1"},
				"up": {"uv": [7.75, 7.75, 8.75, 9.5], "texture": "#1"},
				"down": {"uv": [7.75, 8.75, 8.75, 9.75], "texture": "#1"}
			}
		},
		{
			"name": "octagon",
			"from": [4.59739, 24.8069, 1.41405],
			"to": [10.18927, 25.5569, 14.91405],
			"rotation": {"angle": 45, "axis": "y", "origin": [7.75027, 17.13619, 7.91375]},
			"faces": {
				"north": {"uv": [7.75, 8.25, 8.75, 9.25], "texture": "#1"},
				"east": {"uv": [8.5, 9, 9.5, 10], "texture": "#1"},
				"south": {"uv": [9, 9, 10, 10], "texture": "#1"},
				"west": {"uv": [6.25, 8.5, 7.25, 9.5], "texture": "#1"},
				"up": {"uv": [7.75, 7.75, 8.75, 9.5], "texture": "#1"},
				"down": {"uv": [7.75, 8.75, 8.75, 9.75], "texture": "#1"}
			}
		},
		{
			"name": "octagon",
			"from": [4.50392, 24.0569, 0.84313],
			"to": [10.84581, 24.8069, 15.84313],
			"rotation": {"angle": 0, "axis": "y", "origin": [7.75027, 17.13619, 7.91375]},
			"faces": {
				"north": {"uv": [7.75, 8.25, 8.75, 9.25], "texture": "#1"},
				"east": {"uv": [8.5, 9, 9.5, 10], "texture": "#1"},
				"south": {"uv": [9, 9, 10, 10], "texture": "#1"},
				"west": {"uv": [6.25, 8.5, 7.25, 9.5], "texture": "#1"},
				"up": {"uv": [7.75, 7.75, 8.75, 9.5], "texture": "#1"},
				"down": {"uv": [7.75, 8.75, 8.75, 9.75], "texture": "#1"}
			}
		},
		{
			"name": "octagon",
			"from": [4.87892, 24.8069, 1.59313],
			"to": [10.47081, 25.5569, 15.09313],
			"rotation": {"angle": 0, "axis": "y", "origin": [7.75027, 17.13619, 7.91375]},
			"faces": {
				"north": {"uv": [7.75, 8.25, 8.75, 9.25], "texture": "#1"},
				"east": {"uv": [8.5, 9, 9.5, 10], "texture": "#1"},
				"south": {"uv": [9, 9, 10, 10], "texture": "#1"},
				"west": {"uv": [6.25, 8.5, 7.25, 9.5], "texture": "#1"},
				"up": {"uv": [7.75, 7.75, 8.75, 9.5], "texture": "#1"},
				"down": {"uv": [7.75, 8.75, 8.75, 9.75], "texture": "#1"}
			}
		},
		{
			"name": "octagon",
			"from": [0.64333, 24.8069, 5.36811],
			"to": [14.14333, 25.5569, 10.95999],
			"rotation": {"angle": 45, "axis": "y", "origin": [7.75027, 17.13619, 7.91375]},
			"faces": {
				"north": {"uv": [7.75, 8.25, 8.75, 9.25], "texture": "#1"},
				"east": {"uv": [8.5, 9, 9.5, 10], "texture": "#1"},
				"south": {"uv": [9, 9, 10, 10], "texture": "#1"},
				"west": {"uv": [6.25, 8.5, 7.25, 9.5], "texture": "#1"},
				"up": {"uv": [7.75, 7.75, 8.75, 9.5], "texture": "#1"},
				"down": {"uv": [7.75, 8.75, 8.75, 9.75], "texture": "#1"}
			}
		},
		{
			"name": "octagon",
			"from": [-0.10667, 24.0569, 4.99311],
			"to": [14.89333, 24.8069, 11.33499],
			"rotation": {"angle": 45, "axis": "y", "origin": [7.75027, 17.13619, 7.91375]},
			"faces": {
				"north": {"uv": [7.75, 8.25, 8.75, 9.25], "texture": "#1"},
				"east": {"uv": [8.5, 9, 9.5, 10], "texture": "#1"},
				"south": {"uv": [9, 9, 10, 10], "texture": "#1"},
				"west": {"uv": [6.25, 8.5, 7.25, 9.5], "texture": "#1"},
				"up": {"uv": [7.75, 7.75, 8.75, 9.5], "texture": "#1"},
				"down": {"uv": [7.75, 8.75, 8.75, 9.75], "texture": "#1"}
			}
		},
		{
			"from": [5.12487, -0.0681, 2.11851],
			"to": [10.37487, 5.1819, 2.86851],
			"rotation": {"angle": 0, "axis": "y", "origin": [7.75027, 24.13619, 7.91375]},
			"faces": {
				"north": {"uv": [5.5, 2.5, 7.5, 5], "texture": "#1"},
				"east": {"uv": [12, 3.5, 14, 6], "texture": "#1"},
				"south": {"uv": [3, 3, 5, 5.5], "texture": "#1"},
				"west": {"uv": [13.5, 13, 15.5, 15.5], "texture": "#1"},
				"up": {"uv": [6.5, 6.5, 8.5, 9], "texture": "#1"},
				"down": {"uv": [6.5, 6.5, 8.5, 9], "texture": "#1"}
			}
		},
		{
			"from": [5.50828, -0.0681, 1.96002],
			"to": [10.75828, 5.1819, 2.71002],
			"rotation": {"angle": -45, "axis": "y", "origin": [7.75027, 24.13619, 7.91375]},
			"faces": {
				"north": {"uv": [5.5, 2.5, 7.5, 5], "texture": "#1"},
				"east": {"uv": [12, 3.5, 14, 6], "texture": "#1"},
				"south": {"uv": [3, 3, 5, 5.5], "texture": "#1"},
				"west": {"uv": [13.5, 13, 15.5, 15.5], "texture": "#1"},
				"up": {"uv": [6.5, 6.5, 8.5, 9], "texture": "#1"},
				"down": {"uv": [6.5, 6.5, 8.5, 9], "texture": "#1"}
			}
		},
		{
			"from": [13.33718, -0.0681, 5.83082],
			"to": [14.08718, 5.1819, 11.08082],
			"rotation": {"angle": 0, "axis": "y", "origin": [7.75027, 24.13619, 7.91375]},
			"faces": {
				"north": {"uv": [5.5, 2.5, 7.5, 5], "texture": "#1"},
				"east": {"uv": [12, 3.5, 14, 6], "texture": "#1"},
				"south": {"uv": [3, 3, 5, 5.5], "texture": "#1"},
				"west": {"uv": [13.5, 13, 15.5, 15.5], "texture": "#1"},
				"up": {"uv": [6.5, 6.5, 8.5, 9], "texture": "#1"},
				"down": {"uv": [6.5, 6.5, 8.5, 9], "texture": "#1"}
			}
		},
		{
			"from": [1.41256, -0.0681, 5.83082],
			"to": [2.16256, 5.1819, 11.08082],
			"rotation": {"angle": 0, "axis": "y", "origin": [7.75027, 24.13619, 7.91375]},
			"faces": {
				"north": {"uv": [5.5, 2.5, 7.5, 5], "rotation": 180, "texture": "#1"},
				"east": {"uv": [12, 3.5, 14, 6], "rotation": 180, "texture": "#1"},
				"south": {"uv": [3, 3, 5, 5.5], "rotation": 180, "texture": "#1"},
				"west": {"uv": [13.5, 13, 15.5, 15.5], "rotation": 180, "texture": "#1"},
				"up": {"uv": [6.5, 6.5, 8.5, 9], "rotation": 180, "texture": "#1"},
				"down": {"uv": [6.5, 6.5, 8.5, 9], "rotation": 180, "texture": "#1"}
			}
		},
		{
			"from": [1.79597, -0.0681, 5.67233],
			"to": [2.54597, 5.1819, 10.92233],
			"rotation": {"angle": -45, "axis": "y", "origin": [7.75027, 24.13619, 7.91375]},
			"faces": {
				"north": {"uv": [5.5, 2.5, 7.5, 5], "rotation": 180, "texture": "#1"},
				"east": {"uv": [12, 3.5, 14, 6], "rotation": 180, "texture": "#1"},
				"south": {"uv": [3, 3, 5, 5.5], "rotation": 180, "texture": "#1"},
				"west": {"uv": [13.5, 13, 15.5, 15.5], "rotation": 180, "texture": "#1"},
				"up": {"uv": [6.5, 6.5, 8.5, 9], "rotation": 180, "texture": "#1"},
				"down": {"uv": [6.5, 6.5, 8.5, 9], "rotation": 180, "texture": "#1"}
			}
		},
		{
			"from": [5.12487, -0.0681, 14.04313],
			"to": [10.37487, 5.1819, 14.79313],
			"rotation": {"angle": 0, "axis": "y", "origin": [7.75027, 24.13619, 7.91375]},
			"faces": {
				"north": {"uv": [5.5, 2.5, 7.5, 5], "texture": "#1"},
				"east": {"uv": [12, 3.5, 14, 6], "texture": "#1"},
				"south": {"uv": [3, 3, 5, 5.5], "texture": "#1"},
				"west": {"uv": [13.5, 13, 15.5, 15.5], "texture": "#1"},
				"up": {"uv": [6.5, 6.5, 8.5, 9], "texture": "#1"},
				"down": {"uv": [6.5, 6.5, 8.5, 9], "texture": "#1"}
			}
		},
		{
			"from": [4.74168, -0.0681, 13.88407],
			"to": [9.99168, 5.1819, 14.63407],
			"rotation": {"angle": 45, "axis": "y", "origin": [7.75027, 24.13619, 7.91375]},
			"faces": {
				"north": {"uv": [5.5, 2.5, 7.5, 5], "texture": "#1"},
				"east": {"uv": [12, 3.5, 14, 6], "texture": "#1"},
				"south": {"uv": [3, 3, 5, 5.5], "texture": "#1"},
				"west": {"uv": [13.5, 13, 15.5, 15.5], "texture": "#1"},
				"up": {"uv": [6.5, 6.5, 8.5, 9], "texture": "#1"},
				"down": {"uv": [6.5, 6.5, 8.5, 9], "texture": "#1"}
			}
		},
		{
			"from": [5.12487, 16.1819, 2.11851],
			"to": [10.37487, 19.9319, 2.86851],
			"rotation": {"angle": 0, "axis": "y", "origin": [7.75027, 17.13619, 7.91375]},
			"faces": {
				"north": {"uv": [5.5, 2.5, 7.5, 5], "texture": "#1"},
				"east": {"uv": [12, 3.5, 14, 6], "texture": "#1"},
				"south": {"uv": [3, 3, 5, 5.5], "texture": "#1"},
				"west": {"uv": [13.5, 13, 15.5, 15.5], "texture": "#1"},
				"up": {"uv": [6.5, 6.5, 8.5, 9], "texture": "#1"},
				"down": {"uv": [6.5, 6.5, 8.5, 9], "texture": "#1"}
			}
		},
		{
			"from": [5.12487, 5.9319, 14.04313],
			"to": [10.37487, 22.9319, 14.79313],
			"rotation": {"angle": 0, "axis": "y", "origin": [7.75027, 17.13619, 7.91375]},
			"faces": {
				"north": {"uv": [5.5, 2.5, 7.5, 5], "texture": "#1"},
				"east": {"uv": [12, 3.5, 14, 6], "texture": "#1"},
				"south": {"uv": [3, 3, 5, 5.5], "texture": "#1"},
				"west": {"uv": [13.5, 13, 15.5, 15.5], "texture": "#1"},
				"up": {"uv": [6.5, 6.5, 8.5, 9], "texture": "#1"},
				"down": {"uv": [6.5, 6.5, 8.5, 9], "texture": "#1"}
			}
		},
		{
			"from": [1.41256, 5.9319, 5.83082],
			"to": [2.16256, 22.9319, 11.08082],
			"rotation": {"angle": 0, "axis": "y", "origin": [7.75027, 17.13619, 7.91375]},
			"faces": {
				"north": {"uv": [5.5, 2.5, 7.5, 5], "rotation": 180, "texture": "#1"},
				"east": {"uv": [12, 3.5, 14, 6], "rotation": 180, "texture": "#1"},
				"south": {"uv": [3, 3, 5, 5.5], "rotation": 180, "texture": "#1"},
				"west": {"uv": [13.5, 13, 15.5, 15.5], "rotation": 180, "texture": "#1"},
				"up": {"uv": [6.5, 6.5, 8.5, 9], "rotation": 180, "texture": "#1"},
				"down": {"uv": [6.5, 6.5, 8.5, 9], "rotation": 180, "texture": "#1"}
			}
		},
		{
			"from": [13.33718, 5.9319, 5.83082],
			"to": [14.08718, 22.9319, 11.08082],
			"rotation": {"angle": 0, "axis": "y", "origin": [7.75027, 17.13619, 7.91375]},
			"faces": {
				"north": {"uv": [5.5, 2.5, 7.5, 5], "texture": "#1"},
				"east": {"uv": [12, 3.5, 14, 6], "texture": "#1"},
				"south": {"uv": [3, 3, 5, 5.5], "texture": "#1"},
				"west": {"uv": [13.5, 13, 15.5, 15.5], "texture": "#1"},
				"up": {"uv": [6.5, 6.5, 8.5, 9], "texture": "#1"},
				"down": {"uv": [6.5, 6.5, 8.5, 9], "texture": "#1"}
			}
		},
		{
			"from": [5.50828, 5.9319, 1.96002],
			"to": [10.75828, 22.9319, 2.71002],
			"rotation": {"angle": -45, "axis": "y", "origin": [7.75027, 17.13619, 7.91375]},
			"faces": {
				"north": {"uv": [5.5, 2.5, 7.5, 5], "texture": "#1"},
				"east": {"uv": [12, 3.5, 14, 6], "texture": "#1"},
				"south": {"uv": [3, 3, 5, 5.5], "texture": "#1"},
				"west": {"uv": [13.5, 13, 15.5, 15.5], "texture": "#1"},
				"up": {"uv": [6.5, 6.5, 8.5, 9], "texture": "#1"},
				"down": {"uv": [6.5, 6.5, 8.5, 9], "texture": "#1"}
			}
		},
		{
			"from": [4.74168, 5.9319, 13.88407],
			"to": [9.99168, 22.9319, 14.63407],
			"rotation": {"angle": 45, "axis": "y", "origin": [7.75027, 17.13619, 7.91375]},
			"faces": {
				"north": {"uv": [5.5, 2.5, 7.5, 5], "texture": "#1"},
				"east": {"uv": [12, 3.5, 14, 6], "texture": "#1"},
				"south": {"uv": [3, 3, 5, 5.5], "texture": "#1"},
				"west": {"uv": [13.5, 13, 15.5, 15.5], "texture": "#1"},
				"up": {"uv": [6.5, 6.5, 8.5, 9], "texture": "#1"},
				"down": {"uv": [6.5, 6.5, 8.5, 9], "texture": "#1"}
			}
		},
		{
			"from": [1.79597, 5.9319, 5.67233],
			"to": [2.54597, 22.9319, 10.92233],
			"rotation": {"angle": -45, "axis": "y", "origin": [7.75027, 17.13619, 7.91375]},
			"faces": {
				"north": {"uv": [5.5, 2.5, 7.5, 5], "rotation": 180, "texture": "#1"},
				"east": {"uv": [12, 3.5, 14, 6], "rotation": 180, "texture": "#1"},
				"south": {"uv": [3, 3, 5, 5.5], "rotation": 180, "texture": "#1"},
				"west": {"uv": [13.5, 13, 15.5, 15.5], "rotation": 180, "texture": "#1"},
				"up": {"uv": [6.5, 6.5, 8.5, 9], "rotation": 180, "texture": "#1"},
				"down": {"uv": [6.5, 6.5, 8.5, 9], "rotation": 180, "texture": "#1"}
			}
		},
		{
			"from": [1.02937, 5.9319, 5.67176],
			"to": [1.77937, 22.9319, 10.92176],
			"rotation": {"angle": 45, "axis": "y", "origin": [7.75027, 17.13619, 7.91375]},
			"faces": {
				"north": {"uv": [5.5, 2.5, 7.5, 5], "rotation": 180, "texture": "#1"},
				"east": {"uv": [12, 3.5, 14, 6], "rotation": 180, "texture": "#1"},
				"south": {"uv": [3, 3, 5, 5.5], "rotation": 180, "texture": "#1"},
				"west": {"uv": [13.5, 13, 15.5, 15.5], "rotation": 180, "texture": "#1"},
				"up": {"uv": [6.5, 6.5, 8.5, 9], "rotation": 180, "texture": "#1"},
				"down": {"uv": [6.5, 6.5, 8.5, 9], "rotation": 180, "texture": "#1"}
			}
		},
		{
			"from": [5.12487, 5.9319, 2.11851],
			"to": [10.37487, 10.9319, 2.86851],
			"rotation": {"angle": 0, "axis": "y", "origin": [7.75027, 17.13619, 7.91375]},
			"faces": {
				"north": {"uv": [5.5, 2.5, 7.5, 5], "texture": "#1"},
				"east": {"uv": [12, 3.5, 14, 6], "texture": "#1"},
				"south": {"uv": [3, 3, 5, 5.5], "texture": "#1"},
				"west": {"uv": [13.5, 13, 15.5, 15.5], "texture": "#1"},
				"up": {"uv": [6.5, 6.5, 8.5, 9], "texture": "#1"},
				"down": {"uv": [6.5, 6.5, 8.5, 9], "texture": "#1"}
			}
		},
		{
			"from": [9.62487, 10.9319, 2.11851],
			"to": [10.37487, 22.9319, 2.86851],
			"rotation": {"angle": 0, "axis": "y", "origin": [7.75027, 17.13619, 7.91375]},
			"faces": {
				"north": {"uv": [5.5, 2.5, 7.5, 5], "texture": "#1"},
				"east": {"uv": [12, 3.5, 14, 6], "texture": "#1"},
				"south": {"uv": [3, 3, 5, 5.5], "texture": "#1"},
				"west": {"uv": [13.5, 13, 15.5, 15.5], "texture": "#1"},
				"up": {"uv": [6.5, 6.5, 8.5, 9], "texture": "#1"},
				"down": {"uv": [6.5, 6.5, 8.5, 9], "texture": "#1"}
			}
		},
		{
			"from": [5.12487, 10.9319, 2.11851],
			"to": [5.87487, 22.9319, 2.86851],
			"rotation": {"angle": 0, "axis": "y", "origin": [7.75027, 17.13619, 7.91375]},
			"faces": {
				"north": {"uv": [5.5, 2.5, 7.5, 5], "texture": "#1"},
				"east": {"uv": [12, 3.5, 14, 6], "texture": "#1"},
				"south": {"uv": [3, 3, 5, 5.5], "texture": "#1"},
				"west": {"uv": [13.5, 13, 15.5, 15.5], "texture": "#1"},
				"up": {"uv": [6.5, 6.5, 8.5, 9], "texture": "#1"},
				"down": {"uv": [6.5, 6.5, 8.5, 9], "texture": "#1"}
			}
		},
		{
			"from": [5.19987, 5.1819, 2.30601],
			"to": [10.26237, 5.9319, 2.86851],
			"rotation": {"angle": 0, "axis": "y", "origin": [7.75027, 24.13619, 7.91375]},
			"faces": {
				"north": {"uv": [7.5, 7.25, 8.5, 13], "texture": "#2"},
				"east": {"uv": [7, 6, 8.5, 16], "texture": "#2"},
				"south": {"uv": [8.25, 6.75, 9.25, 13.5], "texture": "#2"},
				"west": {"uv": [6.5, 6.5, 8.75, 11.25], "texture": "#2"},
				"up": {"uv": [4, 9.5, 11, 10.5], "rotation": 90, "texture": "#2"},
				"down": {"uv": [4.25, 8.25, 11.25, 9.25], "rotation": 270, "texture": "#2"}
			}
		},
		{
			"from": [4.81668, 5.1819, 2.14695],
			"to": [9.91668, 5.9319, 2.70945],
			"rotation": {"angle": 45, "axis": "y", "origin": [7.75027, 24.13619, 7.91375]},
			"faces": {
				"north": {"uv": [7.5, 7.25, 8.5, 13], "texture": "#2"},
				"east": {"uv": [7, 6, 8.5, 16], "texture": "#2"},
				"south": {"uv": [8.25, 6.75, 9.25, 13.5], "texture": "#2"},
				"west": {"uv": [6.5, 6.5, 8.75, 11.25], "texture": "#2"},
				"up": {"uv": [4, 9.5, 11, 10.5], "rotation": 90, "texture": "#2"},
				"down": {"uv": [4.25, 8.25, 11.25, 9.25], "rotation": 270, "texture": "#2"}
			}
		},
		{
			"from": [1.60006, 5.1819, 5.90582],
			"to": [2.16256, 5.9319, 10.93082],
			"rotation": {"angle": 0, "axis": "y", "origin": [7.75027, 24.13619, 7.91375]},
			"faces": {
				"north": {"uv": [7.5, 7.25, 8.5, 13], "texture": "#2"},
				"east": {"uv": [7, 6, 8.5, 16], "texture": "#2"},
				"south": {"uv": [8.25, 6.75, 9.25, 13.5], "texture": "#2"},
				"west": {"uv": [6.5, 6.5, 8.75, 11.25], "texture": "#2"},
				"up": {"uv": [4, 9.5, 11, 10.5], "texture": "#2"},
				"down": {"uv": [4.25, 8.25, 11.25, 9.25], "texture": "#2"}
			}
		},
		{
			"from": [5.55677, 5.1819, 13.83349],
			"to": [10.73177, 5.9319, 14.39599],
			"rotation": {"angle": -45, "axis": "y", "origin": [7.75027, 24.13619, 7.91375]},
			"faces": {
				"north": {"uv": [7.5, 7.25, 8.5, 13], "texture": "#2"},
				"east": {"uv": [7, 6, 8.5, 16], "texture": "#2"},
				"south": {"uv": [8.25, 6.75, 9.25, 13.5], "texture": "#2"},
				"west": {"uv": [6.5, 6.5, 8.75, 11.25], "texture": "#2"},
				"up": {"uv": [4, 9.5, 11, 10.5], "rotation": 90, "texture": "#2"},
				"down": {"uv": [4.25, 8.25, 11.25, 9.25], "rotation": 270, "texture": "#2"}
			}
		},
		{
			"from": [4.81213, 5.1819, 13.88596],
			"to": [9.91213, 5.9319, 14.44846],
			"rotation": {"angle": 45, "axis": "y", "origin": [7.75027, 24.13619, 7.91375]},
			"faces": {
				"north": {"uv": [7.5, 7.25, 8.5, 13], "texture": "#2"},
				"east": {"uv": [7, 6, 8.5, 16], "texture": "#2"},
				"south": {"uv": [8.25, 6.75, 9.25, 13.5], "texture": "#2"},
				"west": {"uv": [6.5, 6.5, 8.75, 11.25], "texture": "#2"},
				"up": {"uv": [4, 9.5, 11, 10.5], "rotation": 90, "texture": "#2"},
				"down": {"uv": [4.25, 8.25, 11.25, 9.25], "rotation": 270, "texture": "#2"}
			}
		},
		{
			"from": [5.27487, 5.1819, 14.04313],
			"to": [10.29987, 5.9319, 14.60563],
			"rotation": {"angle": 0, "axis": "y", "origin": [7.75027, 24.13619, 7.91375]},
			"faces": {
				"north": {"uv": [7.5, 7.25, 8.5, 13], "texture": "#2"},
				"east": {"uv": [7, 6, 8.5, 16], "texture": "#2"},
				"south": {"uv": [8.25, 6.75, 9.25, 13.5], "texture": "#2"},
				"west": {"uv": [6.5, 6.5, 8.75, 11.25], "texture": "#2"},
				"up": {"uv": [4, 9.5, 11, 10.5], "rotation": 90, "texture": "#2"},
				"down": {"uv": [4.25, 8.25, 11.25, 9.25], "rotation": 270, "texture": "#2"}
			}
		},
		{
			"from": [13.33718, 5.1819, 5.94332],
			"to": [13.89968, 5.9319, 11.00582],
			"rotation": {"angle": 0, "axis": "y", "origin": [7.75027, 24.13619, 7.91375]},
			"faces": {
				"north": {"uv": [7.5, 7.25, 8.5, 13], "texture": "#2"},
				"east": {"uv": [7, 6, 8.5, 16], "texture": "#2"},
				"south": {"uv": [8.25, 6.75, 9.25, 13.5], "texture": "#2"},
				"west": {"uv": [6.5, 6.5, 8.75, 11.25], "texture": "#2"},
				"up": {"uv": [4, 9.5, 11, 10.5], "texture": "#2"},
				"down": {"uv": [4.25, 8.25, 11.25, 9.25], "texture": "#2"}
			}
		},
		{
			"from": [5.56132, 5.1819, 2.17215],
			"to": [10.66132, 5.9319, 2.73465],
			"rotation": {"angle": -45, "axis": "y", "origin": [7.75027, 24.13619, 7.91375]},
			"faces": {
				"north": {"uv": [7.5, 7.25, 8.5, 13], "texture": "#2"},
				"east": {"uv": [7, 6, 8.5, 16], "texture": "#2"},
				"south": {"uv": [8.25, 6.75, 9.25, 13.5], "texture": "#2"},
				"west": {"uv": [6.5, 6.5, 8.75, 11.25], "texture": "#2"},
				"up": {"uv": [4, 9.5, 11, 10.5], "rotation": 90, "texture": "#2"},
				"down": {"uv": [4.25, 8.25, 11.25, 9.25], "rotation": 270, "texture": "#2"}
			}
		},
		{
			"from": [1.57097, 19.1819, 5.4069],
			"to": [1.87097, 19.4819, 10.9569],
			"rotation": {"angle": -45, "axis": "y", "origin": [7.75027, 17.13619, 7.91375]},
			"faces": {
				"north": {"uv": [10, 1, 10.5, 2], "texture": "#8"},
				"east": {"uv": [10, 1, 10.5, 2], "texture": "#8"},
				"south": {"uv": [10, 1, 10.5, 2], "texture": "#8"},
				"west": {"uv": [10.5, 2, 11, 2.5], "texture": "#8"},
				"up": {"uv": [10, 1, 10.5, 2], "texture": "#8"},
				"down": {"uv": [10, 1, 10.5, 2], "texture": "#8"}
			}
		},
		{
			"from": [1.57097, 16.9319, 5.4069],
			"to": [1.87097, 17.2319, 10.9569],
			"rotation": {"angle": -45, "axis": "y", "origin": [7.75027, 17.13619, 7.91375]},
			"faces": {
				"north": {"uv": [10, 1, 10.5, 2], "texture": "#8"},
				"east": {"uv": [10, 1, 10.5, 2], "texture": "#8"},
				"south": {"uv": [10, 1, 10.5, 2], "texture": "#8"},
				"west": {"uv": [10.5, 2, 11, 2.5], "texture": "#8"},
				"up": {"uv": [10, 1, 10.5, 2], "texture": "#8"},
				"down": {"uv": [10, 1, 10.5, 2], "texture": "#8"}
			}
		},
		{
			"from": [1.22901, 16.9319, 5.69616],
			"to": [1.52901, 17.2319, 11.09616],
			"rotation": {"angle": 0, "axis": "y", "origin": [7.75027, 17.13619, 7.91375]},
			"faces": {
				"north": {"uv": [10, 1, 10.5, 2], "texture": "#8"},
				"east": {"uv": [10, 1, 10.5, 2], "texture": "#8"},
				"south": {"uv": [10, 1, 10.5, 2], "texture": "#8"},
				"west": {"uv": [10.5, 2, 11, 2.5], "texture": "#8"},
				"up": {"uv": [10, 1, 10.5, 2], "texture": "#8"},
				"down": {"uv": [10, 1, 10.5, 2], "texture": "#8"}
			}
		},
		{
			"from": [1.22901, 19.1819, 5.69616],
			"to": [1.52901, 19.4819, 11.09616],
			"rotation": {"angle": 0, "axis": "y", "origin": [7.75027, 17.13619, 7.91375]},
			"faces": {
				"north": {"uv": [10, 1, 10.5, 2], "texture": "#8"},
				"east": {"uv": [10, 1, 10.5, 2], "texture": "#8"},
				"south": {"uv": [10, 1, 10.5, 2], "texture": "#8"},
				"west": {"uv": [10.5, 2, 11, 2.5], "texture": "#8"},
				"up": {"uv": [10, 1, 10.5, 2], "texture": "#8"},
				"down": {"uv": [10, 1, 10.5, 2], "texture": "#8"}
			}
		},
		{
			"from": [5.15346, 19.1819, 1.77172],
			"to": [10.40346, 19.4819, 2.07172],
			"rotation": {"angle": 0, "axis": "y", "origin": [7.75027, 17.13619, 7.91375]},
			"faces": {
				"north": {"uv": [10, 1, 10.5, 2], "texture": "#8"},
				"east": {"uv": [10, 1, 10.5, 2], "texture": "#8"},
				"south": {"uv": [10, 1, 10.5, 2], "texture": "#8"},
				"west": {"uv": [10.5, 2, 11, 2.5], "texture": "#8"},
				"up": {"uv": [10, 1, 10.5, 2], "texture": "#8"},
				"down": {"uv": [10, 1, 10.5, 2], "texture": "#8"}
			}
		},
		{
			"from": [5.15346, 16.9319, 1.77172],
			"to": [10.40346, 17.2319, 2.22172],
			"rotation": {"angle": 0, "axis": "y", "origin": [7.75027, 17.13619, 7.91375]},
			"faces": {
				"north": {"uv": [10, 1, 10.5, 2], "texture": "#8"},
				"east": {"uv": [10, 1, 10.5, 2], "texture": "#8"},
				"south": {"uv": [10, 1, 10.5, 2], "texture": "#8"},
				"west": {"uv": [10.5, 2, 11, 2.5], "texture": "#8"},
				"up": {"uv": [10, 1, 10.5, 2], "texture": "#8"},
				"down": {"uv": [10, 1, 10.5, 2], "texture": "#8"}
			}
		},
		{
			"from": [0.88874, 16.9319, 5.55283],
			"to": [1.18874, 17.2319, 11.17783],
			"rotation": {"angle": 45, "axis": "y", "origin": [7.75027, 17.13619, 7.91375]},
			"faces": {
				"north": {"uv": [10, 1, 10.5, 2], "texture": "#8"},
				"east": {"uv": [10, 1, 10.5, 2], "texture": "#8"},
				"south": {"uv": [10, 1, 10.5, 2], "texture": "#8"},
				"west": {"uv": [10.5, 2, 11, 2.5], "texture": "#8"},
				"up": {"uv": [10, 1, 10.5, 2], "texture": "#8"},
				"down": {"uv": [10, 1, 10.5, 2], "texture": "#8"}
			}
		},
		{
			"from": [5.20649, 16.9319, 14.77364],
			"to": [10.30649, 17.2319, 15.07364],
			"rotation": {"angle": 0, "axis": "y", "origin": [7.75027, 17.13619, 7.91375]},
			"faces": {
				"north": {"uv": [10, 1, 10.5, 2], "texture": "#8"},
				"east": {"uv": [10, 1, 10.5, 2], "texture": "#8"},
				"south": {"uv": [10, 1, 10.5, 2], "texture": "#8"},
				"west": {"uv": [10.5, 2, 11, 2.5], "texture": "#8"},
				"up": {"uv": [10, 1, 10.5, 2], "texture": "#8"},
				"down": {"uv": [10, 1, 10.5, 2], "texture": "#8"}
			}
		},
		{
			"from": [5.20649, 19.1819, 14.77364],
			"to": [10.30649, 19.4819, 15.07364],
			"rotation": {"angle": 0, "axis": "y", "origin": [7.75027, 17.13619, 7.91375]},
			"faces": {
				"north": {"uv": [10, 1, 10.5, 2], "texture": "#8"},
				"east": {"uv": [10, 1, 10.5, 2], "texture": "#8"},
				"south": {"uv": [10, 1, 10.5, 2], "texture": "#8"},
				"west": {"uv": [10.5, 2, 11, 2.5], "texture": "#8"},
				"up": {"uv": [10, 1, 10.5, 2], "texture": "#8"},
				"down": {"uv": [10, 1, 10.5, 2], "texture": "#8"}
			}
		},
		{
			"from": [0.88874, 19.1819, 5.55283],
			"to": [1.18874, 19.4819, 11.17783],
			"rotation": {"angle": 45, "axis": "y", "origin": [7.75027, 17.13619, 7.91375]},
			"faces": {
				"north": {"uv": [10, 1, 10.5, 2], "texture": "#8"},
				"east": {"uv": [10, 1, 10.5, 2], "texture": "#8"},
				"south": {"uv": [10, 1, 10.5, 2], "texture": "#8"},
				"west": {"uv": [10.5, 2, 11, 2.5], "texture": "#8"},
				"up": {"uv": [10, 1, 10.5, 2], "texture": "#8"},
				"down": {"uv": [10, 1, 10.5, 2], "texture": "#8"}
			}
		},
		{
			"from": [4.49498, 16.9319, 14.48407],
			"to": [10.11998, 17.2319, 14.78407],
			"rotation": {"angle": 45, "axis": "y", "origin": [7.75027, 17.13619, 7.91375]},
			"faces": {
				"north": {"uv": [10, 1, 10.5, 2], "texture": "#8"},
				"east": {"uv": [10, 1, 10.5, 2], "texture": "#8"},
				"south": {"uv": [10, 1, 10.5, 2], "texture": "#8"},
				"west": {"uv": [10.5, 2, 11, 2.5], "texture": "#8"},
				"up": {"uv": [10, 1, 10.5, 2], "texture": "#8"},
				"down": {"uv": [10, 1, 10.5, 2], "texture": "#8"}
			}
		},
		{
			"from": [13.97487, 16.9319, 5.64313],
			"to": [14.27487, 17.2319, 11.11813],
			"rotation": {"angle": 0, "axis": "y", "origin": [7.75027, 17.13619, 7.91375]},
			"faces": {
				"north": {"uv": [10, 1, 10.5, 2], "texture": "#8"},
				"east": {"uv": [10, 1, 10.5, 2], "texture": "#8"},
				"south": {"uv": [10, 1, 10.5, 2], "texture": "#8"},
				"west": {"uv": [10.5, 2, 11, 2.5], "texture": "#8"},
				"up": {"uv": [10, 1, 10.5, 2], "texture": "#8"},
				"down": {"uv": [10, 1, 10.5, 2], "texture": "#8"}
			}
		},
		{
			"from": [13.66943, 16.9319, 5.44676],
			"to": [13.96943, 17.2319, 10.92176],
			"rotation": {"angle": 45, "axis": "y", "origin": [7.75027, 17.13619, 7.91375]},
			"faces": {
				"north": {"uv": [10, 1, 10.5, 2], "texture": "#8"},
				"east": {"uv": [10, 1, 10.5, 2], "texture": "#8"},
				"south": {"uv": [10, 1, 10.5, 2], "texture": "#8"},
				"west": {"uv": [10.5, 2, 11, 2.5], "texture": "#8"},
				"up": {"uv": [10, 1, 10.5, 2], "texture": "#8"},
				"down": {"uv": [10, 1, 10.5, 2], "texture": "#8"}
			}
		},
		{
			"from": [13.66943, 19.1819, 5.44676],
			"to": [13.96943, 19.4819, 10.92176],
			"rotation": {"angle": 45, "axis": "y", "origin": [7.75027, 17.13619, 7.91375]},
			"faces": {
				"north": {"uv": [10, 1, 10.5, 2], "texture": "#8"},
				"east": {"uv": [10, 1, 10.5, 2], "texture": "#8"},
				"south": {"uv": [10, 1, 10.5, 2], "texture": "#8"},
				"west": {"uv": [10.5, 2, 11, 2.5], "texture": "#8"},
				"up": {"uv": [10, 1, 10.5, 2], "texture": "#8"},
				"down": {"uv": [10, 1, 10.5, 2], "texture": "#8"}
			}
		},
		{
			"from": [13.97487, 19.1819, 5.64313],
			"to": [14.27487, 19.4819, 11.11813],
			"rotation": {"angle": 0, "axis": "y", "origin": [7.75027, 17.13619, 7.91375]},
			"faces": {
				"north": {"uv": [10, 1, 10.5, 2], "texture": "#8"},
				"east": {"uv": [10, 1, 10.5, 2], "texture": "#8"},
				"south": {"uv": [10, 1, 10.5, 2], "texture": "#8"},
				"west": {"uv": [10.5, 2, 11, 2.5], "texture": "#8"},
				"up": {"uv": [10, 1, 10.5, 2], "texture": "#8"},
				"down": {"uv": [10, 1, 10.5, 2], "texture": "#8"}
			}
		},
		{
			"from": [4.49498, 19.1819, 14.48407],
			"to": [10.11998, 19.4819, 14.78407],
			"rotation": {"angle": 45, "axis": "y", "origin": [7.75027, 17.13619, 7.91375]},
			"faces": {
				"north": {"uv": [10, 1, 10.5, 2], "texture": "#8"},
				"east": {"uv": [10, 1, 10.5, 2], "texture": "#8"},
				"south": {"uv": [10, 1, 10.5, 2], "texture": "#8"},
				"west": {"uv": [10.5, 2, 11, 2.5], "texture": "#8"},
				"up": {"uv": [10, 1, 10.5, 2], "texture": "#8"},
				"down": {"uv": [10, 1, 10.5, 2], "texture": "#8"}
			}
		},
		{
			"from": [5.87487, 21.7319, 2.11851],
			"to": [9.62487, 22.9319, 2.86851],
			"rotation": {"angle": 0, "axis": "y", "origin": [7.75027, 17.13619, 7.91375]},
			"color": 6,
			"faces": {
				"north": {"uv": [0, 0, 7, 16], "texture": "#missing"},
				"east": {"uv": [0, 0, 1, 16], "texture": "#missing"},
				"south": {"uv": [0, 0, 7, 16], "texture": "#missing"},
				"west": {"uv": [0, 0, 1, 16], "texture": "#missing"},
				"up": {"uv": [0, 0, 7, 1], "texture": "#missing"},
				"down": {"uv": [0, 0, 7, 1], "texture": "#missing"}
			}
		},
		{
			"from": [5.87487, 10.9319, 2.41851],
			"to": [9.62487, 16.1819, 2.86851],
			"rotation": {"angle": 0, "axis": "y", "origin": [7.75027, 17.13619, 7.91375]},
			"faces": {
				"north": {"uv": [0, 0, 7, 16], "texture": "#3"},
				"east": {"uv": [0, 0, 1, 16], "texture": "#3"},
				"south": {"uv": [0, 0, 7, 16], "texture": "#3"},
				"west": {"uv": [0, 0, 1, 16], "texture": "#3"},
				"up": {"uv": [0, 0, 7, 1], "texture": "#3"},
				"down": {"uv": [0, 0, 7, 1], "texture": "#3"}
			}
		},
		{
			"from": [1.02937, -0.0681, 5.67176],
			"to": [1.77937, 5.1819, 10.92176],
			"rotation": {"angle": 45, "axis": "y", "origin": [7.75027, 24.13619, 7.91375]},
			"faces": {
				"north": {"uv": [6.5, 6.5, 8.5, 9], "rotation": 180, "texture": "#1"},
				"east": {"uv": [6.5, 6.5, 8.5, 9], "rotation": 180, "texture": "#1"},
				"south": {"uv": [6.5, 6.5, 8.5, 9], "rotation": 180, "texture": "#1"},
				"west": {"uv": [6.5, 6.5, 8.5, 9], "rotation": 180, "texture": "#1"},
				"up": {"uv": [6.5, 6.5, 8.5, 9], "rotation": 180, "texture": "#1"},
				"down": {"uv": [6.5, 6.5, 8.5, 9], "rotation": 180, "texture": "#1"}
			}
		},
		{
			"from": [5.00841, 21.7319, 1.69672],
			"to": [10.55841, 23.9819, 2.29672],
			"rotation": {"angle": 0, "axis": "y", "origin": [7.75027, 17.13619, 7.91375]},
			"faces": {
				"north": {"uv": [5.75, 4.75, 6.25, 6.25], "texture": "#1"},
				"east": {"uv": [5.5, 8.75, 9.25, 10.25], "texture": "#1"},
				"south": {"uv": [6.75, 6, 7.25, 7.5], "texture": "#1"},
				"west": {"uv": [6.75, 9.25, 10.5, 10.75], "texture": "#1"},
				"up": {"uv": [5.25, 8, 9, 8.5], "texture": "#1"},
				"down": {"uv": [5.25, 7, 9, 7.5], "texture": "#1"}
			}
		},
		{
			"from": [5.00841, 21.7319, 14.4956],
			"to": [10.55841, 23.9819, 15.0956],
			"rotation": {"angle": 0, "axis": "y", "origin": [7.75027, 17.13619, 7.91375]},
			"faces": {
				"north": {"uv": [5.75, 4.75, 6.25, 6.25], "texture": "#1"},
				"east": {"uv": [5.5, 8.75, 9.25, 10.25], "texture": "#1"},
				"south": {"uv": [6.75, 6, 7.25, 7.5], "texture": "#1"},
				"west": {"uv": [6.75, 9.25, 10.5, 10.75], "texture": "#1"},
				"up": {"uv": [5.25, 8, 9, 8.5], "texture": "#1"},
				"down": {"uv": [5.25, 7, 9, 7.5], "texture": "#1"}
			}
		},
		{
			"from": [4.65758, 21.7319, 14.37774],
			"to": [10.20758, 23.9819, 14.97774],
			"rotation": {"angle": 45, "axis": "y", "origin": [7.75027, 17.13619, 7.91375]},
			"faces": {
				"north": {"uv": [5.75, 4.75, 6.25, 6.25], "texture": "#1"},
				"east": {"uv": [5.5, 8.75, 9.25, 10.25], "texture": "#1"},
				"south": {"uv": [6.75, 6, 7.25, 7.5], "texture": "#1"},
				"west": {"uv": [6.75, 9.25, 10.5, 10.75], "texture": "#1"},
				"up": {"uv": [5.25, 8, 9, 8.5], "texture": "#1"},
				"down": {"uv": [5.25, 7, 9, 7.5], "texture": "#1"}
			}
		},
		{
			"from": [1.08397, 21.7319, 5.62116],
			"to": [1.68397, 23.9819, 11.17116],
			"rotation": {"angle": 0, "axis": "y", "origin": [7.75027, 17.13619, 7.91375]},
			"faces": {
				"north": {"uv": [5.75, 4.75, 6.25, 6.25], "texture": "#1"},
				"east": {"uv": [5.5, 8.75, 9.25, 10.25], "texture": "#1"},
				"south": {"uv": [6.75, 6, 7.25, 7.5], "texture": "#1"},
				"west": {"uv": [6.75, 9.25, 10.5, 10.75], "texture": "#1"},
				"up": {"uv": [5.25, 8, 9, 8.5], "rotation": 90, "texture": "#1"},
				"down": {"uv": [5.25, 7, 9, 7.5], "rotation": 270, "texture": "#1"}
			}
		},
		{
			"from": [1.41538, 21.7319, 5.45643],
			"to": [2.01538, 23.9819, 11.00643],
			"rotation": {"angle": -45, "axis": "y", "origin": [7.75027, 17.13619, 7.91375]},
			"faces": {
				"north": {"uv": [5.75, 4.75, 6.25, 6.25], "texture": "#1"},
				"east": {"uv": [5.5, 8.75, 9.25, 10.25], "texture": "#1"},
				"south": {"uv": [6.75, 6, 7.25, 7.5], "texture": "#1"},
				"west": {"uv": [6.75, 9.25, 10.5, 10.75], "texture": "#1"},
				"up": {"uv": [5.25, 8, 9, 8.5], "rotation": 90, "texture": "#1"},
				"down": {"uv": [5.25, 7, 9, 7.5], "rotation": 270, "texture": "#1"}
			}
		},
		{
			"from": [13.88285, 21.7319, 5.62116],
			"to": [14.48285, 23.9819, 11.17116],
			"rotation": {"angle": 0, "axis": "y", "origin": [7.75027, 17.13619, 7.91375]},
			"faces": {
				"north": {"uv": [5.75, 4.75, 6.25, 6.25], "texture": "#1"},
				"east": {"uv": [5.5, 8.75, 9.25, 10.25], "texture": "#1"},
				"south": {"uv": [6.75, 6, 7.25, 7.5], "texture": "#1"},
				"west": {"uv": [6.75, 9.25, 10.5, 10.75], "texture": "#1"},
				"up": {"uv": [5.25, 8, 9, 8.5], "rotation": 90, "texture": "#1"},
				"down": {"uv": [5.25, 7, 9, 7.5], "rotation": 270, "texture": "#1"}
			}
		},
		{
			"from": [13.53203, 21.7319, 5.5033],
			"to": [14.13203, 23.9819, 11.0533],
			"rotation": {"angle": 45, "axis": "y", "origin": [7.75027, 17.13619, 7.91375]},
			"faces": {
				"north": {"uv": [5.75, 4.75, 6.25, 6.25], "texture": "#1"},
				"east": {"uv": [5.5, 8.75, 9.25, 10.25], "texture": "#1"},
				"south": {"uv": [6.75, 6, 7.25, 7.5], "texture": "#1"},
				"west": {"uv": [6.75, 9.25, 10.5, 10.75], "texture": "#1"},
				"up": {"uv": [5.25, 8, 9, 8.5], "rotation": 90, "texture": "#1"},
				"down": {"uv": [5.25, 7, 9, 7.5], "rotation": 270, "texture": "#1"}
			}
		},
		{
			"from": [0.73314, 21.7319, 5.5033],
			"to": [1.33314, 23.9819, 11.0533],
			"rotation": {"angle": 45, "axis": "y", "origin": [7.75027, 17.13619, 7.91375]},
			"faces": {
				"north": {"uv": [5.75, 4.75, 6.25, 6.25], "texture": "#1"},
				"east": {"uv": [5.5, 8.75, 9.25, 10.25], "texture": "#1"},
				"south": {"uv": [6.75, 6, 7.25, 7.5], "texture": "#1"},
				"west": {"uv": [6.75, 9.25, 10.5, 10.75], "texture": "#1"},
				"up": {"uv": [5.25, 8, 9, 8.5], "rotation": 90, "texture": "#1"},
				"down": {"uv": [5.25, 7, 9, 7.5], "rotation": 270, "texture": "#1"}
			}
		},
		{
			"from": [4.89583, 22.4819, 14.97511],
			"to": [10.59583, 22.7819, 15.42511],
			"rotation": {"angle": 0, "axis": "y", "origin": [7.75027, 17.13619, 7.91375]},
			"faces": {
				"north": {"uv": [0, 0, 1, 1], "texture": "#8"},
				"east": {"uv": [0, 0, 1, 1], "texture": "#8"},
				"south": {"uv": [0, 0, 1, 1], "texture": "#8"},
				"west": {"uv": [0, 0, 1, 1], "texture": "#8"},
				"up": {"uv": [0, 0, 1, 1], "texture": "#8"},
				"down": {"uv": [0, 0, 1, 1], "texture": "#8"}
			}
		},
		{
			"from": [4.89583, 23.6819, 14.97511],
			"to": [10.59583, 23.9819, 15.42511],
			"rotation": {"angle": 0, "axis": "y", "origin": [7.75027, 17.13619, 7.91375]},
			"faces": {
				"north": {"uv": [0, 0, 1, 1], "texture": "#8"},
				"east": {"uv": [0, 0, 1, 1], "texture": "#8"},
				"south": {"uv": [0, 0, 1, 1], "texture": "#8"},
				"west": {"uv": [0, 0, 1, 1], "texture": "#8"},
				"up": {"uv": [0, 0, 1, 1], "texture": "#8"},
				"down": {"uv": [0, 0, 1, 1], "texture": "#8"}
			}
		},
		{
			"from": [5.0019, 22.4819, 1.25802],
			"to": [10.5519, 22.7819, 1.70802],
			"rotation": {"angle": 0, "axis": "y", "origin": [7.75027, 17.13619, 7.91375]},
			"faces": {
				"north": {"uv": [0, 0, 1, 1], "texture": "#8"},
				"east": {"uv": [0, 0, 1, 1], "texture": "#8"},
				"south": {"uv": [0, 0, 1, 1], "texture": "#8"},
				"west": {"uv": [0, 0, 1, 1], "texture": "#8"},
				"up": {"uv": [0, 0, 1, 1], "texture": "#8"},
				"down": {"uv": [0, 0, 1, 1], "texture": "#8"}
			}
		},
		{
			"from": [5.0019, 23.6819, 1.25802],
			"to": [10.5519, 23.9819, 1.70802],
			"rotation": {"angle": 0, "axis": "y", "origin": [7.75027, 17.13619, 7.91375]},
			"faces": {
				"north": {"uv": [0, 0, 1, 1], "texture": "#8"},
				"east": {"uv": [0, 0, 1, 1], "texture": "#8"},
				"south": {"uv": [0, 0, 1, 1], "texture": "#8"},
				"west": {"uv": [0, 0, 1, 1], "texture": "#8"},
				"up": {"uv": [0, 0, 1, 1], "texture": "#8"},
				"down": {"uv": [0, 0, 1, 1], "texture": "#8"}
			}
		},
		{
			"from": [14.34454, 22.4819, 5.50066],
			"to": [14.79454, 22.7819, 11.20066],
			"rotation": {"angle": 0, "axis": "y", "origin": [7.75027, 17.13619, 7.91375]},
			"faces": {
				"north": {"uv": [0, 0, 1, 1], "texture": "#8"},
				"east": {"uv": [0, 0, 1, 1], "texture": "#8"},
				"south": {"uv": [0, 0, 1, 1], "texture": "#8"},
				"west": {"uv": [0, 0, 1, 1], "texture": "#8"},
				"up": {"uv": [0, 0, 1, 1], "rotation": 90, "texture": "#8"},
				"down": {"uv": [0, 0, 1, 1], "rotation": 270, "texture": "#8"}
			}
		},
		{
			"from": [14.34454, 23.6819, 5.50066],
			"to": [14.79454, 23.9819, 11.20066],
			"rotation": {"angle": 0, "axis": "y", "origin": [7.75027, 17.13619, 7.91375]},
			"faces": {
				"north": {"uv": [0, 0, 1, 1], "texture": "#8"},
				"east": {"uv": [0, 0, 1, 1], "texture": "#8"},
				"south": {"uv": [0, 0, 1, 1], "texture": "#8"},
				"west": {"uv": [0, 0, 1, 1], "texture": "#8"},
				"up": {"uv": [0, 0, 1, 1], "rotation": 90, "texture": "#8"},
				"down": {"uv": [0, 0, 1, 1], "rotation": 270, "texture": "#8"}
			}
		},
		{
			"from": [14.60552, 22.4819, 5.2569],
			"to": [15.05552, 22.7819, 11.2569],
			"rotation": {"angle": -45, "axis": "y", "origin": [7.75027, 17.13619, 7.91375]},
			"faces": {
				"north": {"uv": [0, 0, 1, 1], "texture": "#8"},
				"east": {"uv": [0, 0, 1, 1], "texture": "#8"},
				"south": {"uv": [0, 0, 1, 1], "texture": "#8"},
				"west": {"uv": [0, 0, 1, 1], "texture": "#8"},
				"up": {"uv": [0, 0, 1, 1], "rotation": 90, "texture": "#8"},
				"down": {"uv": [0, 0, 1, 1], "rotation": 270, "texture": "#8"}
			}
		},
		{
			"from": [14.60552, 23.6819, 5.2569],
			"to": [15.05552, 23.9819, 11.2569],
			"rotation": {"angle": -45, "axis": "y", "origin": [7.75027, 17.13619, 7.91375]},
			"faces": {
				"north": {"uv": [0, 0, 1, 1], "texture": "#8"},
				"east": {"uv": [0, 0, 1, 1], "texture": "#8"},
				"south": {"uv": [0, 0, 1, 1], "texture": "#8"},
				"west": {"uv": [0, 0, 1, 1], "texture": "#8"},
				"up": {"uv": [0, 0, 1, 1], "rotation": 90, "texture": "#8"},
				"down": {"uv": [0, 0, 1, 1], "rotation": 270, "texture": "#8"}
			}
		},
		{
			"from": [1.10057, 22.4819, 5.15083],
			"to": [1.55057, 22.7819, 11.00083],
			"rotation": {"angle": -45, "axis": "y", "origin": [7.75027, 17.13619, 7.91375]},
			"faces": {
				"north": {"uv": [0, 0, 1, 1], "texture": "#8"},
				"east": {"uv": [0, 0, 1, 1], "texture": "#8"},
				"south": {"uv": [0, 0, 1, 1], "texture": "#8"},
				"west": {"uv": [0, 0, 1, 1], "texture": "#8"},
				"up": {"uv": [0, 0, 1, 1], "rotation": 90, "texture": "#8"},
				"down": {"uv": [0, 0, 1, 1], "rotation": 270, "texture": "#8"}
			}
		},
		{
			"from": [1.10057, 23.6819, 5.15083],
			"to": [1.55057, 23.9819, 11.00083],
			"rotation": {"angle": -45, "axis": "y", "origin": [7.75027, 17.13619, 7.91375]},
			"faces": {
				"north": {"uv": [0, 0, 1, 1], "texture": "#8"},
				"east": {"uv": [0, 0, 1, 1], "texture": "#8"},
				"south": {"uv": [0, 0, 1, 1], "texture": "#8"},
				"west": {"uv": [0, 0, 1, 1], "texture": "#8"},
				"up": {"uv": [0, 0, 1, 1], "rotation": 90, "texture": "#8"},
				"down": {"uv": [0, 0, 1, 1], "rotation": 270, "texture": "#8"}
			}
		},
		{
			"from": [0.86532, 22.4819, 5.3946],
			"to": [1.31532, 22.7819, 11.3946],
			"rotation": {"angle": 0, "axis": "y", "origin": [7.75027, 17.13619, 7.91375]},
			"faces": {
				"north": {"uv": [0, 0, 1, 1], "texture": "#8"},
				"east": {"uv": [0, 0, 1, 1], "texture": "#8"},
				"south": {"uv": [0, 0, 1, 1], "texture": "#8"},
				"west": {"uv": [0, 0, 1, 1], "texture": "#8"},
				"up": {"uv": [0, 0, 1, 1], "rotation": 90, "texture": "#8"},
				"down": {"uv": [0, 0, 1, 1], "rotation": 270, "texture": "#8"}
			}
		},
		{
			"from": [0.86532, 23.6819, 5.3946],
			"to": [1.31532, 23.9819, 11.3946],
			"rotation": {"angle": 0, "axis": "y", "origin": [7.75027, 17.13619, 7.91375]},
			"faces": {
				"north": {"uv": [0, 0, 1, 1], "texture": "#8"},
				"east": {"uv": [0, 0, 1, 1], "texture": "#8"},
				"south": {"uv": [0, 0, 1, 1], "texture": "#8"},
				"west": {"uv": [0, 0, 1, 1], "texture": "#8"},
				"up": {"uv": [0, 0, 1, 1], "rotation": 90, "texture": "#8"},
				"down": {"uv": [0, 0, 1, 1], "rotation": 270, "texture": "#8"}
			}
		},
		{
			"from": [0.42054, 22.4819, 5.50669],
			"to": [0.87054, 22.7819, 11.20669],
			"rotation": {"angle": 45, "axis": "y", "origin": [7.75027, 17.13619, 7.91375]},
			"faces": {
				"north": {"uv": [0, 0, 1, 1], "texture": "#8"},
				"east": {"uv": [0, 0, 1, 1], "texture": "#8"},
				"south": {"uv": [0, 0, 1, 1], "texture": "#8"},
				"west": {"uv": [0, 0, 1, 1], "texture": "#8"},
				"up": {"uv": [0, 0, 1, 1], "rotation": 90, "texture": "#8"},
				"down": {"uv": [0, 0, 1, 1], "rotation": 270, "texture": "#8"}
			}
		},
		{
			"from": [0.42054, 23.6819, 5.50669],
			"to": [0.87054, 23.9819, 11.20669],
			"rotation": {"angle": 45, "axis": "y", "origin": [7.75027, 17.13619, 7.91375]},
			"faces": {
				"north": {"uv": [0, 0, 1, 1], "texture": "#8"},
				"east": {"uv": [0, 0, 1, 1], "texture": "#8"},
				"south": {"uv": [0, 0, 1, 1], "texture": "#8"},
				"west": {"uv": [0, 0, 1, 1], "texture": "#8"},
				"up": {"uv": [0, 0, 1, 1], "rotation": 90, "texture": "#8"},
				"down": {"uv": [0, 0, 1, 1], "rotation": 270, "texture": "#8"}
			}
		},
		{
			"from": [13.98762, 22.4819, 5.18849],
			"to": [14.43762, 22.7819, 11.18849],
			"rotation": {"angle": 45, "axis": "y", "origin": [7.75027, 17.13619, 7.91375]},
			"faces": {
				"north": {"uv": [0, 0, 1, 1], "texture": "#8"},
				"east": {"uv": [0, 0, 1, 1], "texture": "#8"},
				"south": {"uv": [0, 0, 1, 1], "texture": "#8"},
				"west": {"uv": [0, 0, 1, 1], "texture": "#8"},
				"up": {"uv": [0, 0, 1, 1], "rotation": 90, "texture": "#8"},
				"down": {"uv": [0, 0, 1, 1], "rotation": 270, "texture": "#8"}
			}
		},
		{
			"from": [13.98762, 23.6819, 5.18849],
			"to": [14.43762, 23.9819, 11.18849],
			"rotation": {"angle": 45, "axis": "y", "origin": [7.75027, 17.13619, 7.91375]},
			"faces": {
				"north": {"uv": [0, 0, 1, 1], "texture": "#8"},
				"east": {"uv": [0, 0, 1, 1], "texture": "#8"},
				"south": {"uv": [0, 0, 1, 1], "texture": "#8"},
				"west": {"uv": [0, 0, 1, 1], "texture": "#8"},
				"up": {"uv": [0, 0, 1, 1], "rotation": 90, "texture": "#8"},
				"down": {"uv": [0, 0, 1, 1], "rotation": 270, "texture": "#8"}
			}
		},
		{
			"from": [5.72487, 17.3819, 2.04313],
			"to": [9.62487, 18.8819, 2.19313],
			"rotation": {"angle": 0, "axis": "y", "origin": [7.75027, 17.13619, 7.91375]},
			"faces": {
				"north": {"uv": [3, 5.0625, 12.9375, 10.875], "texture": "#7"},
				"east": {"uv": [0, 0, 0.1, 1], "texture": "#7"},
				"south": {"uv": [0, 0, 2.6, 1], "texture": "#7"},
				"west": {"uv": [0, 0, 0.1, 1], "texture": "#7"},
				"up": {"uv": [0, 0, 2.6, 0.1], "texture": "#7"},
				"down": {"uv": [0, 0, 2.6, 0.1], "texture": "#7"}
			}
		},
		{
			"from": [5.45453, 17.3819, 1.80062],
			"to": [9.35453, 18.8819, 1.95062],
			"rotation": {"angle": 45, "axis": "y", "origin": [7.75027, 17.13619, 7.91375]},
			"faces": {
				"north": {"uv": [1.625, 6.5, 14.375, 9.125], "texture": "#6"},
				"east": {"uv": [0, 0, 0.1, 1], "texture": "#6"},
				"south": {"uv": [0, 0, 2.6, 1], "texture": "#6"},
				"west": {"uv": [0, 0, 0.1, 1], "texture": "#6"},
				"up": {"uv": [0, 0, 2.6, 0.1], "texture": "#6"},
				"down": {"uv": [0, 0, 2.6, 0.1], "texture": "#6"}
			}
		},
		{
			"from": [6.06176, 17.3819, 1.69512],
			"to": [9.96176, 18.8819, 1.84512],
			"rotation": {"angle": -45, "axis": "y", "origin": [7.75027, 17.13619, 7.91375]},
			"faces": {
				"north": {"uv": [3.375, 6.3125, 12.75, 9.75], "texture": "#9"},
				"east": {"uv": [0, 0, 0.1, 1], "texture": "#9"},
				"south": {"uv": [0, 0, 2.6, 1], "texture": "#9"},
				"west": {"uv": [0, 0, 0.1, 1], "texture": "#9"},
				"up": {"uv": [0, 0, 2.6, 0.1], "texture": "#9"},
				"down": {"uv": [0, 0, 2.6, 0.1], "texture": "#9"}
			}
		},
		{
			"from": [7.22487, 22.7819, 1.14313],
			"to": [8.12487, 23.6819, 2.04313],
			"rotation": {"angle": 0, "axis": "y", "origin": [7.75027, 17.13619, 7.91375]},
			"faces": {
				"north": {"uv": [0, 0, 1, 1], "texture": "#8"},
				"east": {"uv": [0, 0, 1, 1], "texture": "#8"},
				"south": {"uv": [0, 0, 1, 1], "texture": "#8"},
				"west": {"uv": [0, 0, 1, 1], "texture": "#8"},
				"up": {"uv": [0, 0, 1, 1], "texture": "#8"},
				"down": {"uv": [0, 0, 1, 1], "texture": "#8"}
			}
		},
		{
			"from": [13.97487, 22.7819, 9.39313],
			"to": [14.87487, 23.6819, 10.29313],
			"rotation": {"angle": 0, "axis": "y", "origin": [7.75027, 17.13619, 7.91375]},
			"faces": {
				"north": {"uv": [0, 0, 1, 1], "texture": "#8"},
				"east": {"uv": [0, 0, 1, 1], "texture": "#8"},
				"south": {"uv": [0, 0, 1, 1], "texture": "#8"},
				"west": {"uv": [0, 0, 1, 1], "texture": "#8"},
				"up": {"uv": [0, 0, 1, 1], "texture": "#8"},
				"down": {"uv": [0, 0, 1, 1], "texture": "#8"}
			}
		},
		{
			"from": [13.97487, 22.7819, 7.89313],
			"to": [14.87487, 23.6819, 8.79313],
			"rotation": {"angle": 0, "axis": "y", "origin": [7.75027, 17.13619, 7.91375]},
			"faces": {
				"north": {"uv": [0, 0, 1, 1], "texture": "#8"},
				"east": {"uv": [0, 0, 1, 1], "texture": "#8"},
				"south": {"uv": [0, 0, 1, 1], "texture": "#8"},
				"west": {"uv": [0, 0, 1, 1], "texture": "#8"},
				"up": {"uv": [0, 0, 1, 1], "texture": "#8"},
				"down": {"uv": [0, 0, 1, 1], "texture": "#8"}
			}
		},
		{
			"from": [13.97487, 22.7819, 6.39313],
			"to": [14.87487, 23.6819, 7.29313],
			"rotation": {"angle": 0, "axis": "y", "origin": [7.75027, 17.13619, 7.91375]},
			"faces": {
				"north": {"uv": [0, 0, 1, 1], "texture": "#8"},
				"east": {"uv": [0, 0, 1, 1], "texture": "#8"},
				"south": {"uv": [0, 0, 1, 1], "texture": "#8"},
				"west": {"uv": [0, 0, 1, 1], "texture": "#8"},
				"up": {"uv": [0, 0, 1, 1], "texture": "#8"},
				"down": {"uv": [0, 0, 1, 1], "texture": "#8"}
			}
		},
		{
			"from": [0.77487, 22.7819, 6.39313],
			"to": [1.67487, 23.6819, 7.29313],
			"rotation": {"angle": 0, "axis": "y", "origin": [7.75027, 17.13619, 7.91375]},
			"faces": {
				"north": {"uv": [0, 0, 1, 1], "texture": "#8"},
				"east": {"uv": [0, 0, 1, 1], "texture": "#8"},
				"south": {"uv": [0, 0, 1, 1], "texture": "#8"},
				"west": {"uv": [0, 0, 1, 1], "texture": "#8"},
				"up": {"uv": [0, 0, 1, 1], "texture": "#8"},
				"down": {"uv": [0, 0, 1, 1], "texture": "#8"}
			}
		},
		{
			"from": [0.77487, 22.7819, 7.89313],
			"to": [1.67487, 23.6819, 8.79313],
			"rotation": {"angle": 0, "axis": "y", "origin": [7.75027, 17.13619, 7.91375]},
			"faces": {
				"north": {"uv": [0, 0, 1, 1], "texture": "#8"},
				"east": {"uv": [0, 0, 1, 1], "texture": "#8"},
				"south": {"uv": [0, 0, 1, 1], "texture": "#8"},
				"west": {"uv": [0, 0, 1, 1], "texture": "#8"},
				"up": {"uv": [0, 0, 1, 1], "texture": "#8"},
				"down": {"uv": [0, 0, 1, 1], "texture": "#8"}
			}
		},
		{
			"from": [0.77487, 22.7819, 9.39313],
			"to": [1.67487, 23.6819, 10.29313],
			"rotation": {"angle": 0, "axis": "y", "origin": [7.75027, 17.13619, 7.91375]},
			"faces": {
				"north": {"uv": [0, 0, 1, 1], "texture": "#8"},
				"east": {"uv": [0, 0, 1, 1], "texture": "#8"},
				"south": {"uv": [0, 0, 1, 1], "texture": "#8"},
				"west": {"uv": [0, 0, 1, 1], "texture": "#8"},
				"up": {"uv": [0, 0, 1, 1], "texture": "#8"},
				"down": {"uv": [0, 0, 1, 1], "texture": "#8"}
			}
		},
		{
			"from": [7.22487, 22.7819, 14.64313],
			"to": [8.12487, 23.6819, 15.54313],
			"rotation": {"angle": 0, "axis": "y", "origin": [7.75027, 17.13619, 7.91375]},
			"faces": {
				"north": {"uv": [0, 0, 1, 1], "texture": "#8"},
				"east": {"uv": [0, 0, 1, 1], "texture": "#8"},
				"south": {"uv": [0, 0, 1, 1], "texture": "#8"},
				"west": {"uv": [0, 0, 1, 1], "texture": "#8"},
				"up": {"uv": [0, 0, 1, 1], "texture": "#8"},
				"down": {"uv": [0, 0, 1, 1], "texture": "#8"}
			}
		},
		{
			"from": [5.72487, 22.7819, 1.14313],
			"to": [6.62487, 23.6819, 2.04313],
			"rotation": {"angle": 0, "axis": "y", "origin": [7.75027, 17.13619, 7.91375]},
			"faces": {
				"north": {"uv": [0, 0, 1, 1], "texture": "#8"},
				"east": {"uv": [0, 0, 1, 1], "texture": "#8"},
				"south": {"uv": [0, 0, 1, 1], "texture": "#8"},
				"west": {"uv": [0, 0, 1, 1], "texture": "#8"},
				"up": {"uv": [0, 0, 1, 1], "texture": "#8"},
				"down": {"uv": [0, 0, 1, 1], "texture": "#8"}
			}
		},
		{
			"from": [5.72487, 22.7819, 14.64313],
			"to": [6.62487, 23.6819, 15.54313],
			"rotation": {"angle": 0, "axis": "y", "origin": [7.75027, 17.13619, 7.91375]},
			"faces": {
				"north": {"uv": [0, 0, 1, 1], "texture": "#8"},
				"east": {"uv": [0, 0, 1, 1], "texture": "#8"},
				"south": {"uv": [0, 0, 1, 1], "texture": "#8"},
				"west": {"uv": [0, 0, 1, 1], "texture": "#8"},
				"up": {"uv": [0, 0, 1, 1], "texture": "#8"},
				"down": {"uv": [0, 0, 1, 1], "texture": "#8"}
			}
		},
		{
			"from": [8.72487, 22.7819, 1.14313],
			"to": [9.62487, 23.6819, 2.04313],
			"rotation": {"angle": 0, "axis": "y", "origin": [7.75027, 17.13619, 7.91375]},
			"faces": {
				"north": {"uv": [0, 0, 1, 1], "texture": "#8"},
				"east": {"uv": [0, 0, 1, 1], "texture": "#8"},
				"south": {"uv": [0, 0, 1, 1], "texture": "#8"},
				"west": {"uv": [0, 0, 1, 1], "texture": "#8"},
				"up": {"uv": [0, 0, 1, 1], "texture": "#8"},
				"down": {"uv": [0, 0, 1, 1], "texture": "#8"}
			}
		},
		{
			"from": [8.72487, 22.7819, 14.64313],
			"to": [9.62487, 23.6819, 15.54313],
			"rotation": {"angle": 0, "axis": "y", "origin": [7.75027, 17.13619, 7.91375]},
			"faces": {
				"north": {"uv": [0, 0, 1, 1], "texture": "#8"},
				"east": {"uv": [0, 0, 1, 1], "texture": "#8"},
				"south": {"uv": [0, 0, 1, 1], "texture": "#8"},
				"west": {"uv": [0, 0, 1, 1], "texture": "#8"},
				"up": {"uv": [0, 0, 1, 1], "texture": "#8"},
				"down": {"uv": [0, 0, 1, 1], "texture": "#8"}
			}
		},
		{
			"from": [5.35234, 22.7819, 14.39621],
			"to": [6.25234, 23.6819, 15.29621],
			"rotation": {"angle": 45, "axis": "y", "origin": [7.75027, 17.13619, 7.91375]},
			"faces": {
				"north": {"uv": [0, 0, 1, 1], "texture": "#8"},
				"east": {"uv": [0, 0, 1, 1], "texture": "#8"},
				"south": {"uv": [0, 0, 1, 1], "texture": "#8"},
				"west": {"uv": [0, 0, 1, 1], "texture": "#8"},
				"up": {"uv": [0, 0, 1, 1], "texture": "#8"},
				"down": {"uv": [0, 0, 1, 1], "texture": "#8"}
			}
		},
		{
			"from": [6.83727, 22.7819, 14.39621],
			"to": [7.73727, 23.6819, 15.29621],
			"rotation": {"angle": 45, "axis": "y", "origin": [7.75027, 17.13619, 7.91375]},
			"faces": {
				"north": {"uv": [0, 0, 1, 1], "texture": "#8"},
				"east": {"uv": [0, 0, 1, 1], "texture": "#8"},
				"south": {"uv": [0, 0, 1, 1], "texture": "#8"},
				"west": {"uv": [0, 0, 1, 1], "texture": "#8"},
				"up": {"uv": [0, 0, 1, 1], "texture": "#8"},
				"down": {"uv": [0, 0, 1, 1], "texture": "#8"}
			}
		},
		{
			"from": [8.32219, 22.7819, 14.39621],
			"to": [9.22219, 23.6819, 15.29621],
			"rotation": {"angle": 45, "axis": "y", "origin": [7.75027, 17.13619, 7.91375]},
			"faces": {
				"north": {"uv": [0, 0, 1, 1], "texture": "#8"},
				"east": {"uv": [0, 0, 1, 1], "texture": "#8"},
				"south": {"uv": [0, 0, 1, 1], "texture": "#8"},
				"west": {"uv": [0, 0, 1, 1], "texture": "#8"},
				"up": {"uv": [0, 0, 1, 1], "texture": "#8"},
				"down": {"uv": [0, 0, 1, 1], "texture": "#8"}
			}
		},
		{
			"from": [7.4445, 22.7819, 1.13852],
			"to": [8.3445, 23.6819, 2.03852],
			"rotation": {"angle": -45, "axis": "y", "origin": [7.75027, 17.13619, 7.91375]},
			"faces": {
				"north": {"uv": [0, 0, 1, 1], "texture": "#8"},
				"east": {"uv": [0, 0, 1, 1], "texture": "#8"},
				"south": {"uv": [0, 0, 1, 1], "texture": "#8"},
				"west": {"uv": [0, 0, 1, 1], "texture": "#8"},
				"up": {"uv": [0, 0, 1, 1], "texture": "#8"},
				"down": {"uv": [0, 0, 1, 1], "texture": "#8"}
			}
		},
		{
			"from": [6.38384, 22.7819, 14.50284],
			"to": [7.28384, 23.6819, 15.40284],
			"rotation": {"angle": -45, "axis": "y", "origin": [7.75027, 17.13619, 7.91375]},
			"faces": {
				"north": {"uv": [0, 0, 1, 1], "texture": "#8"},
				"east": {"uv": [0, 0, 1, 1], "texture": "#8"},
				"south": {"uv": [0, 0, 1, 1], "texture": "#8"},
				"west": {"uv": [0, 0, 1, 1], "texture": "#8"},
				"up": {"uv": [0, 0, 1, 1], "texture": "#8"},
				"down": {"uv": [0, 0, 1, 1], "texture": "#8"}
			}
		},
		{
			"from": [7.86877, 22.7819, 14.50284],
			"to": [8.76877, 23.6819, 15.40284],
			"rotation": {"angle": -45, "axis": "y", "origin": [7.75027, 17.13619, 7.91375]},
			"faces": {
				"north": {"uv": [0, 0, 1, 1], "texture": "#8"},
				"east": {"uv": [0, 0, 1, 1], "texture": "#8"},
				"south": {"uv": [0, 0, 1, 1], "texture": "#8"},
				"west": {"uv": [0, 0, 1, 1], "texture": "#8"},
				"up": {"uv": [0, 0, 1, 1], "texture": "#8"},
				"down": {"uv": [0, 0, 1, 1], "texture": "#8"}
			}
		},
		{
			"from": [9.35369, 22.7819, 14.50284],
			"to": [10.25369, 23.6819, 15.40284],
			"rotation": {"angle": -45, "axis": "y", "origin": [7.75027, 17.13619, 7.91375]},
			"faces": {
				"north": {"uv": [0, 0, 1, 1], "texture": "#8"},
				"east": {"uv": [0, 0, 1, 1], "texture": "#8"},
				"south": {"uv": [0, 0, 1, 1], "texture": "#8"},
				"west": {"uv": [0, 0, 1, 1], "texture": "#8"},
				"up": {"uv": [0, 0, 1, 1], "texture": "#8"},
				"down": {"uv": [0, 0, 1, 1], "texture": "#8"}
			}
		},
		{
			"from": [5.95958, 22.7819, 1.13852],
			"to": [6.85958, 23.6819, 2.03852],
			"rotation": {"angle": -45, "axis": "y", "origin": [7.75027, 17.13619, 7.91375]},
			"faces": {
				"north": {"uv": [0, 0, 1, 1], "texture": "#8"},
				"east": {"uv": [0, 0, 1, 1], "texture": "#8"},
				"south": {"uv": [0, 0, 1, 1], "texture": "#8"},
				"west": {"uv": [0, 0, 1, 1], "texture": "#8"},
				"up": {"uv": [0, 0, 1, 1], "texture": "#8"},
				"down": {"uv": [0, 0, 1, 1], "texture": "#8"}
			}
		},
		{
			"from": [0.97448, 22.7819, 6.33576],
			"to": [1.87448, 23.6819, 7.23576],
			"rotation": {"angle": -45, "axis": "y", "origin": [7.75027, 17.13619, 7.91375]},
			"faces": {
				"north": {"uv": [0, 0, 1, 1], "texture": "#8"},
				"east": {"uv": [0, 0, 1, 1], "texture": "#8"},
				"south": {"uv": [0, 0, 1, 1], "texture": "#8"},
				"west": {"uv": [0, 0, 1, 1], "texture": "#8"},
				"up": {"uv": [0, 0, 1, 1], "rotation": 90, "texture": "#8"},
				"down": {"uv": [0, 0, 1, 1], "rotation": 270, "texture": "#8"}
			}
		},
		{
			"from": [0.97448, 22.7819, 9.3056],
			"to": [1.87448, 23.6819, 10.2056],
			"rotation": {"angle": -45, "axis": "y", "origin": [7.75027, 17.13619, 7.91375]},
			"faces": {
				"north": {"uv": [0, 0, 1, 1], "texture": "#8"},
				"east": {"uv": [0, 0, 1, 1], "texture": "#8"},
				"south": {"uv": [0, 0, 1, 1], "texture": "#8"},
				"west": {"uv": [0, 0, 1, 1], "texture": "#8"},
				"up": {"uv": [0, 0, 1, 1], "rotation": 90, "texture": "#8"},
				"down": {"uv": [0, 0, 1, 1], "rotation": 270, "texture": "#8"}
			}
		},
		{
			"from": [0.97448, 22.7819, 7.82068],
			"to": [1.87448, 23.6819, 8.72068],
			"rotation": {"angle": -45, "axis": "y", "origin": [7.75027, 17.13619, 7.91375]},
			"faces": {
				"north": {"uv": [0, 0, 1, 1], "texture": "#8"},
				"east": {"uv": [0, 0, 1, 1], "texture": "#8"},
				"south": {"uv": [0, 0, 1, 1], "texture": "#8"},
				"west": {"uv": [0, 0, 1, 1], "texture": "#8"},
				"up": {"uv": [0, 0, 1, 1], "rotation": 90, "texture": "#8"},
				"down": {"uv": [0, 0, 1, 1], "rotation": 270, "texture": "#8"}
			}
		},
		{
			"from": [8.92943, 22.7819, 1.13852],
			"to": [9.82943, 23.6819, 2.03852],
			"rotation": {"angle": -45, "axis": "y", "origin": [7.75027, 17.13619, 7.91375]},
			"faces": {
				"north": {"uv": [0, 0, 1, 1], "texture": "#8"},
				"east": {"uv": [0, 0, 1, 1], "texture": "#8"},
				"south": {"uv": [0, 0, 1, 1], "texture": "#8"},
				"west": {"uv": [0, 0, 1, 1], "texture": "#8"},
				"up": {"uv": [0, 0, 1, 1], "texture": "#8"},
				"down": {"uv": [0, 0, 1, 1], "texture": "#8"}
			}
		}
	],
	"display": {
		"thirdperson_righthand": {
			"translation": [0, 0, -3],
			"scale": [0.5, 0.5, 0.5]
		},
		"fixed": {
			"translation": [0, 16, 15],
			"scale": [4, 4, 4]
		}
	},
	"groups": [
		{
			"name": "whole damn thing",
			"origin": [8, 8, 8],
			"children": [0,
				{
					"name": "octagon",
					"origin": [8, 8, 8],
					"children": [
						{
							"name": "roof",
							"origin": [7.7, 21, 8.2],
							"children": [1, 2, 3, 4, 5, 6, 7, 8]
						}
					]
				},
				{
					"name": "main bit",
					"origin": [10.5, -0.5, 8.05025],
					"children": [9, 10, 11, 12, 13, 14, 15, 16, 17, 18, 19, 20, 21, 22, 23, 24, 25, 26]
				},
				{
					"name": "Black bit around bottom",
					"origin": [9.61945, 7.5, 9.84978],
					"children": [27, 28, 29, 30, 31, 32, 33, 34]
				},
				{
					"name": "rim?",
					"origin": [19.42462, 25.3, 12.89914],
					"children": [
						{
							"name": "group",
							"origin": [19.42462, 25.3, 12.89914],
							"children": [35, 36, 37, 38, 39, 40, 41, 42, 43, 44, 45, 46, 47, 48, 49, 50]
						}
					]
				},
				{
					"name": "group",
					"origin": [11.5, 20.2, 5.7],
					"children": [51, 52, 53, 54, 55, 56, 57, 58, 59, 60, 61, 62, 63, 64, 65, 66, 67, 68, 69, 70, 71, 72, 73, 74, 75, 76, 77, 78, 79, 80, 81, 82, 83, 84, 85, 86, 87, 88, 89, 90, 91, 92, 93, 94, 95, 96, 97, 98, 99, 100, 101, 102, 103, 104]
				}
			]
		}
	]
}