{
	"credit": "anivator",
	"textures": {
		"0": "blocks/hardened_clay_stained_white",
		"2": "blocks/hardened_clay_stained_white",
		"3": "blocks/wool_colored_black",
		"9": "blocks/door_iron_upper",
		"11": "blocks/hardened_clay_stained_yellow",
		"14": "blocks/hardened_clay_stained_black",
		"15": "blocks/wool_colored_red",
		"18": "blocks/wool_colored_white",
		"19": "blocks/crafting_table_side",
		"20": "blocks/end_stone",
		"21": "blocks/wool_colored_gray",
		"22": "blocks/wool_colored_black",
		"particle": "blocks/hardened_clay_stained_white"
	},
	"elements": [
		{
			"from": [-1, 3, -3],
			"to": [0, 4, -2],
			"faces": {
				"north": {"uv": [0, 0, 1, 1], "texture": "#9"},
				"east": {"uv": [0, 0, 1, 1], "texture": "#9"},
				"south": {"uv": [0, 0, 1, 1], "texture": "#9"},
				"west": {"uv": [0, 0, 1, 1], "texture": "#9"},
				"up": {"uv": [0, 0, 1, 1], "texture": "#9"},
				"down": {"uv": [0, 0, 1, 1], "texture": "#9"}
			}
		},
		{
			"from": [17, 4, -4],
			"to": [18, 7, -3],
			"faces": {
				"north": {"uv": [0, 0, 1, 3], "texture": "#9"},
				"east": {"uv": [0, 0, 1, 3], "texture": "#9"},
				"south": {"uv": [0, 0, 1, 3], "texture": "#9"},
				"west": {"uv": [0, 0, 1, 3], "texture": "#9"},
				"up": {"uv": [0, 0, 1, 3], "texture": "#9"},
				"down": {"uv": [0, 0, 1, 3], "texture": "#9"}
			}
		},
		{
			"from": [17, 3, -3],
			"to": [18, 4, -2],
			"faces": {
				"north": {"uv": [0, 0, 1, 1], "texture": "#9"},
				"east": {"uv": [0, 0, 1, 1], "texture": "#9"},
				"south": {"uv": [0, 0, 1, 1], "texture": "#9"},
				"west": {"uv": [0, 0, 1, 1], "texture": "#9"},
				"up": {"uv": [0, 0, 1, 1], "texture": "#9"},
				"down": {"uv": [0, 0, 1, 1], "texture": "#9"}
			}
		},
		{
			"from": [20, 4, -1],
			"to": [21, 7, 0],
			"faces": {
				"north": {"uv": [0, 0, 1, 3], "texture": "#9"},
				"east": {"uv": [0, 0, 1, 3], "texture": "#9"},
				"south": {"uv": [0, 0, 1, 3], "texture": "#9"},
				"west": {"uv": [0, 0, 1, 3], "texture": "#9"},
				"up": {"uv": [0, 0, 1, 3], "texture": "#9"},
				"down": {"uv": [0, 0, 1, 3], "texture": "#9"}
			}
		},
		{
			"from": [19, 3, -1],
			"to": [20, 4, 0],
			"faces": {
				"north": {"uv": [0, 0, 1, 1], "texture": "#9"},
				"east": {"uv": [0, 0, 1, 1], "texture": "#9"},
				"south": {"uv": [0, 0, 1, 1], "texture": "#9"},
				"west": {"uv": [0, 0, 1, 1], "texture": "#9"},
				"up": {"uv": [0, 0, 1, 1], "texture": "#9"},
				"down": {"uv": [0, 0, 1, 1], "texture": "#9"}
			}
		},
		{
			"from": [-4, 4, -1],
			"to": [-3, 7, 0],
			"faces": {
				"north": {"uv": [0, 0, 1, 3], "texture": "#9"},
				"east": {"uv": [0, 0, 1, 3], "texture": "#9"},
				"south": {"uv": [0, 0, 1, 3], "texture": "#9"},
				"west": {"uv": [0, 0, 1, 3], "texture": "#9"},
				"up": {"uv": [0, 0, 1, 3], "texture": "#9"},
				"down": {"uv": [0, 0, 1, 3], "texture": "#9"}
			}
		},
		{
			"from": [-3, 3, -1],
			"to": [-2, 4, 0],
			"faces": {
				"north": {"uv": [0, 0, 1, 1], "texture": "#9"},
				"east": {"uv": [0, 0, 1, 1], "texture": "#9"},
				"south": {"uv": [0, 0, 1, 1], "texture": "#9"},
				"west": {"uv": [0, 0, 1, 1], "texture": "#9"},
				"up": {"uv": [0, 0, 1, 1], "texture": "#9"},
				"down": {"uv": [0, 0, 1, 1], "texture": "#9"}
			}
		},
		{
			"from": [-3, 3, 13],
			"to": [-2, 4, 14],
			"faces": {
				"north": {"uv": [0, 0, 1, 1], "texture": "#9"},
				"east": {"uv": [0, 0, 1, 1], "texture": "#9"},
				"south": {"uv": [0, 0, 1, 1], "texture": "#9"},
				"west": {"uv": [0, 0, 1, 1], "texture": "#9"},
				"up": {"uv": [0, 0, 1, 1], "texture": "#9"},
				"down": {"uv": [0, 0, 1, 1], "texture": "#9"}
			}
		},
		{
			"from": [-4, 4, 13],
			"to": [-3, 7, 14],
			"faces": {
				"north": {"uv": [0, 0, 1, 3], "texture": "#9"},
				"east": {"uv": [0, 0, 1, 3], "texture": "#9"},
				"south": {"uv": [0, 0, 1, 3], "texture": "#9"},
				"west": {"uv": [0, 0, 1, 3], "texture": "#9"},
				"up": {"uv": [0, 0, 1, 3], "texture": "#9"},
				"down": {"uv": [0, 0, 1, 3], "texture": "#9"}
			}
		},
		{
			"from": [-1, 4, 15],
			"to": [0, 7, 16],
			"faces": {
				"north": {"uv": [0, 0, 1, 3], "texture": "#9"},
				"east": {"uv": [0, 0, 1, 3], "texture": "#9"},
				"south": {"uv": [0, 0, 1, 3], "texture": "#9"},
				"west": {"uv": [0, 0, 1, 3], "texture": "#9"},
				"up": {"uv": [0, 0, 1, 3], "texture": "#9"},
				"down": {"uv": [0, 0, 1, 3], "texture": "#9"}
			}
		},
		{
			"from": [-1, 3, 14],
			"to": [0, 4, 15],
			"faces": {
				"north": {"uv": [0, 0, 1, 1], "texture": "#9"},
				"east": {"uv": [0, 0, 1, 1], "texture": "#9"},
				"south": {"uv": [0, 0, 1, 1], "texture": "#9"},
				"west": {"uv": [0, 0, 1, 1], "texture": "#9"},
				"up": {"uv": [0, 0, 1, 1], "texture": "#9"},
				"down": {"uv": [0, 0, 1, 1], "texture": "#9"}
			}
		},
		{
			"from": [17, 4, 15],
			"to": [18, 7, 16],
			"faces": {
				"north": {"uv": [0, 0, 1, 3], "texture": "#9"},
				"east": {"uv": [0, 0, 1, 3], "texture": "#9"},
				"south": {"uv": [0, 0, 1, 3], "texture": "#9"},
				"west": {"uv": [0, 0, 1, 3], "texture": "#9"},
				"up": {"uv": [0, 0, 1, 3], "texture": "#9"},
				"down": {"uv": [0, 0, 1, 3], "texture": "#9"}
			}
		},
		{
			"from": [19, 3, 13],
			"to": [20, 4, 14],
			"faces": {
				"north": {"uv": [0, 0, 1, 1], "texture": "#9"},
				"east": {"uv": [0, 0, 1, 1], "texture": "#9"},
				"south": {"uv": [0, 0, 1, 1], "texture": "#9"},
				"west": {"uv": [0, 0, 1, 1], "texture": "#9"},
				"up": {"uv": [0, 0, 1, 1], "texture": "#9"},
				"down": {"uv": [0, 0, 1, 1], "texture": "#9"}
			}
		},
		{
			"from": [20, 4, 13],
			"to": [21, 7, 14],
			"faces": {
				"north": {"uv": [10.25, 9.999, 11.249, 12.999], "texture": "#9"},
				"east": {"uv": [10.25, 9.999, 11.249, 12.999], "texture": "#9"},
				"south": {"uv": [10.25, 9.999, 11.249, 12.999], "texture": "#9"},
				"west": {"uv": [10.25, 9.999, 11.249, 12.999], "texture": "#9"},
				"up": {"uv": [10.25, 9.999, 11.249, 12.999], "texture": "#9"},
				"down": {"uv": [10.25, 9.999, 11.249, 12.999], "texture": "#9"}
			}
		},
		{
			"from": [17, 3, 14],
			"to": [18, 4, 15],
			"faces": {
				"north": {"uv": [0, 0, 1, 1], "texture": "#9"},
				"east": {"uv": [0, 0, 1, 1], "texture": "#9"},
				"south": {"uv": [0, 0, 1, 1], "texture": "#9"},
				"west": {"uv": [0, 0, 1, 1], "texture": "#9"},
				"up": {"uv": [0, 0, 1, 1], "texture": "#9"},
				"down": {"uv": [0, 0, 1, 1], "texture": "#9"}
			}
		},
		{
			"from": [-4, 7, -5],
			"to": [21, 8, 17],
			"faces": {
				"north": {"uv": [0, 0, 16, 1], "texture": "#19"},
				"east": {"uv": [0, 0, 16, 1], "texture": "#19"},
				"south": {"uv": [0, 0, 16, 1], "texture": "#19"},
				"west": {"uv": [0, 0, 16, 1], "texture": "#19"},
				"up": {"uv": [0, 0, 16, 1], "texture": "#19"},
				"down": {"uv": [0, 0, 16, 1], "texture": "#19"}
			}
		},
		{
			"from": [-2, 8, -4],
			"to": [19, 16, 8],
			"faces": {
				"north": {"uv": [0, 0, 1.5, 1.999], "texture": "#20"},
				"east": {"uv": [0, 0, 1, 2.499], "texture": "#20"},
				"south": {"uv": [0, 0, 4.499, 3.999], "texture": "#20"},
				"west": {"uv": [0, 0, 2.499, 2.499], "texture": "#20"},
				"up": {"uv": [0, 0, 16, 8], "texture": "#missing"},
				"down": {"uv": [0, 0, 16, 8], "texture": "#missing"}
			}
		},
		{
			"from": [-3, 16, -5],
			"to": [20, 16.5, 8],
			"faces": {
				"north": {"uv": [0, 0, 16, 13], "texture": "#19"},
				"east": {"uv": [0, 0, 16, 13], "texture": "#19"},
				"south": {"uv": [0, 0, 16, 13], "texture": "#19"},
				"west": {"uv": [0, 0, 16, 13], "texture": "#19"},
				"up": {"uv": [0, 0, 16, 13], "texture": "#19"},
				"down": {"uv": [0, 0, 16, 13], "texture": "#19"}
			}
		},
		{
			"from": [-1, 4, -4],
			"to": [0, 7, -3],
			"faces": {
				"north": {"uv": [0, 0, 1, 3], "texture": "#9"},
				"east": {"uv": [0, 0, 1, 3], "texture": "#9"},
				"south": {"uv": [0, 0, 1, 3], "texture": "#9"},
				"west": {"uv": [0, 0, 1, 3], "texture": "#9"},
				"up": {"uv": [0, 0, 1, 3], "texture": "#9"},
				"down": {"uv": [0, 0, 1, 3], "texture": "#9"}
			}
		},
		{
			"from": [-2, -6, -2],
			"to": [19, 7, 14],
			"faces": {
				"north": {"uv": [0, 0, 4, 3.5], "texture": "#20"},
				"east": {"uv": [0, 0, 4, 3.5], "texture": "#20"},
				"south": {"uv": [0, 0, 4, 3.5], "texture": "#20"},
				"west": {"uv": [0, 0, 4, 3.5], "texture": "#20"},
				"up": {"uv": [0, 0, 4, 3.5], "texture": "#20"},
				"down": {"uv": [0, 0, 4, 3.5], "texture": "#20"}
			}
		},
		{
			"from": [-2, -13, 14],
			"to": [-1, -4, 15],
			"faces": {
				"north": {"uv": [0, 0, 9, 1], "rotation": 90, "texture": "#14"},
				"east": {"uv": [0, 0, 9, 1], "rotation": 90, "texture": "#14"},
				"south": {"uv": [0, 0, 9, 1], "rotation": 90, "texture": "#14"},
				"west": {"uv": [0, 0, 9, 1], "rotation": 90, "texture": "#14"},
				"up": {"uv": [0, 0, 9, 1], "rotation": 90, "texture": "#14"},
				"down": {"uv": [0, 0, 9, 1], "rotation": 90, "texture": "#14"}
			}
		},
		{
			"from": [-2, -14, 14],
			"to": [-1, -3, 15],
			"rotation": {"angle": -45, "axis": "z", "origin": [-1.5, -8.5, 14.5]},
			"faces": {
				"north": {"uv": [0, 0, 11, 1], "rotation": 90, "texture": "#14"},
				"east": {"uv": [0, 0, 11, 1], "rotation": 90, "texture": "#14"},
				"south": {"uv": [0, 0, 11, 1], "rotation": 90, "texture": "#14"},
				"west": {"uv": [0, 0, 11, 1], "rotation": 90, "texture": "#14"},
				"up": {"uv": [0, 0, 11, 1], "rotation": 90, "texture": "#14"},
				"down": {"uv": [0, 0, 11, 1], "rotation": 90, "texture": "#14"}
			}
		},
		{
			"from": [-7, -9, 14],
			"to": [4, -8, 15],
			"rotation": {"angle": -45, "axis": "z", "origin": [-1.5, -8.5, 14.5]},
			"faces": {
				"north": {"uv": [0, 0, 11, 1], "texture": "#14"},
				"east": {"uv": [0, 0, 11, 1], "texture": "#14"},
				"south": {"uv": [0, 0, 11, 1], "texture": "#14"},
				"west": {"uv": [0, 0, 11, 1], "texture": "#14"},
				"up": {"uv": [0, 0, 11, 1], "texture": "#14"},
				"down": {"uv": [0, 0, 11, 1], "texture": "#14"}
			}
		},
		{
			"from": [-3, -14, 14],
			"to": [0, -13, 15],
			"faces": {
				"north": {"uv": [0, 0, 3, 1], "texture": "#14"},
				"east": {"uv": [0, 0, 3, 1], "texture": "#14"},
				"south": {"uv": [0, 0, 3, 1], "texture": "#14"},
				"west": {"uv": [0, 0, 3, 1], "texture": "#14"},
				"up": {"uv": [0, 0, 3, 1], "texture": "#14"},
				"down": {"uv": [0, 0, 3, 1], "texture": "#14"}
			}
		},
		{
			"from": [-5, -13, 14],
			"to": [-3, -12, 15],
			"faces": {
				"north": {"uv": [0, 0, 2, 1], "texture": "#14"},
				"east": {"uv": [0, 0, 2, 1], "texture": "#14"},
				"south": {"uv": [0, 0, 2, 1], "texture": "#14"},
				"west": {"uv": [0, 0, 2, 1], "texture": "#14"},
				"up": {"uv": [0, 0, 2, 1], "texture": "#14"},
				"down": {"uv": [0, 0, 2, 1], "texture": "#14"}
			}
		},
		{
			"from": [-6, -9, 14],
			"to": [3, -8, 15],
			"faces": {
				"north": {"uv": [0, 0, 9, 1], "texture": "#14"},
				"east": {"uv": [0, 0, 9, 1], "texture": "#14"},
				"south": {"uv": [0, 0, 9, 1], "texture": "#14"},
				"west": {"uv": [0, 0, 9, 1], "texture": "#14"},
				"up": {"uv": [0, 0, 9, 1], "texture": "#14"},
				"down": {"uv": [0, 0, 9, 1], "texture": "#14"}
			}
		},
		{
			"from": [0, -13, 14],
			"to": [2, -12, 15],
			"faces": {
				"north": {"uv": [0, 0, 2, 1], "texture": "#14"},
				"east": {"uv": [0, 0, 2, 1], "texture": "#14"},
				"south": {"uv": [0, 0, 2, 1], "texture": "#14"},
				"west": {"uv": [0, 0, 2, 1], "texture": "#14"},
				"up": {"uv": [0, 0, 2, 1], "texture": "#14"},
				"down": {"uv": [0, 0, 2, 1], "texture": "#14"}
			}
		},
		{
			"from": [2, -12, 14],
			"to": [3, -10, 15],
			"faces": {
				"north": {"uv": [0, 0, 1, 2], "texture": "#14"},
				"east": {"uv": [0, 0, 1, 2], "texture": "#14"},
				"south": {"uv": [0, 0, 1, 2], "texture": "#14"},
				"west": {"uv": [0, 0, 1, 2], "texture": "#14"},
				"up": {"uv": [0, 0, 1, 2], "texture": "#14"},
				"down": {"uv": [0, 0, 1, 2], "texture": "#14"}
			}
		},
		{
			"from": [-6, -12, 14],
			"to": [-5, -10, 15],
			"faces": {
				"north": {"uv": [0, 0, 1, 2], "texture": "#14"},
				"east": {"uv": [0, 0, 1, 2], "texture": "#14"},
				"south": {"uv": [0, 0, 1, 2], "texture": "#14"},
				"west": {"uv": [0, 0, 1, 2], "texture": "#14"},
				"up": {"uv": [0, 0, 1, 2], "texture": "#14"},
				"down": {"uv": [0, 0, 1, 2], "texture": "#14"}
			}
		},
		{
			"from": [3, -10, 14],
			"to": [4, -7, 15],
			"faces": {
				"north": {"uv": [0, 0, 1, 3], "texture": "#14"},
				"east": {"uv": [0, 0, 1, 3], "texture": "#14"},
				"south": {"uv": [0, 0, 1, 3], "texture": "#14"},
				"west": {"uv": [0, 0, 1, 3], "texture": "#14"},
				"up": {"uv": [0, 0, 1, 3], "texture": "#14"},
				"down": {"uv": [0, 0, 1, 3], "texture": "#14"}
			}
		},
		{
			"from": [-7, -10, 14],
			"to": [-6, -7, 15],
			"faces": {
				"north": {"uv": [0, 0, 1, 3], "texture": "#14"},
				"east": {"uv": [0, 0, 1, 3], "texture": "#14"},
				"south": {"uv": [0, 0, 1, 3], "texture": "#14"},
				"west": {"uv": [0, 0, 1, 3], "texture": "#14"},
				"up": {"uv": [0, 0, 1, 3], "texture": "#14"},
				"down": {"uv": [0, 0, 1, 3], "texture": "#14"}
			}
		},
		{
			"from": [-6, -7, 14],
			"to": [-5, -5, 15],
			"faces": {
				"north": {"uv": [0, 0, 1, 2], "texture": "#14"},
				"east": {"uv": [0, 0, 1, 2], "texture": "#14"},
				"south": {"uv": [0, 0, 1, 2], "texture": "#14"},
				"west": {"uv": [0, 0, 1, 2], "texture": "#14"},
				"up": {"uv": [0, 0, 1, 2], "texture": "#14"},
				"down": {"uv": [0, 0, 1, 2], "texture": "#14"}
			}
		},
		{
			"from": [2, -7, 14],
			"to": [3, -5, 15],
			"faces": {
				"north": {"uv": [0, 0, 1, 2], "texture": "#14"},
				"east": {"uv": [0, 0, 1, 2], "texture": "#14"},
				"south": {"uv": [0, 0, 1, 2], "texture": "#14"},
				"west": {"uv": [0, 0, 1, 2], "texture": "#14"},
				"up": {"uv": [0, 0, 1, 2], "texture": "#14"},
				"down": {"uv": [0, 0, 1, 2], "texture": "#14"}
			}
		},
		{
			"from": [0, -5, 14],
			"to": [2, -4, 15],
			"faces": {
				"north": {"uv": [0, 0, 2, 1], "texture": "#14"},
				"east": {"uv": [0, 0, 2, 1], "texture": "#14"},
				"south": {"uv": [0, 0, 2, 1], "texture": "#14"},
				"west": {"uv": [0, 0, 2, 1], "texture": "#14"},
				"up": {"uv": [0, 0, 2, 1], "texture": "#14"},
				"down": {"uv": [0, 0, 2, 1], "texture": "#14"}
			}
		},
		{
			"from": [-5, -5, 14],
			"to": [-3, -4, 15],
			"faces": {
				"north": {"uv": [0, 0, 2, 1], "texture": "#14"},
				"east": {"uv": [0, 0, 2, 1], "texture": "#14"},
				"south": {"uv": [0, 0, 2, 1], "texture": "#14"},
				"west": {"uv": [0, 0, 2, 1], "texture": "#14"},
				"up": {"uv": [0, 0, 2, 1], "texture": "#14"},
				"down": {"uv": [0, 0, 2, 1], "texture": "#14"}
			}
		},
		{
			"from": [-3, -4, 14],
			"to": [0, -3, 15],
			"faces": {
				"north": {"uv": [0, 0, 3, 1], "texture": "#14"},
				"east": {"uv": [0, 0, 3, 1], "texture": "#14"},
				"south": {"uv": [0, 0, 3, 1], "texture": "#14"},
				"west": {"uv": [0, 0, 3, 1], "texture": "#14"},
				"up": {"uv": [0, 0, 3, 1], "texture": "#14"},
				"down": {"uv": [0, 0, 3, 1], "texture": "#14"}
			}
		},
		{
			"from": [-2, -13, -3],
			"to": [-1, -4, -2],
			"faces": {
				"north": {"uv": [0, 0, 9, 1], "rotation": 90, "texture": "#14"},
				"east": {"uv": [0, 0, 9, 1], "rotation": 90, "texture": "#14"},
				"south": {"uv": [0, 0, 9, 1], "rotation": 90, "texture": "#14"},
				"west": {"uv": [0, 0, 9, 1], "rotation": 90, "texture": "#14"},
				"up": {"uv": [0, 0, 9, 1], "rotation": 90, "texture": "#14"},
				"down": {"uv": [0, 0, 9, 1], "rotation": 90, "texture": "#14"}
			}
		},
		{
			"from": [-2, -14, -3],
			"to": [-1, -3, -2],
			"rotation": {"angle": -45, "axis": "z", "origin": [-1.5, -8.5, -2.5]},
			"faces": {
				"north": {"uv": [0, 0, 11, 1], "rotation": 90, "texture": "#14"},
				"east": {"uv": [0, 0, 11, 1], "rotation": 90, "texture": "#14"},
				"south": {"uv": [0, 0, 11, 1], "rotation": 90, "texture": "#14"},
				"west": {"uv": [0, 0, 11, 1], "rotation": 90, "texture": "#14"},
				"up": {"uv": [0, 0, 11, 1], "rotation": 90, "texture": "#14"},
				"down": {"uv": [0, 0, 11, 1], "rotation": 90, "texture": "#14"}
			}
		},
		{
			"from": [-3, -14, -3],
			"to": [0, -13, -2],
			"faces": {
				"north": {"uv": [0, 0, 16, 16], "texture": "#14"},
				"east": {"uv": [0, 0, 16, 16], "texture": "#14"},
				"south": {"uv": [0, 0, 16, 16], "texture": "#14"},
				"west": {"uv": [0, 0, 16, 16], "texture": "#14"},
				"up": {"uv": [0, 0, 16, 16], "texture": "#14"},
				"down": {"uv": [0, 0, 16, 16], "texture": "#14"}
			}
		},
		{
			"from": [-5, -13, -3],
			"to": [-3, -12, -2],
			"faces": {
				"north": {"uv": [0, 0, 2, 1], "texture": "#14"},
				"east": {"uv": [0, 0, 2, 1], "texture": "#14"},
				"south": {"uv": [0, 0, 2, 1], "texture": "#14"},
				"west": {"uv": [0, 0, 2, 1], "texture": "#14"},
				"up": {"uv": [0, 0, 2, 1], "texture": "#14"},
				"down": {"uv": [0, 0, 2, 1], "texture": "#14"}
			}
		},
		{
			"from": [-6, -9, -3],
			"to": [3, -8, -2],
			"faces": {
				"north": {"uv": [0, 0, 9, 1], "texture": "#14"},
				"east": {"uv": [0, 0, 9, 1], "texture": "#14"},
				"south": {"uv": [0, 0, 9, 1], "texture": "#14"},
				"west": {"uv": [0, 0, 9, 1], "texture": "#14"},
				"up": {"uv": [0, 0, 9, 1], "texture": "#14"},
				"down": {"uv": [0, 0, 9, 1], "texture": "#14"}
			}
		},
		{
			"from": [0, -13, -3],
			"to": [2, -12, -2],
			"faces": {
				"north": {"uv": [0, 0, 2, 1], "texture": "#14"},
				"east": {"uv": [0, 0, 2, 1], "texture": "#14"},
				"south": {"uv": [0, 0, 2, 1], "texture": "#14"},
				"west": {"uv": [0, 0, 2, 1], "texture": "#14"},
				"up": {"uv": [0, 0, 2, 1], "texture": "#14"},
				"down": {"uv": [0, 0, 2, 1], "texture": "#14"}
			}
		},
		{
			"from": [2, -12, -3],
			"to": [3, -10, -2],
			"faces": {
				"north": {"uv": [0, 0, 1, 2], "texture": "#14"},
				"east": {"uv": [0, 0, 1, 2], "texture": "#14"},
				"south": {"uv": [0, 0, 1, 2], "texture": "#14"},
				"west": {"uv": [0, 0, 1, 2], "texture": "#14"},
				"up": {"uv": [0, 0, 1, 2], "texture": "#14"},
				"down": {"uv": [0, 0, 1, 2], "texture": "#14"}
			}
		},
		{
			"from": [-6, -12, -3],
			"to": [-5, -10, -2],
			"faces": {
				"north": {"uv": [0, 0, 1, 2], "texture": "#14"},
				"east": {"uv": [0, 0, 1, 2], "texture": "#14"},
				"south": {"uv": [0, 0, 1, 2], "texture": "#14"},
				"west": {"uv": [0, 0, 1, 2], "texture": "#14"},
				"up": {"uv": [0, 0, 1, 2], "texture": "#14"},
				"down": {"uv": [0, 0, 1, 2], "texture": "#14"}
			}
		},
		{
			"from": [3, -10, -3],
			"to": [4, -7, -2],
			"faces": {
				"north": {"uv": [0, 0, 1, 3], "texture": "#14"},
				"east": {"uv": [0, 0, 1, 3], "texture": "#14"},
				"south": {"uv": [0, 0, 1, 3], "texture": "#14"},
				"west": {"uv": [0, 0, 1, 3], "texture": "#14"},
				"up": {"uv": [0, 0, 1, 3], "texture": "#14"},
				"down": {"uv": [0, 0, 1, 3], "texture": "#14"}
			}
		},
		{
			"from": [-7, -10, -3],
			"to": [-6, -7, -2],
			"faces": {
				"north": {"uv": [0, 0, 1, 3], "texture": "#14"},
				"east": {"uv": [0, 0, 1, 3], "texture": "#14"},
				"south": {"uv": [0, 0, 1, 3], "texture": "#14"},
				"west": {"uv": [0, 0, 1, 3], "texture": "#14"},
				"up": {"uv": [0, 0, 1, 3], "texture": "#14"},
				"down": {"uv": [0, 0, 1, 3], "texture": "#14"}
			}
		},
		{
			"from": [-6, -7, -3],
			"to": [-5, -5, -2],
			"faces": {
				"north": {"uv": [0, 0, 1, 2], "texture": "#14"},
				"east": {"uv": [0, 0, 1, 2], "texture": "#14"},
				"south": {"uv": [0, 0, 1, 2], "texture": "#14"},
				"west": {"uv": [0, 0, 1, 2], "texture": "#14"},
				"up": {"uv": [0, 0, 1, 2], "texture": "#14"},
				"down": {"uv": [0, 0, 1, 2], "texture": "#14"}
			}
		},
		{
			"from": [2, -7, -3],
			"to": [3, -5, -2],
			"faces": {
				"north": {"uv": [0, 0, 1, 2], "texture": "#14"},
				"east": {"uv": [0, 0, 1, 2], "texture": "#14"},
				"south": {"uv": [0, 0, 1, 2], "texture": "#14"},
				"west": {"uv": [0, 0, 1, 2], "texture": "#14"},
				"up": {"uv": [0, 0, 1, 2], "texture": "#14"},
				"down": {"uv": [0, 0, 1, 2], "texture": "#14"}
			}
		},
		{
			"from": [0, -5, -3],
			"to": [2, -4, -2],
			"faces": {
				"north": {"uv": [0, 0, 2, 1], "texture": "#14"},
				"east": {"uv": [0, 0, 2, 1], "texture": "#14"},
				"south": {"uv": [0, 0, 2, 1], "texture": "#14"},
				"west": {"uv": [0, 0, 2, 1], "texture": "#14"},
				"up": {"uv": [0, 0, 2, 1], "texture": "#14"},
				"down": {"uv": [0, 0, 2, 1], "texture": "#14"}
			}
		},
		{
			"from": [-5, -5, -3],
			"to": [-3, -4, -2],
			"faces": {
				"north": {"uv": [0, 0, 2, 1], "texture": "#14"},
				"east": {"uv": [0, 0, 2, 1], "texture": "#14"},
				"south": {"uv": [0, 0, 2, 1], "texture": "#14"},
				"west": {"uv": [0, 0, 2, 1], "texture": "#14"},
				"up": {"uv": [0, 0, 2, 1], "texture": "#14"},
				"down": {"uv": [0, 0, 2, 1], "texture": "#14"}
			}
		},
		{
			"from": [-3, -4, -3],
			"to": [0, -3, -2],
			"faces": {
				"north": {"uv": [0, 0, 3, 1], "texture": "#14"},
				"east": {"uv": [0, 0, 3, 1], "texture": "#14"},
				"south": {"uv": [0, 0, 3, 1], "texture": "#14"},
				"west": {"uv": [0, 0, 3, 1], "texture": "#14"},
				"up": {"uv": [0, 0, 3, 1], "texture": "#14"},
				"down": {"uv": [0, 0, 3, 1], "texture": "#14"}
			}
		},
		{
			"from": [-7, -9, -3],
			"to": [4, -8, -2],
			"rotation": {"angle": -45, "axis": "z", "origin": [-1.5, -8.5, 14.5]},
			"faces": {
				"north": {"uv": [0, 0, 11, 1], "rotation": 180, "texture": "#14"},
				"east": {"uv": [0, 0, 11, 1], "rotation": 180, "texture": "#14"},
				"south": {"uv": [0, 0, 11, 1], "rotation": 180, "texture": "#14"},
				"west": {"uv": [0, 0, 11, 1], "rotation": 180, "texture": "#14"},
				"up": {"uv": [0, 0, 11, 1], "rotation": 180, "texture": "#14"},
				"down": {"uv": [0, 0, 11, 1], "rotation": 180, "texture": "#14"}
			}
		},
		{
			"from": [18, -9, 14],
			"to": [19, -8, 15],
			"faces": {
				"north": {"uv": [0, 0, 1, 1], "texture": "#14"},
				"east": {"uv": [0, 0, 1, 1], "texture": "#14"},
				"south": {"uv": [0, 0, 1, 1], "texture": "#14"},
				"west": {"uv": [0, 0, 1, 1], "texture": "#14"},
				"up": {"uv": [0, 0, 1, 1], "texture": "#14"},
				"down": {"uv": [0, 0, 1, 1], "texture": "#14"}
			}
		},
		{
			"from": [15, -14, 14],
			"to": [18, -13, 15],
			"faces": {
				"north": {"uv": [0, 0, 3, 1], "texture": "#14"},
				"east": {"uv": [0, 0, 3, 1], "texture": "#14"},
				"south": {"uv": [0, 0, 3, 1], "texture": "#14"},
				"west": {"uv": [0, 0, 3, 1], "texture": "#14"},
				"up": {"uv": [0, 0, 3, 1], "texture": "#14"},
				"down": {"uv": [0, 0, 3, 1], "texture": "#14"}
			}
		},
		{
			"from": [19, -12, 14],
			"to": [20, -9, 15],
			"faces": {
				"north": {"uv": [0, 0, 1, 3], "texture": "#14"},
				"east": {"uv": [0, 0, 1, 3], "texture": "#14"},
				"south": {"uv": [0, 0, 1, 3], "texture": "#14"},
				"west": {"uv": [0, 0, 1, 3], "texture": "#14"},
				"up": {"uv": [0, 0, 1, 3], "texture": "#14"},
				"down": {"uv": [0, 0, 1, 3], "texture": "#14"}
			}
		},
		{
			"from": [13, -12, 14],
			"to": [14, -9, 15],
			"faces": {
				"north": {"uv": [0, 0, 1, 3], "texture": "#14"},
				"east": {"uv": [0, 0, 1, 3], "texture": "#14"},
				"south": {"uv": [0, 0, 1, 3], "texture": "#14"},
				"west": {"uv": [0, 0, 1, 3], "texture": "#14"},
				"up": {"uv": [0, 0, 1, 3], "texture": "#14"},
				"down": {"uv": [0, 0, 1, 3], "texture": "#14"}
			}
		},
		{
			"from": [18, -13, 14],
			"to": [19, -12, 15],
			"faces": {
				"north": {"uv": [0, 0, 1, 1], "texture": "#14"},
				"east": {"uv": [0, 0, 1, 1], "texture": "#14"},
				"south": {"uv": [0, 0, 1, 1], "texture": "#14"},
				"west": {"uv": [0, 0, 1, 1], "texture": "#14"},
				"up": {"uv": [0, 0, 1, 1], "texture": "#14"},
				"down": {"uv": [0, 0, 1, 1], "texture": "#14"}
			}
		},
		{
			"from": [14, -9, 14],
			"to": [15, -8, 15],
			"faces": {
				"north": {"uv": [0, 0, 1, 1], "texture": "#14"},
				"east": {"uv": [0, 0, 1, 1], "texture": "#14"},
				"south": {"uv": [0, 0, 1, 1], "texture": "#14"},
				"west": {"uv": [0, 0, 1, 1], "texture": "#14"},
				"up": {"uv": [0, 0, 1, 1], "texture": "#14"},
				"down": {"uv": [0, 0, 1, 1], "texture": "#14"}
			}
		},
		{
			"from": [14, -13, 14],
			"to": [15, -12, 15],
			"faces": {
				"north": {"uv": [0, 0, 1, 1], "texture": "#14"},
				"east": {"uv": [0, 0, 1, 1], "texture": "#14"},
				"south": {"uv": [0, 0, 1, 1], "texture": "#14"},
				"west": {"uv": [0, 0, 1, 1], "texture": "#14"},
				"up": {"uv": [0, 0, 1, 1], "texture": "#14"},
				"down": {"uv": [0, 0, 1, 1], "texture": "#14"}
			}
		},
		{
			"from": [15, -8, 14],
			"to": [18, -7, 15],
			"faces": {
				"north": {"uv": [0, 0, 3, 1], "texture": "#14"},
				"east": {"uv": [0, 0, 3, 1], "texture": "#14"},
				"south": {"uv": [0, 0, 3, 1], "texture": "#14"},
				"west": {"uv": [0, 0, 3, 1], "texture": "#14"},
				"up": {"uv": [0, 0, 3, 1], "texture": "#14"},
				"down": {"uv": [0, 0, 3, 1], "texture": "#14"}
			}
		},
		{
			"from": [14, -11, 14],
			"to": [19, -10, 15],
			"faces": {
				"north": {"uv": [0, 0, 5, 1], "texture": "#14"},
				"east": {"uv": [0, 0, 5, 1], "texture": "#14"},
				"south": {"uv": [0, 0, 5, 1], "texture": "#14"},
				"west": {"uv": [0, 0, 5, 1], "texture": "#14"},
				"up": {"uv": [0, 0, 5, 1], "texture": "#14"},
				"down": {"uv": [0, 0, 5, 1], "texture": "#14"}
			}
		},
		{
			"from": [16, -13, 14],
			"to": [17, -8, 15],
			"faces": {
				"north": {"uv": [0, 0, 5, 1], "rotation": 270, "texture": "#14"},
				"east": {"uv": [0, 0, 5, 1], "rotation": 270, "texture": "#14"},
				"south": {"uv": [0, 0, 5, 1], "rotation": 270, "texture": "#14"},
				"west": {"uv": [0, 0, 5, 1], "rotation": 270, "texture": "#14"},
				"up": {"uv": [0, 0, 5, 1], "rotation": 270, "texture": "#14"},
				"down": {"uv": [0, 0, 5, 1], "rotation": 270, "texture": "#14"}
			}
		},
		{
			"from": [18, -9, -3],
			"to": [19, -8, -2],
			"faces": {
				"north": {"uv": [0, 0, 1, 1], "texture": "#14"},
				"east": {"uv": [0, 0, 1, 1], "texture": "#14"},
				"south": {"uv": [0, 0, 1, 1], "texture": "#14"},
				"west": {"uv": [0, 0, 1, 1], "texture": "#14"},
				"up": {"uv": [0, 0, 1, 1], "texture": "#14"},
				"down": {"uv": [0, 0, 1, 1], "texture": "#14"}
			}
		},
		{
			"from": [15, -14, -3],
			"to": [18, -13, -2],
			"faces": {
				"north": {"uv": [0, 0, 3, 1], "texture": "#14"},
				"east": {"uv": [0, 0, 3, 1], "texture": "#14"},
				"south": {"uv": [0, 0, 3, 1], "texture": "#14"},
				"west": {"uv": [0, 0, 3, 1], "texture": "#14"},
				"up": {"uv": [0, 0, 3, 1], "texture": "#14"},
				"down": {"uv": [0, 0, 3, 1], "texture": "#14"}
			}
		},
		{
			"from": [19, -12, -3],
			"to": [20, -9, -2],
			"faces": {
				"north": {"uv": [0, 0, 1, 3], "texture": "#14"},
				"east": {"uv": [0, 0, 1, 3], "texture": "#14"},
				"south": {"uv": [0, 0, 1, 3], "texture": "#14"},
				"west": {"uv": [0, 0, 1, 3], "texture": "#14"},
				"up": {"uv": [0, 0, 1, 3], "texture": "#14"},
				"down": {"uv": [0, 0, 1, 3], "texture": "#14"}
			}
		},
		{
			"from": [13, -12, -3],
			"to": [14, -9, -2],
			"faces": {
				"north": {"uv": [0, 0, 1, 3], "texture": "#14"},
				"east": {"uv": [0, 0, 1, 3], "texture": "#14"},
				"south": {"uv": [0, 0, 1, 3], "texture": "#14"},
				"west": {"uv": [0, 0, 1, 3], "texture": "#14"},
				"up": {"uv": [0, 0, 1, 3], "texture": "#14"},
				"down": {"uv": [0, 0, 1, 3], "texture": "#14"}
			}
		},
		{
			"from": [18, -13, -3],
			"to": [19, -12, -2],
			"faces": {
				"north": {"uv": [0, 0, 1, 1], "texture": "#14"},
				"east": {"uv": [0, 0, 1, 1], "texture": "#14"},
				"south": {"uv": [0, 0, 1, 1], "texture": "#14"},
				"west": {"uv": [0, 0, 1, 1], "texture": "#14"},
				"up": {"uv": [0, 0, 1, 1], "texture": "#14"},
				"down": {"uv": [0, 0, 1, 1], "texture": "#14"}
			}
		},
		{
			"from": [14, -9, -3],
			"to": [15, -8, -2],
			"faces": {
				"north": {"uv": [0, 0, 1, 1], "texture": "#14"},
				"east": {"uv": [0, 0, 1, 1], "texture": "#14"},
				"south": {"uv": [0, 0, 1, 1], "texture": "#14"},
				"west": {"uv": [0, 0, 1, 1], "texture": "#14"},
				"up": {"uv": [0, 0, 1, 1], "texture": "#14"},
				"down": {"uv": [0, 0, 1, 1], "texture": "#14"}
			}
		},
		{
			"from": [14, -13, -3],
			"to": [15, -12, -2],
			"faces": {
				"north": {"uv": [0, 0, 1, 1], "texture": "#14"},
				"east": {"uv": [0, 0, 1, 1], "texture": "#14"},
				"south": {"uv": [0, 0, 1, 1], "texture": "#14"},
				"west": {"uv": [0, 0, 1, 1], "texture": "#14"},
				"up": {"uv": [0, 0, 1, 1], "texture": "#14"},
				"down": {"uv": [0, 0, 1, 1], "texture": "#14"}
			}
		},
		{
			"from": [15, -8, -3],
			"to": [18, -7, -2],
			"faces": {
				"north": {"uv": [0, 0, 3, 1], "texture": "#14"},
				"east": {"uv": [0, 0, 3, 1], "texture": "#14"},
				"south": {"uv": [0, 0, 3, 1], "texture": "#14"},
				"west": {"uv": [0, 0, 3, 1], "texture": "#14"},
				"up": {"uv": [0, 0, 3, 1], "texture": "#14"},
				"down": {"uv": [0, 0, 3, 1], "texture": "#14"}
			}
		},
		{
			"from": [14, -11, -3],
			"to": [19, -10, -2],
			"faces": {
				"north": {"uv": [0, 0, 5, 1], "texture": "#14"},
				"east": {"uv": [0, 0, 5, 1], "texture": "#14"},
				"south": {"uv": [0, 0, 5, 1], "texture": "#14"},
				"west": {"uv": [0, 0, 5, 1], "texture": "#14"},
				"up": {"uv": [0, 0, 5, 1], "texture": "#14"},
				"down": {"uv": [0, 0, 5, 1], "texture": "#14"}
			}
		},
		{
			"from": [16, -13, -3],
			"to": [17, -8, -2],
			"faces": {
				"north": {"uv": [0, 0, 5, 1], "rotation": 90, "texture": "#14"},
				"east": {"uv": [0, 0, 5, 1], "rotation": 90, "texture": "#14"},
				"south": {"uv": [0, 0, 5, 1], "rotation": 90, "texture": "#14"},
				"west": {"uv": [0, 0, 5, 1], "rotation": 90, "texture": "#14"},
				"up": {"uv": [0, 0, 5, 1], "rotation": 90, "texture": "#14"},
				"down": {"uv": [0, 0, 5, 1], "rotation": 90, "texture": "#14"}
			}
		},
		{
			"from": [-1, 16, -3],
			"to": [0, 28, -2],
			"faces": {
				"north": {"uv": [0, 1, 1, 13], "texture": "#14"},
				"east": {"uv": [0, 1, 1, 13], "texture": "#14"},
				"south": {"uv": [0, 1, 1, 13], "texture": "#14"},
				"west": {"uv": [0, 1, 1, 13], "texture": "#14"},
				"up": {"uv": [0, 1, 1, 13], "texture": "#14"},
				"down": {"uv": [0, 1, 1, 13], "texture": "#14"}
			}
		},
		{
			"from": [17, 16, -3],
			"to": [18, 28, -2],
			"faces": {
				"north": {"uv": [0, 0, 1, 12], "texture": "#14"},
				"east": {"uv": [0, 0, 1, 12], "texture": "#14"},
				"south": {"uv": [0, 0, 1, 12], "texture": "#14"},
				"west": {"uv": [0, 0, 1, 12], "texture": "#14"},
				"up": {"uv": [0, 0, 1, 12], "texture": "#14"},
				"down": {"uv": [0, 0, 1, 12], "texture": "#14"}
			}
		},
		{
			"from": [17, 16, 6],
			"to": [18, 28, 7],
			"faces": {
				"north": {"uv": [0, 0, 1, 12], "texture": "#14"},
				"east": {"uv": [0, 0, 1, 12], "texture": "#14"},
				"south": {"uv": [0, 0, 1, 12], "texture": "#14"},
				"west": {"uv": [0, 0, 1, 12], "texture": "#14"},
				"up": {"uv": [0, 0, 1, 12], "texture": "#14"},
				"down": {"uv": [0, 0, 1, 12], "texture": "#14"}
			}
		},
		{
			"from": [-1, 16, 6],
			"to": [0, 28, 7],
			"faces": {
				"north": {"uv": [0, 0, 1, 12], "texture": "#14"},
				"east": {"uv": [0, 0, 1, 12], "texture": "#14"},
				"south": {"uv": [0, 0, 1, 12], "texture": "#14"},
				"west": {"uv": [0, 0, 1, 12], "texture": "#14"},
				"up": {"uv": [0, 0, 1, 12], "texture": "#14"},
				"down": {"uv": [0, 0, 1, 12], "texture": "#14"}
			}
		},
		{
			"from": [0, 19, -3],
			"to": [17, 24, -2],
			"faces": {
				"north": {"uv": [0, 0, 16, 5], "texture": "#0"},
				"east": {"uv": [0, 0, 1, 5], "texture": "#missing"},
				"south": {"uv": [0, 0, 16, 5], "texture": "#0"},
				"west": {"uv": [0, 0, 1, 5], "texture": "#missing"},
				"up": {"uv": [0, 0, 16, 1], "texture": "#missing"},
				"down": {"uv": [0, 0, 16, 1], "texture": "#missing"}
			}
		},
		{
			"from": [0, 29, -7],
			"to": [18, 32, 11],
			"faces": {
				"north": {"uv": [0, 0, 16, 3], "texture": "#11"},
				"east": {"uv": [0, 0, 16, 3], "texture": "#11"},
				"south": {"uv": [0, 0, 16, 3], "texture": "#11"},
				"west": {"uv": [0, 0, 16, 3], "texture": "#11"},
				"up": {"uv": [0, 0, 16, 3], "texture": "#11"},
				"down": {"uv": [0, 0, 16, 3], "texture": "#11"}
			}
		},
		{
			"from": [-5, 29, -7],
			"to": [1, 31.5, 11],
			"faces": {
				"north": {"uv": [0, 0, 16, 3], "texture": "#11"},
				"east": {"uv": [0, 0, 16, 3], "texture": "#11"},
				"south": {"uv": [0, 0, 16, 3], "texture": "#11"},
				"west": {"uv": [0, 0, 16, 3], "texture": "#11"},
				"up": {"uv": [0, 0, 16, 3], "texture": "#11"},
				"down": {"uv": [0, 0, 16, 3], "texture": "#11"}
			}
		},
		{
			"from": [17, 29, -7],
			"to": [23, 31.5, 11],
			"faces": {
				"north": {"uv": [0, 0, 16, 3], "texture": "#11"},
				"east": {"uv": [0, 0, 16, 3], "texture": "#11"},
				"south": {"uv": [0, 0, 16, 3], "texture": "#11"},
				"west": {"uv": [0, 0, 16, 3], "texture": "#11"},
				"up": {"uv": [0, 0, 16, 3], "texture": "#11"},
				"down": {"uv": [0, 0, 16, 3], "texture": "#11"}
			}
		},
		{
			"from": [-5, 28, -9],
			"to": [-1, 29, 13],
			"faces": {
				"north": {"uv": [0, 0, 16, 1], "texture": "#22"},
				"east": {"uv": [0, 0, 16, 1], "texture": "#22"},
				"south": {"uv": [0, 0, 16, 1], "texture": "#22"},
				"west": {"uv": [0, 0, 16, 1], "texture": "#22"},
				"up": {"uv": [0, 0, 16, 16], "texture": "#22"},
				"down": {"uv": [0, 0, 16, 16], "texture": "#22"}
			}
		},
		{
			"from": [-5, 27, -8],
			"to": [-4, 28, 12],
			"faces": {
				"north": {"uv": [0, 0, 16, 1], "texture": "#22"},
				"east": {"uv": [0, 0, 16, 1], "texture": "#22"},
				"south": {"uv": [0, 0, 16, 1], "texture": "#22"},
				"west": {"uv": [0, 0, 16, 1], "texture": "#22"},
				"up": {"uv": [0, 0, 16, 1], "texture": "#22"},
				"down": {"uv": [0, 0, 16, 1], "texture": "#22"}
			}
		},
		{
			"from": [-4, 26, 12],
			"to": [-2, 28, 13],
			"faces": {
				"north": {"uv": [0, 0, 1, 1], "texture": "#22"},
				"east": {"uv": [0, 0, 1, 1], "texture": "#22"},
				"south": {"uv": [0, 0, 1, 1], "texture": "#22"},
				"west": {"uv": [0, 0, 1, 1], "texture": "#22"},
				"up": {"uv": [0, 0, 1, 1], "texture": "#22"},
				"down": {"uv": [0, 0, 1, 1], "texture": "#22"}
			}
		},
		{
			"from": [16, -11, -4],
			"to": [17, -10, 16],
			"faces": {
				"north": {"uv": [0, 0, 16, 1], "texture": "#15"},
				"east": {"uv": [0, 0, 16, 1], "texture": "#14"},
				"south": {"uv": [0, 0, 16, 1], "texture": "#15"},
				"west": {"uv": [0, 0, 16, 1], "texture": "#14"},
				"up": {"uv": [0, 0, 16, 1], "texture": "#14"},
				"down": {"uv": [0, 0, 16, 1], "texture": "#14"}
			}
		},
		{
			"from": [16, -10, 6],
			"to": [17, -6, 7],
			"faces": {
				"north": {"uv": [0, 0, 1, 4], "texture": "#14"},
				"east": {"uv": [0, 0, 1, 4], "texture": "#14"},
				"south": {"uv": [0, 0, 1, 4], "texture": "#14"},
				"west": {"uv": [0, 0, 1, 4], "texture": "#14"},
				"up": {"uv": [0, 0, 1, 4], "texture": "#14"},
				"down": {"uv": [0, 0, 1, 4], "texture": "#14"}
			}
		},
		{
			"from": [-2, -9, -4],
			"to": [-1, -8, 16],
			"faces": {
				"north": {"uv": [0, 0, 1, 16], "texture": "#15"},
				"east": {"uv": [0, 0, 1, 16], "texture": "#14"},
				"south": {"uv": [0, 0, 1, 16], "texture": "#15"},
				"west": {"uv": [0, 0, 1, 16], "texture": "#14"},
				"up": {"uv": [0, 0, 1, 16], "texture": "#14"},
				"down": {"uv": [0, 0, 1, 16], "texture": "#14"}
			}
		},
		{
			"from": [-2, -9, 6],
			"to": [-1, -6, 7],
			"faces": {
				"north": {"uv": [0, 0, 1, 3], "texture": "#14"},
				"east": {"uv": [0, 0, 1, 3], "texture": "#14"},
				"south": {"uv": [0, 0, 1, 3], "texture": "#14"},
				"west": {"uv": [0, 0, 1, 3], "texture": "#14"},
				"up": {"uv": [0, 0, 1, 3], "texture": "#14"},
				"down": {"uv": [0, 0, 1, 3], "texture": "#14"}
			}
		},
		{
			"from": [-4, 26, -9],
			"to": [-2, 28, -8],
			"faces": {
				"north": {"uv": [0, 0, 1, 1], "texture": "#22"},
				"east": {"uv": [0, 0, 1, 1], "texture": "#22"},
				"south": {"uv": [0, 0, 1, 1], "texture": "#22"},
				"west": {"uv": [0, 0, 1, 1], "texture": "#22"},
				"up": {"uv": [0, 0, 1, 1], "texture": "#22"},
				"down": {"uv": [0, 0, 1, 1], "texture": "#22"}
			}
		},
		{
			"from": [0, 26, 12],
			"to": [2, 28, 13],
			"faces": {
				"north": {"uv": [0, 0, 1, 1], "texture": "#18"},
				"east": {"uv": [0, 0, 1, 1], "texture": "#18"},
				"south": {"uv": [0, 0, 1, 1], "texture": "#18"},
				"west": {"uv": [0, 0, 1, 1], "texture": "#18"},
				"up": {"uv": [0, 0, 1, 1], "texture": "#18"},
				"down": {"uv": [0, 0, 1, 1], "texture": "#18"}
			}
		},
		{
			"from": [0, 26, -9],
			"to": [2, 28, -8],
			"faces": {
				"north": {"uv": [0, 0, 1, 1], "texture": "#18"},
				"east": {"uv": [0, 0, 1, 1], "texture": "#18"},
				"south": {"uv": [0, 0, 1, 1], "texture": "#18"},
				"west": {"uv": [0, 0, 1, 1], "texture": "#18"},
				"up": {"uv": [0, 0, 1, 1], "texture": "#18"},
				"down": {"uv": [0, 0, 1, 1], "texture": "#18"}
			}
		},
		{
			"from": [3, 28, -9],
			"to": [7, 29, 13],
			"faces": {
				"north": {"uv": [0, 0, 16, 1], "texture": "#22"},
				"east": {"uv": [0, 0, 16, 1], "texture": "#22"},
				"south": {"uv": [0, 0, 16, 1], "texture": "#22"},
				"west": {"uv": [0, 0, 16, 1], "texture": "#22"},
				"up": {"uv": [0, 0, 16, 16], "texture": "#22"},
				"down": {"uv": [0, 0, 16, 16], "texture": "#22"}
			}
		},
		{
			"from": [4, 26, 12],
			"to": [6, 28, 13],
			"faces": {
				"north": {"uv": [0, 0, 1, 1], "texture": "#22"},
				"east": {"uv": [0, 0, 1, 1], "texture": "#22"},
				"south": {"uv": [0, 0, 1, 1], "texture": "#22"},
				"west": {"uv": [0, 0, 1, 1], "texture": "#22"},
				"up": {"uv": [0, 0, 1, 1], "texture": "#22"},
				"down": {"uv": [0, 0, 1, 1], "texture": "#22"}
			}
		},
		{
			"from": [4, 26, -9],
			"to": [6, 28, -8],
			"faces": {
				"north": {"uv": [0, 0, 1, 1], "texture": "#22"},
				"east": {"uv": [0, 0, 1, 1], "texture": "#22"},
				"south": {"uv": [0, 0, 1, 1], "texture": "#22"},
				"west": {"uv": [0, 0, 1, 1], "texture": "#22"},
				"up": {"uv": [0, 0, 1, 1], "texture": "#22"},
				"down": {"uv": [0, 0, 1, 1], "texture": "#22"}
			}
		},
		{
			"from": [11, 28, -9],
			"to": [15, 29, 13],
			"faces": {
				"north": {"uv": [0, 0, 16, 1], "texture": "#22"},
				"east": {"uv": [0, 0, 16, 1], "texture": "#22"},
				"south": {"uv": [0, 0, 16, 1], "texture": "#22"},
				"west": {"uv": [0, 0, 16, 1], "texture": "#22"},
				"up": {"uv": [0, 0, 16, 16], "texture": "#22"},
				"down": {"uv": [0, 0, 16, 16], "texture": "#22"}
			}
		},
		{
			"from": [19, 28, -9],
			"to": [23, 29, 13],
			"faces": {
				"north": {"uv": [0, 0, 16, 1], "texture": "#22"},
				"east": {"uv": [0, 0, 16, 1], "texture": "#22"},
				"south": {"uv": [0, 0, 16, 1], "texture": "#22"},
				"west": {"uv": [0, 0, 16, 1], "texture": "#22"},
				"up": {"uv": [0, 0, 16, 16], "texture": "#22"},
				"down": {"uv": [0, 0, 16, 16], "texture": "#22"}
			}
		},
		{
			"from": [8, 26, -9],
			"to": [10, 28, -8],
			"faces": {
				"north": {"uv": [0, 0, 1, 1], "texture": "#18"},
				"east": {"uv": [0, 0, 1, 1], "texture": "#18"},
				"south": {"uv": [0, 0, 1, 1], "texture": "#18"},
				"west": {"uv": [0, 0, 1, 1], "texture": "#18"},
				"up": {"uv": [0, 0, 1, 1], "texture": "#18"},
				"down": {"uv": [0, 0, 1, 1], "texture": "#18"}
			}
		},
		{
			"from": [12, 26, -9],
			"to": [14, 28, -8],
			"faces": {
				"north": {"uv": [0, 0, 1, 1], "texture": "#22"},
				"east": {"uv": [0, 0, 1, 1], "texture": "#22"},
				"south": {"uv": [0, 0, 1, 1], "texture": "#22"},
				"west": {"uv": [0, 0, 1, 1], "texture": "#22"},
				"up": {"uv": [0, 0, 1, 1], "texture": "#22"},
				"down": {"uv": [0, 0, 1, 1], "texture": "#22"}
			}
		},
		{
			"from": [16, 26, -9],
			"to": [18, 28, -8],
			"faces": {
				"north": {"uv": [0, 0, 1, 1], "texture": "#18"},
				"east": {"uv": [0, 0, 1, 1], "texture": "#18"},
				"south": {"uv": [0, 0, 1, 1], "texture": "#18"},
				"west": {"uv": [0, 0, 1, 1], "texture": "#18"},
				"up": {"uv": [0, 0, 1, 1], "texture": "#18"},
				"down": {"uv": [0, 0, 1, 1], "texture": "#18"}
			}
		},
		{
			"from": [20, 26, -9],
			"to": [22, 28, -8],
			"faces": {
				"north": {"uv": [0, 0, 1, 1], "texture": "#22"},
				"east": {"uv": [0, 0, 1, 1], "texture": "#22"},
				"south": {"uv": [0, 0, 1, 1], "texture": "#22"},
				"west": {"uv": [0, 0, 1, 1], "texture": "#22"},
				"up": {"uv": [0, 0, 1, 1], "texture": "#22"},
				"down": {"uv": [0, 0, 1, 1], "texture": "#22"}
			}
		},
		{
			"from": [8, 26, 12],
			"to": [10, 28, 13],
			"faces": {
				"north": {"uv": [0, 0, 1, 1], "texture": "#18"},
				"east": {"uv": [0, 0, 1, 1], "texture": "#18"},
				"south": {"uv": [0, 0, 1, 1], "texture": "#18"},
				"west": {"uv": [0, 0, 1, 1], "texture": "#18"},
				"up": {"uv": [0, 0, 1, 1], "texture": "#18"},
				"down": {"uv": [0, 0, 1, 1], "texture": "#18"}
			}
		},
		{
			"from": [12, 26, 12],
			"to": [14, 28, 13],
			"faces": {
				"north": {"uv": [0, 0, 1, 1], "texture": "#22"},
				"east": {"uv": [0, 0, 1, 1], "texture": "#22"},
				"south": {"uv": [0, 0, 1, 1], "texture": "#22"},
				"west": {"uv": [0, 0, 1, 1], "texture": "#22"},
				"up": {"uv": [0, 0, 1, 1], "texture": "#22"},
				"down": {"uv": [0, 0, 1, 1], "texture": "#22"}
			}
		},
		{
			"from": [16, 26, 12],
			"to": [18, 28, 13],
			"faces": {
				"north": {"uv": [0, 0, 1, 1], "texture": "#18"},
				"east": {"uv": [0, 0, 1, 1], "texture": "#18"},
				"south": {"uv": [0, 0, 1, 1], "texture": "#18"},
				"west": {"uv": [0, 0, 1, 1], "texture": "#18"},
				"up": {"uv": [0, 0, 1, 1], "texture": "#18"},
				"down": {"uv": [0, 0, 1, 1], "texture": "#18"}
			}
		},
		{
			"from": [20, 26, 12],
			"to": [22, 28, 13],
			"faces": {
				"north": {"uv": [0, 0, 1, 1], "texture": "#22"},
				"east": {"uv": [0, 0, 1, 1], "texture": "#22"},
				"south": {"uv": [0, 0, 1, 1], "texture": "#22"},
				"west": {"uv": [0, 0, 1, 1], "texture": "#22"},
				"up": {"uv": [0, 0, 1, 1], "texture": "#22"},
				"down": {"uv": [0, 0, 1, 1], "texture": "#22"}
			}
		},
		{
			"from": [0, -3, 14],
			"to": [6, 3, 15],
			"faces": {
				"north": {"uv": [0, 0, 6, 6], "texture": "#11"},
				"east": {"uv": [0, 0, 6, 6], "texture": "#11"},
				"south": {"uv": [0, 0, 6, 6], "texture": "#11"},
				"west": {"uv": [0, 0, 6, 6], "texture": "#11"},
				"up": {"uv": [0, 0, 6, 6], "texture": "#11"},
				"down": {"uv": [0, 0, 6, 6], "texture": "#11"}
			}
		},
		{
			"from": [11, -3, 14],
			"to": [17, 3, 15],
			"faces": {
				"north": {"uv": [0, 0, 6, 6], "texture": "#11"},
				"east": {"uv": [0, 0, 6, 6], "texture": "#11"},
				"south": {"uv": [0, 0, 6, 6], "texture": "#11"},
				"west": {"uv": [0, 0, 6, 6], "texture": "#11"},
				"up": {"uv": [0, 0, 6, 6], "texture": "#11"},
				"down": {"uv": [0, 0, 6, 6], "texture": "#11"}
			}
		},
		{
			"from": [11, -3, -3],
			"to": [17, 3, -2],
			"faces": {
				"north": {"uv": [0, 0, 6, 6], "texture": "#11"},
				"east": {"uv": [0, 0, 6, 6], "texture": "#11"},
				"south": {"uv": [0, 0, 6, 6], "texture": "#11"},
				"west": {"uv": [0, 0, 6, 6], "texture": "#11"},
				"up": {"uv": [0, 0, 6, 6], "texture": "#11"},
				"down": {"uv": [0, 0, 6, 6], "texture": "#11"}
			}
		},
		{
			"from": [0, -3, -3],
			"to": [6, 3, -2],
			"faces": {
				"north": {"uv": [0, 0, 6, 6], "texture": "#11"},
				"east": {"uv": [0, 0, 6, 6], "texture": "#11"},
				"south": {"uv": [0, 0, 6, 6], "texture": "#11"},
				"west": {"uv": [0, 0, 6, 6], "texture": "#11"},
				"up": {"uv": [0, 0, 6, 6], "texture": "#11"},
				"down": {"uv": [0, 0, 6, 6], "texture": "#11"}
			}
		},
		{
			"from": [-2.5, -3, 2.5],
			"to": [-1.5, 3, 8.5],
			"faces": {
				"north": {"uv": [0, 0, 6, 6], "texture": "#11"},
				"east": {"uv": [0, 0, 6, 6], "texture": "#11"},
				"south": {"uv": [0, 0, 6, 6], "texture": "#11"},
				"west": {"uv": [0, 0, 6, 6], "texture": "#11"},
				"up": {"uv": [0, 0, 6, 6], "rotation": 90, "texture": "#11"},
				"down": {"uv": [0, 0, 6, 6], "rotation": 270, "texture": "#11"}
			}
		},
		{
			"from": [18.5, -3, 2.5],
			"to": [19.5, 3, 8.5],
			"faces": {
				"north": {"uv": [0, 0, 6, 6], "texture": "#11"},
				"east": {"uv": [0, 0, 6, 6], "texture": "#11"},
				"south": {"uv": [0, 0, 6, 6], "texture": "#11"},
				"west": {"uv": [0, 0, 6, 6], "texture": "#11"},
				"up": {"uv": [0, 0, 6, 6], "rotation": 90, "texture": "#11"},
				"down": {"uv": [0, 0, 6, 6], "rotation": 270, "texture": "#11"}
			}
		},
		{
			"from": [-2, 8, 13],
			"to": [2, 13, 14],
			"rotation": {"angle": 45, "axis": "y", "origin": [0, 10.5, 13.5]},
			"faces": {
				"north": {"uv": [0, 0, 4, 5], "texture": "#2"},
				"east": {"uv": [0, 0, 1, 5], "texture": "#3"},
				"south": {"uv": [0, 0, 4, 5], "texture": "#2"},
				"west": {"uv": [0, 0, 1, 5], "texture": "#3"},
				"up": {"uv": [0, 0, 4, 1], "texture": "#3"},
				"down": {"uv": [0, 0, 4, 1], "texture": "#missing"}
			}
		},
		{
			"from": [1, 8, 9],
			"to": [5, 13, 10],
			"faces": {
				"north": {"uv": [0, 0, 4, 5], "texture": "#22"},
				"east": {"uv": [0, 0, 4, 5], "texture": "#22"},
				"south": {"uv": [0, 0, 15.999, 15.999], "texture": "#21"},
				"west": {"uv": [0, 0, 4, 5], "texture": "#22"},
				"up": {"uv": [0, 0, 4, 5], "texture": "#22"},
				"down": {"uv": [0, 0, 4, 5], "texture": "#21"}
			}
		},
		{
			"from": [14.5, 8, 8.5],
			"to": [15.5, 13, 12.5],
			"rotation": {"angle": 45, "axis": "y", "origin": [16, 10.5, 8.5]},
			"faces": {
				"north": {"uv": [0, 0, 1, 5], "texture": "#22"},
				"east": {"uv": [0, 0, 4, 5], "texture": "#22"},
				"south": {"uv": [0, 0, 1, 5], "texture": "#22"},
				"west": {"uv": [0, 0, 15.999, 15.999], "texture": "#21"},
				"up": {"uv": [0, 0, 4, 1], "rotation": 90, "texture": "#22"},
				"down": {"uv": [0, 0, 4, 1], "rotation": 270, "texture": "#missing"}
			}
		},
		{
			"from": [6, 8, 6],
			"to": [10, 13, 7],
			"rotation": {"angle": 22.5, "axis": "y", "origin": [16, 10.5, 8.5]},
			"faces": {
				"north": {"uv": [0, 0, 4, 5], "texture": "#22"},
				"east": {"uv": [0, 0, 1, 5], "texture": "#22"},
				"south": {"uv": [0, 0, 15.999, 15.999], "texture": "#21"},
				"west": {"uv": [0, 0, 1, 5], "texture": "#22"},
				"up": {"uv": [0, 0, 4, 1], "texture": "#22"},
				"down": {"uv": [0, 0, 4, 1], "texture": "#missing"}
			}
		},
		{
			"from": [10, 8, 11],
			"to": [14, 13, 12],
			"faces": {
				"north": {"uv": [0, 0, 4, 5], "texture": "#22"},
				"east": {"uv": [0, 0, 1, 5], "texture": "#22"},
				"south": {"uv": [0, 0, 15.999, 15.999], "texture": "#21"},
				"west": {"uv": [0, 0, 1, 5], "texture": "#22"},
				"up": {"uv": [0, 0, 4, 1], "texture": "#22"},
				"down": {"uv": [0, 0, 4, 1], "texture": "#missing"}
			}
		},
		{
			"from": [10, 16, -1],
			"to": [14, 21, 0],
			"faces": {
				"north": {"uv": [0, 0, 4, 5], "texture": "#22"},
				"east": {"uv": [0, 0, 1, 5], "texture": "#22"},
				"south": {"uv": [0, 0, 15.999, 15.999], "texture": "#21"},
				"west": {"uv": [0, 0, 1, 5], "texture": "#22"},
				"up": {"uv": [0, 0, 4, 1], "texture": "#22"},
				"down": {"uv": [0, 0, 4, 1], "texture": "#missing"}
			}
		},
		{
			"from": [14, 16, 1],
			"to": [18, 21, 2],
			"faces": {
				"north": {"uv": [0, 0, 4, 5], "texture": "#22"},
				"east": {"uv": [0, 0, 1, 5], "texture": "#22"},
				"south": {"uv": [0, 0, 4, 5], "texture": "#21"},
				"west": {"uv": [0, 0, 1, 5], "texture": "#22"},
				"up": {"uv": [0, 0, 4, 1], "texture": "#22"},
				"down": {"uv": [0, 0, 4, 1], "texture": "#missing"}
			}
		},
		{
			"from": [3, 16, -1],
			"to": [7, 21, 0],
			"faces": {
				"north": {"uv": [0, 0, 4, 5], "texture": "#22"},
				"east": {"uv": [0, 0, 1, 5], "texture": "#22"},
				"south": {"uv": [0, 0, 15.999, 15.999], "texture": "#21"},
				"west": {"uv": [0, 0, 1, 5], "texture": "#22"},
				"up": {"uv": [0, 0, 4, 1], "texture": "#22"},
				"down": {"uv": [0, 0, 4, 1], "texture": "#missing"}
			}
		},
		{
			"from": [6, 16, 1],
			"to": [10, 21, 2],
			"faces": {
				"north": {"uv": [0, 0, 4, 5], "texture": "#22"},
				"east": {"uv": [0, 0, 1, 5], "texture": "#22"},
				"south": {"uv": [0, 0, 15.999, 15.999], "texture": "#21"},
				"west": {"uv": [0, 0, 1, 5], "texture": "#22"},
				"up": {"uv": [0, 0, 4, 1], "texture": "#22"},
				"down": {"uv": [0, 0, 4, 1], "texture": "#missing"}
			}
		},
		{
			"from": [-1, 16, 3],
			"to": [3, 21, 4],
			"faces": {
				"north": {"uv": [0, 0, 4, 5], "texture": "#22"},
				"east": {"uv": [0, 0, 1, 5], "texture": "#22"},
				"south": {"uv": [0, 0, 15.999, 15.999], "texture": "#21"},
				"west": {"uv": [0, 0, 1, 5], "texture": "#22"},
				"up": {"uv": [0, 0, 4, 1], "texture": "#22"},
				"down": {"uv": [0, 0, 4, 1], "texture": "#missing"}
			}
		},
		{
			"from": [-1, 28, -9],
			"to": [3, 29, 13],
			"faces": {
				"north": {"uv": [0, 0, 16, 16], "texture": "#18"},
				"east": {"uv": [0, 0, 16, 16], "texture": "#18"},
				"south": {"uv": [0, 0, 16, 16], "texture": "#18"},
				"west": {"uv": [0, 0, 16, 16], "texture": "#18"},
				"up": {"uv": [0, 0, 16, 16], "texture": "#18"},
				"down": {"uv": [0, 0, 16, 16], "texture": "#18"}
			}
		},
		{
			"from": [7, 28, -9],
			"to": [11, 29, 13],
			"faces": {
				"north": {"uv": [0, 0, 16, 16], "texture": "#18"},
				"east": {"uv": [0, 0, 16, 16], "texture": "#18"},
				"south": {"uv": [0, 0, 16, 16], "texture": "#18"},
				"west": {"uv": [0, 0, 16, 16], "texture": "#18"},
				"up": {"uv": [0, 0, 16, 16], "texture": "#18"},
				"down": {"uv": [0, 0, 16, 16], "texture": "#18"}
			}
		},
		{
			"from": [15, 28, -9],
			"to": [19, 29, 13],
			"faces": {
				"north": {"uv": [0, 0, 16, 16], "texture": "#18"},
				"east": {"uv": [0, 0, 16, 16], "texture": "#18"},
				"south": {"uv": [0, 0, 16, 16], "texture": "#18"},
				"west": {"uv": [0, 0, 16, 16], "texture": "#18"},
				"up": {"uv": [0, 0, 16, 16], "texture": "#18"},
				"down": {"uv": [0, 0, 16, 16], "texture": "#18"}
			}
		}
	],
	"display": {
		"thirdperson_righthand": {
			"rotation": [68.5, 0, 0],
			"translation": [0, 16.25, 0.5],
			"scale": [1.24219, 0.96289, 1]
		}
	},
	"groups": [
		{
			"name": "group",
			"origin": [8, 8, 8],
			"children": [0, 1, 2, 3, 4, 5, 6, 7, 8, 9, 10, 11, 12, 13, 14, 15, 16, 17, 18, 19]
		},
		{
			"name": "group",
			"origin": [8, 8, 8],
			"children": [20, 21, 22, 23, 24, 25, 26, 27, 28, 29, 30, 31, 32, 33, 34, 35, 36, 37, 38, 39, 40, 41, 42, 43, 44, 45, 46, 47, 48, 49, 50, 51,
				{
					"name": "group",
					"origin": [8, 8, 8],
					"children": [52, 53, 54, 55, 56, 57, 58, 59, 60, 61, 62, 63, 64, 65, 66, 67, 68, 69, 70, 71, 72, 73, 74, 75, 76, 77, 78, 79, 80, 81, 82, 83, 84, 85, 86, 87, 88, 89, 90, 91, 92, 93, 94, 95, 96, 97, 98, 99, 100, 101, 102, 103, 104, 105, 106, 107, 108]
				}, 109]
		},
		{
			"name": "group",
			"origin": [8, 8, 8],
			"children": [110]
		}, 111, 112, 113, 114, 115, 116, 117, 118,
		{
			"name": "group",
			"origin": [8, 8, 8],
			"children": [119, 120, 121]
		}
	]
}
