{
	"credit": "Made with Blockbench",
	"textures": {
		"0": "blocks/glass_gray",
		"1": "blocks/redstone_block",
		"2": "blocks/iron_block",
		"particle": "blocks/glass_gray"
	},
	"elements": [
		{
			"from": [6.65, 2.75, 1],
			"to": [9.35, 4.25, 7.5],
			"rotation": {"angle": 0, "axis": "y", "origin": [15, 11, 8]},
			"faces": {
				"north": {"uv": [2.25, 0.75, 13.45, 5], "texture": "#2"},
				"east": {"uv": [2.25, 0.75, 13.45, 5], "texture": "#2"},
				"south": {"uv": [2.25, 0.75, 13.45, 5], "texture": "#2"},
				"west": {"uv": [2.25, 0.75, 13.45, 5], "texture": "#2"},
				"up": {"uv": [2.25, 0.75, 13.45, 5], "texture": "#2"},
				"down": {"uv": [2.25, 0.75, 13.45, 5], "texture": "#2"}
			}
		},
		{
			"from": [6.6, 3.25, 1.075],
			"to": [9.4, 3.75, 15.9],
			"rotation": {"angle": 0, "axis": "y", "origin": [15, 11, 8]},
			"faces": {
				"north": {"uv": [0, 0, 15.8, 16], "texture": "#1"},
				"east": {"uv": [0, 0, 15.8, 16], "texture": "#1"},
				"south": {"uv": [0, 0, 15.8, 16], "texture": "#1"},
				"west": {"uv": [0, 0, 15.8, 16], "texture": "#1"},
				"up": {"uv": [0, 0, 15.8, 16], "texture": "#1"},
				"down": {"uv": [0, 0, 15.8, 16], "texture": "#1"}
			}
		},
		{
			"from": [4.61732, 3.82612, 9],
			"to": [7.36732, 4.07612, 16],
			"rotation": {"angle": -22.5, "axis": "z", "origin": [7.36732, 4.07612, 13.5]},
			"faces": {
				"north": {"uv": [4.5, 1, 11.422, 5.153], "texture": "#2"},
				"east": {"uv": [4.5, 1, 11.422, 5.153], "texture": "#2"},
				"south": {"uv": [4.5, 1, 11.422, 5.153], "texture": "#2"},
				"west": {"uv": [4.5, 1, 11.422, 5.153], "texture": "#2"},
				"up": {"uv": [4.5, 1, 11.422, 5.153], "texture": "#2"},
				"down": {"uv": [4.5, 1, 11.422, 5.153], "texture": "#2"}
			}
		},
		{
			"from": [2.07665, 4.8785, 10],
			"to": [4.82665, 5.1285, 16],
			"rotation": {"angle": -22.5, "axis": "z", "origin": [4.82665, 5.1285, 13.5]},
			"faces": {
				"north": {"uv": [4.5, 1, 11.422, 5.153], "texture": "#2"},
				"east": {"uv": [4.5, 1, 11.422, 5.153], "texture": "#2"},
				"south": {"uv": [4.5, 1, 11.422, 5.153], "texture": "#2"},
				"west": {"uv": [4.5, 1, 11.422, 5.153], "texture": "#2"},
				"up": {"uv": [4.5, 1, 11.422, 5.153], "texture": "#2"},
				"down": {"uv": [4.5, 1, 11.422, 5.153], "texture": "#2"}
			}
		},
		{
			"from": [11.17335, 4.8785, 10],
			"to": [13.92335, 5.1285, 16],
			"rotation": {"angle": 22.5, "axis": "z", "origin": [11.17335, 5.1285, 13.5]},
			"faces": {
				"north": {"uv": [4.5, 1, 11.422, 5.153], "texture": "#2"},
				"east": {"uv": [4.5, 1, 11.422, 5.153], "texture": "#2"},
				"south": {"uv": [4.5, 1, 11.422, 5.153], "texture": "#2"},
				"west": {"uv": [4.5, 1, 11.422, 5.153], "texture": "#2"},
				"up": {"uv": [4.5, 1, 11.422, 5.153], "texture": "#2"},
				"down": {"uv": [4.5, 1, 11.422, 5.153], "texture": "#2"}
			}
		},
		{
			"from": [13.04835, 4.9, 14.1],
			"to": [13.42335, 5.2, 16.1],
			"rotation": {"angle": 22.5, "axis": "z", "origin": [11.17335, 5.1285, 13.5]},
			"faces": {
				"north": {"uv": [14.44, 12.615, 13.462, 14.152], "texture": "#1"},
				"east": {"uv": [14.44, 12.615, 13.462, 14.152], "texture": "#1"},
				"south": {"uv": [14.44, 12.615, 13.462, 14.152], "texture": "#1"},
				"west": {"uv": [14.44, 12.615, 13.462, 14.152], "texture": "#1"},
				"up": {"uv": [4.385, 9.923, 11.307, 14.076], "texture": "#1"},
				"down": {"uv": [14.44, 12.615, 13.462, 14.152], "texture": "#1"}
			}
		},
		{
			"from": [13.04835, 3.1965, 14.1],
			"to": [13.42335, 3.4965, 16.1],
			"rotation": {"angle": -22.5, "axis": "z", "origin": [11.17335, 3.2465, 13.5]},
			"faces": {
				"north": {"uv": [14.44, 14.152, 13.462, 12.615], "texture": "#1"},
				"east": {"uv": [14.44, 14.152, 13.462, 12.615], "texture": "#1"},
				"south": {"uv": [14.44, 14.152, 13.462, 12.615], "texture": "#1"},
				"west": {"uv": [14.44, 14.152, 13.462, 12.615], "texture": "#1"},
				"up": {"uv": [14.44, 14.152, 13.462, 12.615], "texture": "#1"},
				"down": {"uv": [4.385, 14.076, 11.307, 9.923], "texture": "#1"}
			}
		},
		{
			"from": [2.57665, 4.9, 14.1],
			"to": [2.95165, 5.2, 16.1],
			"rotation": {"angle": -22.5, "axis": "z", "origin": [4.82665, 5.1285, 13.5]},
			"faces": {
				"north": {"uv": [13.462, 12.615, 14.44, 14.152], "texture": "#1"},
				"east": {"uv": [13.462, 12.615, 14.44, 14.152], "texture": "#1"},
				"south": {"uv": [13.462, 12.615, 14.44, 14.152], "texture": "#1"},
				"west": {"uv": [13.462, 12.615, 14.44, 14.152], "texture": "#1"},
				"up": {"uv": [11.307, 9.923, 4.385, 14.076], "texture": "#1"},
				"down": {"uv": [13.462, 12.615, 14.44, 14.152], "texture": "#1"}
			}
		},
		{
			"from": [2.57665, 3.1965, 14.1],
			"to": [2.95165, 3.4965, 16.1],
			"rotation": {"angle": 22.5, "axis": "z", "origin": [4.82665, 3.2465, 13.5]},
			"faces": {
				"north": {"uv": [13.462, 14.152, 14.44, 12.615], "texture": "#1"},
				"east": {"uv": [13.462, 14.152, 14.44, 12.615], "texture": "#1"},
				"south": {"uv": [13.462, 14.152, 14.44, 12.615], "texture": "#1"},
				"west": {"uv": [13.462, 14.152, 14.44, 12.615], "texture": "#1"},
				"up": {"uv": [13.462, 14.152, 14.44, 12.615], "texture": "#1"},
				"down": {"uv": [11.307, 14.076, 4.385, 9.923], "texture": "#1"}
			}
		},
		{
			"from": [11.14835, 4.9, 13.4],
			"to": [13.42335, 5.2, 13.7],
			"rotation": {"angle": 22.5, "axis": "z", "origin": [11.17335, 5.1285, 11.2]},
			"faces": {
				"north": {"uv": [14.44, 12.615, 13.462, 14.152], "texture": "#1"},
				"east": {"uv": [14.44, 12.615, 13.462, 14.152], "texture": "#1"},
				"south": {"uv": [14.44, 12.615, 13.462, 14.152], "texture": "#1"},
				"west": {"uv": [14.44, 12.615, 13.462, 14.152], "texture": "#1"},
				"up": {"uv": [4.385, 9.923, 11.307, 14.076], "texture": "#1"},
				"down": {"uv": [14.44, 12.615, 13.462, 14.152], "texture": "#1"}
			}
		},
		{
			"from": [11.14835, 3.1965, 13.4],
			"to": [13.42335, 3.4965, 13.7],
			"rotation": {"angle": -22.5, "axis": "z", "origin": [11.17335, 3.2465, 11.2]},
			"faces": {
				"north": {"uv": [14.44, 14.152, 13.462, 12.615], "texture": "#1"},
				"east": {"uv": [14.44, 14.152, 13.462, 12.615], "texture": "#1"},
				"south": {"uv": [14.44, 14.152, 13.462, 12.615], "texture": "#1"},
				"west": {"uv": [14.44, 14.152, 13.462, 12.615], "texture": "#1"},
				"up": {"uv": [14.44, 14.152, 13.462, 12.615], "texture": "#1"},
				"down": {"uv": [4.385, 14.076, 11.307, 9.923], "texture": "#1"}
			}
		},
		{
			"from": [2.57665, 4.9, 13.4],
			"to": [4.85165, 5.2, 13.7],
			"rotation": {"angle": -22.5, "axis": "z", "origin": [4.82665, 5.1285, 11.2]},
			"faces": {
				"north": {"uv": [13.462, 12.615, 14.44, 14.152], "texture": "#1"},
				"east": {"uv": [13.462, 12.615, 14.44, 14.152], "texture": "#1"},
				"south": {"uv": [13.462, 12.615, 14.44, 14.152], "texture": "#1"},
				"west": {"uv": [13.462, 12.615, 14.44, 14.152], "texture": "#1"},
				"up": {"uv": [11.307, 9.923, 4.385, 14.076], "texture": "#1"},
				"down": {"uv": [13.462, 12.615, 14.44, 14.152], "texture": "#1"}
			}
		},
		{
			"from": [2.57665, 3.1965, 13.4],
			"to": [4.85165, 3.4965, 13.7],
			"rotation": {"angle": 22.5, "axis": "z", "origin": [4.82665, 3.2465, 11.2]},
			"faces": {
				"north": {"uv": [13.462, 14.152, 14.44, 12.615], "texture": "#1"},
				"east": {"uv": [13.462, 14.152, 14.44, 12.615], "texture": "#1"},
				"south": {"uv": [13.462, 14.152, 14.44, 12.615], "texture": "#1"},
				"west": {"uv": [13.462, 14.152, 14.44, 12.615], "texture": "#1"},
				"up": {"uv": [13.462, 14.152, 14.44, 12.615], "texture": "#1"},
				"down": {"uv": [11.307, 14.076, 4.385, 9.923], "texture": "#1"}
			}
		},
		{
			"from": [12.39835, 4.9, 9.975],
			"to": [13.42335, 5.2, 13.7],
			"rotation": {"angle": 22.5, "axis": "z", "origin": [11.17335, 5.1285, 11.2]},
			"faces": {
				"north": {"uv": [14.44, 12.615, 13.462, 14.152], "texture": "#1"},
				"east": {"uv": [14.44, 12.615, 13.462, 14.152], "texture": "#1"},
				"south": {"uv": [14.44, 12.615, 13.462, 14.152], "texture": "#1"},
				"west": {"uv": [14.44, 12.615, 13.462, 14.152], "texture": "#1"},
				"up": {"uv": [4.385, 9.923, 11.307, 14.076], "texture": "#1"},
				"down": {"uv": [14.44, 12.615, 13.462, 14.152], "texture": "#1"}
			}
		},
		{
			"from": [12.39835, 3.1965, 9.975],
			"to": [13.42335, 3.4965, 13.7],
			"rotation": {"angle": -22.5, "axis": "z", "origin": [11.17335, 3.2465, 11.2]},
			"faces": {
				"north": {"uv": [14.44, 14.152, 13.462, 12.615], "texture": "#1"},
				"east": {"uv": [14.44, 14.152, 13.462, 12.615], "texture": "#1"},
				"south": {"uv": [14.44, 14.152, 13.462, 12.615], "texture": "#1"},
				"west": {"uv": [14.44, 14.152, 13.462, 12.615], "texture": "#1"},
				"up": {"uv": [14.44, 14.152, 13.462, 12.615], "texture": "#1"},
				"down": {"uv": [4.385, 14.076, 11.307, 9.923], "texture": "#1"}
			}
		},
		{
			"from": [2.57665, 4.9, 9.975],
			"to": [3.60165, 5.2, 13.7],
			"rotation": {"angle": -22.5, "axis": "z", "origin": [4.82665, 5.1285, 11.2]},
			"faces": {
				"north": {"uv": [13.462, 12.615, 14.44, 14.152], "texture": "#1"},
				"east": {"uv": [13.462, 12.615, 14.44, 14.152], "texture": "#1"},
				"south": {"uv": [13.462, 12.615, 14.44, 14.152], "texture": "#1"},
				"west": {"uv": [13.462, 12.615, 14.44, 14.152], "texture": "#1"},
				"up": {"uv": [11.307, 9.923, 4.385, 14.076], "texture": "#1"},
				"down": {"uv": [13.462, 12.615, 14.44, 14.152], "texture": "#1"}
			}
		},
		{
			"from": [2.57665, 3.1965, 9.975],
			"to": [3.60165, 3.4965, 13.7],
			"rotation": {"angle": 22.5, "axis": "z", "origin": [4.82665, 3.2465, 11.2]},
			"faces": {
				"north": {"uv": [13.462, 14.152, 14.44, 12.615], "texture": "#1"},
				"east": {"uv": [13.462, 14.152, 14.44, 12.615], "texture": "#1"},
				"south": {"uv": [13.462, 14.152, 14.44, 12.615], "texture": "#1"},
				"west": {"uv": [13.462, 14.152, 14.44, 12.615], "texture": "#1"},
				"up": {"uv": [13.462, 14.152, 14.44, 12.615], "texture": "#1"},
				"down": {"uv": [11.307, 14.076, 4.385, 9.923], "texture": "#1"}
			}
		},
		{
			"from": [11.33521, 4.2, 14],
			"to": [11.71021, 4.5, 15.9],
			"rotation": {"angle": 22.5, "axis": "z", "origin": [9.46021, 4.41477, 13.4]},
			"faces": {
				"north": {"uv": [14.44, 12.615, 13.462, 14.152], "texture": "#1"},
				"east": {"uv": [14.44, 12.615, 13.462, 14.152], "texture": "#1"},
				"south": {"uv": [14.44, 12.615, 13.462, 14.152], "texture": "#1"},
				"west": {"uv": [14.44, 12.615, 13.462, 14.152], "texture": "#1"},
				"up": {"uv": [4.385, 9.923, 11.307, 14.076], "texture": "#1"},
				"down": {"uv": [14.44, 12.615, 13.462, 14.152], "texture": "#1"}
			}
		},
		{
			"from": [11.33521, 3.91023, 14],
			"to": [11.71021, 4.21023, 15.9],
			"rotation": {"angle": -22.5, "axis": "z", "origin": [9.46021, 3.96023, 13.4]},
			"faces": {
				"north": {"uv": [14.44, 14.152, 13.462, 12.615], "texture": "#1"},
				"east": {"uv": [14.44, 14.152, 13.462, 12.615], "texture": "#1"},
				"south": {"uv": [14.44, 14.152, 13.462, 12.615], "texture": "#1"},
				"west": {"uv": [14.44, 14.152, 13.462, 12.615], "texture": "#1"},
				"up": {"uv": [14.44, 14.152, 13.462, 12.615], "texture": "#1"},
				"down": {"uv": [4.385, 14.076, 11.307, 9.923], "texture": "#1"}
			}
		},
		{
			"from": [4.28979, 4.2, 14],
			"to": [4.66479, 4.5, 15.9],
			"rotation": {"angle": -22.5, "axis": "z", "origin": [6.53979, 4.41477, 13.4]},
			"faces": {
				"north": {"uv": [13.462, 12.615, 14.44, 14.152], "texture": "#1"},
				"east": {"uv": [13.462, 12.615, 14.44, 14.152], "texture": "#1"},
				"south": {"uv": [13.462, 12.615, 14.44, 14.152], "texture": "#1"},
				"west": {"uv": [13.462, 12.615, 14.44, 14.152], "texture": "#1"},
				"up": {"uv": [11.307, 9.923, 4.385, 14.076], "texture": "#1"},
				"down": {"uv": [13.462, 12.615, 14.44, 14.152], "texture": "#1"}
			}
		},
		{
			"from": [4.28979, 3.91023, 14],
			"to": [4.66479, 4.21023, 15.9],
			"rotation": {"angle": 22.5, "axis": "z", "origin": [6.53979, 3.96023, 13.4]},
			"faces": {
				"north": {"uv": [13.462, 14.152, 14.44, 12.615], "texture": "#1"},
				"east": {"uv": [13.462, 14.152, 14.44, 12.615], "texture": "#1"},
				"south": {"uv": [13.462, 14.152, 14.44, 12.615], "texture": "#1"},
				"west": {"uv": [13.462, 14.152, 14.44, 12.615], "texture": "#1"},
				"up": {"uv": [13.462, 14.152, 14.44, 12.615], "texture": "#1"},
				"down": {"uv": [11.307, 14.076, 4.385, 9.923], "texture": "#1"}
			}
		},
		{
			"from": [12.51021, 4.66477, 14],
			"to": [12.88521, 4.96477, 15.9],
			"rotation": {"angle": 22.5, "axis": "z", "origin": [10.63521, 4.91477, 13.4]},
			"faces": {
				"north": {"uv": [14.44, 12.615, 13.462, 14.152], "texture": "#1"},
				"east": {"uv": [14.44, 12.615, 13.462, 14.152], "texture": "#1"},
				"south": {"uv": [14.44, 12.615, 13.462, 14.152], "texture": "#1"},
				"west": {"uv": [14.44, 12.615, 13.462, 14.152], "texture": "#1"},
				"up": {"uv": [4.385, 9.923, 11.307, 14.076], "texture": "#1"},
				"down": {"uv": [14.44, 12.615, 13.462, 14.152], "texture": "#1"}
			}
		},
		{
			"from": [12.51021, 3.41023, 14],
			"to": [12.88521, 3.71023, 15.9],
			"rotation": {"angle": -22.5, "axis": "z", "origin": [10.63521, 3.46023, 13.4]},
			"faces": {
				"north": {"uv": [14.44, 14.152, 13.462, 12.615], "texture": "#1"},
				"east": {"uv": [14.44, 14.152, 13.462, 12.615], "texture": "#1"},
				"south": {"uv": [14.44, 14.152, 13.462, 12.615], "texture": "#1"},
				"west": {"uv": [14.44, 14.152, 13.462, 12.615], "texture": "#1"},
				"up": {"uv": [14.44, 14.152, 13.462, 12.615], "texture": "#1"},
				"down": {"uv": [4.385, 14.076, 11.307, 9.923], "texture": "#1"}
			}
		},
		{
			"from": [3.11479, 4.66477, 14],
			"to": [3.48979, 4.96477, 15.9],
			"rotation": {"angle": -22.5, "axis": "z", "origin": [5.36479, 4.91477, 13.4]},
			"faces": {
				"north": {"uv": [13.462, 12.615, 14.44, 14.152], "texture": "#1"},
				"east": {"uv": [13.462, 12.615, 14.44, 14.152], "texture": "#1"},
				"south": {"uv": [13.462, 12.615, 14.44, 14.152], "texture": "#1"},
				"west": {"uv": [13.462, 12.615, 14.44, 14.152], "texture": "#1"},
				"up": {"uv": [11.307, 9.923, 4.385, 14.076], "texture": "#1"},
				"down": {"uv": [13.462, 12.615, 14.44, 14.152], "texture": "#1"}
			}
		},
		{
			"from": [3.11479, 3.41023, 14],
			"to": [3.48979, 3.71023, 15.9],
			"rotation": {"angle": 22.5, "axis": "z", "origin": [5.36479, 3.46023, 13.4]},
			"faces": {
				"north": {"uv": [13.462, 14.152, 14.44, 12.615], "texture": "#1"},
				"east": {"uv": [13.462, 14.152, 14.44, 12.615], "texture": "#1"},
				"south": {"uv": [13.462, 14.152, 14.44, 12.615], "texture": "#1"},
				"west": {"uv": [13.462, 14.152, 14.44, 12.615], "texture": "#1"},
				"up": {"uv": [13.462, 14.152, 14.44, 12.615], "texture": "#1"},
				"down": {"uv": [11.307, 14.076, 4.385, 9.923], "texture": "#1"}
			}
		},
		{
			"from": [11.93521, 4.43977, 14],
			"to": [12.31021, 4.73977, 15.9],
			"rotation": {"angle": 22.5, "axis": "z", "origin": [10.06021, 4.68977, 13.4]},
			"faces": {
				"north": {"uv": [14.44, 12.615, 13.462, 14.152], "texture": "#1"},
				"east": {"uv": [14.44, 12.615, 13.462, 14.152], "texture": "#1"},
				"south": {"uv": [14.44, 12.615, 13.462, 14.152], "texture": "#1"},
				"west": {"uv": [14.44, 12.615, 13.462, 14.152], "texture": "#1"},
				"up": {"uv": [4.385, 9.923, 11.307, 14.076], "texture": "#1"},
				"down": {"uv": [14.44, 12.615, 13.462, 14.152], "texture": "#1"}
			}
		},
		{
			"from": [11.93521, 3.63523, 14],
			"to": [12.31021, 3.93523, 15.9],
			"rotation": {"angle": -22.5, "axis": "z", "origin": [10.06021, 3.68523, 13.4]},
			"faces": {
				"north": {"uv": [14.44, 14.152, 13.462, 12.615], "texture": "#1"},
				"east": {"uv": [14.44, 14.152, 13.462, 12.615], "texture": "#1"},
				"south": {"uv": [14.44, 14.152, 13.462, 12.615], "texture": "#1"},
				"west": {"uv": [14.44, 14.152, 13.462, 12.615], "texture": "#1"},
				"up": {"uv": [14.44, 14.152, 13.462, 12.615], "texture": "#1"},
				"down": {"uv": [4.385, 14.076, 11.307, 9.923], "texture": "#1"}
			}
		},
		{
			"from": [3.68979, 4.43977, 14],
			"to": [4.06479, 4.73977, 15.9],
			"rotation": {"angle": -22.5, "axis": "z", "origin": [5.93979, 4.68977, 13.4]},
			"faces": {
				"north": {"uv": [13.462, 12.615, 14.44, 14.152], "texture": "#1"},
				"east": {"uv": [13.462, 12.615, 14.44, 14.152], "texture": "#1"},
				"south": {"uv": [13.462, 12.615, 14.44, 14.152], "texture": "#1"},
				"west": {"uv": [13.462, 12.615, 14.44, 14.152], "texture": "#1"},
				"up": {"uv": [11.307, 9.923, 4.385, 14.076], "texture": "#1"},
				"down": {"uv": [13.462, 12.615, 14.44, 14.152], "texture": "#1"}
			}
		},
		{
			"from": [3.68979, 3.63523, 14],
			"to": [4.06479, 3.93523, 15.9],
			"rotation": {"angle": 22.5, "axis": "z", "origin": [5.93979, 3.68523, 13.4]},
			"faces": {
				"north": {"uv": [13.462, 14.152, 14.44, 12.615], "texture": "#1"},
				"east": {"uv": [13.462, 14.152, 14.44, 12.615], "texture": "#1"},
				"south": {"uv": [13.462, 14.152, 14.44, 12.615], "texture": "#1"},
				"west": {"uv": [13.462, 14.152, 14.44, 12.615], "texture": "#1"},
				"up": {"uv": [13.462, 14.152, 14.44, 12.615], "texture": "#1"},
				"down": {"uv": [11.307, 14.076, 4.385, 9.923], "texture": "#1"}
			}
		},
		{
			"from": [8.63268, 3.82612, 9],
			"to": [11.38268, 4.07612, 16],
			"rotation": {"angle": 22.5, "axis": "z", "origin": [8.63268, 4.07612, 13.5]},
			"faces": {
				"north": {"uv": [4.5, 1, 11.422, 5.153], "texture": "#2"},
				"east": {"uv": [4.5, 1, 11.422, 5.153], "texture": "#2"},
				"south": {"uv": [4.5, 1, 11.422, 5.153], "texture": "#2"},
				"west": {"uv": [4.5, 1, 11.422, 5.153], "texture": "#2"},
				"up": {"uv": [4.5, 1, 11.422, 5.153], "texture": "#2"},
				"down": {"uv": [4.5, 1, 11.422, 5.153], "texture": "#2"}
			}
		},
		{
			"from": [4.61732, 4.32612, 9],
			"to": [7.36732, 4.57612, 16],
			"rotation": {"angle": 22.5, "axis": "z", "origin": [7.36732, 4.57612, 13.5]},
			"faces": {
				"north": {"uv": [2.25, 0.75, 13.45, 5], "texture": "#2"},
				"east": {"uv": [2.25, 0.75, 13.45, 5], "texture": "#2"},
				"south": {"uv": [2.25, 0.75, 13.45, 5], "texture": "#2"},
				"west": {"uv": [2.25, 0.75, 13.45, 5], "texture": "#2"},
				"up": {"uv": [2.25, 0.75, 13.45, 5], "texture": "#2"},
				"down": {"uv": [2.25, 0.75, 13.45, 5], "texture": "#2"}
			}
		},
		{
			"from": [2.07665, 3.27374, 10],
			"to": [4.82665, 3.52374, 16],
			"rotation": {"angle": 22.5, "axis": "z", "origin": [4.82665, 3.52374, 13.5]},
			"faces": {
				"north": {"uv": [2.25, 0.75, 13.45, 5], "texture": "#2"},
				"east": {"uv": [2.25, 0.75, 13.45, 5], "texture": "#2"},
				"south": {"uv": [2.25, 0.75, 13.45, 5], "texture": "#2"},
				"west": {"uv": [2.25, 0.75, 13.45, 5], "texture": "#2"},
				"up": {"uv": [2.25, 0.75, 13.45, 5], "texture": "#2"},
				"down": {"uv": [2.25, 0.75, 13.45, 5], "texture": "#2"}
			}
		},
		{
			"from": [11.17335, 3.27374, 10],
			"to": [13.92335, 3.52374, 16],
			"rotation": {"angle": -22.5, "axis": "z", "origin": [11.17335, 3.52374, 13.5]},
			"faces": {
				"north": {"uv": [4.5, 1, 11.422, 5.153], "texture": "#2"},
				"east": {"uv": [4.5, 1, 11.422, 5.153], "texture": "#2"},
				"south": {"uv": [4.5, 1, 11.422, 5.153], "texture": "#2"},
				"west": {"uv": [4.5, 1, 11.422, 5.153], "texture": "#2"},
				"up": {"uv": [4.5, 1, 11.422, 5.153], "texture": "#2"},
				"down": {"uv": [4.5, 1, 11.422, 5.153], "texture": "#2"}
			}
		},
		{
			"from": [8.63268, 4.32612, 9],
			"to": [11.38268, 4.57612, 16],
			"rotation": {"angle": -22.5, "axis": "z", "origin": [8.63268, 4.57612, 13.5]},
			"faces": {
				"north": {"uv": [4.5, 1, 11.422, 5.153], "texture": "#2"},
				"east": {"uv": [4.5, 1, 11.422, 5.153], "texture": "#2"},
				"south": {"uv": [4.5, 1, 11.422, 5.153], "texture": "#2"},
				"west": {"uv": [4.5, 1, 11.422, 5.153], "texture": "#2"},
				"up": {"uv": [4.5, 1, 11.422, 5.153], "texture": "#2"},
				"down": {"uv": [4.5, 1, 11.422, 5.153], "texture": "#2"}
			}
		},
		{
			"from": [6.61732, 3.57612, 7],
			"to": [9.36732, 4.57612, 16],
			"rotation": {"angle": 0, "axis": "y", "origin": [14.86732, 10.07612, 8]},
			"faces": {
				"north": {"uv": [2.25, 0.75, 13.45, 5], "texture": "#2"},
				"east": {"uv": [2.25, 0.75, 13.45, 5], "texture": "#2"},
				"south": {"uv": [2.25, 0.75, 13.45, 5], "texture": "#2"},
				"west": {"uv": [2.25, 0.75, 13.45, 5], "texture": "#2"},
				"up": {"uv": [2.25, 0.75, 13.45, 5], "texture": "#2"},
				"down": {"uv": [2.25, 0.75, 13.45, 5], "texture": "#2"}
			}
		},
		{
			"from": [9.11732, 4.82612, 11.25],
			"to": [10.11732, 5.82612, 16],
			"rotation": {"angle": 0, "axis": "y", "origin": [17.36732, 11.32612, 8]},
			"faces": {
				"north": {"uv": [2.25, 0.75, 13.45, 5], "texture": "#2"},
				"east": {"uv": [2.25, 0.75, 13.45, 5], "texture": "#2"},
				"south": {"uv": [2.25, 0.75, 13.45, 5], "texture": "#2"},
				"west": {"uv": [2.25, 0.75, 13.45, 5], "texture": "#2"},
				"up": {"uv": [2.25, 0.75, 13.45, 5], "texture": "#2"},
				"down": {"uv": [2.25, 0.75, 13.45, 5], "texture": "#2"}
			}
		},
		{
			"from": [13.21402, 5.43088, 10],
			"to": [14.21402, 6.43088, 16],
			"rotation": {"angle": 22.5, "axis": "z", "origin": [13.46402, 6.18088, 11.25]},
			"faces": {
				"north": {"uv": [2.25, 0.75, 13.45, 5], "texture": "#2"},
				"east": {"uv": [2.25, 0.75, 13.45, 5], "texture": "#2"},
				"south": {"uv": [2.25, 0.75, 13.45, 5], "texture": "#2"},
				"west": {"uv": [2.25, 0.75, 13.45, 5], "texture": "#2"},
				"up": {"uv": [2.25, 0.75, 13.45, 5], "texture": "#2"},
				"down": {"uv": [2.25, 0.75, 13.45, 5], "texture": "#2"}
			}
		},
		{
			"from": [1.78598, 5.43088, 10],
			"to": [2.78598, 6.43088, 16],
			"rotation": {"angle": -22.5, "axis": "z", "origin": [2.53598, 6.18088, 11.25]},
			"faces": {
				"north": {"uv": [2.25, 0.75, 13.45, 5], "texture": "#2"},
				"east": {"uv": [2.25, 0.75, 13.45, 5], "texture": "#2"},
				"south": {"uv": [2.25, 0.75, 13.45, 5], "texture": "#2"},
				"west": {"uv": [2.25, 0.75, 13.45, 5], "texture": "#2"},
				"up": {"uv": [2.25, 0.75, 13.45, 5], "texture": "#2"},
				"down": {"uv": [2.25, 0.75, 13.45, 5], "texture": "#2"}
			}
		},
		{
			"from": [13.21402, 1.89412, 10],
			"to": [14.21402, 2.89412, 16],
			"rotation": {"angle": -22.5, "axis": "z", "origin": [13.46402, 2.14412, 11.25]},
			"faces": {
				"north": {"uv": [2.25, 0.75, 13.45, 5], "texture": "#2"},
				"east": {"uv": [2.25, 0.75, 13.45, 5], "texture": "#2"},
				"south": {"uv": [2.25, 0.75, 13.45, 5], "texture": "#2"},
				"west": {"uv": [2.25, 0.75, 13.45, 5], "texture": "#2"},
				"up": {"uv": [2.25, 0.75, 13.45, 5], "texture": "#2"},
				"down": {"uv": [2.25, 0.75, 13.45, 5], "texture": "#2"}
			}
		},
		{
			"from": [1.78598, 1.89412, 10],
			"to": [2.78598, 2.89412, 16],
			"rotation": {"angle": 22.5, "axis": "z", "origin": [2.53598, 2.14412, 11.25]},
			"faces": {
				"north": {"uv": [2.25, 0.75, 13.45, 5], "texture": "#2"},
				"east": {"uv": [2.25, 0.75, 13.45, 5], "texture": "#2"},
				"south": {"uv": [2.25, 0.75, 13.45, 5], "texture": "#2"},
				"west": {"uv": [2.25, 0.75, 13.45, 5], "texture": "#2"},
				"up": {"uv": [2.25, 0.75, 13.45, 5], "texture": "#2"},
				"down": {"uv": [2.25, 0.75, 13.45, 5], "texture": "#2"}
			}
		},
		{
			"from": [13.41402, 5.68088, 4.5],
			"to": [13.91402, 6.18088, 16],
			"rotation": {"angle": 22.5, "axis": "z", "origin": [13.41402, 6.18088, 11.25]},
			"faces": {
				"north": {"uv": [2.25, 0.75, 13.45, 5], "texture": "#2"},
				"east": {"uv": [2.25, 0.75, 13.45, 5], "texture": "#2"},
				"south": {"uv": [2.25, 0.75, 13.45, 5], "texture": "#2"},
				"west": {"uv": [2.25, 0.75, 13.45, 5], "texture": "#2"},
				"up": {"uv": [2.25, 0.75, 13.45, 5], "texture": "#2"},
				"down": {"uv": [2.25, 0.75, 13.45, 5], "texture": "#2"}
			}
		},
		{
			"from": [2.08598, 5.68088, 4.5],
			"to": [2.58598, 6.18088, 16],
			"rotation": {"angle": -22.5, "axis": "z", "origin": [2.58598, 6.18088, 11.25]},
			"faces": {
				"north": {"uv": [2.25, 0.75, 13.45, 5], "texture": "#2"},
				"east": {"uv": [2.25, 0.75, 13.45, 5], "texture": "#2"},
				"south": {"uv": [2.25, 0.75, 13.45, 5], "texture": "#2"},
				"west": {"uv": [2.25, 0.75, 13.45, 5], "texture": "#2"},
				"up": {"uv": [2.25, 0.75, 13.45, 5], "texture": "#2"},
				"down": {"uv": [2.25, 0.75, 13.45, 5], "texture": "#2"}
			}
		},
		{
			"from": [13.41402, 2.14412, 4.5],
			"to": [13.91402, 2.64412, 16],
			"rotation": {"angle": -22.5, "axis": "z", "origin": [13.41402, 2.14412, 11.25]},
			"faces": {
				"north": {"uv": [2.25, 0.75, 13.45, 5], "texture": "#2"},
				"east": {"uv": [2.25, 0.75, 13.45, 5], "texture": "#2"},
				"south": {"uv": [2.25, 0.75, 13.45, 5], "texture": "#2"},
				"west": {"uv": [2.25, 0.75, 13.45, 5], "texture": "#2"},
				"up": {"uv": [2.25, 0.75, 13.45, 5], "texture": "#2"},
				"down": {"uv": [2.25, 0.75, 13.45, 5], "texture": "#2"}
			}
		},
		{
			"from": [2.08598, 2.14412, 4.5],
			"to": [2.58598, 2.64412, 16],
			"rotation": {"angle": 22.5, "axis": "z", "origin": [2.58598, 2.14412, 11.25]},
			"faces": {
				"north": {"uv": [2.25, 0.75, 13.45, 5], "texture": "#2"},
				"east": {"uv": [2.25, 0.75, 13.45, 5], "texture": "#2"},
				"south": {"uv": [2.25, 0.75, 13.45, 5], "texture": "#2"},
				"west": {"uv": [2.25, 0.75, 13.45, 5], "texture": "#2"},
				"up": {"uv": [2.25, 0.75, 13.45, 5], "texture": "#2"},
				"down": {"uv": [2.25, 0.75, 13.45, 5], "texture": "#2"}
			}
		},
		{
			"from": [13.48902, 5.78088, 0.5],
			"to": [13.73902, 6.03088, 16],
			"rotation": {"angle": 22.5, "axis": "z", "origin": [13.36402, 6.28088, 11.25]},
			"faces": {
				"north": {"uv": [2.25, 0.75, 13.45, 5], "texture": "#2"},
				"east": {"uv": [2.25, 0.75, 13.45, 5], "texture": "#2"},
				"south": {"uv": [2.25, 0.75, 13.45, 5], "texture": "#2"},
				"west": {"uv": [2.25, 0.75, 13.45, 5], "texture": "#2"},
				"up": {"uv": [2.25, 0.75, 13.45, 5], "texture": "#2"},
				"down": {"uv": [2.25, 0.75, 13.45, 5], "texture": "#2"}
			}
		},
		{
			"from": [2.26098, 5.78088, 0.5],
			"to": [2.51098, 6.03088, 16],
			"rotation": {"angle": -22.5, "axis": "z", "origin": [2.63598, 6.28088, 11.25]},
			"faces": {
				"north": {"uv": [2.25, 0.75, 13.45, 5], "texture": "#2"},
				"east": {"uv": [2.25, 0.75, 13.45, 5], "texture": "#2"},
				"south": {"uv": [2.25, 0.75, 13.45, 5], "texture": "#2"},
				"west": {"uv": [2.25, 0.75, 13.45, 5], "texture": "#2"},
				"up": {"uv": [2.25, 0.75, 13.45, 5], "texture": "#2"},
				"down": {"uv": [2.25, 0.75, 13.45, 5], "texture": "#2"}
			}
		},
		{
			"from": [13.48902, 2.29412, 0.5],
			"to": [13.73902, 2.54412, 16],
			"rotation": {"angle": -22.5, "axis": "z", "origin": [13.36402, 2.04412, 11.25]},
			"faces": {
				"north": {"uv": [2.25, 0.75, 13.45, 5], "texture": "#2"},
				"east": {"uv": [2.25, 0.75, 13.45, 5], "texture": "#2"},
				"south": {"uv": [2.25, 0.75, 13.45, 5], "texture": "#2"},
				"west": {"uv": [2.25, 0.75, 13.45, 5], "texture": "#2"},
				"up": {"uv": [2.25, 0.75, 13.45, 5], "texture": "#2"},
				"down": {"uv": [2.25, 0.75, 13.45, 5], "texture": "#2"}
			}
		},
		{
			"from": [2.26098, 2.29412, 0.5],
			"to": [2.51098, 2.54412, 16],
			"rotation": {"angle": 22.5, "axis": "z", "origin": [2.63598, 2.04412, 11.25]},
			"faces": {
				"north": {"uv": [2.25, 0.75, 13.45, 5], "texture": "#2"},
				"east": {"uv": [2.25, 0.75, 13.45, 5], "texture": "#2"},
				"south": {"uv": [2.25, 0.75, 13.45, 5], "texture": "#2"},
				"west": {"uv": [2.25, 0.75, 13.45, 5], "texture": "#2"},
				"up": {"uv": [2.25, 0.75, 13.45, 5], "texture": "#2"},
				"down": {"uv": [2.25, 0.75, 13.45, 5], "texture": "#2"}
			}
		},
		{
			"from": [13.46402, 6.68152, 4.45841],
			"to": [13.96402, 6.87152, 4.91941],
			"rotation": {"angle": -22.5, "axis": "x", "origin": [13.96402, 6.88074, 4.95841]},
			"faces": {
				"north": {"uv": [2.25, 0.75, 13.45, 5], "texture": "#2"},
				"east": {"uv": [2.25, 0.75, 13.45, 5], "texture": "#2"},
				"south": {"uv": [2.25, 0.75, 13.45, 5], "texture": "#2"},
				"west": {"uv": [2.25, 0.75, 13.45, 5], "texture": "#2"},
				"up": {"uv": [2.25, 0.75, 13.45, 5], "texture": "#2"},
				"down": {"uv": [2.25, 0.75, 13.45, 5], "texture": "#2"}
			}
		},
		{
			"from": [2.03598, 6.68152, 4.45841],
			"to": [2.53598, 6.87152, 4.91941],
			"rotation": {"angle": -22.5, "axis": "x", "origin": [2.03598, 6.88074, 4.95841]},
			"faces": {
				"north": {"uv": [2.25, 0.75, 13.45, 5], "texture": "#2"},
				"east": {"uv": [2.25, 0.75, 13.45, 5], "texture": "#2"},
				"south": {"uv": [2.25, 0.75, 13.45, 5], "texture": "#2"},
				"west": {"uv": [2.25, 0.75, 13.45, 5], "texture": "#2"},
				"up": {"uv": [2.25, 0.75, 13.45, 5], "texture": "#2"},
				"down": {"uv": [2.25, 0.75, 13.45, 5], "texture": "#2"}
			}
		},
		{
			"from": [13.46402, 1.45348, 4.45841],
			"to": [13.96402, 1.64348, 4.91941],
			"rotation": {"angle": 22.5, "axis": "x", "origin": [13.96402, 1.44426, 4.95841]},
			"faces": {
				"north": {"uv": [2.25, 0.75, 13.45, 5], "texture": "#2"},
				"east": {"uv": [2.25, 0.75, 13.45, 5], "texture": "#2"},
				"south": {"uv": [2.25, 0.75, 13.45, 5], "texture": "#2"},
				"west": {"uv": [2.25, 0.75, 13.45, 5], "texture": "#2"},
				"up": {"uv": [2.25, 0.75, 13.45, 5], "texture": "#2"},
				"down": {"uv": [2.25, 0.75, 13.45, 5], "texture": "#2"}
			}
		},
		{
			"from": [2.03598, 1.45348, 4.45841],
			"to": [2.53598, 1.64348, 4.91941],
			"rotation": {"angle": 22.5, "axis": "x", "origin": [2.03598, 1.44426, 4.95841]},
			"faces": {
				"north": {"uv": [2.25, 0.75, 13.45, 5], "texture": "#2"},
				"east": {"uv": [2.25, 0.75, 13.45, 5], "texture": "#2"},
				"south": {"uv": [2.25, 0.75, 13.45, 5], "texture": "#2"},
				"west": {"uv": [2.25, 0.75, 13.45, 5], "texture": "#2"},
				"up": {"uv": [2.25, 0.75, 13.45, 5], "texture": "#2"},
				"down": {"uv": [2.25, 0.75, 13.45, 5], "texture": "#2"}
			}
		},
		{
			"from": [13.46402, 4.99112, 4.45979],
			"to": [13.96402, 5.18112, 4.92079],
			"rotation": {"angle": 22.5, "axis": "x", "origin": [13.96402, 4.9819, 4.95979]},
			"faces": {
				"north": {"uv": [2.25, 0.75, 13.45, 5], "texture": "#2"},
				"east": {"uv": [2.25, 0.75, 13.45, 5], "texture": "#2"},
				"south": {"uv": [2.25, 0.75, 13.45, 5], "texture": "#2"},
				"west": {"uv": [2.25, 0.75, 13.45, 5], "texture": "#2"},
				"up": {"uv": [2.25, 0.75, 13.45, 5], "texture": "#2"},
				"down": {"uv": [2.25, 0.75, 13.45, 5], "texture": "#2"}
			}
		},
		{
			"from": [2.03598, 4.99112, 4.45979],
			"to": [2.53598, 5.18112, 4.92079],
			"rotation": {"angle": 22.5, "axis": "x", "origin": [2.03598, 4.9819, 4.95979]},
			"faces": {
				"north": {"uv": [2.25, 0.75, 13.45, 5], "texture": "#2"},
				"east": {"uv": [2.25, 0.75, 13.45, 5], "texture": "#2"},
				"south": {"uv": [2.25, 0.75, 13.45, 5], "texture": "#2"},
				"west": {"uv": [2.25, 0.75, 13.45, 5], "texture": "#2"},
				"up": {"uv": [2.25, 0.75, 13.45, 5], "texture": "#2"},
				"down": {"uv": [2.25, 0.75, 13.45, 5], "texture": "#2"}
			}
		},
		{
			"from": [13.46402, 3.14388, 4.45979],
			"to": [13.96402, 3.33388, 4.92079],
			"rotation": {"angle": -22.5, "axis": "x", "origin": [13.96402, 3.3431, 4.95979]},
			"faces": {
				"north": {"uv": [2.25, 0.75, 13.45, 5], "texture": "#2"},
				"east": {"uv": [2.25, 0.75, 13.45, 5], "texture": "#2"},
				"south": {"uv": [2.25, 0.75, 13.45, 5], "texture": "#2"},
				"west": {"uv": [2.25, 0.75, 13.45, 5], "texture": "#2"},
				"up": {"uv": [2.25, 0.75, 13.45, 5], "texture": "#2"},
				"down": {"uv": [2.25, 0.75, 13.45, 5], "texture": "#2"}
			}
		},
		{
			"from": [2.03598, 3.14388, 4.45979],
			"to": [2.53598, 3.33388, 4.92079],
			"rotation": {"angle": -22.5, "axis": "x", "origin": [2.03598, 3.3431, 4.95979]},
			"faces": {
				"north": {"uv": [2.25, 0.75, 13.45, 5], "texture": "#2"},
				"east": {"uv": [2.25, 0.75, 13.45, 5], "texture": "#2"},
				"south": {"uv": [2.25, 0.75, 13.45, 5], "texture": "#2"},
				"west": {"uv": [2.25, 0.75, 13.45, 5], "texture": "#2"},
				"up": {"uv": [2.25, 0.75, 13.45, 5], "texture": "#2"},
				"down": {"uv": [2.25, 0.75, 13.45, 5], "texture": "#2"}
			}
		},
		{
			"from": [13.46402, 6.82652, 4.31262],
			"to": [13.96402, 7.01652, 4.77362],
			"rotation": {"angle": -45, "axis": "x", "origin": [13.96402, 7.02574, 4.81262]},
			"faces": {
				"north": {"uv": [2.25, 0.75, 13.45, 5], "texture": "#2"},
				"east": {"uv": [2.25, 0.75, 13.45, 5], "texture": "#2"},
				"south": {"uv": [2.25, 0.75, 13.45, 5], "texture": "#2"},
				"west": {"uv": [2.25, 0.75, 13.45, 5], "texture": "#2"},
				"up": {"uv": [2.25, 0.75, 13.45, 5], "texture": "#2"},
				"down": {"uv": [2.25, 0.75, 13.45, 5], "texture": "#2"}
			}
		},
		{
			"from": [2.03598, 6.82652, 4.31262],
			"to": [2.53598, 7.01652, 4.77362],
			"rotation": {"angle": -45, "axis": "x", "origin": [2.03598, 7.02574, 4.81262]},
			"faces": {
				"north": {"uv": [2.25, 0.75, 13.45, 5], "texture": "#2"},
				"east": {"uv": [2.25, 0.75, 13.45, 5], "texture": "#2"},
				"south": {"uv": [2.25, 0.75, 13.45, 5], "texture": "#2"},
				"west": {"uv": [2.25, 0.75, 13.45, 5], "texture": "#2"},
				"up": {"uv": [2.25, 0.75, 13.45, 5], "texture": "#2"},
				"down": {"uv": [2.25, 0.75, 13.45, 5], "texture": "#2"}
			}
		},
		{
			"from": [13.46402, 1.30848, 4.31262],
			"to": [13.96402, 1.49848, 4.77362],
			"rotation": {"angle": 45, "axis": "x", "origin": [13.96402, 1.29926, 4.81262]},
			"faces": {
				"north": {"uv": [2.25, 0.75, 13.45, 5], "texture": "#2"},
				"east": {"uv": [2.25, 0.75, 13.45, 5], "texture": "#2"},
				"south": {"uv": [2.25, 0.75, 13.45, 5], "texture": "#2"},
				"west": {"uv": [2.25, 0.75, 13.45, 5], "texture": "#2"},
				"up": {"uv": [2.25, 0.75, 13.45, 5], "texture": "#2"},
				"down": {"uv": [2.25, 0.75, 13.45, 5], "texture": "#2"}
			}
		},
		{
			"from": [2.03598, 1.30848, 4.31262],
			"to": [2.53598, 1.49848, 4.77362],
			"rotation": {"angle": 45, "axis": "x", "origin": [2.03598, 1.29926, 4.81262]},
			"faces": {
				"north": {"uv": [2.25, 0.75, 13.45, 5], "texture": "#2"},
				"east": {"uv": [2.25, 0.75, 13.45, 5], "texture": "#2"},
				"south": {"uv": [2.25, 0.75, 13.45, 5], "texture": "#2"},
				"west": {"uv": [2.25, 0.75, 13.45, 5], "texture": "#2"},
				"up": {"uv": [2.25, 0.75, 13.45, 5], "texture": "#2"},
				"down": {"uv": [2.25, 0.75, 13.45, 5], "texture": "#2"}
			}
		},
		{
			"from": [13.46402, 4.84612, 4.314],
			"to": [13.96402, 5.03612, 4.775],
			"rotation": {"angle": 45, "axis": "x", "origin": [13.96402, 4.83689, 4.814]},
			"faces": {
				"north": {"uv": [2.25, 0.75, 13.45, 5], "texture": "#2"},
				"east": {"uv": [2.25, 0.75, 13.45, 5], "texture": "#2"},
				"south": {"uv": [2.25, 0.75, 13.45, 5], "texture": "#2"},
				"west": {"uv": [2.25, 0.75, 13.45, 5], "texture": "#2"},
				"up": {"uv": [2.25, 0.75, 13.45, 5], "texture": "#2"},
				"down": {"uv": [2.25, 0.75, 13.45, 5], "texture": "#2"}
			}
		},
		{
			"from": [2.03598, 4.84612, 4.314],
			"to": [2.53598, 5.03612, 4.775],
			"rotation": {"angle": 45, "axis": "x", "origin": [2.03598, 4.83689, 4.814]},
			"faces": {
				"north": {"uv": [2.25, 0.75, 13.45, 5], "texture": "#2"},
				"east": {"uv": [2.25, 0.75, 13.45, 5], "texture": "#2"},
				"south": {"uv": [2.25, 0.75, 13.45, 5], "texture": "#2"},
				"west": {"uv": [2.25, 0.75, 13.45, 5], "texture": "#2"},
				"up": {"uv": [2.25, 0.75, 13.45, 5], "texture": "#2"},
				"down": {"uv": [2.25, 0.75, 13.45, 5], "texture": "#2"}
			}
		},
		{
			"from": [13.46402, 3.28888, 4.314],
			"to": [13.96402, 3.47888, 4.775],
			"rotation": {"angle": -45, "axis": "x", "origin": [13.96402, 3.48811, 4.814]},
			"faces": {
				"north": {"uv": [2.25, 0.75, 13.45, 5], "texture": "#2"},
				"east": {"uv": [2.25, 0.75, 13.45, 5], "texture": "#2"},
				"south": {"uv": [2.25, 0.75, 13.45, 5], "texture": "#2"},
				"west": {"uv": [2.25, 0.75, 13.45, 5], "texture": "#2"},
				"up": {"uv": [2.25, 0.75, 13.45, 5], "texture": "#2"},
				"down": {"uv": [2.25, 0.75, 13.45, 5], "texture": "#2"}
			}
		},
		{
			"from": [2.03598, 3.28888, 4.314],
			"to": [2.53598, 3.47888, 4.775],
			"rotation": {"angle": -45, "axis": "x", "origin": [2.03598, 3.48811, 4.814]},
			"faces": {
				"north": {"uv": [2.25, 0.75, 13.45, 5], "texture": "#2"},
				"east": {"uv": [2.25, 0.75, 13.45, 5], "texture": "#2"},
				"south": {"uv": [2.25, 0.75, 13.45, 5], "texture": "#2"},
				"west": {"uv": [2.25, 0.75, 13.45, 5], "texture": "#2"},
				"up": {"uv": [2.25, 0.75, 13.45, 5], "texture": "#2"},
				"down": {"uv": [2.25, 0.75, 13.45, 5], "texture": "#2"}
			}
		},
		{
			"from": [13.46402, 6.60392, 4.63165],
			"to": [13.96402, 7.06492, 4.82165],
			"rotation": {"angle": 22.5, "axis": "x", "origin": [13.96402, 7.10392, 4.62243]},
			"faces": {
				"north": {"uv": [2.25, 0.75, 13.45, 5], "texture": "#2"},
				"east": {"uv": [2.25, 0.75, 13.45, 5], "texture": "#2"},
				"south": {"uv": [2.25, 0.75, 13.45, 5], "texture": "#2"},
				"west": {"uv": [2.25, 0.75, 13.45, 5], "texture": "#2"},
				"up": {"uv": [2.25, 0.75, 13.45, 5], "texture": "#2"},
				"down": {"uv": [2.25, 0.75, 13.45, 5], "texture": "#2"}
			}
		},
		{
			"from": [2.03598, 6.60392, 4.63165],
			"to": [2.53598, 7.06492, 4.82165],
			"rotation": {"angle": 22.5, "axis": "x", "origin": [2.03598, 7.10392, 4.62243]},
			"faces": {
				"north": {"uv": [2.25, 0.75, 13.45, 5], "texture": "#2"},
				"east": {"uv": [2.25, 0.75, 13.45, 5], "texture": "#2"},
				"south": {"uv": [2.25, 0.75, 13.45, 5], "texture": "#2"},
				"west": {"uv": [2.25, 0.75, 13.45, 5], "texture": "#2"},
				"up": {"uv": [2.25, 0.75, 13.45, 5], "texture": "#2"},
				"down": {"uv": [2.25, 0.75, 13.45, 5], "texture": "#2"}
			}
		},
		{
			"from": [13.46402, 1.26008, 4.63165],
			"to": [13.96402, 1.72108, 4.82165],
			"rotation": {"angle": -22.5, "axis": "x", "origin": [13.96402, 1.22108, 4.62243]},
			"faces": {
				"north": {"uv": [2.25, 0.75, 13.45, 5], "rotation": 180, "texture": "#2"},
				"east": {"uv": [2.25, 0.75, 13.45, 5], "rotation": 180, "texture": "#2"},
				"south": {"uv": [2.25, 0.75, 13.45, 5], "rotation": 180, "texture": "#2"},
				"west": {"uv": [2.25, 0.75, 13.45, 5], "rotation": 180, "texture": "#2"},
				"up": {"uv": [2.25, 0.75, 13.45, 5], "rotation": 180, "texture": "#2"},
				"down": {"uv": [2.25, 0.75, 13.45, 5], "rotation": 180, "texture": "#2"}
			}
		},
		{
			"from": [2.03598, 1.26008, 4.63165],
			"to": [2.53598, 1.72108, 4.82165],
			"rotation": {"angle": -22.5, "axis": "x", "origin": [2.03598, 1.22108, 4.62243]},
			"faces": {
				"north": {"uv": [2.25, 0.75, 13.45, 5], "rotation": 180, "texture": "#2"},
				"east": {"uv": [2.25, 0.75, 13.45, 5], "rotation": 180, "texture": "#2"},
				"south": {"uv": [2.25, 0.75, 13.45, 5], "rotation": 180, "texture": "#2"},
				"west": {"uv": [2.25, 0.75, 13.45, 5], "rotation": 180, "texture": "#2"},
				"up": {"uv": [2.25, 0.75, 13.45, 5], "rotation": 180, "texture": "#2"},
				"down": {"uv": [2.25, 0.75, 13.45, 5], "rotation": 180, "texture": "#2"}
			}
		},
		{
			"from": [13.46402, 4.79772, 4.63303],
			"to": [13.96402, 5.25872, 4.82303],
			"rotation": {"angle": -22.5, "axis": "x", "origin": [13.96402, 4.75872, 4.62381]},
			"faces": {
				"north": {"uv": [2.25, 0.75, 13.45, 5], "rotation": 180, "texture": "#2"},
				"east": {"uv": [2.25, 0.75, 13.45, 5], "rotation": 180, "texture": "#2"},
				"south": {"uv": [2.25, 0.75, 13.45, 5], "rotation": 180, "texture": "#2"},
				"west": {"uv": [2.25, 0.75, 13.45, 5], "rotation": 180, "texture": "#2"},
				"up": {"uv": [2.25, 0.75, 13.45, 5], "rotation": 180, "texture": "#2"},
				"down": {"uv": [2.25, 0.75, 13.45, 5], "rotation": 180, "texture": "#2"}
			}
		},
		{
			"from": [2.03598, 4.79772, 4.63303],
			"to": [2.53598, 5.25872, 4.82303],
			"rotation": {"angle": -22.5, "axis": "x", "origin": [2.03598, 4.75872, 4.62381]},
			"faces": {
				"north": {"uv": [2.25, 0.75, 13.45, 5], "rotation": 180, "texture": "#2"},
				"east": {"uv": [2.25, 0.75, 13.45, 5], "rotation": 180, "texture": "#2"},
				"south": {"uv": [2.25, 0.75, 13.45, 5], "rotation": 180, "texture": "#2"},
				"west": {"uv": [2.25, 0.75, 13.45, 5], "rotation": 180, "texture": "#2"},
				"up": {"uv": [2.25, 0.75, 13.45, 5], "rotation": 180, "texture": "#2"},
				"down": {"uv": [2.25, 0.75, 13.45, 5], "rotation": 180, "texture": "#2"}
			}
		},
		{
			"from": [13.46402, 3.06628, 4.63303],
			"to": [13.96402, 3.52728, 4.82303],
			"rotation": {"angle": 22.5, "axis": "x", "origin": [13.96402, 3.56628, 4.62381]},
			"faces": {
				"north": {"uv": [2.25, 0.75, 13.45, 5], "texture": "#2"},
				"east": {"uv": [2.25, 0.75, 13.45, 5], "texture": "#2"},
				"south": {"uv": [2.25, 0.75, 13.45, 5], "texture": "#2"},
				"west": {"uv": [2.25, 0.75, 13.45, 5], "texture": "#2"},
				"up": {"uv": [2.25, 0.75, 13.45, 5], "texture": "#2"},
				"down": {"uv": [2.25, 0.75, 13.45, 5], "texture": "#2"}
			}
		},
		{
			"from": [2.03598, 3.06628, 4.63303],
			"to": [2.53598, 3.52728, 4.82303],
			"rotation": {"angle": 22.5, "axis": "x", "origin": [2.03598, 3.56628, 4.62381]},
			"faces": {
				"north": {"uv": [2.25, 0.75, 13.45, 5], "texture": "#2"},
				"east": {"uv": [2.25, 0.75, 13.45, 5], "texture": "#2"},
				"south": {"uv": [2.25, 0.75, 13.45, 5], "texture": "#2"},
				"west": {"uv": [2.25, 0.75, 13.45, 5], "texture": "#2"},
				"up": {"uv": [2.25, 0.75, 13.45, 5], "texture": "#2"},
				"down": {"uv": [2.25, 0.75, 13.45, 5], "texture": "#2"}
			}
		},
		{
			"from": [13.46402, 6.60336, 4.42602],
			"to": [13.96402, 7.06436, 4.61602],
			"rotation": {"angle": 0, "axis": "x", "origin": [13.96402, 7.10336, 4.4168]},
			"faces": {
				"north": {"uv": [2.25, 0.75, 13.45, 5], "texture": "#2"},
				"east": {"uv": [2.25, 0.75, 13.45, 5], "texture": "#2"},
				"south": {"uv": [2.25, 0.75, 13.45, 5], "texture": "#2"},
				"west": {"uv": [2.25, 0.75, 13.45, 5], "texture": "#2"},
				"up": {"uv": [2.25, 0.75, 13.45, 5], "texture": "#2"},
				"down": {"uv": [2.25, 0.75, 13.45, 5], "texture": "#2"}
			}
		},
		{
			"from": [2.03598, 6.60336, 4.42602],
			"to": [2.53598, 7.06436, 4.61602],
			"rotation": {"angle": 0, "axis": "x", "origin": [2.03598, 7.10336, 4.4168]},
			"faces": {
				"north": {"uv": [2.25, 0.75, 13.45, 5], "texture": "#2"},
				"east": {"uv": [2.25, 0.75, 13.45, 5], "texture": "#2"},
				"south": {"uv": [2.25, 0.75, 13.45, 5], "texture": "#2"},
				"west": {"uv": [2.25, 0.75, 13.45, 5], "texture": "#2"},
				"up": {"uv": [2.25, 0.75, 13.45, 5], "texture": "#2"},
				"down": {"uv": [2.25, 0.75, 13.45, 5], "texture": "#2"}
			}
		},
		{
			"from": [13.46402, 1.26064, 4.42602],
			"to": [13.96402, 1.72164, 4.61602],
			"rotation": {"angle": 0, "axis": "x", "origin": [13.96402, 1.22164, 4.4168]},
			"faces": {
				"north": {"uv": [2.25, 0.75, 13.45, 5], "rotation": 180, "texture": "#2"},
				"east": {"uv": [2.25, 0.75, 13.45, 5], "rotation": 180, "texture": "#2"},
				"south": {"uv": [2.25, 0.75, 13.45, 5], "rotation": 180, "texture": "#2"},
				"west": {"uv": [2.25, 0.75, 13.45, 5], "rotation": 180, "texture": "#2"},
				"up": {"uv": [2.25, 0.75, 13.45, 5], "rotation": 180, "texture": "#2"},
				"down": {"uv": [2.25, 0.75, 13.45, 5], "rotation": 180, "texture": "#2"}
			}
		},
		{
			"from": [2.03598, 1.26064, 4.42602],
			"to": [2.53598, 1.72164, 4.61602],
			"rotation": {"angle": 0, "axis": "x", "origin": [2.03598, 1.22164, 4.4168]},
			"faces": {
				"north": {"uv": [2.25, 0.75, 13.45, 5], "rotation": 180, "texture": "#2"},
				"east": {"uv": [2.25, 0.75, 13.45, 5], "rotation": 180, "texture": "#2"},
				"south": {"uv": [2.25, 0.75, 13.45, 5], "rotation": 180, "texture": "#2"},
				"west": {"uv": [2.25, 0.75, 13.45, 5], "rotation": 180, "texture": "#2"},
				"up": {"uv": [2.25, 0.75, 13.45, 5], "rotation": 180, "texture": "#2"},
				"down": {"uv": [2.25, 0.75, 13.45, 5], "rotation": 180, "texture": "#2"}
			}
		},
		{
			"from": [13.46402, 4.79828, 4.4274],
			"to": [13.96402, 5.25928, 4.6174],
			"rotation": {"angle": 0, "axis": "x", "origin": [13.96402, 4.75928, 4.41818]},
			"faces": {
				"north": {"uv": [2.25, 0.75, 13.45, 5], "rotation": 180, "texture": "#2"},
				"east": {"uv": [2.25, 0.75, 13.45, 5], "rotation": 180, "texture": "#2"},
				"south": {"uv": [2.25, 0.75, 13.45, 5], "rotation": 180, "texture": "#2"},
				"west": {"uv": [2.25, 0.75, 13.45, 5], "rotation": 180, "texture": "#2"},
				"up": {"uv": [2.25, 0.75, 13.45, 5], "rotation": 180, "texture": "#2"},
				"down": {"uv": [2.25, 0.75, 13.45, 5], "rotation": 180, "texture": "#2"}
			}
		},
		{
			"from": [2.03598, 4.79828, 4.4274],
			"to": [2.53598, 5.25928, 4.6174],
			"rotation": {"angle": 0, "axis": "x", "origin": [2.03598, 4.75928, 4.41818]},
			"faces": {
				"north": {"uv": [2.25, 0.75, 13.45, 5], "rotation": 180, "texture": "#2"},
				"east": {"uv": [2.25, 0.75, 13.45, 5], "rotation": 180, "texture": "#2"},
				"south": {"uv": [2.25, 0.75, 13.45, 5], "rotation": 180, "texture": "#2"},
				"west": {"uv": [2.25, 0.75, 13.45, 5], "rotation": 180, "texture": "#2"},
				"up": {"uv": [2.25, 0.75, 13.45, 5], "rotation": 180, "texture": "#2"},
				"down": {"uv": [2.25, 0.75, 13.45, 5], "rotation": 180, "texture": "#2"}
			}
		},
		{
			"from": [13.46402, 3.06572, 4.4274],
			"to": [13.96402, 3.52672, 4.6174],
			"rotation": {"angle": 0, "axis": "x", "origin": [13.96402, 3.56572, 4.41818]},
			"faces": {
				"north": {"uv": [2.25, 0.75, 13.45, 5], "texture": "#2"},
				"east": {"uv": [2.25, 0.75, 13.45, 5], "texture": "#2"},
				"south": {"uv": [2.25, 0.75, 13.45, 5], "texture": "#2"},
				"west": {"uv": [2.25, 0.75, 13.45, 5], "texture": "#2"},
				"up": {"uv": [2.25, 0.75, 13.45, 5], "texture": "#2"},
				"down": {"uv": [2.25, 0.75, 13.45, 5], "texture": "#2"}
			}
		},
		{
			"from": [2.03598, 3.06572, 4.4274],
			"to": [2.53598, 3.52672, 4.6174],
			"rotation": {"angle": 0, "axis": "x", "origin": [2.03598, 3.56572, 4.41818]},
			"faces": {
				"north": {"uv": [2.25, 0.75, 13.45, 5], "texture": "#2"},
				"east": {"uv": [2.25, 0.75, 13.45, 5], "texture": "#2"},
				"south": {"uv": [2.25, 0.75, 13.45, 5], "texture": "#2"},
				"west": {"uv": [2.25, 0.75, 13.45, 5], "texture": "#2"},
				"up": {"uv": [2.25, 0.75, 13.45, 5], "texture": "#2"},
				"down": {"uv": [2.25, 0.75, 13.45, 5], "texture": "#2"}
			}
		},
		{
			"from": [13.46402, 5.18088, 4.5],
			"to": [13.96402, 6.68088, 5],
			"rotation": {"angle": 0, "axis": "z", "origin": [13.46402, 6.18088, 11.25]},
			"faces": {
				"north": {"uv": [2.25, 0.75, 13.45, 5], "texture": "#2"},
				"east": {"uv": [2.25, 0.75, 13.45, 5], "texture": "#2"},
				"south": {"uv": [2.25, 0.75, 13.45, 5], "texture": "#2"},
				"west": {"uv": [2.25, 0.75, 13.45, 5], "texture": "#2"},
				"up": {"uv": [2.25, 0.75, 13.45, 5], "texture": "#2"},
				"down": {"uv": [2.25, 0.75, 13.45, 5], "texture": "#2"}
			}
		},
		{
			"from": [2.03598, 5.18088, 4.5],
			"to": [2.53598, 6.68088, 5],
			"rotation": {"angle": 0, "axis": "z", "origin": [2.53598, 6.18088, 11.25]},
			"faces": {
				"north": {"uv": [2.25, 0.75, 13.45, 5], "texture": "#2"},
				"east": {"uv": [2.25, 0.75, 13.45, 5], "texture": "#2"},
				"south": {"uv": [2.25, 0.75, 13.45, 5], "texture": "#2"},
				"west": {"uv": [2.25, 0.75, 13.45, 5], "texture": "#2"},
				"up": {"uv": [2.25, 0.75, 13.45, 5], "texture": "#2"},
				"down": {"uv": [2.25, 0.75, 13.45, 5], "texture": "#2"}
			}
		},
		{
			"from": [13.46402, 1.64412, 4.5],
			"to": [13.96402, 3.14412, 5],
			"rotation": {"angle": 0, "axis": "z", "origin": [13.46402, 2.14412, 11.25]},
			"faces": {
				"north": {"uv": [2.25, 0.75, 13.45, 5], "texture": "#2"},
				"east": {"uv": [2.25, 0.75, 13.45, 5], "texture": "#2"},
				"south": {"uv": [2.25, 0.75, 13.45, 5], "texture": "#2"},
				"west": {"uv": [2.25, 0.75, 13.45, 5], "texture": "#2"},
				"up": {"uv": [2.25, 0.75, 13.45, 5], "texture": "#2"},
				"down": {"uv": [2.25, 0.75, 13.45, 5], "texture": "#2"}
			}
		},
		{
			"from": [2.03598, 1.64412, 4.5],
			"to": [2.53598, 3.14412, 5],
			"rotation": {"angle": 0, "axis": "z", "origin": [2.53598, 2.14412, 11.25]},
			"faces": {
				"north": {"uv": [2.25, 0.75, 13.45, 5], "texture": "#2"},
				"east": {"uv": [2.25, 0.75, 13.45, 5], "texture": "#2"},
				"south": {"uv": [2.25, 0.75, 13.45, 5], "texture": "#2"},
				"west": {"uv": [2.25, 0.75, 13.45, 5], "texture": "#2"},
				"up": {"uv": [2.25, 0.75, 13.45, 5], "texture": "#2"},
				"down": {"uv": [2.25, 0.75, 13.45, 5], "texture": "#2"}
			}
		},
		{
			"from": [9.11732, 2.57612, 11.25],
			"to": [10.11732, 3.57612, 16],
			"rotation": {"angle": 0, "axis": "y", "origin": [17.36732, 9.07612, 8]},
			"faces": {
				"north": {"uv": [2.25, 0.75, 13.45, 5], "texture": "#2"},
				"east": {"uv": [2.25, 0.75, 13.45, 5], "texture": "#2"},
				"south": {"uv": [2.25, 0.75, 13.45, 5], "texture": "#2"},
				"west": {"uv": [2.25, 0.75, 13.45, 5], "texture": "#2"},
				"up": {"uv": [2.25, 0.75, 13.45, 5], "texture": "#2"},
				"down": {"uv": [2.25, 0.75, 13.45, 5], "texture": "#2"}
			}
		},
		{
			"from": [5.86732, 4.82612, 11.25],
			"to": [6.86732, 5.82612, 16],
			"rotation": {"angle": 0, "axis": "y", "origin": [14.11732, 11.32612, 8]},
			"faces": {
				"north": {"uv": [2.25, 0.75, 13.45, 5], "texture": "#2"},
				"east": {"uv": [2.25, 0.75, 13.45, 5], "texture": "#2"},
				"south": {"uv": [2.25, 0.75, 13.45, 5], "texture": "#2"},
				"west": {"uv": [2.25, 0.75, 13.45, 5], "texture": "#2"},
				"up": {"uv": [2.25, 0.75, 13.45, 5], "texture": "#2"},
				"down": {"uv": [2.25, 0.75, 13.45, 5], "texture": "#2"}
			}
		},
		{
			"from": [5.86732, 2.57612, 11.25],
			"to": [6.86732, 3.57612, 16],
			"rotation": {"angle": 0, "axis": "y", "origin": [14.11732, 9.07612, 8]},
			"faces": {
				"north": {"uv": [2.25, 0.75, 13.45, 5], "texture": "#2"},
				"east": {"uv": [2.25, 0.75, 13.45, 5], "texture": "#2"},
				"south": {"uv": [2.25, 0.75, 13.45, 5], "texture": "#2"},
				"west": {"uv": [2.25, 0.75, 13.45, 5], "texture": "#2"},
				"up": {"uv": [2.25, 0.75, 13.45, 5], "texture": "#2"},
				"down": {"uv": [2.25, 0.75, 13.45, 5], "texture": "#2"}
			}
		},
		{
			"from": [7, 2.75, 7],
			"to": [9, 5.5, 16.1],
			"rotation": {"angle": 0, "axis": "y", "origin": [15, 11, 8]},
			"faces": {
				"north": {"uv": [2.25, 0.75, 13.45, 5], "texture": "#2"},
				"east": {"uv": [2.25, 0.75, 13.45, 5], "texture": "#2"},
				"south": {"uv": [2.25, 0.75, 13.45, 5], "texture": "#2"},
				"west": {"uv": [2.25, 0.75, 13.45, 5], "texture": "#2"},
				"up": {"uv": [2.25, 0.75, 13.45, 5], "texture": "#2"},
				"down": {"uv": [2.25, 0.75, 13.45, 5], "texture": "#2"}
			}
		},
		{
			"from": [6.64311, 3.83395, 7],
			"to": [8.64311, 4.83395, 16],
			"rotation": {"angle": -22.5, "axis": "z", "origin": [8.4958, 4.26987, 11.5]},
			"faces": {
				"north": {"uv": [13.75, 1.25, 1.75, 5.5], "texture": "#2"},
				"east": {"uv": [13.75, 1.25, 1.75, 5.5], "texture": "#2"},
				"south": {"uv": [13.75, 1.25, 1.75, 5.5], "texture": "#2"},
				"west": {"uv": [13.75, 1.25, 1.75, 5.5], "texture": "#2"},
				"up": {"uv": [13.75, 1.25, 1.75, 5.5], "texture": "#2"},
				"down": {"uv": [13.75, 1.25, 1.75, 5.5], "texture": "#2"}
			}
		},
		{
			"from": [7.35689, 3.83395, 7],
			"to": [9.35689, 4.83395, 16],
			"rotation": {"angle": 22.5, "axis": "z", "origin": [7.5042, 4.26987, 11.5]},
			"faces": {
				"north": {"uv": [2.25, 0.75, 13.45, 5], "texture": "#2"},
				"east": {"uv": [2.25, 0.75, 13.45, 5], "texture": "#2"},
				"south": {"uv": [2.25, 0.75, 13.45, 5], "texture": "#2"},
				"west": {"uv": [2.25, 0.75, 13.45, 5], "texture": "#2"},
				"up": {"uv": [2.25, 0.75, 13.45, 5], "texture": "#2"},
				"down": {"uv": [2.25, 0.75, 13.45, 5], "texture": "#2"}
			}
		},
		{
			"from": [8.74217, 2.77579, 7],
			"to": [9.76717, 3.67579, 16],
			"rotation": {"angle": -22.5, "axis": "z", "origin": [9.30625, 4.62848, 11.5]},
			"faces": {
				"north": {"uv": [2.25, 0.75, 13.45, 5], "rotation": 270, "texture": "#2"},
				"east": {"uv": [2.25, 0.75, 13.45, 5], "rotation": 270, "texture": "#2"},
				"south": {"uv": [2.25, 0.75, 13.45, 5], "rotation": 270, "texture": "#2"},
				"west": {"uv": [2.25, 0.75, 13.45, 5], "rotation": 270, "texture": "#2"},
				"up": {"uv": [2.25, 0.75, 13.45, 5], "rotation": 270, "texture": "#2"},
				"down": {"uv": [2.25, 0.75, 13.45, 5], "rotation": 270, "texture": "#2"}
			}
		},
		{
			"from": [6.23283, 2.77579, 7],
			"to": [7.25783, 3.67579, 16],
			"rotation": {"angle": 22.5, "axis": "z", "origin": [6.69375, 4.62848, 11.5]},
			"faces": {
				"north": {"uv": [2.25, 0.75, 13.45, 5], "rotation": 270, "texture": "#2"},
				"east": {"uv": [2.25, 0.75, 13.45, 5], "rotation": 270, "texture": "#2"},
				"south": {"uv": [2.25, 0.75, 13.45, 5], "rotation": 270, "texture": "#2"},
				"west": {"uv": [2.25, 0.75, 13.45, 5], "rotation": 270, "texture": "#2"},
				"up": {"uv": [2.25, 0.75, 13.45, 5], "rotation": 270, "texture": "#2"},
				"down": {"uv": [2.25, 0.75, 13.45, 5], "rotation": 270, "texture": "#2"}
			}
		},
		{
			"from": [9, 1.51987, 1.5042],
			"to": [9.35, 2.01987, 5.5042],
			"rotation": {"angle": -22.5, "axis": "x", "origin": [15, 7.51987, -2.4958]},
			"faces": {
				"north": {"uv": [0, 0, 0.35, 4], "texture": "#2"},
				"east": {"uv": [0, 0, 0.35, 4], "texture": "#2"},
				"south": {"uv": [0, 0, 0.35, 4], "texture": "#2"},
				"west": {"uv": [0, 0, 0.35, 4], "texture": "#2"},
				"up": {"uv": [0, 0, 0.35, 4], "texture": "#2"},
				"down": {"uv": [0, 0, 0.35, 4], "texture": "#2"}
			}
		},
		{
			"from": [6.65, 1.51987, 1.5042],
			"to": [7, 2.01987, 5.5042],
			"rotation": {"angle": -22.5, "axis": "x", "origin": [12.5, 7.51987, -2.4958]},
			"faces": {
				"north": {"uv": [0, 0, 0.35, 4], "texture": "#2"},
				"east": {"uv": [0, 0, 0.35, 4], "texture": "#2"},
				"south": {"uv": [0, 0, 0.35, 4], "texture": "#2"},
				"west": {"uv": [0, 0, 0.35, 4], "texture": "#2"},
				"up": {"uv": [0, 0, 0.35, 4], "texture": "#2"},
				"down": {"uv": [0, 0, 0.35, 4], "texture": "#2"}
			}
		},
		{
			"from": [6.875, 0.76987, 1.5042],
			"to": [9.125, 1.76987, 5.5042],
			"rotation": {"angle": -22.5, "axis": "x", "origin": [12.5, 7.51987, -2.4958]},
			"faces": {
				"north": {"uv": [0, 0, 16, 16], "texture": "#0"},
				"east": {"uv": [0, 0, 16, 16], "texture": "#0"},
				"south": {"uv": [0, 0, 16, 16], "texture": "#0"},
				"west": {"uv": [0, 0, 16, 16], "texture": "#0"},
				"up": {"uv": [0, 0, 16, 16], "texture": "#0"},
				"down": {"uv": [0, 0, 16, 16], "texture": "#0"}
			}
		}
	],
	"display": {
		"thirdperson_righthand": {
			"rotation": [0, 23, 0],
			"translation": [0, 2.25, -2.25],
			"scale": [0.5, 0.6, 0.47]
		},
		"thirdperson_lefthand": {
			"rotation": [0, 23, 0],
			"translation": [0, 2.25, -2.25],
			"scale": [0.5, 0.6, 0.47]
		},
		"firstperson_righthand": {
			"translation": [0, 5, 0]
		},
		"firstperson_lefthand": {
			"translation": [0, 5, 0]
		},
		"gui": {
			"rotation": [24, 143, 0],
			"translation": [0, 3, -5.25],
			"scale": [1, 1, 0.6]
		},
		"head": {
			"translation": [0, 16.25, -6.75],
			"scale": [1.77, 1.77, 1.77]
		},
		"fixed": {
			"rotation": [0, -20, 0],
			"translation": [0, 3, -5.25],
			"scale": [1, 1, 0.6]
		}
	}
}
