{
	"credit": "Made with Blockbench",
	"texture_size": [32, 32],
	"textures": {
		"0": "block/lantern",
		"particle": "block/lantern"
	},
	"elements": [
		{
			"from": [7, 10, 2],
			"to": [8, 11, 3],
			"rotation": {"angle": 0, "axis": "y", "origin": [15, 18, 8]},
			"faces": {
				"north": {"uv": [1.5, 0, 2.5, 1], "texture": "#0"},
				"east": {"uv": [1.5, 0, 2.5, 1], "texture": "#0"},
				"south": {"uv": [1.5, 0, 2.5, 1], "texture": "#0"},
				"west": {"uv": [1.5, 0, 2.5, 1], "texture": "#0"},
				"up": {"uv": [1.5, 0, 2.5, 1], "texture": "#0"},
				"down": {"uv": [1.5, 0, 2.5, 1], "texture": "#0"}
			}
		},
		{
			"from": [4, 7, 0],
			"to": [11, 8, 6],
			"rotation": {"angle": 0, "axis": "y", "origin": [15, 15, 8]},
			"faces": {
				"north": {"uv": [1, 0, 5, 0.5], "texture": "#0"},
				"east": {"uv": [1, 0, 5, 0.5], "texture": "#0"},
				"south": {"uv": [1, 0, 5, 0.5], "texture": "#0"},
				"west": {"uv": [1, 0, 5, 0.5], "texture": "#0"},
				"up": {"uv": [0, 9, 6, 15], "texture": "#0"},
				"down": {"uv": [0, 9, 6, 15], "texture": "#0"}
			}
		},
		{
			"from": [4, 1, 0],
			"to": [11, 2, 6],
			"rotation": {"angle": 0, "axis": "y", "origin": [15, 9, 8]},
			"faces": {
				"north": {"uv": [1, 0, 5, 0.5], "texture": "#0"},
				"east": {"uv": [1, 0, 5, 0.5], "texture": "#0"},
				"south": {"uv": [1, 0, 5, 0.5], "texture": "#0"},
				"west": {"uv": [1, 0, 5, 0.5], "texture": "#0"},
				"up": {"uv": [0, 9, 6, 15], "texture": "#0"},
				"down": {"uv": [0, 9, 6, 15], "texture": "#0"}
			}
		},
		{
			"from": [5, 8, 0],
			"to": [10, 9, 5],
			"rotation": {"angle": 0, "axis": "y", "origin": [15, 16, 8]},
			"faces": {
				"north": {"uv": [1, 0, 5, 0.5], "texture": "#0"},
				"east": {"uv": [1, 0, 5, 0.5], "texture": "#0"},
				"south": {"uv": [1, 0, 5, 0.5], "texture": "#0"},
				"west": {"uv": [1, 0, 5, 0.5], "texture": "#0"},
				"up": {"uv": [0, 9, 6, 15], "texture": "#0"},
				"down": {"uv": [0, 9, 6, 15], "texture": "#0"}
			}
		},
		{
			"from": [5, 0, 0],
			"to": [10, 1, 5],
			"rotation": {"angle": 0, "axis": "y", "origin": [15, 8, 8]},
			"faces": {
				"north": {"uv": [1, 0, 5, 0.5], "texture": "#0"},
				"east": {"uv": [1, 0, 5, 0.5], "texture": "#0"},
				"south": {"uv": [1, 0, 5, 0.5], "texture": "#0"},
				"west": {"uv": [1, 0, 5, 0.5], "texture": "#0"},
				"up": {"uv": [0, 9, 6, 15], "texture": "#0"},
				"down": {"uv": [0, 9, 6, 15], "texture": "#0"}
			}
		},
		{
			"from": [6, 9, 1],
			"to": [9, 10, 4],
			"rotation": {"angle": 0, "axis": "y", "origin": [15, 17, 8]},
			"faces": {
				"north": {"uv": [1, 0, 5, 0.5], "texture": "#0"},
				"east": {"uv": [1, 0, 5, 0.5], "texture": "#0"},
				"south": {"uv": [1, 0, 5, 0.5], "texture": "#0"},
				"west": {"uv": [1, 0, 5, 0.5], "texture": "#0"},
				"up": {"uv": [0, 9, 6, 15], "texture": "#0"},
				"down": {"uv": [0, 9, 6, 15], "texture": "#0"}
			}
		},
		{
			"from": [6, -1, 1],
			"to": [9, 0, 4],
			"rotation": {"angle": 0, "axis": "y", "origin": [15, 7, 8]},
			"faces": {
				"north": {"uv": [1, 0, 5, 0.5], "texture": "#0"},
				"east": {"uv": [1, 0, 5, 0.5], "texture": "#0"},
				"south": {"uv": [1, 0, 5, 0.5], "texture": "#0"},
				"west": {"uv": [1, 0, 5, 0.5], "texture": "#0"},
				"up": {"uv": [0, 9, 6, 15], "texture": "#0"},
				"down": {"uv": [0, 9, 6, 15], "texture": "#0"}
			}
		},
		{
			"from": [5, 2, 0],
			"to": [10, 7, 5],
			"rotation": {"angle": 0, "axis": "y", "origin": [15, 10, 8]},
			"faces": {
				"north": {"uv": [0, 3, 6, 8], "texture": "#0"},
				"east": {"uv": [0, 3, 6, 8], "texture": "#0"},
				"south": {"uv": [0, 3, 6, 8], "texture": "#0"},
				"west": {"uv": [0, 3, 6, 8], "texture": "#0"},
				"up": {"uv": [0, 3, 6, 8], "texture": "#0"},
				"down": {"uv": [0, 3, 6, 8], "texture": "#0"}
			}
		}
	],
	"display": {
		"thirdperson_righthand": {
			"translation": [0, 1, 2.25]
		},
		"gui": {
			"rotation": [0, 36, 0],
			"translation": [4.25, 3.25, 0]
		},
		"fixed": {
			"rotation": [0, -180, 0],
			"translation": [-1, 9, -15],
			"scale": [2, 2, 2]
		}
	}
}