{
	"credit": "Made by Autvmn",
	"textures": {
		"0": "custom/carpetride",
		"1": "block/yellow_terracotta",
		"2": "block/astrobase",
		"3": "block/diamond_block",
		"particle": "custom/carpetride"
	},
	"elements": [
		{
			"from": [-0.0724, 1.61448, 4.19444],
			"to": [16.0724, 5.30472, 4.88636],
			"rotation": {"angle": 22.5, "axis": "x", "origin": [-9.298, 32.63556, 19.532]},
			"faces": {
				"north": {"uv": [0, 14.999, 16, 15.998], "rotation": 180, "texture": "#0"},
				"east": {"uv": [1, 0.3, 2, 0.6], "rotation": 90, "texture": "#1"},
				"south": {"uv": [0, 0, 16, 0.999], "texture": "#0"},
				"west": {"uv": [1, 0.3, 2, 0.6], "rotation": 270, "texture": "#1"},
				"up": {"uv": [7, 0.3, 14, 0.6], "texture": "#1"},
				"down": {"uv": [7, 0.3, 14, 0.6], "rotation": 180, "texture": "#missing"}
			}
		},
		{
			"from": [-0.0724, -4.15152, -0.99496],
			"to": [16.0724, -3.4596, 1.31144],
			"rotation": {"angle": 22.5, "axis": "x", "origin": [-9.298, 13.49244, 26.4512]},
			"faces": {
				"north": {"uv": [7, 0, 0, 0.3], "texture": "#0"},
				"east": {"uv": [1, 0, 0, 0.3], "texture": "#1"},
				"south": {"uv": [7, 0, 0, 0.3], "texture": "#missing"},
				"west": {"uv": [1, 0, 0, 0.3], "texture": "#1"},
				"up": {"uv": [16, 3, 0, 3.996], "texture": "#0"},
				"down": {"uv": [15.998, 11.063, 0, 13.052], "texture": "#0"}
			}
		},
		{
			"from": [-0.0724, 16.00642, 2.85673],
			"to": [16.0724, 18.31282, 3.54865],
			"rotation": {"angle": -22.5, "axis": "x", "origin": [-9.298, -9.57156, 19.532]},
			"faces": {
				"north": {"uv": [15.937, 1.812, 0, 2.806], "texture": "#0"},
				"east": {"uv": [0, 0.3, 2, 0], "rotation": 90, "texture": "#1"},
				"south": {"uv": [16, 13, 0, 14.995], "rotation": 180, "texture": "#0"},
				"west": {"uv": [0, 0.3, 2, 0], "rotation": 270, "texture": "#1"},
				"up": {"uv": [0, 0.3, 7, 0], "texture": "#missing"},
				"down": {"uv": [0, 0.3, 7, 0], "rotation": 180, "texture": "#missing"}
			}
		},
		{
			"from": [-0.0724, -15.08386, 16.99496],
			"to": [16.0724, -14.39194, 22.06904],
			"rotation": {"angle": -45, "axis": "x", "origin": [25.298, 1.96044, -8.1448]},
			"faces": {
				"north": {"uv": [7, 0, 0, 0.3], "texture": "#missing"},
				"east": {"uv": [2, 0, 0, 0.3], "texture": "#1"},
				"south": {"uv": [7, 0, 0, 0.3], "texture": "#1"},
				"west": {"uv": [2, 0, 0, 0.3], "texture": "#1"},
				"up": {"uv": [0, 2, 16, 0], "texture": "#0"},
				"down": {"uv": [0, 15.997, 16, 12.999], "texture": "#0"}
			}
		},
		{
			"from": [-0.0724, 6.82694, -3.532],
			"to": [16.0724, 7.51886, 19.532],
			"faces": {
				"north": {"uv": [7, 0, 0, 0.3], "texture": "#missing"},
				"east": {"uv": [10, 0, 0, 0.3], "texture": "#1"},
				"south": {"uv": [7, 0, 0, 0.3], "texture": "#missing"},
				"west": {"uv": [15.998, 16, 0, 16], "texture": "#1"},
				"up": {"uv": [0, 11.999, 16, 3.999], "texture": "#0"},
				"down": {"uv": [0.094, 4.749, 15.995, 11.12], "texture": "#0"}
			}
		},
		{
			"from": [-0.0724, -4.15152, 14.68856],
			"to": [16.0724, -3.4596, 16.99496],
			"rotation": {"angle": -22.5, "axis": "x", "origin": [25.298, 13.49244, -10.4512]},
			"faces": {
				"north": {"uv": [7, 0, 0, 0.3], "texture": "#missing"},
				"east": {"uv": [1, 0, 0, 0.3], "texture": "#1"},
				"south": {"uv": [7, 0, 0, 0.3], "texture": "#missing"},
				"west": {"uv": [1, 0, 0, 0.3], "texture": "#1"},
				"up": {"uv": [0, 3.997, 16, 2], "texture": "#0"},
				"down": {"uv": [0, 12.995, 15.999, 10.999], "texture": "#0"}
			}
		},
		{
			"from": [-0.47648, 11.76264, -3.532],
			"to": [-0.24584, 12.5339, -2.76074],
			"rotation": {"angle": 22.5, "axis": "x", "origin": [5.6936, 16.68727, 0.43501]},
			"faces": {
				"north": {"uv": [0, 0, 1, 1], "texture": "#1"},
				"east": {"uv": [0, 0, 1, 1], "texture": "#1"},
				"south": {"uv": [0, 0, 1, 1], "texture": "#1"},
				"west": {"uv": [0, 0, 1, 1], "texture": "#1"},
				"up": {"uv": [0, 0, 1, 1], "texture": "#1"},
				"down": {"uv": [0, 0, 1, 1], "texture": "#1"}
			}
		},
		{
			"from": [0.06598, 11.76264, -3.532],
			"to": [0.29662, 12.5339, -2.76074],
			"rotation": {"angle": 22.5, "axis": "x", "origin": [5.6936, 16.68727, 0.43501]},
			"faces": {
				"north": {"uv": [0, 0, 1, 1], "texture": "#1"},
				"east": {"uv": [0, 0, 1, 1], "texture": "#1"},
				"south": {"uv": [0, 0, 1, 1], "texture": "#1"},
				"west": {"uv": [0, 0, 1, 1], "texture": "#1"},
				"up": {"uv": [0, 0, 1, 1], "texture": "#1"},
				"down": {"uv": [0, 0, 1, 1], "texture": "#1"}
			}
		},
		{
			"from": [-0.47648, 11.07072, -3.532],
			"to": [0.29478, 11.84198, -2.76074],
			"rotation": {"angle": 22.5, "axis": "x", "origin": [5.6936, 16.68727, 0.43501]},
			"faces": {
				"north": {"uv": [0, 0, 1, 1], "texture": "#1"},
				"east": {"uv": [0, 0, 1, 1], "texture": "#1"},
				"south": {"uv": [0, 0, 1, 1], "texture": "#1"},
				"west": {"uv": [0, 0, 1, 1], "texture": "#1"},
				"up": {"uv": [0, 0, 1, 1], "texture": "#1"},
				"down": {"uv": [0, 0, 1, 1], "texture": "#1"}
			}
		},
		{
			"from": [16.24584, 11.76264, -3.532],
			"to": [16.47648, 12.5339, -2.76074],
			"rotation": {"angle": 22.5, "axis": "x", "origin": [10.3064, 16.68727, 0.43501]},
			"faces": {
				"north": {"uv": [1, 0, 0, 1], "texture": "#1"},
				"east": {"uv": [1, 0, 0, 1], "texture": "#1"},
				"south": {"uv": [1, 0, 0, 1], "texture": "#1"},
				"west": {"uv": [1, 0, 0, 1], "texture": "#1"},
				"up": {"uv": [1, 0, 0, 1], "texture": "#1"},
				"down": {"uv": [1, 0, 0, 1], "texture": "#1"}
			}
		},
		{
			"from": [15.70338, 11.76264, -3.532],
			"to": [15.93402, 12.5339, -2.76074],
			"rotation": {"angle": 22.5, "axis": "x", "origin": [10.3064, 16.68727, 0.43501]},
			"faces": {
				"north": {"uv": [1, 0, 0, 1], "texture": "#1"},
				"east": {"uv": [1, 0, 0, 1], "texture": "#1"},
				"south": {"uv": [1, 0, 0, 1], "texture": "#1"},
				"west": {"uv": [1, 0, 0, 1], "texture": "#1"},
				"up": {"uv": [1, 0, 0, 1], "texture": "#1"},
				"down": {"uv": [1, 0, 0, 1], "texture": "#1"}
			}
		},
		{
			"from": [15.70522, 11.07072, -3.532],
			"to": [16.47648, 11.84198, -2.76074],
			"rotation": {"angle": 22.5, "axis": "x", "origin": [10.3064, 16.68727, 0.43501]},
			"faces": {
				"north": {"uv": [1, 0, 0, 1], "texture": "#1"},
				"east": {"uv": [1, 0, 0, 1], "texture": "#1"},
				"south": {"uv": [1, 0, 0, 1], "texture": "#1"},
				"west": {"uv": [1, 0, 0, 1], "texture": "#1"},
				"up": {"uv": [1, 0, 0, 1], "texture": "#1"},
				"down": {"uv": [1, 0, 0, 1], "texture": "#1"}
			}
		},
		{
			"from": [16.24584, 9.68688, 22.76096],
			"to": [16.47648, 10.45814, 23.53222],
			"rotation": {"angle": -22.5, "axis": "x", "origin": [10.3064, 14.38087, 17.87139]},
			"faces": {
				"north": {"uv": [0, 0, 1, 1], "texture": "#1"},
				"east": {"uv": [0, 0, 1, 1], "texture": "#1"},
				"south": {"uv": [0, 0, 1, 1], "texture": "#1"},
				"west": {"uv": [0, 0, 1, 1], "texture": "#1"},
				"up": {"uv": [1, 1, 0, 0], "texture": "#1"},
				"down": {"uv": [1, 1, 0, 0], "texture": "#1"}
			}
		},
		{
			"from": [15.70338, 9.68688, 22.76096],
			"to": [15.93402, 10.45814, 23.53222],
			"rotation": {"angle": -22.5, "axis": "x", "origin": [10.3064, 14.38087, 17.87139]},
			"faces": {
				"north": {"uv": [0, 0, 1, 1], "texture": "#1"},
				"east": {"uv": [0, 0, 1, 1], "texture": "#1"},
				"south": {"uv": [0, 0, 1, 1], "texture": "#1"},
				"west": {"uv": [0, 0, 1, 1], "texture": "#1"},
				"up": {"uv": [1, 1, 0, 0], "texture": "#1"},
				"down": {"uv": [1, 1, 0, 0], "texture": "#1"}
			}
		},
		{
			"from": [15.70522, 8.99496, 22.76096],
			"to": [16.47648, 9.76622, 23.53222],
			"rotation": {"angle": -22.5, "axis": "x", "origin": [10.3064, 14.38087, 17.87139]},
			"faces": {
				"north": {"uv": [0, 0, 1, 1], "texture": "#1"},
				"east": {"uv": [0, 0, 1, 1], "texture": "#1"},
				"south": {"uv": [0, 0, 1, 1], "texture": "#1"},
				"west": {"uv": [0, 0, 1, 1], "texture": "#1"},
				"up": {"uv": [1, 1, 0, 0], "texture": "#1"},
				"down": {"uv": [1, 1, 0, 0], "texture": "#1"}
			}
		},
		{
			"from": [-0.47648, 9.68688, 22.76096],
			"to": [-0.24584, 10.45814, 23.53222],
			"rotation": {"angle": -22.5, "axis": "x", "origin": [5.6936, 14.38087, 17.87139]},
			"faces": {
				"north": {"uv": [1, 0, 0, 1], "texture": "#1"},
				"east": {"uv": [1, 0, 0, 1], "texture": "#1"},
				"south": {"uv": [1, 0, 0, 1], "texture": "#1"},
				"west": {"uv": [1, 0, 0, 1], "texture": "#1"},
				"up": {"uv": [0, 1, 1, 0], "texture": "#1"},
				"down": {"uv": [0, 1, 1, 0], "texture": "#1"}
			}
		},
		{
			"from": [-0.47648, 8.99496, 22.76096],
			"to": [0.29478, 9.76622, 23.53222],
			"rotation": {"angle": -22.5, "axis": "x", "origin": [5.6936, 14.38087, 17.87139]},
			"faces": {
				"north": {"uv": [1, 0, 0, 1], "texture": "#1"},
				"east": {"uv": [1, 0, 0, 1], "texture": "#1"},
				"south": {"uv": [1, 0, 0, 1], "texture": "#1"},
				"west": {"uv": [1, 0, 0, 1], "texture": "#1"},
				"up": {"uv": [0, 1, 1, 0], "texture": "#1"},
				"down": {"uv": [0, 1, 1, 0], "texture": "#1"}
			}
		},
		{
			"from": [0.06598, 9.68688, 22.76096],
			"to": [0.29662, 10.45814, 23.53222],
			"rotation": {"angle": -22.5, "axis": "x", "origin": [5.6936, 14.38087, 17.87139]},
			"faces": {
				"north": {"uv": [1, 0, 0, 1], "texture": "#1"},
				"east": {"uv": [1, 0, 0, 1], "texture": "#1"},
				"south": {"uv": [1, 0, 0, 1], "texture": "#1"},
				"west": {"uv": [1, 0, 0, 1], "texture": "#1"},
				"up": {"uv": [0, 1, 1, 0], "texture": "#1"},
				"down": {"uv": [0, 1, 1, 0], "texture": "#1"}
			}
		},
		{
			"from": [14.9192, 11.07072, 10.3064],
			"to": [15.69046, 11.84198, 11.07766],
			"rotation": {"angle": 22.5, "axis": "x", "origin": [10.3064, 16.68727, 14.27341]},
			"faces": {
				"north": {"uv": [1, 0, 0, 1], "texture": "#1"},
				"east": {"uv": [1, 0, 0, 1], "texture": "#1"},
				"south": {"uv": [1, 0, 0, 1], "texture": "#1"},
				"west": {"uv": [1, 0, 0, 1], "texture": "#1"},
				"up": {"uv": [1, 0, 0, 1], "texture": "#1"},
				"down": {"uv": [1, 0, 0, 1], "texture": "#1"}
			}
		},
		{
			"from": [15.38048, 10.3788, 10.3064],
			"to": [15.61112, 11.15006, 10.53704],
			"rotation": {"angle": 22.5, "axis": "x", "origin": [10.3064, 16.68727, 14.27341]},
			"faces": {
				"north": {"uv": [1, 0, 0, 1], "texture": "#1"},
				"east": {"uv": [1, 0, 0, 1], "texture": "#1"},
				"south": {"uv": [1, 0, 0, 1], "texture": "#1"},
				"west": {"uv": [1, 0, 0, 1], "texture": "#1"},
				"up": {"uv": [1, 0, 0, 1], "texture": "#1"},
				"down": {"uv": [1, 0, 0, 1], "texture": "#1"}
			}
		},
		{
			"from": [15.38048, 10.3788, 10.883],
			"to": [15.61112, 11.15006, 11.11364],
			"rotation": {"angle": 22.5, "axis": "x", "origin": [10.3064, 16.68727, 14.27341]},
			"faces": {
				"north": {"uv": [1, 0, 0, 1], "texture": "#1"},
				"east": {"uv": [1, 0, 0, 1], "texture": "#1"},
				"south": {"uv": [1, 0, 0, 1], "texture": "#1"},
				"west": {"uv": [1, 0, 0, 1], "texture": "#1"},
				"up": {"uv": [1, 0, 0, 1], "texture": "#1"},
				"down": {"uv": [1, 0, 0, 1], "texture": "#1"}
			}
		},
		{
			"from": [15.38048, 10.3788, 2.57996],
			"to": [15.61112, 11.15006, 2.8106],
			"rotation": {"angle": -22.5, "axis": "x", "origin": [10.3064, 16.68727, -0.57981]},
			"faces": {
				"north": {"uv": [0, 0, 1, 1], "texture": "#1"},
				"east": {"uv": [0, 0, 1, 1], "texture": "#1"},
				"south": {"uv": [0, 0, 1, 1], "texture": "#1"},
				"west": {"uv": [0, 0, 1, 1], "texture": "#1"},
				"up": {"uv": [1, 1, 0, 0], "texture": "#1"},
				"down": {"uv": [1, 1, 0, 0], "texture": "#1"}
			}
		},
		{
			"from": [15.38048, 10.3788, 3.15656],
			"to": [15.61112, 11.15006, 3.3872],
			"rotation": {"angle": -22.5, "axis": "x", "origin": [10.3064, 16.68727, -0.57981]},
			"faces": {
				"north": {"uv": [0, 0, 1, 1], "texture": "#1"},
				"east": {"uv": [0, 0, 1, 1], "texture": "#1"},
				"south": {"uv": [0, 0, 1, 1], "texture": "#1"},
				"west": {"uv": [0, 0, 1, 1], "texture": "#1"},
				"up": {"uv": [1, 1, 0, 0], "texture": "#1"},
				"down": {"uv": [1, 1, 0, 0], "texture": "#1"}
			}
		},
		{
			"from": [14.9192, 11.07072, 2.61594],
			"to": [15.69046, 11.84198, 3.3872],
			"rotation": {"angle": -22.5, "axis": "x", "origin": [10.3064, 16.68727, -0.57981]},
			"faces": {
				"north": {"uv": [0, 0, 1, 1], "texture": "#1"},
				"east": {"uv": [0, 0, 1, 1], "texture": "#1"},
				"south": {"uv": [0, 0, 1, 1], "texture": "#1"},
				"west": {"uv": [0, 0, 1, 1], "texture": "#1"},
				"up": {"uv": [1, 1, 0, 0], "texture": "#1"},
				"down": {"uv": [1, 1, 0, 0], "texture": "#1"}
			}
		},
		{
			"from": [14.9192, 8.76432, 4.5404],
			"to": [15.69046, 9.53558, 5.31166],
			"rotation": {"angle": -22.5, "axis": "x", "origin": [10.3064, 14.38087, 1.72659]},
			"faces": {
				"north": {"uv": [0, 0, 1, 1], "texture": "#1"},
				"east": {"uv": [0, 0, 1, 1], "texture": "#1"},
				"south": {"uv": [0, 0, 1, 1], "texture": "#1"},
				"west": {"uv": [0, 0, 1, 1], "texture": "#1"},
				"up": {"uv": [1, 1, 0, 0], "texture": "#1"},
				"down": {"uv": [1, 1, 0, 0], "texture": "#1"}
			}
		},
		{
			"from": [0.38888, 10.3788, 0.85016],
			"to": [0.61952, 11.15006, 1.0808],
			"rotation": {"angle": -22.5, "axis": "x", "origin": [5.6936, 16.68727, -2.88621]},
			"faces": {
				"north": {"uv": [1, 0, 0, 1], "texture": "#1"},
				"east": {"uv": [1, 0, 0, 1], "texture": "#1"},
				"south": {"uv": [1, 0, 0, 1], "texture": "#1"},
				"west": {"uv": [1, 0, 0, 1], "texture": "#1"},
				"up": {"uv": [0, 1, 1, 0], "texture": "#1"},
				"down": {"uv": [0, 1, 1, 0], "texture": "#1"}
			}
		},
		{
			"from": [0.38888, 10.3788, 0.27356],
			"to": [0.61952, 11.15006, 0.5042],
			"rotation": {"angle": -22.5, "axis": "x", "origin": [5.6936, 16.68727, -2.88621]},
			"faces": {
				"north": {"uv": [1, 0, 0, 1], "texture": "#1"},
				"east": {"uv": [1, 0, 0, 1], "texture": "#1"},
				"south": {"uv": [1, 0, 0, 1], "texture": "#1"},
				"west": {"uv": [1, 0, 0, 1], "texture": "#1"},
				"up": {"uv": [0, 1, 1, 0], "texture": "#1"},
				"down": {"uv": [0, 1, 1, 0], "texture": "#1"}
			}
		},
		{
			"from": [0.30954, 11.07072, 0.30954],
			"to": [1.0808, 11.84198, 1.0808],
			"rotation": {"angle": -22.5, "axis": "x", "origin": [5.6936, 16.68727, -2.88621]},
			"faces": {
				"north": {"uv": [1, 0, 0, 1], "texture": "#1"},
				"east": {"uv": [1, 0, 0, 1], "texture": "#1"},
				"south": {"uv": [1, 0, 0, 1], "texture": "#1"},
				"west": {"uv": [1, 0, 0, 1], "texture": "#1"},
				"up": {"uv": [0, 1, 1, 0], "texture": "#1"},
				"down": {"uv": [0, 1, 1, 0], "texture": "#1"}
			}
		},
		{
			"from": [0.38888, 10.3788, 10.3064],
			"to": [0.61952, 11.15006, 10.53704],
			"rotation": {"angle": 22.5, "axis": "x", "origin": [5.6936, 16.68727, 14.27341]},
			"faces": {
				"north": {"uv": [0, 0, 1, 1], "texture": "#1"},
				"east": {"uv": [0, 0, 1, 1], "texture": "#1"},
				"south": {"uv": [0, 0, 1, 1], "texture": "#1"},
				"west": {"uv": [0, 0, 1, 1], "texture": "#1"},
				"up": {"uv": [0, 0, 1, 1], "texture": "#1"},
				"down": {"uv": [0, 0, 1, 1], "texture": "#1"}
			}
		},
		{
			"from": [0.38888, 10.3788, 10.883],
			"to": [0.61952, 11.15006, 11.11364],
			"rotation": {"angle": 22.5, "axis": "x", "origin": [5.6936, 16.68727, 14.27341]},
			"faces": {
				"north": {"uv": [0, 0, 1, 1], "texture": "#1"},
				"east": {"uv": [0, 0, 1, 1], "texture": "#1"},
				"south": {"uv": [0, 0, 1, 1], "texture": "#1"},
				"west": {"uv": [0, 0, 1, 1], "texture": "#1"},
				"up": {"uv": [0, 0, 1, 1], "texture": "#1"},
				"down": {"uv": [0, 0, 1, 1], "texture": "#1"}
			}
		},
		{
			"from": [0.30954, 11.07072, 10.3064],
			"to": [1.0808, 11.84198, 11.07766],
			"rotation": {"angle": 22.5, "axis": "x", "origin": [5.6936, 16.68727, 14.27341]},
			"faces": {
				"north": {"uv": [0, 0, 1, 1], "texture": "#1"},
				"east": {"uv": [0, 0, 1, 1], "texture": "#1"},
				"south": {"uv": [0, 0, 1, 1], "texture": "#1"},
				"west": {"uv": [0, 0, 1, 1], "texture": "#1"},
				"up": {"uv": [0, 0, 1, 1], "texture": "#1"},
				"down": {"uv": [0, 0, 1, 1], "texture": "#1"}
			}
		},
		{
			"from": [0.30954, 9.2256, 3.3872],
			"to": [1.0808, 9.99686, 4.15846],
			"rotation": {"angle": -22.5, "axis": "x", "origin": [5.6936, 14.38087, 1.72659]},
			"faces": {
				"north": {"uv": [1, 0, 0, 1], "texture": "#1"},
				"east": {"uv": [1, 0, 0, 1], "texture": "#1"},
				"south": {"uv": [1, 0, 0, 1], "texture": "#1"},
				"west": {"uv": [1, 0, 0, 1], "texture": "#1"},
				"up": {"uv": [0, 1, 1, 0], "texture": "#1"},
				"down": {"uv": [0, 1, 1, 0], "texture": "#1"}
			}
		},
		{
			"from": [14.45792, 7.38048, -4.45456],
			"to": [15.61112, 9.68688, 7.07744],
			"faces": {
				"north": {"uv": [0, 0, 0.5, 1], "texture": "#2"},
				"east": {"uv": [0, 0, 5, 1], "texture": "#2"},
				"south": {"uv": [0, 0, 0.5, 1], "texture": "#2"},
				"west": {"uv": [0, 0, 5, 1], "texture": "#2"},
				"up": {"uv": [0, 0, 0.5, 5], "texture": "#2"},
				"down": {"uv": [0, 0, 0.5, 5], "texture": "#2"}
			}
		},
		{
			"from": [0.38888, 7.38048, -4.45456],
			"to": [1.54208, 9.68688, 7.07744],
			"faces": {
				"north": {"uv": [0.5, 0, 1, 1], "texture": "#2"},
				"east": {"uv": [5, 0, 10, 1], "texture": "#2"},
				"south": {"uv": [0.5, 0, 1, 1], "texture": "#2"},
				"west": {"uv": [5, 0, 10, 1], "texture": "#2"},
				"up": {"uv": [0.5, 0, 1, 5], "texture": "#2"},
				"down": {"uv": [0.5, 0, 1, 5], "texture": "#2"}
			}
		},
		{
			"from": [0.15824, 7.38048, 3.84848],
			"to": [1.54208, 9.66382, 4.30976],
			"faces": {
				"north": {"uv": [0.6, 0, 0, 0.99], "texture": "#1"},
				"east": {"uv": [5.699, 0, 5.499, 0.99], "texture": "#2"},
				"south": {"uv": [0.6, 0, 0, 0.99], "texture": "#1"},
				"west": {"uv": [0.2, 0, 0, 0.99], "texture": "#1"},
				"up": {"uv": [0.6, 0, 0, 0.2], "texture": "#1"},
				"down": {"uv": [0.6, 0, 0, 0.2], "texture": "#1"}
			}
		},
		{
			"from": [0.15824, 7.38048, 1.0808],
			"to": [1.54208, 9.66382, 1.54208],
			"faces": {
				"north": {"uv": [0.6, 0, 0, 0.99], "texture": "#1"},
				"east": {"uv": [2.45, 0, 2.25, 0.99], "texture": "#2"},
				"south": {"uv": [0.6, 0, 0, 0.99], "texture": "#1"},
				"west": {"uv": [0.2, 0, 0, 0.99], "texture": "#1"},
				"up": {"uv": [0.6, 0, 0, 0.2], "texture": "#1"},
				"down": {"uv": [0.6, 0, 0, 0.2], "texture": "#1"}
			}
		},
		{
			"from": [0.15824, 7.38048, -2.3788],
			"to": [1.54208, 9.66382, -1.91752],
			"faces": {
				"north": {"uv": [0.6, 0, 0, 0.99], "texture": "#1"},
				"east": {"uv": [1.199, 0, 1, 0.99], "texture": "#2"},
				"south": {"uv": [0.6, 0, 0, 0.99], "texture": "#1"},
				"west": {"uv": [0.2, 0, 0, 0.99], "texture": "#1"},
				"up": {"uv": [0.6, 0, 0, 0.2], "texture": "#1"},
				"down": {"uv": [0.6, 0, 0, 0.2], "texture": "#1"}
			}
		},
		{
			"from": [14.45792, 7.38048, -2.3788],
			"to": [15.84176, 9.66382, -1.91752],
			"faces": {
				"north": {"uv": [0, 0, 0.6, 0.99], "texture": "#1"},
				"east": {"uv": [0, 0, 0.2, 0.99], "texture": "#1"},
				"south": {"uv": [0, 0, 0.6, 0.99], "texture": "#1"},
				"west": {"uv": [1, 0, 1.199, 0.99], "texture": "#2"},
				"up": {"uv": [0, 0, 0.6, 0.2], "texture": "#1"},
				"down": {"uv": [0, 0, 0.6, 0.2], "texture": "#1"}
			}
		},
		{
			"from": [14.45792, 7.38048, 1.0808],
			"to": [15.84176, 9.66382, 1.54208],
			"faces": {
				"north": {"uv": [0, 0, 0.6, 0.99], "texture": "#1"},
				"east": {"uv": [0, 0, 0.2, 0.99], "texture": "#1"},
				"south": {"uv": [0, 0, 0.6, 0.99], "texture": "#1"},
				"west": {"uv": [2.25, 0, 2.45, 0.99], "texture": "#2"},
				"up": {"uv": [0, 0, 0.6, 0.2], "texture": "#1"},
				"down": {"uv": [0, 0, 0.6, 0.2], "texture": "#1"}
			}
		},
		{
			"from": [14.45792, 7.38048, 3.84848],
			"to": [15.84176, 9.66382, 4.30976],
			"faces": {
				"north": {"uv": [0, 0, 0.6, 0.99], "texture": "#1"},
				"east": {"uv": [0, 0, 0.2, 0.99], "texture": "#1"},
				"south": {"uv": [0, 0, 0.6, 0.99], "texture": "#1"},
				"west": {"uv": [5.499, 0, 5.699, 0.99], "texture": "#2"},
				"up": {"uv": [0, 0, 0.6, 0.2], "texture": "#1"},
				"down": {"uv": [0, 0, 0.6, 0.2], "texture": "#1"}
			}
		},
		{
			"from": [14.45792, 7.38048, 8],
			"to": [15.61112, 9.68688, 11.69024],
			"faces": {
				"north": {"uv": [0, 0, 0.5, 1], "texture": "#2"},
				"east": {"uv": [0, 0, 1.6, 1], "texture": "#3"},
				"south": {"uv": [0, 0, 0.5, 1], "texture": "#2"},
				"west": {"uv": [0, 0, 1.6, 1], "texture": "#3"},
				"up": {"uv": [0, 0, 0.5, 1.6], "texture": "#3"},
				"down": {"uv": [0, 0, 0.5, 1.6], "texture": "#2"}
			}
		},
		{
			"from": [14.45792, 7.38048, 17.68688],
			"to": [15.84176, 9.66382, 18.14816],
			"faces": {
				"north": {"uv": [0, 0, 0.6, 0.99], "texture": "#1"},
				"east": {"uv": [0, 0, 0.2, 0.99], "texture": "#1"},
				"south": {"uv": [0, 0, 0.6, 0.99], "texture": "#1"},
				"west": {"uv": [5.499, 0, 5.699, 0.99], "texture": "#2"},
				"up": {"uv": [0, 0, 0.6, 0.2], "texture": "#1"},
				"down": {"uv": [0, 0, 0.6, 0.2], "texture": "#1"}
			}
		},
		{
			"from": [14.45792, 7.38048, 14.9192],
			"to": [15.84176, 9.66382, 15.38048],
			"faces": {
				"north": {"uv": [0, 0, 0.6, 0.99], "texture": "#1"},
				"east": {"uv": [0, 0, 0.2, 0.99], "texture": "#1"},
				"south": {"uv": [0, 0, 0.6, 0.99], "texture": "#1"},
				"west": {"uv": [2.25, 0, 2.45, 0.99], "texture": "#2"},
				"up": {"uv": [0, 0, 0.6, 0.2], "texture": "#1"},
				"down": {"uv": [0, 0, 0.6, 0.2], "texture": "#1"}
			}
		},
		{
			"from": [14.45792, 7.38048, 11.4596],
			"to": [15.84176, 9.66382, 11.92088],
			"faces": {
				"north": {"uv": [0, 0, 0.6, 0.99], "texture": "#1"},
				"east": {"uv": [0, 0, 0.2, 0.99], "texture": "#1"},
				"south": {"uv": [0, 0, 0.6, 0.99], "texture": "#1"},
				"west": {"uv": [1, 0, 1.199, 0.99], "texture": "#2"},
				"up": {"uv": [0, 0, 0.6, 0.2], "texture": "#1"},
				"down": {"uv": [0, 0, 0.6, 0.2], "texture": "#1"}
			}
		},
		{
			"from": [14.45792, 7.38048, 11.69024],
			"to": [15.61112, 9.68688, 15.38048],
			"faces": {
				"north": {"uv": [0, 0, 0.5, 1], "texture": "#2"},
				"east": {"uv": [0, 0, 1.6, 1], "texture": "#2"},
				"south": {"uv": [0, 0, 0.5, 1], "texture": "#2"},
				"west": {"uv": [0, 0, 1.6, 1], "texture": "#2"},
				"up": {"uv": [0, 0, 0.5, 1.6], "texture": "#2"},
				"down": {"uv": [0, 0, 0.5, 1.6], "texture": "#2"}
			}
		},
		{
			"from": [14.45792, 7.38048, 15.38048],
			"to": [15.61112, 9.68688, 18.14816],
			"faces": {
				"north": {"uv": [0, 0, 0.5, 1], "texture": "#3"},
				"east": {"uv": [0, 0, 1.2, 1], "texture": "#3"},
				"south": {"uv": [0, 0, 0.5, 1], "texture": "#3"},
				"west": {"uv": [0, 0, 1.2, 1], "texture": "#3"},
				"up": {"uv": [0, 0, 0.5, 1.2], "texture": "#3"},
				"down": {"uv": [0, 0, 0.5, 1.2], "texture": "#3"}
			}
		},
		{
			"from": [14.45792, 7.38048, 18.14816],
			"to": [15.61112, 9.68688, 20.45456],
			"faces": {
				"north": {"uv": [0, 0, 0.5, 1], "texture": "#2"},
				"east": {"uv": [0, 0, 1, 1], "texture": "#2"},
				"south": {"uv": [0, 0, 0.5, 1], "texture": "#2"},
				"west": {"uv": [0, 0, 1, 1], "texture": "#2"},
				"up": {"uv": [0, 0, 0.5, 1], "texture": "#2"},
				"down": {"uv": [0, 0, 0.5, 1], "texture": "#2"}
			}
		},
		{
			"from": [0.38888, 7.38048, 8],
			"to": [1.54208, 9.68688, 11.69024],
			"faces": {
				"north": {"uv": [0.5, 0, 0, 1], "texture": "#2"},
				"east": {"uv": [1.6, 0, 0, 1], "texture": "#3"},
				"south": {"uv": [0.5, 0, 0, 1], "texture": "#2"},
				"west": {"uv": [1.6, 0, 0, 1], "texture": "#3"},
				"up": {"uv": [0.5, 0, 0, 1.6], "texture": "#3"},
				"down": {"uv": [0.5, 0, 0, 1.6], "texture": "#2"}
			}
		},
		{
			"from": [0.15824, 7.38048, 11.4596],
			"to": [1.54208, 9.66382, 11.92088],
			"faces": {
				"north": {"uv": [0.6, 0, 0, 0.99], "texture": "#1"},
				"east": {"uv": [1.199, 0, 1, 0.99], "texture": "#2"},
				"south": {"uv": [0.6, 0, 0, 0.99], "texture": "#1"},
				"west": {"uv": [0.2, 0, 0, 0.99], "texture": "#1"},
				"up": {"uv": [0.6, 0, 0, 0.2], "texture": "#1"},
				"down": {"uv": [0.6, 0, 0, 0.2], "texture": "#1"}
			}
		},
		{
			"from": [0.38888, 7.38048, 11.69024],
			"to": [1.54208, 9.68688, 15.38048],
			"faces": {
				"north": {"uv": [0.5, 0, 0, 1], "texture": "#2"},
				"east": {"uv": [1.6, 0, 0, 1], "texture": "#2"},
				"south": {"uv": [0.5, 0, 0, 1], "texture": "#2"},
				"west": {"uv": [1.6, 0, 0, 1], "texture": "#2"},
				"up": {"uv": [0.5, 0, 0, 1.6], "texture": "#2"},
				"down": {"uv": [0.5, 0, 0, 1.6], "texture": "#2"}
			}
		},
		{
			"from": [0.15824, 7.38048, 14.9192],
			"to": [1.54208, 9.66382, 15.38048],
			"faces": {
				"north": {"uv": [0.6, 0, 0, 0.99], "texture": "#1"},
				"east": {"uv": [2.45, 0, 2.25, 0.99], "texture": "#2"},
				"south": {"uv": [0.6, 0, 0, 0.99], "texture": "#1"},
				"west": {"uv": [0.2, 0, 0, 0.99], "texture": "#1"},
				"up": {"uv": [0.6, 0, 0, 0.2], "texture": "#1"},
				"down": {"uv": [0.6, 0, 0, 0.2], "texture": "#1"}
			}
		},
		{
			"from": [0.15824, 7.38048, 17.68688],
			"to": [1.54208, 9.66382, 18.14816],
			"faces": {
				"north": {"uv": [0.6, 0, 0, 0.99], "texture": "#1"},
				"east": {"uv": [5.699, 0, 5.499, 0.99], "texture": "#2"},
				"south": {"uv": [0.6, 0, 0, 0.99], "texture": "#1"},
				"west": {"uv": [0.2, 0, 0, 0.99], "texture": "#1"},
				"up": {"uv": [0.6, 0, 0, 0.2], "texture": "#1"},
				"down": {"uv": [0.6, 0, 0, 0.2], "texture": "#1"}
			}
		},
		{
			"from": [0.38888, 7.38048, 18.14816],
			"to": [1.54208, 9.68688, 20.45456],
			"faces": {
				"north": {"uv": [0.5, 0, 0, 1], "texture": "#2"},
				"east": {"uv": [1, 0, 0, 1], "texture": "#2"},
				"south": {"uv": [0.5, 0, 0, 1], "texture": "#2"},
				"west": {"uv": [1, 0, 0, 1], "texture": "#2"},
				"up": {"uv": [0.5, 0, 0, 1], "texture": "#2"},
				"down": {"uv": [0.5, 0, 0, 1], "texture": "#2"}
			}
		},
		{
			"from": [0.38888, 7.38048, 15.38048],
			"to": [1.54208, 9.68688, 18.14816],
			"faces": {
				"north": {"uv": [0.5, 0, 0, 1], "texture": "#3"},
				"east": {"uv": [1.2, 0, 0, 1], "texture": "#3"},
				"south": {"uv": [0.5, 0, 0, 1], "texture": "#3"},
				"west": {"uv": [1.2, 0, 0, 1], "texture": "#3"},
				"up": {"uv": [0.5, 0, 0, 1.2], "texture": "#3"},
				"down": {"uv": [0.5, 0, 0, 1.2], "texture": "#3"}
			}
		},
		{
			"name": "octagon",
			"from": [-0.02627, 9.68688, -4.44913],
			"to": [16.02627, 11.80877, -2.61487],
			"rotation": {"angle": -45, "axis": "x", "origin": [8.73805, 9.59462, -3.532]},
			"faces": {
				"north": {"uv": [0, 0, 1, 1], "rotation": 90, "texture": "#missing"},
				"east": {"uv": [0, 0, 1, 1], "texture": "#3"},
				"south": {"uv": [0, 0, 1, 1], "rotation": 270, "texture": "#missing"},
				"west": {"uv": [0, 0, 1, 1], "rotation": 180, "texture": "#3"},
				"up": {"uv": [0, 0, 1, 1], "rotation": 270, "texture": "#3"},
				"down": {"uv": [0, 0, 1, 1], "rotation": 270, "texture": "#missing"}
			}
		},
		{
			"name": "octagon",
			"from": [-0.04934, 7.38048, -4.44913],
			"to": [16.04934, 11.80877, -2.61487],
			"faces": {
				"north": {"uv": [0, 0, 1, 1], "rotation": 90, "texture": "#missing"},
				"east": {"uv": [5.499, 3.249, 6.499, 4.249], "texture": "#2"},
				"south": {"uv": [0, 0, 1, 1], "rotation": 270, "texture": "#2"},
				"west": {"uv": [6.5, 3.75, 7.499, 4.749], "rotation": 180, "texture": "#2"},
				"up": {"uv": [0, 0, 1, 1], "rotation": 270, "texture": "#2"},
				"down": {"uv": [0, 0, 1, 1], "rotation": 270, "texture": "#missing"}
			}
		},
		{
			"name": "octagon",
			"from": [-0.02627, 8.6775, -5.74614],
			"to": [16.02627, 10.51175, -1.31786],
			"rotation": {"angle": -45, "axis": "x", "origin": [8.73805, 9.59462, -3.532]},
			"faces": {
				"north": {"uv": [0, 0, 1, 1], "rotation": 90, "texture": "#missing"},
				"east": {"uv": [0, 0, 1, 1], "texture": "#3"},
				"south": {"uv": [0, 0, 1, 1], "rotation": 270, "texture": "#3"},
				"west": {"uv": [0, 0, 1, 1], "rotation": 180, "texture": "#3"},
				"up": {"uv": [0, 0, 1, 1], "rotation": 270, "texture": "#3"},
				"down": {"uv": [0, 0, 1, 1], "rotation": 270, "texture": "#3"}
			}
		},
		{
			"name": "octagon",
			"from": [-0.04934, 9.13104, -5.74614],
			"to": [16.04934, 10.50335, -1.31786],
			"faces": {
				"north": {"uv": [0, 0, 1, 1], "rotation": 90, "texture": "#missing"},
				"east": {"uv": [5.499, 3.249, 6.499, 4.249], "texture": "#2"},
				"south": {"uv": [0, 0, 1, 1], "rotation": 270, "texture": "#2"},
				"west": {"uv": [5, 3.249, 5.999, 4.249], "rotation": 180, "texture": "#2"},
				"up": {"uv": [0, 0, 1, 1], "rotation": 270, "texture": "#missing"},
				"down": {"uv": [0, 0, 1, 1], "rotation": 270, "texture": "#missing"}
			}
		},
		{
			"name": "octagon",
			"from": [0.93688, 9.48445, 18.22109],
			"to": [15.06312, 11.35172, 19.83523],
			"rotation": {"angle": 45, "axis": "x", "origin": [7.35052, 9.40327, 19.02816]},
			"faces": {
				"north": {"uv": [0, 0, 1, 1], "rotation": 270, "texture": "#missing"},
				"east": {"uv": [0, 0, 1, 1], "rotation": 180, "texture": "#3"},
				"south": {"uv": [0, 0, 1, 1], "rotation": 90, "texture": "#3"},
				"west": {"uv": [0, 0, 1, 1], "texture": "#3"},
				"up": {"uv": [1, 1, 0, 0], "rotation": 270, "texture": "#3"},
				"down": {"uv": [1, 1, 0, 0], "rotation": 270, "texture": "#missing"}
			}
		},
		{
			"name": "octagon",
			"from": [0.91658, 7.45482, 18.22109],
			"to": [15.08342, 11.35172, 19.83523],
			"faces": {
				"north": {"uv": [0, 0, 1, 1], "rotation": 270, "texture": "#2"},
				"east": {"uv": [6.5, 3.75, 7.499, 4.749], "rotation": 180, "texture": "#2"},
				"south": {"uv": [0, 0, 1, 1], "rotation": 90, "texture": "#3"},
				"west": {"uv": [5.499, 3.249, 6.499, 4.249], "texture": "#2"},
				"up": {"uv": [1, 1, 0, 0], "rotation": 270, "texture": "#2"},
				"down": {"uv": [1, 1, 0, 0], "rotation": 270, "texture": "#missing"}
			}
		},
		{
			"name": "octagon",
			"from": [0.93688, 8.5962, 17.07972],
			"to": [15.06312, 10.21034, 20.9766],
			"rotation": {"angle": 45, "axis": "x", "origin": [7.35052, 9.40327, 19.02816]},
			"faces": {
				"north": {"uv": [0, 0, 1, 1], "rotation": 270, "texture": "#3"},
				"east": {"uv": [0, 0, 1, 1], "rotation": 180, "texture": "#3"},
				"south": {"uv": [0, 0, 1, 1], "rotation": 90, "texture": "#3"},
				"west": {"uv": [0, 0, 1, 1], "texture": "#3"},
				"up": {"uv": [1, 1, 0, 0], "rotation": 270, "texture": "#3"},
				"down": {"uv": [1, 1, 0, 0], "rotation": 270, "texture": "#3"}
			}
		},
		{
			"name": "octagon",
			"from": [0.91658, 8.99532, 17.07972],
			"to": [15.08342, 10.20295, 20.9766],
			"faces": {
				"north": {"uv": [0, 0, 1, 1], "rotation": 270, "texture": "#2"},
				"east": {"uv": [5, 3.249, 5.999, 4.249], "rotation": 180, "texture": "#2"},
				"south": {"uv": [0, 0, 1, 1], "rotation": 90, "texture": "#3"},
				"west": {"uv": [5.499, 3.249, 6.499, 4.249], "texture": "#2"},
				"up": {"uv": [1, 1, 0, 0], "rotation": 270, "texture": "#missing"},
				"down": {"uv": [1, 1, 0, 0], "rotation": 270, "texture": "#missing"}
			}
		},
		{
			"from": [2.234, 7.38048, 16.53368],
			"to": [13.766, 15.45288, 17.68688],
			"faces": {
				"north": {"uv": [0, 0, 5, 3.5], "texture": "#2"},
				"east": {"uv": [0, 0, 0.5, 3.5], "texture": "#1"},
				"south": {"uv": [0, 0, 5, 3.5], "texture": "#2"},
				"west": {"uv": [0, 0, 0.5, 3.5], "texture": "#1"},
				"up": {"uv": [0, 0, 0.5, 5], "rotation": 270, "texture": "#1"},
				"down": {"uv": [0, 0, 0.5, 5], "rotation": 90, "texture": "#2"}
			}
		},
		{
			"from": [2.234, 7.38048, 7.30808],
			"to": [13.766, 15.45288, 8.46128],
			"faces": {
				"north": {"uv": [0, 0, 15.999, 3.249], "texture": "#2"},
				"east": {"uv": [0, 0, 0.5, 3.5], "texture": "#1"},
				"south": {"uv": [0, 0, 5, 3.5], "texture": "#2"},
				"west": {"uv": [0, 0, 0.5, 3.5], "texture": "#1"},
				"up": {"uv": [0, 0, 0.5, 5], "rotation": 270, "texture": "#1"},
				"down": {"uv": [0, 0, 0.5, 5], "rotation": 90, "texture": "#2"}
			}
		},
		{
			"from": [2.234, 8.53368, 10.99832],
			"to": [13.766, 10.14816, 16.76432],
			"faces": {
				"north": {"uv": [0, 0, 0.7, 5], "rotation": 90, "texture": "#2"},
				"east": {"uv": [0, 0, 0.7, 2.5], "rotation": 90, "texture": "#2"},
				"south": {"uv": [0, 0, 0.7, 5], "rotation": 90, "texture": "#2"},
				"west": {"uv": [0, 0, 0.7, 2.5], "rotation": 270, "texture": "#2"},
				"up": {"uv": [0, 0, 5, 2.5], "texture": "#2"},
				"down": {"uv": [0, 0, 5, 2.5], "rotation": 180, "texture": "#2"}
			}
		},
		{
			"from": [2.234, 8.53368, 1.77272],
			"to": [13.766, 10.14816, 7.53872],
			"faces": {
				"north": {"uv": [0, 0, 0.7, 5], "rotation": 90, "texture": "#2"},
				"east": {"uv": [0, 0, 0.7, 2.5], "rotation": 90, "texture": "#2"},
				"south": {"uv": [0, 0, 0.7, 5], "rotation": 90, "texture": "#2"},
				"west": {"uv": [0, 0, 0.7, 2.5], "rotation": 270, "texture": "#2"},
				"up": {"uv": [0, 0, 5, 2.5], "texture": "#2"},
				"down": {"uv": [0, 0, 5, 2.5], "rotation": 180, "texture": "#2"}
			}
		},
		{
			"from": [14.9192, 8.99496, -2.84008],
			"to": [16.30304, 9.45624, -2.3788],
			"faces": {
				"north": {"uv": [0, 0, 0.6, 0.99], "texture": "#1"},
				"east": {"uv": [0, 0, 0.2, 0.99], "texture": "#1"},
				"south": {"uv": [0, 0, 0.6, 0.99], "texture": "#1"},
				"west": {"uv": [1, 0, 1.199, 0.99], "texture": "#2"},
				"up": {"uv": [0, 0, 0.6, 0.2], "texture": "#1"},
				"down": {"uv": [0, 0, 0.6, 0.2], "texture": "#1"}
			}
		},
		{
			"from": [14.9192, 8.99496, -4.6852],
			"to": [16.30304, 9.45624, -4.22392],
			"faces": {
				"north": {"uv": [0, 0, 0.6, 0.99], "texture": "#1"},
				"east": {"uv": [0, 0, 0.2, 0.99], "texture": "#1"},
				"south": {"uv": [0, 0, 0.6, 0.99], "texture": "#1"},
				"west": {"uv": [1, 0, 1.199, 0.99], "texture": "#2"},
				"up": {"uv": [0, 0, 0.6, 0.2], "texture": "#1"},
				"down": {"uv": [0, 0, 0.6, 0.2], "texture": "#1"}
			}
		},
		{
			"from": [-0.30304, 8.99496, -4.6852],
			"to": [1.0808, 9.45624, -4.22392],
			"faces": {
				"north": {"uv": [0.6, 0, 0, 0.99], "texture": "#1"},
				"east": {"uv": [1.199, 0, 1, 0.99], "texture": "#2"},
				"south": {"uv": [0.6, 0, 0, 0.99], "texture": "#1"},
				"west": {"uv": [0.2, 0, 0, 0.99], "texture": "#1"},
				"up": {"uv": [0.6, 0, 0, 0.2], "texture": "#1"},
				"down": {"uv": [0.6, 0, 0, 0.2], "texture": "#1"}
			}
		},
		{
			"from": [-0.30304, 8.99496, -2.84008],
			"to": [1.0808, 9.45624, -2.3788],
			"faces": {
				"north": {"uv": [0.6, 0, 0, 0.99], "texture": "#1"},
				"east": {"uv": [1.199, 0, 1, 0.99], "texture": "#2"},
				"south": {"uv": [0.6, 0, 0, 0.99], "texture": "#1"},
				"west": {"uv": [0.2, 0, 0, 0.99], "texture": "#1"},
				"up": {"uv": [0.6, 0, 0, 0.2], "texture": "#1"},
				"down": {"uv": [0.6, 0, 0, 0.2], "texture": "#1"}
			}
		},
		{
			"from": [-0.30304, 10.14816, -4.6852],
			"to": [1.0808, 10.60944, -4.22392],
			"faces": {
				"north": {"uv": [0.6, 0, 0, 0.99], "texture": "#1"},
				"east": {"uv": [1.199, 0, 1, 0.99], "texture": "#2"},
				"south": {"uv": [0.6, 0, 0, 0.99], "texture": "#1"},
				"west": {"uv": [0.2, 0, 0, 0.99], "texture": "#1"},
				"up": {"uv": [0.6, 0, 0, 0.2], "texture": "#1"},
				"down": {"uv": [0.6, 0, 0, 0.2], "texture": "#1"}
			}
		},
		{
			"from": [-0.30304, 10.14816, -2.84008],
			"to": [1.0808, 10.60944, -2.3788],
			"faces": {
				"north": {"uv": [0.6, 0, 0, 0.99], "texture": "#1"},
				"east": {"uv": [1.199, 0, 1, 0.99], "texture": "#2"},
				"south": {"uv": [0.6, 0, 0, 0.99], "texture": "#1"},
				"west": {"uv": [0.2, 0, 0, 0.99], "texture": "#1"},
				"up": {"uv": [0.6, 0, 0, 0.2], "texture": "#1"},
				"down": {"uv": [0.6, 0, 0, 0.2], "texture": "#1"}
			}
		},
		{
			"from": [14.9192, 10.14816, -2.84008],
			"to": [16.30304, 10.60944, -2.3788],
			"faces": {
				"north": {"uv": [0, 0, 0.6, 0.99], "texture": "#1"},
				"east": {"uv": [0, 0, 0.2, 0.99], "texture": "#1"},
				"south": {"uv": [0, 0, 0.6, 0.99], "texture": "#1"},
				"west": {"uv": [1, 0, 1.199, 0.99], "texture": "#2"},
				"up": {"uv": [0, 0, 0.6, 0.2], "texture": "#1"},
				"down": {"uv": [0, 0, 0.6, 0.2], "texture": "#1"}
			}
		},
		{
			"from": [14.9192, 10.14816, -4.6852],
			"to": [16.30304, 10.60944, -4.22392],
			"faces": {
				"north": {"uv": [0, 0, 0.6, 0.99], "texture": "#1"},
				"east": {"uv": [0, 0, 0.2, 0.99], "texture": "#1"},
				"south": {"uv": [0, 0, 0.6, 0.99], "texture": "#1"},
				"west": {"uv": [1, 0, 1.199, 0.99], "texture": "#2"},
				"up": {"uv": [0, 0, 0.6, 0.2], "texture": "#1"},
				"down": {"uv": [0, 0, 0.6, 0.2], "texture": "#1"}
			}
		},
		{
			"from": [10.99832, 10.60944, 7.07744],
			"to": [11.4596, 11.07072, 7.53872],
			"faces": {
				"north": {"uv": [0, 0, 0.2, 0.99], "texture": "#1"},
				"east": {"uv": [0, 0, 0.6, 0.99], "texture": "#1"},
				"south": {"uv": [1, 0, 1.199, 0.99], "texture": "#2"},
				"west": {"uv": [0, 0, 0.6, 0.99], "texture": "#1"},
				"up": {"uv": [0, 0, 0.6, 0.2], "rotation": 270, "texture": "#1"},
				"down": {"uv": [0, 0, 0.6, 0.2], "rotation": 90, "texture": "#1"}
			}
		},
		{
			"from": [10.99832, 13.37712, 7.07744],
			"to": [11.4596, 13.8384, 7.53872],
			"faces": {
				"north": {"uv": [0, 0, 0.2, 0.99], "texture": "#1"},
				"east": {"uv": [0, 0, 0.6, 0.99], "texture": "#1"},
				"south": {"uv": [1, 0, 1.199, 0.99], "texture": "#2"},
				"west": {"uv": [0, 0, 0.6, 0.99], "texture": "#1"},
				"up": {"uv": [0, 0, 0.6, 0.2], "rotation": 270, "texture": "#1"},
				"down": {"uv": [0, 0, 0.6, 0.2], "rotation": 90, "texture": "#1"}
			}
		},
		{
			"from": [8.69192, 13.37712, 7.07744],
			"to": [9.1532, 13.8384, 7.53872],
			"faces": {
				"north": {"uv": [0, 0, 0.2, 0.99], "texture": "#1"},
				"east": {"uv": [0, 0, 0.6, 0.99], "texture": "#1"},
				"south": {"uv": [1, 0, 1.199, 0.99], "texture": "#2"},
				"west": {"uv": [0, 0, 0.6, 0.99], "texture": "#1"},
				"up": {"uv": [0, 0, 0.6, 0.2], "rotation": 270, "texture": "#1"},
				"down": {"uv": [0, 0, 0.6, 0.2], "rotation": 90, "texture": "#1"}
			}
		},
		{
			"from": [8.69192, 10.60944, 7.07744],
			"to": [9.1532, 11.07072, 7.53872],
			"faces": {
				"north": {"uv": [0, 0, 0.2, 0.99], "texture": "#1"},
				"east": {"uv": [0, 0, 0.6, 0.99], "texture": "#1"},
				"south": {"uv": [1, 0, 1.199, 0.99], "texture": "#2"},
				"west": {"uv": [0, 0, 0.6, 0.99], "texture": "#1"},
				"up": {"uv": [0, 0, 0.6, 0.2], "rotation": 270, "texture": "#1"},
				"down": {"uv": [0, 0, 0.6, 0.2], "rotation": 90, "texture": "#1"}
			}
		},
		{
			"from": [6.38552, 13.37712, 7.07744],
			"to": [6.8468, 13.8384, 7.53872],
			"faces": {
				"north": {"uv": [0, 0, 0.2, 0.99], "texture": "#1"},
				"east": {"uv": [0, 0, 0.6, 0.99], "texture": "#1"},
				"south": {"uv": [1, 0, 1.199, 0.99], "texture": "#2"},
				"west": {"uv": [0, 0, 0.6, 0.99], "texture": "#1"},
				"up": {"uv": [0, 0, 0.6, 0.2], "rotation": 270, "texture": "#1"},
				"down": {"uv": [0, 0, 0.6, 0.2], "rotation": 90, "texture": "#1"}
			}
		},
		{
			"from": [6.38552, 10.60944, 7.07744],
			"to": [6.8468, 11.07072, 7.53872],
			"faces": {
				"north": {"uv": [0, 0, 0.2, 0.99], "texture": "#1"},
				"east": {"uv": [0, 0, 0.6, 0.99], "texture": "#1"},
				"south": {"uv": [1, 0, 1.199, 0.99], "texture": "#2"},
				"west": {"uv": [0, 0, 0.6, 0.99], "texture": "#1"},
				"up": {"uv": [0, 0, 0.6, 0.2], "rotation": 270, "texture": "#1"},
				"down": {"uv": [0, 0, 0.6, 0.2], "rotation": 90, "texture": "#1"}
			}
		},
		{
			"from": [4.07912, 13.37712, 7.07744],
			"to": [4.5404, 13.8384, 7.53872],
			"faces": {
				"north": {"uv": [0, 0, 0.2, 0.99], "texture": "#1"},
				"east": {"uv": [0, 0, 0.6, 0.99], "texture": "#1"},
				"south": {"uv": [1, 0, 1.199, 0.99], "texture": "#2"},
				"west": {"uv": [0, 0, 0.6, 0.99], "texture": "#1"},
				"up": {"uv": [0, 0, 0.6, 0.2], "rotation": 270, "texture": "#1"},
				"down": {"uv": [0, 0, 0.6, 0.2], "rotation": 90, "texture": "#1"}
			}
		},
		{
			"from": [4.07912, 10.60944, 7.07744],
			"to": [4.5404, 11.07072, 7.53872],
			"faces": {
				"north": {"uv": [0, 0, 0.2, 0.99], "texture": "#1"},
				"east": {"uv": [0, 0, 0.6, 0.99], "texture": "#1"},
				"south": {"uv": [1, 0, 1.199, 0.99], "texture": "#2"},
				"west": {"uv": [0, 0, 0.6, 0.99], "texture": "#1"},
				"up": {"uv": [0, 0, 0.6, 0.2], "rotation": 270, "texture": "#1"},
				"down": {"uv": [0, 0, 0.6, 0.2], "rotation": 90, "texture": "#1"}
			}
		},
		{
			"from": [10.99832, 13.37712, 16.30304],
			"to": [11.4596, 13.8384, 16.76432],
			"faces": {
				"north": {"uv": [0, 0, 0.2, 0.99], "texture": "#1"},
				"east": {"uv": [0, 0, 0.6, 0.99], "texture": "#1"},
				"south": {"uv": [1, 0, 1.199, 0.99], "texture": "#2"},
				"west": {"uv": [0, 0, 0.6, 0.99], "texture": "#1"},
				"up": {"uv": [0, 0, 0.6, 0.2], "rotation": 270, "texture": "#1"},
				"down": {"uv": [0, 0, 0.6, 0.2], "rotation": 90, "texture": "#1"}
			}
		},
		{
			"from": [8.69192, 13.37712, 16.30304],
			"to": [9.1532, 13.8384, 16.76432],
			"faces": {
				"north": {"uv": [0, 0, 0.2, 0.99], "texture": "#1"},
				"east": {"uv": [0, 0, 0.6, 0.99], "texture": "#1"},
				"south": {"uv": [1, 0, 1.199, 0.99], "texture": "#2"},
				"west": {"uv": [0, 0, 0.6, 0.99], "texture": "#1"},
				"up": {"uv": [0, 0, 0.6, 0.2], "rotation": 270, "texture": "#1"},
				"down": {"uv": [0, 0, 0.6, 0.2], "rotation": 90, "texture": "#1"}
			}
		},
		{
			"from": [6.38552, 13.37712, 16.30304],
			"to": [6.8468, 13.8384, 16.76432],
			"faces": {
				"north": {"uv": [0, 0, 0.2, 0.99], "texture": "#1"},
				"east": {"uv": [0, 0, 0.6, 0.99], "texture": "#1"},
				"south": {"uv": [1, 0, 1.199, 0.99], "texture": "#2"},
				"west": {"uv": [0, 0, 0.6, 0.99], "texture": "#1"},
				"up": {"uv": [0, 0, 0.6, 0.2], "rotation": 270, "texture": "#1"},
				"down": {"uv": [0, 0, 0.6, 0.2], "rotation": 90, "texture": "#1"}
			}
		},
		{
			"from": [4.07912, 13.37712, 16.30304],
			"to": [4.5404, 13.8384, 16.76432],
			"faces": {
				"north": {"uv": [0, 0, 0.2, 0.99], "texture": "#1"},
				"east": {"uv": [0, 0, 0.6, 0.99], "texture": "#1"},
				"south": {"uv": [1, 0, 1.199, 0.99], "texture": "#2"},
				"west": {"uv": [0, 0, 0.6, 0.99], "texture": "#1"},
				"up": {"uv": [0, 0, 0.6, 0.2], "rotation": 270, "texture": "#1"},
				"down": {"uv": [0, 0, 0.6, 0.2], "rotation": 90, "texture": "#1"}
			}
		},
		{
			"from": [4.07912, 10.60944, 16.30304],
			"to": [4.5404, 11.07072, 16.76432],
			"faces": {
				"north": {"uv": [0, 0, 0.2, 0.99], "texture": "#1"},
				"east": {"uv": [0, 0, 0.6, 0.99], "texture": "#1"},
				"south": {"uv": [1, 0, 1.199, 0.99], "texture": "#2"},
				"west": {"uv": [0, 0, 0.6, 0.99], "texture": "#1"},
				"up": {"uv": [0, 0, 0.6, 0.2], "rotation": 270, "texture": "#1"},
				"down": {"uv": [0, 0, 0.6, 0.2], "rotation": 90, "texture": "#1"}
			}
		},
		{
			"from": [6.38552, 10.60944, 16.30304],
			"to": [6.8468, 11.07072, 16.76432],
			"faces": {
				"north": {"uv": [0, 0, 0.2, 0.99], "texture": "#1"},
				"east": {"uv": [0, 0, 0.6, 0.99], "texture": "#1"},
				"south": {"uv": [1, 0, 1.199, 0.99], "texture": "#2"},
				"west": {"uv": [0, 0, 0.6, 0.99], "texture": "#1"},
				"up": {"uv": [0, 0, 0.6, 0.2], "rotation": 270, "texture": "#1"},
				"down": {"uv": [0, 0, 0.6, 0.2], "rotation": 90, "texture": "#1"}
			}
		},
		{
			"from": [8.69192, 10.60944, 16.30304],
			"to": [9.1532, 11.07072, 16.76432],
			"faces": {
				"north": {"uv": [0, 0, 0.2, 0.99], "texture": "#1"},
				"east": {"uv": [0, 0, 0.6, 0.99], "texture": "#1"},
				"south": {"uv": [1, 0, 1.199, 0.99], "texture": "#2"},
				"west": {"uv": [0, 0, 0.6, 0.99], "texture": "#1"},
				"up": {"uv": [0, 0, 0.6, 0.2], "rotation": 270, "texture": "#1"},
				"down": {"uv": [0, 0, 0.6, 0.2], "rotation": 90, "texture": "#1"}
			}
		},
		{
			"from": [10.99832, 10.60944, 16.30304],
			"to": [11.4596, 11.07072, 16.76432],
			"faces": {
				"north": {"uv": [0, 0, 0.2, 0.99], "texture": "#1"},
				"east": {"uv": [0, 0, 0.6, 0.99], "texture": "#1"},
				"south": {"uv": [1, 0, 1.199, 0.99], "texture": "#2"},
				"west": {"uv": [0, 0, 0.6, 0.99], "texture": "#1"},
				"up": {"uv": [0, 0, 0.6, 0.2], "rotation": 270, "texture": "#1"},
				"down": {"uv": [0, 0, 0.6, 0.2], "rotation": 90, "texture": "#1"}
			}
		},
		{
			"from": [14.45792, 9.68688, 13.53536],
			"to": [15.38048, 14.29968, 18.14816],
			"faces": {
				"north": {"uv": [0, 0, 0.4, 2], "texture": "#2"},
				"east": {"uv": [0, 0, 2, 2], "texture": "#3"},
				"south": {"uv": [0, 0, 0.4, 2], "texture": "#2"},
				"west": {"uv": [0, 0, 2, 2], "texture": "#3"},
				"up": {"uv": [0, 0, 0.4, 2], "texture": "#2"},
				"down": {"uv": [0, 0, 0.4, 2], "texture": "#2"}
			}
		},
		{
			"from": [14.45792, 11.64732, 15.61112],
			"to": [15.61112, 12.1086, 16.0724],
			"faces": {
				"north": {"uv": [0, 0, 0.6, 0.99], "texture": "#2"},
				"east": {"uv": [0, 0, 0.2, 0.99], "texture": "#2"},
				"south": {"uv": [0, 0, 0.6, 0.99], "texture": "#2"},
				"west": {"uv": [2.25, 0, 2.45, 0.99], "texture": "#2"},
				"up": {"uv": [0, 0, 0.6, 0.2], "texture": "#2"},
				"down": {"uv": [0, 0, 0.6, 0.2], "texture": "#2"}
			}
		},
		{
			"from": [14.5, 6.9192, 4.30976],
			"to": [15.42256, 13.60776, 8.92256],
			"faces": {
				"north": {"uv": [0, 0, 0.4, 2.9], "texture": "#1"},
				"east": {"uv": [0, 0, 2, 2.9], "texture": "#2"},
				"south": {"uv": [0, 0, 0.4, 2.9], "texture": "#1"},
				"west": {"uv": [0, 0, 2, 2.9], "texture": "#3"},
				"up": {"uv": [0, 0, 0.4, 2], "texture": "#1"},
				"down": {"uv": [0, 0, 0.4, 2], "texture": "#2"}
			}
		},
		{
			"from": [14.48098, 7.84176, 5.46296],
			"to": [15.40354, 13.60776, 7.76936],
			"faces": {
				"north": {"uv": [0, 0, 0.4, 2.5], "rotation": 180, "texture": "#2"},
				"east": {"uv": [0, 0, 2.5, 1], "rotation": 90, "texture": "#3"},
				"south": {"uv": [0, 0, 0.4, 2.5], "texture": "#1"},
				"west": {"uv": [0, 0, 2.5, 1], "rotation": 270, "texture": "#3"},
				"up": {"uv": [0, 0, 0.4, 1], "texture": "#1"},
				"down": {"uv": [0, 0, 0.4, 1], "rotation": 180, "texture": "#2"}
			}
		},
		{
			"from": [14.48098, 9.91752, 4.30976],
			"to": [15.40354, 11.76264, 8.92256],
			"faces": {
				"north": {"uv": [0, 0, 0.4, 0.8], "texture": "#1"},
				"east": {"uv": [0, 0, 2, 0.8], "texture": "#3"},
				"south": {"uv": [0, 0, 0.4, 0.8], "texture": "#1"},
				"west": {"uv": [0, 0, 2, 0.8], "texture": "#3"},
				"up": {"uv": [0, 0, 0.4, 2], "texture": "#2"},
				"down": {"uv": [0, 0, 0.4, 2], "texture": "#2"}
			}
		},
		{
			"from": [0.61952, 9.68688, 8.92256],
			"to": [1.54208, 14.29968, 18.14816],
			"faces": {
				"north": {"uv": [0.4, 0, 0.8, 2], "texture": "#2"},
				"east": {"uv": [2, 0, 6, 2], "texture": "#2"},
				"south": {"uv": [0.4, 0, 0.8, 2], "texture": "#2"},
				"west": {"uv": [2, 0, 6, 2], "texture": "#3"},
				"up": {"uv": [0.4, 0, 0.8, 4], "texture": "#2"},
				"down": {"uv": [0.4, 0, 0.8, 4], "texture": "#2"}
			}
		},
		{
			"from": [0.38888, 11.64732, 13.30472],
			"to": [1.31144, 12.1086, 13.766],
			"faces": {
				"north": {"uv": [0.6, 0, 0, 0.99], "texture": "#2"},
				"east": {"uv": [2.45, 0, 2.25, 0.99], "texture": "#2"},
				"south": {"uv": [0.6, 0, 0, 0.99], "texture": "#2"},
				"west": {"uv": [0.2, 0, 0, 0.99], "texture": "#2"},
				"up": {"uv": [0.6, 0, 0, 0.2], "texture": "#2"},
				"down": {"uv": [0.6, 0, 0, 0.2], "texture": "#2"}
			}
		},
		{
			"from": [0.59646, 7.84176, 5.46296],
			"to": [1.28838, 13.60776, 7.76936],
			"faces": {
				"north": {"uv": [0.4, 0, 0.7, 2.5], "rotation": 180, "texture": "#2"},
				"east": {"uv": [0, 1, 2.5, 2], "rotation": 270, "texture": "#3"},
				"south": {"uv": [0.4, 0, 0.7, 2.5], "texture": "#1"},
				"west": {"uv": [0, 1, 2.5, 2], "rotation": 90, "texture": "#3"},
				"up": {"uv": [0.4, 0, 0.7, 1], "texture": "#1"},
				"down": {"uv": [0.4, 0, 0.7, 1], "rotation": 180, "texture": "#2"}
			}
		},
		{
			"from": [0.61952, 6.9192, 2.00336],
			"to": [1.31144, 13.60776, 8.92256],
			"faces": {
				"north": {"uv": [0.4, 0, 0.7, 2.9], "texture": "#1"},
				"east": {"uv": [2, 0, 5, 2.9], "texture": "#3"},
				"south": {"uv": [0.4, 0, 0.7, 2.9], "texture": "#1"},
				"west": {"uv": [2, 0, 5, 2.9], "texture": "#2"},
				"up": {"uv": [0.4, 0, 0.7, 3], "texture": "#1"},
				"down": {"uv": [0.4, 0, 0.7, 3], "texture": "#2"}
			}
		},
		{
			"from": [0.59646, 9.91752, 2.00336],
			"to": [1.28838, 11.76264, 8.92256],
			"faces": {
				"north": {"uv": [0.4, 0, 0.7, 0.8], "texture": "#1"},
				"east": {"uv": [2, 0, 5, 0.8], "texture": "#3"},
				"south": {"uv": [0.4, 0, 0.7, 0.8], "texture": "#1"},
				"west": {"uv": [2, 0, 5, 0.8], "texture": "#3"},
				"up": {"uv": [0.4, 0, 0.7, 3], "texture": "#2"},
				"down": {"uv": [0.4, 0, 0.7, 3], "texture": "#2"}
			}
		}
	],
	"display": {
		"head": {
			"translation": [0, 0, 47.5],
			"scale": [4, 4, 4]
		}
	},
	"groups": [
		{
			"name": "group",
			"children": [0, 1, 2, 3, 4, 5]
		},
		{
			"name": "group",
			"children": [6, 7, 8, 9, 10, 11, 12, 13, 14, 15, 16, 17, 18, 19, 20, 21, 22, 23, 24, 25, 26, 27, 28, 29, 30, 31]
		}, 32, 33, 34, 35, 36, 37, 38, 39, 40, 41, 42, 43, 44, 45, 46, 47, 48, 49, 50, 51, 52, 53,
		{
			"name": "octagon",
			"children": [54, 55, 56, 57]
		},
		{
			"name": "octagon2",
			"children": [58, 59, 60, 61]
		}, 62, 63, 64, 65, 66, 67, 68, 69, 70, 71, 72, 73, 74, 75, 76, 77, 78, 79, 80, 81, 82, 83, 84, 85, 86, 87, 88, 89, 90, 91, 92, 93, 94, 95, 96, 97, 98, 99]
}
