{
	"credit": "Made with Blockbench",
	"texture_size": [32, 32],
	"textures": {
		"0": "custom/barrel_bottom",
		"1": "custom/barrel_side",
		"2": "block/cauldron_side",
		"3": "block/hay_block_side",
		"4": "block/hay_block_top",
		"5": "block/oak_log",
		"6": "block/brown_terracotta",
		"particle": "custom/barrel_bottom"
	},
	"elements": [
		{
			"name": "octagon",
			"from": [25, -7.24264, 29.5],
			"to": [30, -4.75736, 30.5],
			"rotation": {"angle": 45, "axis": "z", "origin": [22, -6, 30]},
			"faces": {
				"north": {"uv": [1.7425, 0, 0, 4], "rotation": 90, "texture": "#6"},
				"east": {"uv": [0, 0.5, 1.24264, 0], "rotation": 270, "texture": "#6"},
				"south": {"uv": [2.7425, 0, 0, 5], "rotation": 90, "texture": "#6"},
				"west": {"uv": [0, 0.5, 1.24264, 0], "rotation": 90, "texture": "#6"},
				"up": {"uv": [0, 0.5, 2.5, 0], "rotation": 180, "texture": "#6"},
				"down": {"uv": [0, 0.5, 2.5, 0], "texture": "#6"}
			}
		},
		{
			"name": "octagon",
			"from": [20.75736, -14, 29.5],
			"to": [23.24264, -9, 30.5],
			"rotation": {"angle": 0, "axis": "y", "origin": [22, -6, 30]},
			"faces": {
				"north": {"uv": [1.7425, 0, 0, 4], "rotation": 90, "texture": "#6"},
				"east": {"uv": [0, 0.5, 2.5, 0], "rotation": 270, "texture": "#6"},
				"south": {"uv": [2.7425, 0, 0, 5], "rotation": 90, "texture": "#6"},
				"west": {"uv": [0, 0.5, 2.5, 0], "rotation": 90, "texture": "#6"},
				"up": {"uv": [0, 0.5, 1.24264, 0], "rotation": 180, "texture": "#6"},
				"down": {"uv": [0, 0.5, 1.24264, 0], "texture": "#6"}
			}
		},
		{
			"name": "octagon",
			"from": [20.75736, -3, 29.5],
			"to": [23.24264, 2, 30.5],
			"rotation": {"angle": 0, "axis": "y", "origin": [22, -6, 30]},
			"faces": {
				"north": {"uv": [1.7425, 0, 0, 4], "rotation": 90, "texture": "#6"},
				"east": {"uv": [0, 0.5, 2.5, 0], "rotation": 270, "texture": "#6"},
				"south": {"uv": [2.7425, 0, 0, 5], "rotation": 90, "texture": "#6"},
				"west": {"uv": [0, 0.5, 2.5, 0], "rotation": 90, "texture": "#6"},
				"up": {"uv": [0, 0.5, 1.24264, 0], "rotation": 180, "texture": "#6"},
				"down": {"uv": [0, 0.5, 1.24264, 0], "texture": "#6"}
			}
		},
		{
			"name": "octagon",
			"from": [14, -7.24264, 29.5],
			"to": [19, -4.75736, 30.5],
			"rotation": {"angle": 0, "axis": "y", "origin": [22, -6, 30]},
			"faces": {
				"north": {"uv": [1.7425, 0, 0, 4], "rotation": 90, "texture": "#6"},
				"east": {"uv": [0, 0.5, 1.24264, 0], "rotation": 270, "texture": "#6"},
				"south": {"uv": [2.7425, 0, 0, 5], "rotation": 90, "texture": "#6"},
				"west": {"uv": [0, 0.5, 1.24264, 0], "rotation": 90, "texture": "#6"},
				"up": {"uv": [0, 0.5, 2.5, 0], "rotation": 180, "texture": "#6"},
				"down": {"uv": [0, 0.5, 2.5, 0], "texture": "#6"}
			}
		},
		{
			"name": "octagon",
			"from": [25, -7.24264, 29.5],
			"to": [30, -4.75736, 30.5],
			"rotation": {"angle": 0, "axis": "y", "origin": [22, -6, 30]},
			"faces": {
				"north": {"uv": [1.7425, 0, 0, 4], "rotation": 90, "texture": "#6"},
				"east": {"uv": [0, 0.5, 1.24264, 0], "rotation": 270, "texture": "#6"},
				"south": {"uv": [2.7425, 0, 0, 5], "rotation": 90, "texture": "#6"},
				"west": {"uv": [0, 0.5, 1.24264, 0], "rotation": 90, "texture": "#6"},
				"up": {"uv": [0, 0.5, 2.5, 0], "rotation": 180, "texture": "#6"},
				"down": {"uv": [0, 0.5, 2.5, 0], "texture": "#6"}
			}
		},
		{
			"name": "octagon",
			"from": [20.75736, -3, 29.5],
			"to": [23.24264, 2, 30.5],
			"rotation": {"angle": 45, "axis": "z", "origin": [22, -6, 30]},
			"faces": {
				"north": {"uv": [1.7425, 0, 0, 4], "rotation": 90, "texture": "#6"},
				"east": {"uv": [0, 0.5, 2.5, 0], "rotation": 270, "texture": "#6"},
				"south": {"uv": [2.7425, 0, 0, 5], "rotation": 90, "texture": "#6"},
				"west": {"uv": [0, 0.5, 2.5, 0], "rotation": 90, "texture": "#6"},
				"up": {"uv": [0, 0.5, 1.24264, 0], "rotation": 180, "texture": "#6"},
				"down": {"uv": [0, 0.5, 1.24264, 0], "texture": "#6"}
			}
		},
		{
			"name": "octagon",
			"from": [20.75736, -14, 29.5],
			"to": [23.24264, -9, 30.5],
			"rotation": {"angle": 45, "axis": "z", "origin": [22, -6, 30]},
			"faces": {
				"north": {"uv": [1.7425, 0, 0, 4], "rotation": 90, "texture": "#6"},
				"east": {"uv": [0, 0.5, 2.5, 0], "rotation": 270, "texture": "#6"},
				"south": {"uv": [2.7425, 0, 0, 5], "rotation": 90, "texture": "#6"},
				"west": {"uv": [0, 0.5, 2.5, 0], "rotation": 90, "texture": "#6"},
				"up": {"uv": [0, 0.5, 1.24264, 0], "rotation": 180, "texture": "#6"},
				"down": {"uv": [0, 0.5, 1.24264, 0], "texture": "#6"}
			}
		},
		{
			"name": "octagon",
			"from": [14, -7.24264, 29.5],
			"to": [19, -4.75736, 30.5],
			"rotation": {"angle": 45, "axis": "z", "origin": [22, -6, 30]},
			"faces": {
				"north": {"uv": [1.7425, 0, 0, 4], "rotation": 90, "texture": "#6"},
				"east": {"uv": [0, 0.5, 1.24264, 0], "rotation": 270, "texture": "#6"},
				"south": {"uv": [2.7425, 0, 0, 5], "rotation": 90, "texture": "#6"},
				"west": {"uv": [0, 0.5, 1.24264, 0], "rotation": 90, "texture": "#6"},
				"up": {"uv": [0, 0.5, 2.5, 0], "rotation": 180, "texture": "#6"},
				"down": {"uv": [0, 0.5, 2.5, 0], "texture": "#6"}
			}
		},
		{
			"name": "octagon",
			"from": [19, -7.24264, 28.5],
			"to": [25, -4.75736, 31.5],
			"rotation": {"angle": 45, "axis": "z", "origin": [22, -6, 30]},
			"faces": {
				"north": {"uv": [7.5, 5.5, 6.5, 6.5], "rotation": 90, "texture": "#2"},
				"east": {"uv": [7.5, 5.5, 6.5, 6.5], "rotation": 90, "texture": "#2"},
				"south": {"uv": [7.5, 5.5, 6.5, 6.5], "rotation": 90, "texture": "#2"},
				"west": {"uv": [7.5, 5.5, 6.5, 6.5], "rotation": 90, "texture": "#2"},
				"up": {"uv": [7.5, 5.5, 6.5, 6.5], "rotation": 90, "texture": "#2"},
				"down": {"uv": [7.5, 5.5, 6.5, 6.5], "rotation": 90, "texture": "#2"}
			}
		},
		{
			"name": "octagon",
			"from": [19, -7.24264, 28.5],
			"to": [25, -4.75736, 31.5],
			"rotation": {"angle": 0, "axis": "y", "origin": [22, -6, 30]},
			"faces": {
				"north": {"uv": [7.5, 5.5, 6.5, 6.5], "rotation": 90, "texture": "#2"},
				"east": {"uv": [7.5, 5.5, 6.5, 6.5], "rotation": 90, "texture": "#2"},
				"south": {"uv": [7.5, 5.5, 6.5, 6.5], "rotation": 90, "texture": "#2"},
				"west": {"uv": [7.5, 5.5, 6.5, 6.5], "rotation": 90, "texture": "#2"},
				"up": {"uv": [7.5, 5.5, 6.5, 6.5], "rotation": 90, "texture": "#2"},
				"down": {"uv": [7.5, 5.5, 6.5, 6.5], "rotation": 90, "texture": "#2"}
			}
		},
		{
			"name": "octagon",
			"from": [20.75736, -9, 28.5],
			"to": [23.24264, -3, 31.5],
			"rotation": {"angle": 45, "axis": "z", "origin": [22, -6, 30]},
			"faces": {
				"north": {"uv": [7.5, 5.5, 6.5, 6.5], "rotation": 90, "texture": "#2"},
				"east": {"uv": [7.5, 5.5, 6.5, 6.5], "rotation": 90, "texture": "#2"},
				"south": {"uv": [7.5, 5.5, 6.5, 6.5], "rotation": 90, "texture": "#2"},
				"west": {"uv": [7.5, 5.5, 6.5, 6.5], "rotation": 90, "texture": "#2"},
				"up": {"uv": [7.5, 5.5, 6.5, 6.5], "rotation": 90, "texture": "#2"},
				"down": {"uv": [7.5, 5.5, 6.5, 6.5], "rotation": 90, "texture": "#2"}
			}
		},
		{
			"name": "octagon",
			"from": [20.75736, -9, 28.5],
			"to": [23.24264, -3, 31.5],
			"rotation": {"angle": 0, "axis": "y", "origin": [22, -6, 30]},
			"faces": {
				"north": {"uv": [7.5, 5.5, 6.5, 6.5], "rotation": 90, "texture": "#2"},
				"east": {"uv": [7.5, 5.5, 6.5, 6.5], "rotation": 90, "texture": "#2"},
				"south": {"uv": [7.5, 5.5, 6.5, 6.5], "rotation": 90, "texture": "#2"},
				"west": {"uv": [7.5, 5.5, 6.5, 6.5], "rotation": 90, "texture": "#2"},
				"up": {"uv": [7.5, 5.5, 6.5, 6.5], "rotation": 90, "texture": "#2"},
				"down": {"uv": [7.5, 5.5, 6.5, 6.5], "rotation": 90, "texture": "#2"}
			}
		},
		{
			"name": "octagon",
			"from": [12, -10.14214, 28.5],
			"to": [14, -1.85786, 31.5],
			"rotation": {"angle": 45, "axis": "z", "origin": [22, -6, 30]},
			"faces": {
				"north": {"uv": [4.14214, 0, 0, 1], "rotation": 90, "texture": "#0"},
				"east": {"uv": [0, 1.5, 4.14214, 0], "rotation": 270, "texture": "#0"},
				"south": {"uv": [4.14214, 0, 0, 1], "rotation": 90, "texture": "#0"},
				"west": {"uv": [0, 1.5, 4.14214, 0], "rotation": 90, "texture": "#0"},
				"up": {"uv": [0, 1.5, 1, 0], "rotation": 180, "texture": "#0"},
				"down": {"uv": [0, 1.5, 1, 0], "texture": "#0"}
			}
		},
		{
			"name": "octagon",
			"from": [12, -10.14214, 28.5],
			"to": [14, -1.85786, 31.5],
			"rotation": {"angle": 0, "axis": "y", "origin": [22, -6, 30]},
			"faces": {
				"north": {"uv": [4.14214, 0, 0, 1], "rotation": 90, "texture": "#0"},
				"east": {"uv": [0, 1.5, 4.14214, 0], "rotation": 270, "texture": "#0"},
				"south": {"uv": [4.14214, 0, 0, 1], "rotation": 90, "texture": "#0"},
				"west": {"uv": [0, 1.5, 4.14214, 0], "rotation": 90, "texture": "#0"},
				"up": {"uv": [0, 1.5, 1, 0], "rotation": 180, "texture": "#0"},
				"down": {"uv": [0, 1.5, 1, 0], "texture": "#0"}
			}
		},
		{
			"name": "octagon",
			"from": [30, -10.14214, 28.5],
			"to": [32, -1.85786, 31.5],
			"rotation": {"angle": 45, "axis": "z", "origin": [22, -6, 30]},
			"faces": {
				"north": {"uv": [4.14214, 0, 0, 1], "rotation": 90, "texture": "#0"},
				"east": {"uv": [0, 1.5, 4.14214, 0], "rotation": 270, "texture": "#0"},
				"south": {"uv": [4.14214, 0, 0, 1], "rotation": 90, "texture": "#0"},
				"west": {"uv": [0, 1.5, 4.14214, 0], "rotation": 90, "texture": "#0"},
				"up": {"uv": [0, 1.5, 1, 0], "rotation": 180, "texture": "#0"},
				"down": {"uv": [0, 1.5, 1, 0], "texture": "#0"}
			}
		},
		{
			"name": "octagon",
			"from": [30, -10.14214, 28.5],
			"to": [32, -1.85786, 31.5],
			"rotation": {"angle": 0, "axis": "y", "origin": [22, -6, 30]},
			"faces": {
				"north": {"uv": [4.14214, 0, 0, 1], "rotation": 90, "texture": "#0"},
				"east": {"uv": [0, 1.5, 4.14214, 0], "rotation": 270, "texture": "#0"},
				"south": {"uv": [4.14214, 0, 0, 1], "rotation": 90, "texture": "#0"},
				"west": {"uv": [0, 1.5, 4.14214, 0], "rotation": 90, "texture": "#0"},
				"up": {"uv": [0, 1.5, 1, 0], "rotation": 180, "texture": "#0"},
				"down": {"uv": [0, 1.5, 1, 0], "texture": "#0"}
			}
		},
		{
			"name": "octagon",
			"from": [17.85786, -16, 28.5],
			"to": [26.14214, -14, 31.5],
			"rotation": {"angle": 45, "axis": "z", "origin": [22, -6, 30]},
			"faces": {
				"north": {"uv": [1, 0, 0, 4.14214], "rotation": 90, "texture": "#0"},
				"east": {"uv": [0, 1.5, 1, 0], "rotation": 270, "texture": "#0"},
				"south": {"uv": [1, 0, 0, 4.14214], "rotation": 90, "texture": "#0"},
				"west": {"uv": [0, 1.5, 1, 0], "rotation": 90, "texture": "#0"},
				"up": {"uv": [0, 1.5, 4.14214, 0], "rotation": 180, "texture": "#0"},
				"down": {"uv": [0, 1.5, 4.14214, 0], "texture": "#0"}
			}
		},
		{
			"name": "octagon",
			"from": [17.85786, -16, 28.5],
			"to": [26.14214, -14, 31.5],
			"rotation": {"angle": 0, "axis": "y", "origin": [22, -6, 30]},
			"faces": {
				"north": {"uv": [1, 0, 0, 4.14214], "rotation": 90, "texture": "#0"},
				"east": {"uv": [0, 1.5, 1, 0], "rotation": 270, "texture": "#0"},
				"south": {"uv": [1, 0, 0, 4.14214], "rotation": 90, "texture": "#0"},
				"west": {"uv": [0, 1.5, 1, 0], "rotation": 90, "texture": "#0"},
				"up": {"uv": [0, 1.5, 4.14214, 0], "rotation": 180, "texture": "#0"},
				"down": {"uv": [0, 1.5, 4.14214, 0], "texture": "#0"}
			}
		},
		{
			"name": "octagon",
			"from": [17.85786, 2, 28.5],
			"to": [26.14214, 4, 31.5],
			"rotation": {"angle": 45, "axis": "z", "origin": [22, -6, 30]},
			"faces": {
				"north": {"uv": [1, 0, 0, 4.14214], "rotation": 90, "texture": "#0"},
				"east": {"uv": [0, 1.5, 1, 0], "rotation": 270, "texture": "#0"},
				"south": {"uv": [1, 0, 0, 4.14214], "rotation": 90, "texture": "#0"},
				"west": {"uv": [0, 1.5, 1, 0], "rotation": 90, "texture": "#0"},
				"up": {"uv": [0, 1.5, 4.14214, 0], "rotation": 180, "texture": "#0"},
				"down": {"uv": [0, 1.5, 4.14214, 0], "texture": "#0"}
			}
		},
		{
			"name": "octagon",
			"from": [17.85786, 2, 28.5],
			"to": [26.14214, 4, 31.5],
			"rotation": {"angle": 0, "axis": "y", "origin": [22, -6, 30]},
			"faces": {
				"north": {"uv": [1, 0, 0, 4.14214], "rotation": 90, "texture": "#0"},
				"east": {"uv": [0, 1.5, 1, 0], "rotation": 270, "texture": "#0"},
				"south": {"uv": [1, 0, 0, 4.14214], "rotation": 90, "texture": "#0"},
				"west": {"uv": [0, 1.5, 1, 0], "rotation": 90, "texture": "#0"},
				"up": {"uv": [0, 1.5, 4.14214, 0], "rotation": 180, "texture": "#0"},
				"down": {"uv": [0, 1.5, 4.14214, 0], "texture": "#0"}
			}
		},
		{
			"from": [21, -7, -16],
			"to": [23, -5, 32],
			"rotation": {"angle": 0, "axis": "y", "origin": [29, 2, -3]},
			"faces": {
				"north": {"uv": [0, 0, 1, 1], "texture": "#5"},
				"east": {"uv": [0, 0, 16, 1], "texture": "#5"},
				"south": {"uv": [0, 0, 1, 1], "texture": "#5"},
				"west": {"uv": [0, 0, 16, 1], "texture": "#5"},
				"up": {"uv": [0, 0, 1, 16], "texture": "#5"},
				"down": {"uv": [0, 0, 1, 16], "texture": "#5"}
			}
		},
		{
			"from": [-7, -7, -16],
			"to": [-5, -5, 32],
			"rotation": {"angle": 0, "axis": "y", "origin": [1, 2, -3]},
			"faces": {
				"north": {"uv": [0, 0, 1, 1], "texture": "#5"},
				"east": {"uv": [0, 0, 16, 1], "texture": "#5"},
				"south": {"uv": [0, 0, 1, 1], "texture": "#5"},
				"west": {"uv": [0, 0, 16, 1], "texture": "#5"},
				"up": {"uv": [0, 0, 1, 16], "texture": "#5"},
				"down": {"uv": [0, 0, 1, 16], "texture": "#5"}
			}
		},
		{
			"name": "wagonbottom",
			"from": [-14, -5, -9],
			"to": [30, -3, 25],
			"rotation": {"angle": 0, "axis": "y", "origin": [25, 3, 8]},
			"faces": {
				"north": {"uv": [0, 0, 16, 1], "texture": "#0"},
				"east": {"uv": [0, 0, 16, 1], "texture": "#0"},
				"south": {"uv": [0, 0, 16, 1], "texture": "#0"},
				"west": {"uv": [0, 0, 16, 1], "texture": "#0"},
				"up": {"uv": [0, 0, 16, 16], "texture": "#0"},
				"down": {"uv": [0, 0, 16, 16], "texture": "#0"}
			}
		},
		{
			"name": "hay",
			"from": [-14, -3, -9],
			"to": [30, 1, 25],
			"rotation": {"angle": 0, "axis": "y", "origin": [25, 5, 8]},
			"faces": {
				"north": {"uv": [0, 0, 16, 2], "texture": "#4"},
				"east": {"uv": [0, 0, 16, 2], "texture": "#4"},
				"south": {"uv": [0, 0, 16, 2], "texture": "#4"},
				"west": {"uv": [0, 0, 16, 2], "texture": "#4"},
				"up": {"uv": [0, 0, 16, 16], "texture": "#4"},
				"down": {"uv": [0, 0, 16, 16], "texture": "#4"}
			}
		},
		{
			"name": "hay",
			"from": [18, 1, -9],
			"to": [30, 17, 25],
			"rotation": {"angle": 0, "axis": "y", "origin": [25, 11, 8]},
			"faces": {
				"north": {"uv": [3, 4, 10, 11], "texture": "#3"},
				"east": {"uv": [0, 0, 8, 16], "rotation": 90, "texture": "#3"},
				"south": {"uv": [3.5, 4, 10.5, 11], "texture": "#3"},
				"west": {"uv": [0, 0, 8, 16], "rotation": 270, "texture": "#3"},
				"up": {"uv": [0, 0, 7, 16], "texture": "#3"},
				"down": {"uv": [0, 0, 7, 16], "texture": "#3"}
			}
		},
		{
			"from": [30, -3, -9],
			"to": [32, 10, 25],
			"rotation": {"angle": 0, "axis": "y", "origin": [23, 3, 6]},
			"faces": {
				"north": {"uv": [0, 0, 1, 6.5], "texture": "#1"},
				"east": {"uv": [0, 0, 16, 6.5], "texture": "#1"},
				"south": {"uv": [0, 0, 1, 6.5], "texture": "#1"},
				"west": {"uv": [0, 0, 16, 6.5], "texture": "#1"},
				"up": {"uv": [0, 0.5, 16, 1.5], "rotation": 90, "texture": "#1"},
				"down": {"uv": [0, 0, 1, 16], "texture": "#1"}
			}
		},
		{
			"from": [-14, -3, -11],
			"to": [16, 10, -9],
			"rotation": {"angle": 0, "axis": "y", "origin": [23, 3, 4]},
			"faces": {
				"north": {"uv": [0, 0, 16, 6.5], "texture": "#1"},
				"east": {"uv": [0, 0, 1, 6.5], "texture": "#1"},
				"south": {"uv": [0, 0, 16, 6.5], "texture": "#1"},
				"west": {"uv": [0, 0, 1, 6.5], "texture": "#1"},
				"up": {"uv": [0, 0, 16, 1], "rotation": 180, "texture": "#1"},
				"down": {"uv": [0, 0, 16, 1], "texture": "#1"}
			}
		},
		{
			"from": [-14, -3, 25],
			"to": [16, 10, 27],
			"rotation": {"angle": 0, "axis": "y", "origin": [23, 3, 40]},
			"faces": {
				"north": {"uv": [0, 0, 16, 6.5], "texture": "#1"},
				"east": {"uv": [0, 0, 1, 6.5], "texture": "#1"},
				"south": {"uv": [0, 0, 16, 6.5], "texture": "#1"},
				"west": {"uv": [0, 0, 1, 6.5], "texture": "#1"},
				"up": {"uv": [0, 0, 16, 1], "rotation": 180, "texture": "#1"},
				"down": {"uv": [0, 0, 16, 1], "texture": "#1"}
			}
		},
		{
			"from": [16, -3, -11],
			"to": [30, 10, -9],
			"rotation": {"angle": 0, "axis": "y", "origin": [37, 3, 4]},
			"faces": {
				"north": {"uv": [9, 0, 16, 6.5], "texture": "#1"},
				"east": {"uv": [0, 0, 1, 6.5], "texture": "#1"},
				"south": {"uv": [0, 0, 7, 6.5], "texture": "#1"},
				"west": {"uv": [0, 0, 1, 6.5], "texture": "#1"},
				"up": {"uv": [7.5, 0, 14.5, 1], "texture": "#1"},
				"down": {"uv": [0, 0, 7, 1], "texture": "#1"}
			}
		},
		{
			"from": [16, -3, 25],
			"to": [30, 10, 27],
			"rotation": {"angle": 0, "axis": "y", "origin": [37, 3, 40]},
			"faces": {
				"north": {"uv": [9, 0, 16, 6.5], "texture": "#1"},
				"east": {"uv": [0, 0, 1, 6.5], "texture": "#1"},
				"south": {"uv": [0, 0, 7, 6.5], "texture": "#1"},
				"west": {"uv": [0, 0, 1, 6.5], "texture": "#1"},
				"up": {"uv": [7.5, 0, 14.5, 1], "texture": "#1"},
				"down": {"uv": [0, 0, 7, 1], "texture": "#1"}
			}
		},
		{
			"from": [-16, -3, -9],
			"to": [-14, 10, 25],
			"rotation": {"angle": 0, "axis": "y", "origin": [23, 3, 8]},
			"faces": {
				"north": {"uv": [0, 0, 1, 6.5], "texture": "#1"},
				"east": {"uv": [0, 0, 16, 6.5], "texture": "#1"},
				"south": {"uv": [0, 0, 1, 6.5], "texture": "#1"},
				"west": {"uv": [0, 0, 16, 6.5], "texture": "#1"},
				"up": {"uv": [0, 0.5, 16, 1.5], "rotation": 90, "texture": "#1"},
				"down": {"uv": [0, 0, 1, 16], "texture": "#1"}
			}
		},
		{
			"name": "octagon",
			"from": [25, -7.24264, -14.5],
			"to": [30, -4.75736, -13.5],
			"rotation": {"angle": 45, "axis": "z", "origin": [22, -6, -14]},
			"faces": {
				"north": {"uv": [1.7425, 0, 0, 4], "rotation": 90, "texture": "#6"},
				"east": {"uv": [0, 0.5, 1.24264, 0], "rotation": 270, "texture": "#6"},
				"south": {"uv": [2.7425, 0, 0, 5], "rotation": 90, "texture": "#6"},
				"west": {"uv": [0, 0.5, 1.24264, 0], "rotation": 90, "texture": "#6"},
				"up": {"uv": [0, 0.5, 2.5, 0], "rotation": 180, "texture": "#6"},
				"down": {"uv": [0, 0.5, 2.5, 0], "texture": "#6"}
			}
		},
		{
			"name": "octagon",
			"from": [20.75736, -14, -14.5],
			"to": [23.24264, -9, -13.5],
			"rotation": {"angle": 0, "axis": "y", "origin": [22, -6, -14]},
			"faces": {
				"north": {"uv": [1.7425, 0, 0, 4], "rotation": 90, "texture": "#6"},
				"east": {"uv": [0, 0.5, 2.5, 0], "rotation": 270, "texture": "#6"},
				"south": {"uv": [2.7425, 0, 0, 5], "rotation": 90, "texture": "#6"},
				"west": {"uv": [0, 0.5, 2.5, 0], "rotation": 90, "texture": "#6"},
				"up": {"uv": [0, 0.5, 1.24264, 0], "rotation": 180, "texture": "#6"},
				"down": {"uv": [0, 0.5, 1.24264, 0], "texture": "#6"}
			}
		},
		{
			"name": "octagon",
			"from": [20.75736, -3, -14.5],
			"to": [23.24264, 2, -13.5],
			"rotation": {"angle": 0, "axis": "y", "origin": [22, -6, -14]},
			"faces": {
				"north": {"uv": [1.7425, 0, 0, 4], "rotation": 90, "texture": "#6"},
				"east": {"uv": [0, 0.5, 2.5, 0], "rotation": 270, "texture": "#6"},
				"south": {"uv": [2.7425, 0, 0, 5], "rotation": 90, "texture": "#6"},
				"west": {"uv": [0, 0.5, 2.5, 0], "rotation": 90, "texture": "#6"},
				"up": {"uv": [0, 0.5, 1.24264, 0], "rotation": 180, "texture": "#6"},
				"down": {"uv": [0, 0.5, 1.24264, 0], "texture": "#6"}
			}
		},
		{
			"name": "octagon",
			"from": [14, -7.24264, -14.5],
			"to": [19, -4.75736, -13.5],
			"rotation": {"angle": 0, "axis": "y", "origin": [22, -6, -14]},
			"faces": {
				"north": {"uv": [1.7425, 0, 0, 4], "rotation": 90, "texture": "#6"},
				"east": {"uv": [0, 0.5, 1.24264, 0], "rotation": 270, "texture": "#6"},
				"south": {"uv": [2.7425, 0, 0, 5], "rotation": 90, "texture": "#6"},
				"west": {"uv": [0, 0.5, 1.24264, 0], "rotation": 90, "texture": "#6"},
				"up": {"uv": [0, 0.5, 2.5, 0], "rotation": 180, "texture": "#6"},
				"down": {"uv": [0, 0.5, 2.5, 0], "texture": "#6"}
			}
		},
		{
			"name": "octagon",
			"from": [25, -7.24264, -14.5],
			"to": [30, -4.75736, -13.5],
			"rotation": {"angle": 0, "axis": "y", "origin": [22, -6, -14]},
			"faces": {
				"north": {"uv": [1.7425, 0, 0, 4], "rotation": 90, "texture": "#6"},
				"east": {"uv": [0, 0.5, 1.24264, 0], "rotation": 270, "texture": "#6"},
				"south": {"uv": [2.7425, 0, 0, 5], "rotation": 90, "texture": "#6"},
				"west": {"uv": [0, 0.5, 1.24264, 0], "rotation": 90, "texture": "#6"},
				"up": {"uv": [0, 0.5, 2.5, 0], "rotation": 180, "texture": "#6"},
				"down": {"uv": [0, 0.5, 2.5, 0], "texture": "#6"}
			}
		},
		{
			"name": "octagon",
			"from": [20.75736, -3, -14.5],
			"to": [23.24264, 2, -13.5],
			"rotation": {"angle": 45, "axis": "z", "origin": [22, -6, -14]},
			"faces": {
				"north": {"uv": [1.7425, 0, 0, 4], "rotation": 90, "texture": "#6"},
				"east": {"uv": [0, 0.5, 2.5, 0], "rotation": 270, "texture": "#6"},
				"south": {"uv": [2.7425, 0, 0, 5], "rotation": 90, "texture": "#6"},
				"west": {"uv": [0, 0.5, 2.5, 0], "rotation": 90, "texture": "#6"},
				"up": {"uv": [0, 0.5, 1.24264, 0], "rotation": 180, "texture": "#6"},
				"down": {"uv": [0, 0.5, 1.24264, 0], "texture": "#6"}
			}
		},
		{
			"name": "octagon",
			"from": [20.75736, -14, -14.5],
			"to": [23.24264, -9, -13.5],
			"rotation": {"angle": 45, "axis": "z", "origin": [22, -6, -14]},
			"faces": {
				"north": {"uv": [1.7425, 0, 0, 4], "rotation": 90, "texture": "#6"},
				"east": {"uv": [0, 0.5, 2.5, 0], "rotation": 270, "texture": "#6"},
				"south": {"uv": [2.7425, 0, 0, 5], "rotation": 90, "texture": "#6"},
				"west": {"uv": [0, 0.5, 2.5, 0], "rotation": 90, "texture": "#6"},
				"up": {"uv": [0, 0.5, 1.24264, 0], "rotation": 180, "texture": "#6"},
				"down": {"uv": [0, 0.5, 1.24264, 0], "texture": "#6"}
			}
		},
		{
			"name": "octagon",
			"from": [14, -7.24264, -14.5],
			"to": [19, -4.75736, -13.5],
			"rotation": {"angle": 45, "axis": "z", "origin": [22, -6, -14]},
			"faces": {
				"north": {"uv": [1.7425, 0, 0, 4], "rotation": 90, "texture": "#6"},
				"east": {"uv": [0, 0.5, 1.24264, 0], "rotation": 270, "texture": "#6"},
				"south": {"uv": [2.7425, 0, 0, 5], "rotation": 90, "texture": "#6"},
				"west": {"uv": [0, 0.5, 1.24264, 0], "rotation": 90, "texture": "#6"},
				"up": {"uv": [0, 0.5, 2.5, 0], "rotation": 180, "texture": "#6"},
				"down": {"uv": [0, 0.5, 2.5, 0], "texture": "#6"}
			}
		},
		{
			"name": "octagon",
			"from": [19, -7.24264, -15.5],
			"to": [25, -4.75736, -12.5],
			"rotation": {"angle": 45, "axis": "z", "origin": [22, -6, -14]},
			"faces": {
				"north": {"uv": [7.5, 5.5, 6.5, 6.5], "rotation": 90, "texture": "#2"},
				"east": {"uv": [7.5, 5.5, 6.5, 6.5], "rotation": 90, "texture": "#2"},
				"south": {"uv": [7.5, 5.5, 6.5, 6.5], "rotation": 90, "texture": "#2"},
				"west": {"uv": [7.5, 5.5, 6.5, 6.5], "rotation": 90, "texture": "#2"},
				"up": {"uv": [7.5, 5.5, 6.5, 6.5], "rotation": 90, "texture": "#2"},
				"down": {"uv": [7.5, 5.5, 6.5, 6.5], "rotation": 90, "texture": "#2"}
			}
		},
		{
			"name": "octagon",
			"from": [19, -7.24264, -15.5],
			"to": [25, -4.75736, -12.5],
			"rotation": {"angle": 0, "axis": "y", "origin": [22, -6, -14]},
			"faces": {
				"north": {"uv": [7.5, 5.5, 6.5, 6.5], "rotation": 90, "texture": "#2"},
				"east": {"uv": [7.5, 5.5, 6.5, 6.5], "rotation": 90, "texture": "#2"},
				"south": {"uv": [7.5, 5.5, 6.5, 6.5], "rotation": 90, "texture": "#2"},
				"west": {"uv": [7.5, 5.5, 6.5, 6.5], "rotation": 90, "texture": "#2"},
				"up": {"uv": [7.5, 5.5, 6.5, 6.5], "rotation": 90, "texture": "#2"},
				"down": {"uv": [7.5, 5.5, 6.5, 6.5], "rotation": 90, "texture": "#2"}
			}
		},
		{
			"name": "octagon",
			"from": [20.75736, -9, -15.5],
			"to": [23.24264, -3, -12.5],
			"rotation": {"angle": 45, "axis": "z", "origin": [22, -6, -14]},
			"faces": {
				"north": {"uv": [7.5, 5.5, 6.5, 6.5], "rotation": 90, "texture": "#2"},
				"east": {"uv": [7.5, 5.5, 6.5, 6.5], "rotation": 90, "texture": "#2"},
				"south": {"uv": [7.5, 5.5, 6.5, 6.5], "rotation": 90, "texture": "#2"},
				"west": {"uv": [7.5, 5.5, 6.5, 6.5], "rotation": 90, "texture": "#2"},
				"up": {"uv": [7.5, 5.5, 6.5, 6.5], "rotation": 90, "texture": "#2"},
				"down": {"uv": [7.5, 5.5, 6.5, 6.5], "rotation": 90, "texture": "#2"}
			}
		},
		{
			"name": "octagon",
			"from": [20.75736, -9, -15.5],
			"to": [23.24264, -3, -12.5],
			"rotation": {"angle": 0, "axis": "y", "origin": [22, -6, -14]},
			"faces": {
				"north": {"uv": [7.5, 5.5, 6.5, 6.5], "rotation": 90, "texture": "#2"},
				"east": {"uv": [7.5, 5.5, 6.5, 6.5], "rotation": 90, "texture": "#2"},
				"south": {"uv": [7.5, 5.5, 6.5, 6.5], "rotation": 90, "texture": "#2"},
				"west": {"uv": [7.5, 5.5, 6.5, 6.5], "rotation": 90, "texture": "#2"},
				"up": {"uv": [7.5, 5.5, 6.5, 6.5], "rotation": 90, "texture": "#2"},
				"down": {"uv": [7.5, 5.5, 6.5, 6.5], "rotation": 90, "texture": "#2"}
			}
		},
		{
			"name": "octagon",
			"from": [12, -10.14214, -15.5],
			"to": [14, -1.85786, -12.5],
			"rotation": {"angle": 45, "axis": "z", "origin": [22, -6, -14]},
			"faces": {
				"north": {"uv": [4.14214, 0, 0, 1], "rotation": 90, "texture": "#0"},
				"east": {"uv": [0, 1.5, 4.14214, 0], "rotation": 270, "texture": "#0"},
				"south": {"uv": [4.14214, 0, 0, 1], "rotation": 90, "texture": "#0"},
				"west": {"uv": [0, 1.5, 4.14214, 0], "rotation": 90, "texture": "#0"},
				"up": {"uv": [0, 1.5, 1, 0], "rotation": 180, "texture": "#0"},
				"down": {"uv": [0, 1.5, 1, 0], "texture": "#0"}
			}
		},
		{
			"name": "octagon",
			"from": [12, -10.14214, -15.5],
			"to": [14, -1.85786, -12.5],
			"rotation": {"angle": 0, "axis": "y", "origin": [22, -6, -14]},
			"faces": {
				"north": {"uv": [4.14214, 0, 0, 1], "rotation": 90, "texture": "#0"},
				"east": {"uv": [0, 1.5, 4.14214, 0], "rotation": 270, "texture": "#0"},
				"south": {"uv": [4.14214, 0, 0, 1], "rotation": 90, "texture": "#0"},
				"west": {"uv": [0, 1.5, 4.14214, 0], "rotation": 90, "texture": "#0"},
				"up": {"uv": [0, 1.5, 1, 0], "rotation": 180, "texture": "#0"},
				"down": {"uv": [0, 1.5, 1, 0], "texture": "#0"}
			}
		},
		{
			"name": "octagon",
			"from": [30, -10.14214, -15.5],
			"to": [32, -1.85786, -12.5],
			"rotation": {"angle": 45, "axis": "z", "origin": [22, -6, -14]},
			"faces": {
				"north": {"uv": [4.14214, 0, 0, 1], "rotation": 90, "texture": "#0"},
				"east": {"uv": [0, 1.5, 4.14214, 0], "rotation": 270, "texture": "#0"},
				"south": {"uv": [4.14214, 0, 0, 1], "rotation": 90, "texture": "#0"},
				"west": {"uv": [0, 1.5, 4.14214, 0], "rotation": 90, "texture": "#0"},
				"up": {"uv": [0, 1.5, 1, 0], "rotation": 180, "texture": "#0"},
				"down": {"uv": [0, 1.5, 1, 0], "texture": "#0"}
			}
		},
		{
			"name": "octagon",
			"from": [30, -10.14214, -15.5],
			"to": [32, -1.85786, -12.5],
			"rotation": {"angle": 0, "axis": "y", "origin": [22, -6, -14]},
			"faces": {
				"north": {"uv": [4.14214, 0, 0, 1], "rotation": 90, "texture": "#0"},
				"east": {"uv": [0, 1.5, 4.14214, 0], "rotation": 270, "texture": "#0"},
				"south": {"uv": [4.14214, 0, 0, 1], "rotation": 90, "texture": "#0"},
				"west": {"uv": [0, 1.5, 4.14214, 0], "rotation": 90, "texture": "#0"},
				"up": {"uv": [0, 1.5, 1, 0], "rotation": 180, "texture": "#0"},
				"down": {"uv": [0, 1.5, 1, 0], "texture": "#0"}
			}
		},
		{
			"name": "octagon",
			"from": [17.85786, -16, -15.5],
			"to": [26.14214, -14, -12.5],
			"rotation": {"angle": 45, "axis": "z", "origin": [22, -6, -14]},
			"faces": {
				"north": {"uv": [1, 0, 0, 4.14214], "rotation": 90, "texture": "#0"},
				"east": {"uv": [0, 1.5, 1, 0], "rotation": 270, "texture": "#0"},
				"south": {"uv": [1, 0, 0, 4.14214], "rotation": 90, "texture": "#0"},
				"west": {"uv": [0, 1.5, 1, 0], "rotation": 90, "texture": "#0"},
				"up": {"uv": [0, 1.5, 4.14214, 0], "rotation": 180, "texture": "#0"},
				"down": {"uv": [0, 1.5, 4.14214, 0], "texture": "#0"}
			}
		},
		{
			"name": "octagon",
			"from": [17.85786, -16, -15.5],
			"to": [26.14214, -14, -12.5],
			"rotation": {"angle": 0, "axis": "y", "origin": [22, -6, -14]},
			"faces": {
				"north": {"uv": [1, 0, 0, 4.14214], "rotation": 90, "texture": "#0"},
				"east": {"uv": [0, 1.5, 1, 0], "rotation": 270, "texture": "#0"},
				"south": {"uv": [1, 0, 0, 4.14214], "rotation": 90, "texture": "#0"},
				"west": {"uv": [0, 1.5, 1, 0], "rotation": 90, "texture": "#0"},
				"up": {"uv": [0, 1.5, 4.14214, 0], "rotation": 180, "texture": "#0"},
				"down": {"uv": [0, 1.5, 4.14214, 0], "texture": "#0"}
			}
		},
		{
			"name": "octagon",
			"from": [17.85786, 2, -15.5],
			"to": [26.14214, 4, -12.5],
			"rotation": {"angle": 45, "axis": "z", "origin": [22, -6, -14]},
			"faces": {
				"north": {"uv": [1, 0, 0, 4.14214], "rotation": 90, "texture": "#0"},
				"east": {"uv": [0, 1.5, 1, 0], "rotation": 270, "texture": "#0"},
				"south": {"uv": [1, 0, 0, 4.14214], "rotation": 90, "texture": "#0"},
				"west": {"uv": [0, 1.5, 1, 0], "rotation": 90, "texture": "#0"},
				"up": {"uv": [0, 1.5, 4.14214, 0], "rotation": 180, "texture": "#0"},
				"down": {"uv": [0, 1.5, 4.14214, 0], "texture": "#0"}
			}
		},
		{
			"name": "octagon",
			"from": [17.85786, 2, -15.5],
			"to": [26.14214, 4, -12.5],
			"rotation": {"angle": 0, "axis": "y", "origin": [22, -6, -14]},
			"faces": {
				"north": {"uv": [1, 0, 0, 4.14214], "rotation": 90, "texture": "#0"},
				"east": {"uv": [0, 1.5, 1, 0], "rotation": 270, "texture": "#0"},
				"south": {"uv": [1, 0, 0, 4.14214], "rotation": 90, "texture": "#0"},
				"west": {"uv": [0, 1.5, 1, 0], "rotation": 90, "texture": "#0"},
				"up": {"uv": [0, 1.5, 4.14214, 0], "rotation": 180, "texture": "#0"},
				"down": {"uv": [0, 1.5, 4.14214, 0], "texture": "#0"}
			}
		},
		{
			"name": "octagon",
			"from": [-3, -7.24264, -14.5],
			"to": [2, -4.75736, -13.5],
			"rotation": {"angle": 45, "axis": "z", "origin": [-6, -6, -14]},
			"faces": {
				"north": {"uv": [1.7425, 0, 0, 4], "rotation": 90, "texture": "#6"},
				"east": {"uv": [0, 0.5, 1.24264, 0], "rotation": 270, "texture": "#6"},
				"south": {"uv": [2.7425, 0, 0, 5], "rotation": 90, "texture": "#6"},
				"west": {"uv": [0, 0.5, 1.24264, 0], "rotation": 90, "texture": "#6"},
				"up": {"uv": [0, 0.5, 2.5, 0], "rotation": 180, "texture": "#6"},
				"down": {"uv": [0, 0.5, 2.5, 0], "texture": "#6"}
			}
		},
		{
			"name": "octagon",
			"from": [-7.24264, -14, -14.5],
			"to": [-4.75736, -9, -13.5],
			"rotation": {"angle": 0, "axis": "y", "origin": [-6, -6, -14]},
			"faces": {
				"north": {"uv": [1.7425, 0, 0, 4], "rotation": 90, "texture": "#6"},
				"east": {"uv": [0, 0.5, 2.5, 0], "rotation": 270, "texture": "#6"},
				"south": {"uv": [2.7425, 0, 0, 5], "rotation": 90, "texture": "#6"},
				"west": {"uv": [0, 0.5, 2.5, 0], "rotation": 90, "texture": "#6"},
				"up": {"uv": [0, 0.5, 1.24264, 0], "rotation": 180, "texture": "#6"},
				"down": {"uv": [0, 0.5, 1.24264, 0], "texture": "#6"}
			}
		},
		{
			"name": "octagon",
			"from": [-7.24264, -3, -14.5],
			"to": [-4.75736, 2, -13.5],
			"rotation": {"angle": 0, "axis": "y", "origin": [-6, -6, -14]},
			"faces": {
				"north": {"uv": [1.7425, 0, 0, 4], "rotation": 90, "texture": "#6"},
				"east": {"uv": [0, 0.5, 2.5, 0], "rotation": 270, "texture": "#6"},
				"south": {"uv": [2.7425, 0, 0, 5], "rotation": 90, "texture": "#6"},
				"west": {"uv": [0, 0.5, 2.5, 0], "rotation": 90, "texture": "#6"},
				"up": {"uv": [0, 0.5, 1.24264, 0], "rotation": 180, "texture": "#6"},
				"down": {"uv": [0, 0.5, 1.24264, 0], "texture": "#6"}
			}
		},
		{
			"name": "octagon",
			"from": [-14, -7.24264, -14.5],
			"to": [-9, -4.75736, -13.5],
			"rotation": {"angle": 0, "axis": "y", "origin": [-6, -6, -14]},
			"faces": {
				"north": {"uv": [1.7425, 0, 0, 4], "rotation": 90, "texture": "#6"},
				"east": {"uv": [0, 0.5, 1.24264, 0], "rotation": 270, "texture": "#6"},
				"south": {"uv": [2.7425, 0, 0, 5], "rotation": 90, "texture": "#6"},
				"west": {"uv": [0, 0.5, 1.24264, 0], "rotation": 90, "texture": "#6"},
				"up": {"uv": [0, 0.5, 2.5, 0], "rotation": 180, "texture": "#6"},
				"down": {"uv": [0, 0.5, 2.5, 0], "texture": "#6"}
			}
		},
		{
			"name": "octagon",
			"from": [-3, -7.24264, -14.5],
			"to": [2, -4.75736, -13.5],
			"rotation": {"angle": 0, "axis": "y", "origin": [-6, -6, -14]},
			"faces": {
				"north": {"uv": [1.7425, 0, 0, 4], "rotation": 90, "texture": "#6"},
				"east": {"uv": [0, 0.5, 1.24264, 0], "rotation": 270, "texture": "#6"},
				"south": {"uv": [2.7425, 0, 0, 5], "rotation": 90, "texture": "#6"},
				"west": {"uv": [0, 0.5, 1.24264, 0], "rotation": 90, "texture": "#6"},
				"up": {"uv": [0, 0.5, 2.5, 0], "rotation": 180, "texture": "#6"},
				"down": {"uv": [0, 0.5, 2.5, 0], "texture": "#6"}
			}
		},
		{
			"name": "octagon",
			"from": [-7.24264, -3, -14.5],
			"to": [-4.75736, 2, -13.5],
			"rotation": {"angle": 45, "axis": "z", "origin": [-6, -6, -14]},
			"faces": {
				"north": {"uv": [1.7425, 0, 0, 4], "rotation": 90, "texture": "#6"},
				"east": {"uv": [0, 0.5, 2.5, 0], "rotation": 270, "texture": "#6"},
				"south": {"uv": [2.7425, 0, 0, 5], "rotation": 90, "texture": "#6"},
				"west": {"uv": [0, 0.5, 2.5, 0], "rotation": 90, "texture": "#6"},
				"up": {"uv": [0, 0.5, 1.24264, 0], "rotation": 180, "texture": "#6"},
				"down": {"uv": [0, 0.5, 1.24264, 0], "texture": "#6"}
			}
		},
		{
			"name": "octagon",
			"from": [-7.24264, -14, -14.5],
			"to": [-4.75736, -9, -13.5],
			"rotation": {"angle": 45, "axis": "z", "origin": [-6, -6, -14]},
			"faces": {
				"north": {"uv": [1.7425, 0, 0, 4], "rotation": 90, "texture": "#6"},
				"east": {"uv": [0, 0.5, 2.5, 0], "rotation": 270, "texture": "#6"},
				"south": {"uv": [2.7425, 0, 0, 5], "rotation": 90, "texture": "#6"},
				"west": {"uv": [0, 0.5, 2.5, 0], "rotation": 90, "texture": "#6"},
				"up": {"uv": [0, 0.5, 1.24264, 0], "rotation": 180, "texture": "#6"},
				"down": {"uv": [0, 0.5, 1.24264, 0], "texture": "#6"}
			}
		},
		{
			"name": "octagon",
			"from": [-14, -7.24264, -14.5],
			"to": [-9, -4.75736, -13.5],
			"rotation": {"angle": 45, "axis": "z", "origin": [-6, -6, -14]},
			"faces": {
				"north": {"uv": [1.7425, 0, 0, 4], "rotation": 90, "texture": "#6"},
				"east": {"uv": [0, 0.5, 1.24264, 0], "rotation": 270, "texture": "#6"},
				"south": {"uv": [2.7425, 0, 0, 5], "rotation": 90, "texture": "#6"},
				"west": {"uv": [0, 0.5, 1.24264, 0], "rotation": 90, "texture": "#6"},
				"up": {"uv": [0, 0.5, 2.5, 0], "rotation": 180, "texture": "#6"},
				"down": {"uv": [0, 0.5, 2.5, 0], "texture": "#6"}
			}
		},
		{
			"name": "octagon",
			"from": [-9, -7.24264, -15.5],
			"to": [-3, -4.75736, -12.5],
			"rotation": {"angle": 45, "axis": "z", "origin": [-6, -6, -14]},
			"faces": {
				"north": {"uv": [7.5, 5.5, 6.5, 6.5], "rotation": 90, "texture": "#2"},
				"east": {"uv": [7.5, 5.5, 6.5, 6.5], "rotation": 90, "texture": "#2"},
				"south": {"uv": [7.5, 5.5, 6.5, 6.5], "rotation": 90, "texture": "#2"},
				"west": {"uv": [7.5, 5.5, 6.5, 6.5], "rotation": 90, "texture": "#2"},
				"up": {"uv": [7.5, 5.5, 6.5, 6.5], "rotation": 90, "texture": "#2"},
				"down": {"uv": [7.5, 5.5, 6.5, 6.5], "rotation": 90, "texture": "#2"}
			}
		},
		{
			"name": "octagon",
			"from": [-9, -7.24264, -15.5],
			"to": [-3, -4.75736, -12.5],
			"rotation": {"angle": 0, "axis": "y", "origin": [-6, -6, -14]},
			"faces": {
				"north": {"uv": [7.5, 5.5, 6.5, 6.5], "rotation": 90, "texture": "#2"},
				"east": {"uv": [7.5, 5.5, 6.5, 6.5], "rotation": 90, "texture": "#2"},
				"south": {"uv": [7.5, 5.5, 6.5, 6.5], "rotation": 90, "texture": "#2"},
				"west": {"uv": [7.5, 5.5, 6.5, 6.5], "rotation": 90, "texture": "#2"},
				"up": {"uv": [7.5, 5.5, 6.5, 6.5], "rotation": 90, "texture": "#2"},
				"down": {"uv": [7.5, 5.5, 6.5, 6.5], "rotation": 90, "texture": "#2"}
			}
		},
		{
			"name": "octagon",
			"from": [-7.24264, -9, -15.5],
			"to": [-4.75736, -3, -12.5],
			"rotation": {"angle": 45, "axis": "z", "origin": [-6, -6, -14]},
			"faces": {
				"north": {"uv": [7.5, 5.5, 6.5, 6.5], "rotation": 90, "texture": "#2"},
				"east": {"uv": [7.5, 5.5, 6.5, 6.5], "rotation": 90, "texture": "#2"},
				"south": {"uv": [7.5, 5.5, 6.5, 6.5], "rotation": 90, "texture": "#2"},
				"west": {"uv": [7.5, 5.5, 6.5, 6.5], "rotation": 90, "texture": "#2"},
				"up": {"uv": [7.5, 5.5, 6.5, 6.5], "rotation": 90, "texture": "#2"},
				"down": {"uv": [7.5, 5.5, 6.5, 6.5], "rotation": 90, "texture": "#2"}
			}
		},
		{
			"name": "octagon",
			"from": [-7.24264, -9, -15.5],
			"to": [-4.75736, -3, -12.5],
			"rotation": {"angle": 0, "axis": "y", "origin": [-6, -6, -14]},
			"faces": {
				"north": {"uv": [7.5, 5.5, 6.5, 6.5], "rotation": 90, "texture": "#2"},
				"east": {"uv": [7.5, 5.5, 6.5, 6.5], "rotation": 90, "texture": "#2"},
				"south": {"uv": [7.5, 5.5, 6.5, 6.5], "rotation": 90, "texture": "#2"},
				"west": {"uv": [7.5, 5.5, 6.5, 6.5], "rotation": 90, "texture": "#2"},
				"up": {"uv": [7.5, 5.5, 6.5, 6.5], "rotation": 90, "texture": "#2"},
				"down": {"uv": [7.5, 5.5, 6.5, 6.5], "rotation": 90, "texture": "#2"}
			}
		},
		{
			"name": "octagon",
			"from": [-16, -10.14214, -15.5],
			"to": [-14, -1.85786, -12.5],
			"rotation": {"angle": 45, "axis": "z", "origin": [-6, -6, -14]},
			"faces": {
				"north": {"uv": [4.14214, 0, 0, 1], "rotation": 90, "texture": "#0"},
				"east": {"uv": [0, 1.5, 4.14214, 0], "rotation": 270, "texture": "#0"},
				"south": {"uv": [4.14214, 0, 0, 1], "rotation": 90, "texture": "#0"},
				"west": {"uv": [0, 1.5, 4.14214, 0], "rotation": 90, "texture": "#0"},
				"up": {"uv": [0, 1.5, 1, 0], "rotation": 180, "texture": "#0"},
				"down": {"uv": [0, 1.5, 1, 0], "texture": "#0"}
			}
		},
		{
			"name": "octagon",
			"from": [-16, -10.14214, -15.5],
			"to": [-14, -1.85786, -12.5],
			"rotation": {"angle": 0, "axis": "y", "origin": [-6, -6, -14]},
			"faces": {
				"north": {"uv": [4.14214, 0, 0, 1], "rotation": 90, "texture": "#0"},
				"east": {"uv": [0, 1.5, 4.14214, 0], "rotation": 270, "texture": "#0"},
				"south": {"uv": [4.14214, 0, 0, 1], "rotation": 90, "texture": "#0"},
				"west": {"uv": [0, 1.5, 4.14214, 0], "rotation": 90, "texture": "#0"},
				"up": {"uv": [0, 1.5, 1, 0], "rotation": 180, "texture": "#0"},
				"down": {"uv": [0, 1.5, 1, 0], "texture": "#0"}
			}
		},
		{
			"name": "octagon",
			"from": [2, -10.14214, -15.5],
			"to": [4, -1.85786, -12.5],
			"rotation": {"angle": 45, "axis": "z", "origin": [-6, -6, -14]},
			"faces": {
				"north": {"uv": [4.14214, 0, 0, 1], "rotation": 90, "texture": "#0"},
				"east": {"uv": [0, 1.5, 4.14214, 0], "rotation": 270, "texture": "#0"},
				"south": {"uv": [4.14214, 0, 0, 1], "rotation": 90, "texture": "#0"},
				"west": {"uv": [0, 1.5, 4.14214, 0], "rotation": 90, "texture": "#0"},
				"up": {"uv": [0, 1.5, 1, 0], "rotation": 180, "texture": "#0"},
				"down": {"uv": [0, 1.5, 1, 0], "texture": "#0"}
			}
		},
		{
			"name": "octagon",
			"from": [2, -10.14214, -15.5],
			"to": [4, -1.85786, -12.5],
			"rotation": {"angle": 0, "axis": "y", "origin": [-6, -6, -14]},
			"faces": {
				"north": {"uv": [4.14214, 0, 0, 1], "rotation": 90, "texture": "#0"},
				"east": {"uv": [0, 1.5, 4.14214, 0], "rotation": 270, "texture": "#0"},
				"south": {"uv": [4.14214, 0, 0, 1], "rotation": 90, "texture": "#0"},
				"west": {"uv": [0, 1.5, 4.14214, 0], "rotation": 90, "texture": "#0"},
				"up": {"uv": [0, 1.5, 1, 0], "rotation": 180, "texture": "#0"},
				"down": {"uv": [0, 1.5, 1, 0], "texture": "#0"}
			}
		},
		{
			"name": "octagon",
			"from": [-10.14214, -16, -15.5],
			"to": [-1.85786, -14, -12.5],
			"rotation": {"angle": 45, "axis": "z", "origin": [-6, -6, -14]},
			"faces": {
				"north": {"uv": [1, 0, 0, 4.14214], "rotation": 90, "texture": "#0"},
				"east": {"uv": [0, 1.5, 1, 0], "rotation": 270, "texture": "#0"},
				"south": {"uv": [1, 0, 0, 4.14214], "rotation": 90, "texture": "#0"},
				"west": {"uv": [0, 1.5, 1, 0], "rotation": 90, "texture": "#0"},
				"up": {"uv": [0, 1.5, 4.14214, 0], "rotation": 180, "texture": "#0"},
				"down": {"uv": [0, 1.5, 4.14214, 0], "texture": "#0"}
			}
		},
		{
			"name": "octagon",
			"from": [-10.14214, -16, -15.5],
			"to": [-1.85786, -14, -12.5],
			"rotation": {"angle": 0, "axis": "y", "origin": [-6, -6, -14]},
			"faces": {
				"north": {"uv": [1, 0, 0, 4.14214], "rotation": 90, "texture": "#0"},
				"east": {"uv": [0, 1.5, 1, 0], "rotation": 270, "texture": "#0"},
				"south": {"uv": [1, 0, 0, 4.14214], "rotation": 90, "texture": "#0"},
				"west": {"uv": [0, 1.5, 1, 0], "rotation": 90, "texture": "#0"},
				"up": {"uv": [0, 1.5, 4.14214, 0], "rotation": 180, "texture": "#0"},
				"down": {"uv": [0, 1.5, 4.14214, 0], "texture": "#0"}
			}
		},
		{
			"name": "octagon",
			"from": [-10.14214, 2, -15.5],
			"to": [-1.85786, 4, -12.5],
			"rotation": {"angle": 45, "axis": "z", "origin": [-6, -6, -14]},
			"faces": {
				"north": {"uv": [1, 0, 0, 4.14214], "rotation": 90, "texture": "#0"},
				"east": {"uv": [0, 1.5, 1, 0], "rotation": 270, "texture": "#0"},
				"south": {"uv": [1, 0, 0, 4.14214], "rotation": 90, "texture": "#0"},
				"west": {"uv": [0, 1.5, 1, 0], "rotation": 90, "texture": "#0"},
				"up": {"uv": [0, 1.5, 4.14214, 0], "rotation": 180, "texture": "#0"},
				"down": {"uv": [0, 1.5, 4.14214, 0], "texture": "#0"}
			}
		},
		{
			"name": "octagon",
			"from": [-10.14214, 2, -15.5],
			"to": [-1.85786, 4, -12.5],
			"rotation": {"angle": 0, "axis": "y", "origin": [-6, -6, -14]},
			"faces": {
				"north": {"uv": [1, 0, 0, 4.14214], "rotation": 90, "texture": "#0"},
				"east": {"uv": [0, 1.5, 1, 0], "rotation": 270, "texture": "#0"},
				"south": {"uv": [1, 0, 0, 4.14214], "rotation": 90, "texture": "#0"},
				"west": {"uv": [0, 1.5, 1, 0], "rotation": 90, "texture": "#0"},
				"up": {"uv": [0, 1.5, 4.14214, 0], "rotation": 180, "texture": "#0"},
				"down": {"uv": [0, 1.5, 4.14214, 0], "texture": "#0"}
			}
		},
		{
			"name": "octagon",
			"from": [-3, -7.24264, 29.5],
			"to": [2, -4.75736, 30.5],
			"rotation": {"angle": 45, "axis": "z", "origin": [-6, -6, 30]},
			"faces": {
				"north": {"uv": [1.7425, 0, 0, 4], "rotation": 90, "texture": "#6"},
				"east": {"uv": [0, 0.5, 1.24264, 0], "rotation": 270, "texture": "#6"},
				"south": {"uv": [2.7425, 0, 0, 5], "rotation": 90, "texture": "#6"},
				"west": {"uv": [0, 0.5, 1.24264, 0], "rotation": 90, "texture": "#6"},
				"up": {"uv": [0, 0.5, 2.5, 0], "rotation": 180, "texture": "#6"},
				"down": {"uv": [0, 0.5, 2.5, 0], "texture": "#6"}
			}
		},
		{
			"name": "octagon",
			"from": [-7.24264, -14, 29.5],
			"to": [-4.75736, -9, 30.5],
			"rotation": {"angle": 0, "axis": "y", "origin": [-6, -6, 30]},
			"faces": {
				"north": {"uv": [1.7425, 0, 0, 4], "rotation": 90, "texture": "#6"},
				"east": {"uv": [0, 0.5, 2.5, 0], "rotation": 270, "texture": "#6"},
				"south": {"uv": [2.7425, 0, 0, 5], "rotation": 90, "texture": "#6"},
				"west": {"uv": [0, 0.5, 2.5, 0], "rotation": 90, "texture": "#6"},
				"up": {"uv": [0, 0.5, 1.24264, 0], "rotation": 180, "texture": "#6"},
				"down": {"uv": [0, 0.5, 1.24264, 0], "texture": "#6"}
			}
		},
		{
			"name": "octagon",
			"from": [-7.24264, -3, 29.5],
			"to": [-4.75736, 2, 30.5],
			"rotation": {"angle": 0, "axis": "y", "origin": [-6, -6, 30]},
			"faces": {
				"north": {"uv": [1.7425, 0, 0, 4], "rotation": 90, "texture": "#6"},
				"east": {"uv": [0, 0.5, 2.5, 0], "rotation": 270, "texture": "#6"},
				"south": {"uv": [2.7425, 0, 0, 5], "rotation": 90, "texture": "#6"},
				"west": {"uv": [0, 0.5, 2.5, 0], "rotation": 90, "texture": "#6"},
				"up": {"uv": [0, 0.5, 1.24264, 0], "rotation": 180, "texture": "#6"},
				"down": {"uv": [0, 0.5, 1.24264, 0], "texture": "#6"}
			}
		},
		{
			"name": "octagon",
			"from": [-14, -7.24264, 29.5],
			"to": [-9, -4.75736, 30.5],
			"rotation": {"angle": 0, "axis": "y", "origin": [-6, -6, 30]},
			"faces": {
				"north": {"uv": [1.7425, 0, 0, 4], "rotation": 90, "texture": "#6"},
				"east": {"uv": [0, 0.5, 1.24264, 0], "rotation": 270, "texture": "#6"},
				"south": {"uv": [2.7425, 0, 0, 5], "rotation": 90, "texture": "#6"},
				"west": {"uv": [0, 0.5, 1.24264, 0], "rotation": 90, "texture": "#6"},
				"up": {"uv": [0, 0.5, 2.5, 0], "rotation": 180, "texture": "#6"},
				"down": {"uv": [0, 0.5, 2.5, 0], "texture": "#6"}
			}
		},
		{
			"name": "octagon",
			"from": [-3, -7.24264, 29.5],
			"to": [2, -4.75736, 30.5],
			"rotation": {"angle": 0, "axis": "y", "origin": [-6, -6, 30]},
			"faces": {
				"north": {"uv": [1.7425, 0, 0, 4], "rotation": 90, "texture": "#6"},
				"east": {"uv": [0, 0.5, 1.24264, 0], "rotation": 270, "texture": "#6"},
				"south": {"uv": [2.7425, 0, 0, 5], "rotation": 90, "texture": "#6"},
				"west": {"uv": [0, 0.5, 1.24264, 0], "rotation": 90, "texture": "#6"},
				"up": {"uv": [0, 0.5, 2.5, 0], "rotation": 180, "texture": "#6"},
				"down": {"uv": [0, 0.5, 2.5, 0], "texture": "#6"}
			}
		},
		{
			"name": "octagon",
			"from": [-7.24264, -3, 29.5],
			"to": [-4.75736, 2, 30.5],
			"rotation": {"angle": 45, "axis": "z", "origin": [-6, -6, 30]},
			"faces": {
				"north": {"uv": [1.7425, 0, 0, 4], "rotation": 90, "texture": "#6"},
				"east": {"uv": [0, 0.5, 2.5, 0], "rotation": 270, "texture": "#6"},
				"south": {"uv": [2.7425, 0, 0, 5], "rotation": 90, "texture": "#6"},
				"west": {"uv": [0, 0.5, 2.5, 0], "rotation": 90, "texture": "#6"},
				"up": {"uv": [0, 0.5, 1.24264, 0], "rotation": 180, "texture": "#6"},
				"down": {"uv": [0, 0.5, 1.24264, 0], "texture": "#6"}
			}
		},
		{
			"name": "octagon",
			"from": [-7.24264, -14, 29.5],
			"to": [-4.75736, -9, 30.5],
			"rotation": {"angle": 45, "axis": "z", "origin": [-6, -6, 30]},
			"faces": {
				"north": {"uv": [1.7425, 0, 0, 4], "rotation": 90, "texture": "#6"},
				"east": {"uv": [0, 0.5, 2.5, 0], "rotation": 270, "texture": "#6"},
				"south": {"uv": [2.7425, 0, 0, 5], "rotation": 90, "texture": "#6"},
				"west": {"uv": [0, 0.5, 2.5, 0], "rotation": 90, "texture": "#6"},
				"up": {"uv": [0, 0.5, 1.24264, 0], "rotation": 180, "texture": "#6"},
				"down": {"uv": [0, 0.5, 1.24264, 0], "texture": "#6"}
			}
		},
		{
			"name": "octagon",
			"from": [-14, -7.24264, 29.5],
			"to": [-9, -4.75736, 30.5],
			"rotation": {"angle": 45, "axis": "z", "origin": [-6, -6, 30]},
			"faces": {
				"north": {"uv": [1.7425, 0, 0, 4], "rotation": 90, "texture": "#6"},
				"east": {"uv": [0, 0.5, 1.24264, 0], "rotation": 270, "texture": "#6"},
				"south": {"uv": [2.7425, 0, 0, 5], "rotation": 90, "texture": "#6"},
				"west": {"uv": [0, 0.5, 1.24264, 0], "rotation": 90, "texture": "#6"},
				"up": {"uv": [0, 0.5, 2.5, 0], "rotation": 180, "texture": "#6"},
				"down": {"uv": [0, 0.5, 2.5, 0], "texture": "#6"}
			}
		},
		{
			"name": "octagon",
			"from": [-9, -7.24264, 28.5],
			"to": [-3, -4.75736, 31.5],
			"rotation": {"angle": 45, "axis": "z", "origin": [-6, -6, 30]},
			"faces": {
				"north": {"uv": [7.5, 5.5, 6.5, 6.5], "rotation": 90, "texture": "#2"},
				"east": {"uv": [7.5, 5.5, 6.5, 6.5], "rotation": 90, "texture": "#2"},
				"south": {"uv": [7.5, 5.5, 6.5, 6.5], "rotation": 90, "texture": "#2"},
				"west": {"uv": [7.5, 5.5, 6.5, 6.5], "rotation": 90, "texture": "#2"},
				"up": {"uv": [7.5, 5.5, 6.5, 6.5], "rotation": 90, "texture": "#2"},
				"down": {"uv": [7.5, 5.5, 6.5, 6.5], "rotation": 90, "texture": "#2"}
			}
		},
		{
			"name": "octagon",
			"from": [-9, -7.24264, 28.5],
			"to": [-3, -4.75736, 31.5],
			"rotation": {"angle": 0, "axis": "y", "origin": [-6, -6, 30]},
			"faces": {
				"north": {"uv": [7.5, 5.5, 6.5, 6.5], "rotation": 90, "texture": "#2"},
				"east": {"uv": [7.5, 5.5, 6.5, 6.5], "rotation": 90, "texture": "#2"},
				"south": {"uv": [7.5, 5.5, 6.5, 6.5], "rotation": 90, "texture": "#2"},
				"west": {"uv": [7.5, 5.5, 6.5, 6.5], "rotation": 90, "texture": "#2"},
				"up": {"uv": [7.5, 5.5, 6.5, 6.5], "rotation": 90, "texture": "#2"},
				"down": {"uv": [7.5, 5.5, 6.5, 6.5], "rotation": 90, "texture": "#2"}
			}
		},
		{
			"name": "octagon",
			"from": [-7.24264, -9, 28.5],
			"to": [-4.75736, -3, 31.5],
			"rotation": {"angle": 45, "axis": "z", "origin": [-6, -6, 30]},
			"faces": {
				"north": {"uv": [7.5, 5.5, 6.5, 6.5], "rotation": 90, "texture": "#2"},
				"east": {"uv": [7.5, 5.5, 6.5, 6.5], "rotation": 90, "texture": "#2"},
				"south": {"uv": [7.5, 5.5, 6.5, 6.5], "rotation": 90, "texture": "#2"},
				"west": {"uv": [7.5, 5.5, 6.5, 6.5], "rotation": 90, "texture": "#2"},
				"up": {"uv": [7.5, 5.5, 6.5, 6.5], "rotation": 90, "texture": "#2"},
				"down": {"uv": [7.5, 5.5, 6.5, 6.5], "rotation": 90, "texture": "#2"}
			}
		},
		{
			"name": "octagon",
			"from": [-7.24264, -9, 28.5],
			"to": [-4.75736, -3, 31.5],
			"rotation": {"angle": 0, "axis": "y", "origin": [-6, -6, 30]},
			"faces": {
				"north": {"uv": [7.5, 5.5, 6.5, 6.5], "rotation": 90, "texture": "#2"},
				"east": {"uv": [7.5, 5.5, 6.5, 6.5], "rotation": 90, "texture": "#2"},
				"south": {"uv": [7.5, 5.5, 6.5, 6.5], "rotation": 90, "texture": "#2"},
				"west": {"uv": [7.5, 5.5, 6.5, 6.5], "rotation": 90, "texture": "#2"},
				"up": {"uv": [7.5, 5.5, 6.5, 6.5], "rotation": 90, "texture": "#2"},
				"down": {"uv": [7.5, 5.5, 6.5, 6.5], "rotation": 90, "texture": "#2"}
			}
		},
		{
			"name": "octagon",
			"from": [-16, -10.14214, 28.5],
			"to": [-14, -1.85786, 31.5],
			"rotation": {"angle": 45, "axis": "z", "origin": [-6, -6, 30]},
			"faces": {
				"north": {"uv": [4.14214, 0, 0, 1], "rotation": 90, "texture": "#0"},
				"east": {"uv": [0, 1.5, 4.14214, 0], "rotation": 270, "texture": "#0"},
				"south": {"uv": [4.14214, 0, 0, 1], "rotation": 90, "texture": "#0"},
				"west": {"uv": [0, 1.5, 4.14214, 0], "rotation": 90, "texture": "#0"},
				"up": {"uv": [0, 1.5, 1, 0], "rotation": 180, "texture": "#0"},
				"down": {"uv": [0, 1.5, 1, 0], "texture": "#0"}
			}
		},
		{
			"name": "octagon",
			"from": [-16, -10.14214, 28.5],
			"to": [-14, -1.85786, 31.5],
			"rotation": {"angle": 0, "axis": "y", "origin": [-6, -6, 30]},
			"faces": {
				"north": {"uv": [4.14214, 0, 0, 1], "rotation": 90, "texture": "#0"},
				"east": {"uv": [0, 1.5, 4.14214, 0], "rotation": 270, "texture": "#0"},
				"south": {"uv": [4.14214, 0, 0, 1], "rotation": 90, "texture": "#0"},
				"west": {"uv": [0, 1.5, 4.14214, 0], "rotation": 90, "texture": "#0"},
				"up": {"uv": [0, 1.5, 1, 0], "rotation": 180, "texture": "#0"},
				"down": {"uv": [0, 1.5, 1, 0], "texture": "#0"}
			}
		},
		{
			"name": "octagon",
			"from": [2, -10.14214, 28.5],
			"to": [4, -1.85786, 31.5],
			"rotation": {"angle": 45, "axis": "z", "origin": [-6, -6, 30]},
			"faces": {
				"north": {"uv": [4.14214, 0, 0, 1], "rotation": 90, "texture": "#0"},
				"east": {"uv": [0, 1.5, 4.14214, 0], "rotation": 270, "texture": "#0"},
				"south": {"uv": [4.14214, 0, 0, 1], "rotation": 90, "texture": "#0"},
				"west": {"uv": [0, 1.5, 4.14214, 0], "rotation": 90, "texture": "#0"},
				"up": {"uv": [0, 1.5, 1, 0], "rotation": 180, "texture": "#0"},
				"down": {"uv": [0, 1.5, 1, 0], "texture": "#0"}
			}
		},
		{
			"name": "octagon",
			"from": [2, -10.14214, 28.5],
			"to": [4, -1.85786, 31.5],
			"rotation": {"angle": 0, "axis": "y", "origin": [-6, -6, 30]},
			"faces": {
				"north": {"uv": [4.14214, 0, 0, 1], "rotation": 90, "texture": "#0"},
				"east": {"uv": [0, 1.5, 4.14214, 0], "rotation": 270, "texture": "#0"},
				"south": {"uv": [4.14214, 0, 0, 1], "rotation": 90, "texture": "#0"},
				"west": {"uv": [0, 1.5, 4.14214, 0], "rotation": 90, "texture": "#0"},
				"up": {"uv": [0, 1.5, 1, 0], "rotation": 180, "texture": "#0"},
				"down": {"uv": [0, 1.5, 1, 0], "texture": "#0"}
			}
		},
		{
			"name": "octagon",
			"from": [-10.14214, -16, 28.5],
			"to": [-1.85786, -14, 31.5],
			"rotation": {"angle": 45, "axis": "z", "origin": [-6, -6, 30]},
			"faces": {
				"north": {"uv": [1, 0, 0, 4.14214], "rotation": 90, "texture": "#0"},
				"east": {"uv": [0, 1.5, 1, 0], "rotation": 270, "texture": "#0"},
				"south": {"uv": [1, 0, 0, 4.14214], "rotation": 90, "texture": "#0"},
				"west": {"uv": [0, 1.5, 1, 0], "rotation": 90, "texture": "#0"},
				"up": {"uv": [0, 1.5, 4.14214, 0], "rotation": 180, "texture": "#0"},
				"down": {"uv": [0, 1.5, 4.14214, 0], "texture": "#0"}
			}
		},
		{
			"name": "octagon",
			"from": [-10.14214, -16, 28.5],
			"to": [-1.85786, -14, 31.5],
			"rotation": {"angle": 0, "axis": "y", "origin": [-6, -6, 30]},
			"faces": {
				"north": {"uv": [1, 0, 0, 4.14214], "rotation": 90, "texture": "#0"},
				"east": {"uv": [0, 1.5, 1, 0], "rotation": 270, "texture": "#0"},
				"south": {"uv": [1, 0, 0, 4.14214], "rotation": 90, "texture": "#0"},
				"west": {"uv": [0, 1.5, 1, 0], "rotation": 90, "texture": "#0"},
				"up": {"uv": [0, 1.5, 4.14214, 0], "rotation": 180, "texture": "#0"},
				"down": {"uv": [0, 1.5, 4.14214, 0], "texture": "#0"}
			}
		},
		{
			"name": "octagon",
			"from": [-10.14214, 2, 28.5],
			"to": [-1.85786, 4, 31.5],
			"rotation": {"angle": 45, "axis": "z", "origin": [-6, -6, 30]},
			"faces": {
				"north": {"uv": [1, 0, 0, 4.14214], "rotation": 90, "texture": "#0"},
				"east": {"uv": [0, 1.5, 1, 0], "rotation": 270, "texture": "#0"},
				"south": {"uv": [1, 0, 0, 4.14214], "rotation": 90, "texture": "#0"},
				"west": {"uv": [0, 1.5, 1, 0], "rotation": 90, "texture": "#0"},
				"up": {"uv": [0, 1.5, 4.14214, 0], "rotation": 180, "texture": "#0"},
				"down": {"uv": [0, 1.5, 4.14214, 0], "texture": "#0"}
			}
		},
		{
			"name": "octagon",
			"from": [-10.14214, 2, 28.5],
			"to": [-1.85786, 4, 31.5],
			"rotation": {"angle": 0, "axis": "y", "origin": [-6, -6, 30]},
			"faces": {
				"north": {"uv": [1, 0, 0, 4.14214], "rotation": 90, "texture": "#0"},
				"east": {"uv": [0, 1.5, 1, 0], "rotation": 270, "texture": "#0"},
				"south": {"uv": [1, 0, 0, 4.14214], "rotation": 90, "texture": "#0"},
				"west": {"uv": [0, 1.5, 1, 0], "rotation": 90, "texture": "#0"},
				"up": {"uv": [0, 1.5, 4.14214, 0], "rotation": 180, "texture": "#0"},
				"down": {"uv": [0, 1.5, 4.14214, 0], "texture": "#0"}
			}
		}
	],
	"groups": [
		{
			"name": "Wheel1",
			"origin": [8, 8, 8],
			"children": [
				{
					"name": "spokes",
					"origin": [8, 9, 8],
					"children": [0, 1, 2, 3, 4, 5, 6, 7]
				},
				{
					"name": "Center",
					"origin": [8, 8, 8],
					"children": [8, 9, 10, 11]
				},
				{
					"name": "outer",
					"origin": [8, 8, 8],
					"children": [12, 13, 14, 15, 16, 17, 18, 19]
				}
			]
		},
		{
			"name": "struts",
			"origin": [1, 2, -3],
			"children": [20, 21]
		}, 22, 23, 24,
		{
			"name": "wagonsides",
			"origin": [23, 3, 4],
			"children": [25, 26, 27, 28, 29, 30]
		},
		{
			"name": "Wheel1",
			"origin": [8, 8, 8],
			"children": [
				{
					"name": "spokes",
					"origin": [8, 9, 8],
					"children": [31, 32, 33, 34, 35, 36, 37, 38]
				},
				{
					"name": "Center",
					"origin": [8, 8, 8],
					"children": [39, 40, 41, 42]
				},
				{
					"name": "outer",
					"origin": [8, 8, 8],
					"children": [43, 44, 45, 46, 47, 48, 49, 50]
				}
			]
		},
		{
			"name": "Wheel1",
			"origin": [8, 8, 8],
			"children": [
				{
					"name": "spokes",
					"origin": [8, 9, 8],
					"children": [51, 52, 53, 54, 55, 56, 57, 58]
				},
				{
					"name": "Center",
					"origin": [8, 8, 8],
					"children": [59, 60, 61, 62]
				},
				{
					"name": "outer",
					"origin": [8, 8, 8],
					"children": [63, 64, 65, 66, 67, 68, 69, 70]
				}
			]
		},
		{
			"name": "Wheel1",
			"origin": [8, 8, 8],
			"children": [
				{
					"name": "spokes",
					"origin": [8, 9, 8],
					"children": [71, 72, 73, 74, 75, 76, 77, 78]
				},
				{
					"name": "Center",
					"origin": [8, 8, 8],
					"children": [79, 80, 81, 82]
				},
				{
					"name": "outer",
					"origin": [8, 8, 8],
					"children": [83, 84, 85, 86, 87, 88, 89, 90]
				}
			]
		}
	]
}
