{
	"credit": "Made with Blockbench",
	"textures": {
		"0": "block/quartz_block_top",
		"1": "block/green_terracotta",
		"2": "block/light_gray_wool",
		"3": "block/black_wool",
		"particle": "block/quartz_block_top"
	},
	"elements": [
		{
			"from": [5.5, 0, 0],
			"to": [11, 1, 2],
			"rotation": {"angle": 0, "axis": "y", "origin": [18, 8, 8]},
			"faces": {
				"north": {"uv": [0, 0, 5.5, 1], "texture": "#1"},
				"east": {"uv": [0, 0, 2, 1], "texture": "#1"},
				"south": {"uv": [0, 0, 5.5, 1], "texture": "#1"},
				"west": {"uv": [0, 0, 2, 1], "texture": "#1"},
				"up": {"uv": [0, 0, 5.5, 2], "texture": "#1"},
				"down": {"uv": [0, 0, 5.5, 2], "texture": "#1"}
			}
		},
		{
			"from": [5.5, 0, 12],
			"to": [11, 1, 14],
			"rotation": {"angle": 0, "axis": "y", "origin": [18, 8, 20]},
			"faces": {
				"north": {"uv": [0, 0, 5.5, 1], "texture": "#1"},
				"east": {"uv": [0, 0, 2, 1], "texture": "#1"},
				"south": {"uv": [0, 0, 5.5, 1], "texture": "#1"},
				"west": {"uv": [0, 0, 2, 1], "texture": "#1"},
				"up": {"uv": [0, 0, 5.5, 2], "texture": "#1"},
				"down": {"uv": [0, 0, 5.5, 2], "texture": "#1"}
			}
		},
		{
			"from": [6.23463, 2.44776, 0],
			"to": [10.23463, 2.84776, 2],
			"rotation": {"angle": 0, "axis": "y", "origin": [18.23463, 9.84776, 8]},
			"faces": {
				"north": {"uv": [0, 0, 4, 0.4], "texture": "#1"},
				"east": {"uv": [0, 0, 2, 0.4], "texture": "#1"},
				"south": {"uv": [0, 0, 4, 0.4], "texture": "#1"},
				"west": {"uv": [0, 0, 2, 0.4], "texture": "#1"},
				"up": {"uv": [0, 0, 4, 2], "texture": "#1"},
				"down": {"uv": [0, 0, 4, 2], "texture": "#1"}
			}
		},
		{
			"from": [6.23463, 2.44776, 12],
			"to": [10.23463, 2.84776, 14],
			"rotation": {"angle": 0, "axis": "y", "origin": [18.23463, 9.84776, 20]},
			"faces": {
				"north": {"uv": [0, 0, 4, 0.4], "texture": "#1"},
				"east": {"uv": [0, 0, 2, 0.4], "texture": "#1"},
				"south": {"uv": [0, 0, 4, 0.4], "texture": "#1"},
				"west": {"uv": [0, 0, 2, 0.4], "texture": "#1"},
				"up": {"uv": [0, 0, 4, 2], "texture": "#1"},
				"down": {"uv": [0, 0, 4, 2], "texture": "#1"}
			}
		},
		{
			"from": [7.23463, 2.74776, 0],
			"to": [9.23463, 11.14776, 2],
			"rotation": {"angle": 0, "axis": "y", "origin": [18.23463, 10.14776, 8]},
			"faces": {
				"north": {"uv": [0, 0, 2, 8.4], "texture": "#0"},
				"east": {"uv": [0, 0, 2, 8.4], "texture": "#0"},
				"south": {"uv": [0, 0, 2, 8.4], "texture": "#0"},
				"west": {"uv": [0, 0, 2, 8.4], "texture": "#0"},
				"up": {"uv": [0, 0, 2, 2], "texture": "#0"},
				"down": {"uv": [0, 0, 2, 2], "texture": "#0"}
			}
		},
		{
			"from": [7.23463, 2.74776, 12],
			"to": [9.23463, 11.14776, 14],
			"rotation": {"angle": 0, "axis": "y", "origin": [18.23463, 10.14776, 20]},
			"faces": {
				"north": {"uv": [0, 0, 2, 8.4], "texture": "#0"},
				"east": {"uv": [0, 0, 2, 8.4], "texture": "#0"},
				"south": {"uv": [0, 0, 2, 8.4], "texture": "#0"},
				"west": {"uv": [0, 0, 2, 8.4], "texture": "#0"},
				"up": {"uv": [0, 0, 2, 2], "texture": "#0"},
				"down": {"uv": [0, 0, 2, 2], "texture": "#0"}
			}
		},
		{
			"from": [6.23463, 10.74776, 0],
			"to": [10.23463, 18.14776, 2],
			"rotation": {"angle": 0, "axis": "y", "origin": [18.23463, 18.14776, 8]},
			"faces": {
				"north": {"uv": [0, 0, 4, 7.4], "texture": "#0"},
				"east": {"uv": [0, 0, 2, 7.4], "texture": "#0"},
				"south": {"uv": [0, 0, 4, 7.4], "texture": "#0"},
				"west": {"uv": [0, 0, 2, 7.4], "texture": "#0"},
				"up": {"uv": [0, 0, 4, 2], "texture": "#0"},
				"down": {"uv": [0, 0, 4, 2], "texture": "#0"}
			}
		},
		{
			"from": [6.23463, 10.74776, 12],
			"to": [10.23463, 18.14776, 14],
			"rotation": {"angle": 0, "axis": "y", "origin": [18.23463, 18.14776, 20]},
			"faces": {
				"north": {"uv": [0, 0, 4, 7.4], "texture": "#0"},
				"east": {"uv": [0, 0, 2, 7.4], "texture": "#0"},
				"south": {"uv": [0, 0, 4, 7.4], "texture": "#0"},
				"west": {"uv": [0, 0, 2, 7.4], "texture": "#0"},
				"up": {"uv": [0, 0, 4, 2], "texture": "#0"},
				"down": {"uv": [0, 0, 4, 2], "texture": "#0"}
			}
		},
		{
			"from": [6.73463, 11.74776, -0.3],
			"to": [9.73463, 17.64776, 14.4],
			"rotation": {"angle": 0, "axis": "y", "origin": [18.23463, 18.14776, 20]},
			"faces": {
				"north": {"uv": [0, 0, 3, 5.9], "texture": "#0"},
				"east": {"uv": [0, 0, 14.7, 5.9], "texture": "#0"},
				"south": {"uv": [0, 0, 3, 5.9], "texture": "#0"},
				"west": {"uv": [0, 0, 14.7, 5.9], "texture": "#0"},
				"up": {"uv": [0, 0, 3, 14.7], "texture": "#0"},
				"down": {"uv": [0, 0, 3, 14.7], "texture": "#0"}
			}
		},
		{
			"from": [6.13463, 11.04776, 0.4],
			"to": [10.33463, 17.74776, 1.7],
			"rotation": {"angle": 0, "axis": "y", "origin": [18.23463, 18.14776, 8]},
			"faces": {
				"north": {"uv": [0, 0, 4.2, 6.7], "texture": "#1"},
				"east": {"uv": [0, 0, 1.3, 6.7], "texture": "#1"},
				"south": {"uv": [0, 0, 4.2, 6.7], "texture": "#1"},
				"west": {"uv": [0, 0, 1.3, 6.7], "texture": "#1"},
				"up": {"uv": [0, 0, 4.2, 1.3], "texture": "#1"},
				"down": {"uv": [0, 0, 4.2, 1.3], "texture": "#1"}
			}
		},
		{
			"from": [6.13463, 11.04776, 12.4],
			"to": [10.33463, 17.74776, 13.7],
			"rotation": {"angle": 0, "axis": "y", "origin": [18.23463, 18.14776, 20]},
			"faces": {
				"north": {"uv": [0, 0, 4.2, 6.7], "texture": "#1"},
				"east": {"uv": [0, 0, 1.3, 6.7], "texture": "#1"},
				"south": {"uv": [0, 0, 4.2, 6.7], "texture": "#1"},
				"west": {"uv": [0, 0, 1.3, 6.7], "texture": "#1"},
				"up": {"uv": [0, 0, 4.2, 1.3], "texture": "#1"},
				"down": {"uv": [0, 0, 4.2, 1.3], "texture": "#1"}
			}
		},
		{
			"from": [6.43463, 18.04776, 0],
			"to": [10.03463, 18.44776, 2],
			"rotation": {"angle": 0, "axis": "y", "origin": [18.23463, 19.14776, 8]},
			"faces": {
				"north": {"uv": [0, 0, 3.6, 0.4], "texture": "#0"},
				"east": {"uv": [0, 0, 2, 0.4], "texture": "#0"},
				"south": {"uv": [0, 0, 3.6, 0.4], "texture": "#0"},
				"west": {"uv": [0, 0, 2, 0.4], "texture": "#0"},
				"up": {"uv": [0, 0, 3.6, 2], "texture": "#0"},
				"down": {"uv": [0, 0, 3.6, 2], "texture": "#0"}
			}
		},
		{
			"from": [6.43463, 18.04776, 12],
			"to": [10.03463, 18.44776, 14],
			"rotation": {"angle": 0, "axis": "y", "origin": [18.23463, 19.14776, 20]},
			"faces": {
				"north": {"uv": [0, 0, 3.6, 0.4], "texture": "#0"},
				"east": {"uv": [0, 0, 2, 0.4], "texture": "#0"},
				"south": {"uv": [0, 0, 3.6, 0.4], "texture": "#0"},
				"west": {"uv": [0, 0, 2, 0.4], "texture": "#0"},
				"up": {"uv": [0, 0, 3.6, 2], "texture": "#0"},
				"down": {"uv": [0, 0, 3.6, 2], "texture": "#0"}
			}
		},
		{
			"from": [6.83463, 18.24776, 0],
			"to": [9.73463, 18.64776, 2],
			"rotation": {"angle": 0, "axis": "y", "origin": [18.23463, 19.34776, 8]},
			"faces": {
				"north": {"uv": [0, 0, 2.9, 0.4], "texture": "#0"},
				"east": {"uv": [0, 0, 2, 0.4], "texture": "#0"},
				"south": {"uv": [0, 0, 2.9, 0.4], "texture": "#0"},
				"west": {"uv": [0, 0, 2, 0.4], "texture": "#0"},
				"up": {"uv": [0, 0, 2.9, 2], "texture": "#0"},
				"down": {"uv": [0, 0, 2.9, 2], "texture": "#0"}
			}
		},
		{
			"from": [6.83463, 18.24776, 12],
			"to": [9.73463, 18.64776, 14],
			"rotation": {"angle": 0, "axis": "y", "origin": [18.23463, 19.34776, 20]},
			"faces": {
				"north": {"uv": [0, 0, 2.9, 0.4], "texture": "#0"},
				"east": {"uv": [0, 0, 2, 0.4], "texture": "#0"},
				"south": {"uv": [0, 0, 2.9, 0.4], "texture": "#0"},
				"west": {"uv": [0, 0, 2, 0.4], "texture": "#0"},
				"up": {"uv": [0, 0, 2.9, 2], "texture": "#0"},
				"down": {"uv": [0, 0, 2.9, 2], "texture": "#0"}
			}
		},
		{
			"from": [6.23463, 0.44776, 0.4],
			"to": [10.23463, 2.64776, 1.7],
			"rotation": {"angle": 0, "axis": "y", "origin": [18.23463, 8.84776, 8]},
			"faces": {
				"north": {"uv": [0, 0, 4, 2.2], "texture": "#2"},
				"east": {"uv": [0, 0, 1.3, 2.2], "texture": "#2"},
				"south": {"uv": [0, 0, 4, 2.2], "texture": "#2"},
				"west": {"uv": [0, 0, 1.3, 2.2], "texture": "#2"},
				"up": {"uv": [0, 0, 4, 1.3], "texture": "#2"},
				"down": {"uv": [0, 0, 4, 1.3], "texture": "#2"}
			}
		},
		{
			"from": [6.23463, 0.44776, 12.4],
			"to": [10.23463, 2.64776, 13.7],
			"rotation": {"angle": 0, "axis": "y", "origin": [18.23463, 8.84776, 20]},
			"faces": {
				"north": {"uv": [0, 0, 4, 2.2], "texture": "#2"},
				"east": {"uv": [0, 0, 1.3, 2.2], "texture": "#2"},
				"south": {"uv": [0, 0, 4, 2.2], "texture": "#2"},
				"west": {"uv": [0, 0, 1.3, 2.2], "texture": "#2"},
				"up": {"uv": [0, 0, 4, 1.3], "texture": "#2"},
				"down": {"uv": [0, 0, 4, 1.3], "texture": "#2"}
			}
		},
		{
			"from": [12.14594, 4.21163, 0],
			"to": [13.14594, 6.21163, 2],
			"rotation": {"angle": 22.5, "axis": "z", "origin": [20.14594, -2.78837, 8]},
			"faces": {
				"north": {"uv": [0, 0, 2, 1], "rotation": 270, "texture": "#1"},
				"east": {"uv": [0, 0, 2, 2], "rotation": 90, "texture": "#1"},
				"south": {"uv": [0, 0, 2, 1], "rotation": 90, "texture": "#1"},
				"west": {"uv": [0, 0, 2, 2], "rotation": 90, "texture": "#1"},
				"up": {"uv": [0, 0, 2, 1], "rotation": 90, "texture": "#1"},
				"down": {"uv": [0, 0, 2, 1], "rotation": 90, "texture": "#1"}
			}
		},
		{
			"from": [12.14594, 4.21163, 12],
			"to": [13.14594, 6.21163, 14],
			"rotation": {"angle": 22.5, "axis": "z", "origin": [20.14594, -2.78837, 20]},
			"faces": {
				"north": {"uv": [0, 0, 2, 1], "rotation": 270, "texture": "#1"},
				"east": {"uv": [0, 0, 2, 2], "rotation": 90, "texture": "#1"},
				"south": {"uv": [0, 0, 2, 1], "rotation": 90, "texture": "#1"},
				"west": {"uv": [0, 0, 2, 2], "rotation": 90, "texture": "#1"},
				"up": {"uv": [0, 0, 2, 1], "rotation": 90, "texture": "#1"},
				"down": {"uv": [0, 0, 2, 1], "rotation": 90, "texture": "#1"}
			}
		},
		{
			"from": [8.30445, -2.74655, 0],
			"to": [9.30445, -0.74655, 2],
			"rotation": {"angle": -22.5, "axis": "z", "origin": [16.30445, 6.25345, 8]},
			"faces": {
				"north": {"uv": [2, 0, 4, 1], "rotation": 270, "texture": "#1"},
				"east": {"uv": [2, 0, 4, 2], "rotation": 90, "texture": "#1"},
				"south": {"uv": [2, 0, 4, 1], "rotation": 90, "texture": "#1"},
				"west": {"uv": [2, 0, 4, 2], "rotation": 90, "texture": "#1"},
				"up": {"uv": [1, 0, 3, 1], "rotation": 90, "texture": "#1"},
				"down": {"uv": [1, 0, 3, 1], "rotation": 90, "texture": "#1"}
			}
		},
		{
			"from": [8.30445, -2.74655, 12],
			"to": [9.30445, -0.74655, 14],
			"rotation": {"angle": -22.5, "axis": "z", "origin": [16.30445, 6.25345, 20]},
			"faces": {
				"north": {"uv": [2, 0, 4, 1], "rotation": 270, "texture": "#1"},
				"east": {"uv": [2, 0, 4, 2], "rotation": 90, "texture": "#1"},
				"south": {"uv": [2, 0, 4, 1], "rotation": 90, "texture": "#1"},
				"west": {"uv": [2, 0, 4, 2], "rotation": 90, "texture": "#1"},
				"up": {"uv": [1, 0, 3, 1], "rotation": 90, "texture": "#1"},
				"down": {"uv": [1, 0, 3, 1], "rotation": 90, "texture": "#1"}
			}
		},
		{
			"name": "hexadecagon",
			"from": [7.00544, 6.5, 2],
			"to": [8.99456, 21.5, 12],
			"rotation": {"angle": -45, "axis": "y", "origin": [8, 7, 7]},
			"faces": {
				"north": {"uv": [0, 0, 1, 1], "texture": "#0"},
				"east": {"uv": [0, 0, 1, 1], "texture": "#0"},
				"south": {"uv": [0, 0, 1, 1], "texture": "#0"},
				"west": {"uv": [0, 0, 1, 1], "texture": "#0"},
				"up": {"uv": [0, 0, 1, 1], "texture": "#0"},
				"down": {"uv": [0, 0, 1, 1], "texture": "#0"}
			}
		},
		{
			"name": "hexadecagon",
			"from": [7.00544, 6.5, 2],
			"to": [8.99456, 21.5, 12],
			"rotation": {"angle": -22.5, "axis": "y", "origin": [8, 7, 7]},
			"faces": {
				"north": {"uv": [0, 0, 1, 1], "texture": "#1"},
				"east": {"uv": [0, 0, 1, 1], "texture": "#1"},
				"south": {"uv": [0, 0, 1, 1], "texture": "#1"},
				"west": {"uv": [0, 0, 1, 1], "texture": "#1"},
				"up": {"uv": [0, 0, 1, 1], "texture": "#1"},
				"down": {"uv": [0, 0, 1, 1], "texture": "#1"}
			}
		},
		{
			"name": "hexadecagon",
			"from": [7.00544, 6.5, 2],
			"to": [8.99456, 21.5, 12],
			"rotation": {"angle": 0, "axis": "y", "origin": [8, 7, 7]},
			"faces": {
				"north": {"uv": [0, 0, 1, 1], "texture": "#0"},
				"east": {"uv": [0, 0, 1, 1], "texture": "#0"},
				"south": {"uv": [0, 0, 1, 1], "texture": "#0"},
				"west": {"uv": [0, 0, 1, 1], "texture": "#0"},
				"up": {"uv": [0, 0, 1, 1], "texture": "#0"},
				"down": {"uv": [0, 0, 1, 1], "texture": "#0"}
			}
		},
		{
			"name": "hexadecagon",
			"from": [7.00544, 6.5, 2],
			"to": [8.99456, 21.5, 12],
			"rotation": {"angle": 22.5, "axis": "y", "origin": [8, 7, 7]},
			"faces": {
				"north": {"uv": [0, 0, 1, 1], "texture": "#1"},
				"east": {"uv": [0, 0, 1, 1], "texture": "#1"},
				"south": {"uv": [0, 0, 1, 1], "texture": "#1"},
				"west": {"uv": [0, 0, 1, 1], "texture": "#1"},
				"up": {"uv": [0, 0, 1, 1], "texture": "#1"},
				"down": {"uv": [0, 0, 1, 1], "texture": "#1"}
			}
		},
		{
			"name": "hexadecagon",
			"from": [7.00544, 6.5, 2],
			"to": [8.99456, 21.5, 12.1],
			"rotation": {"angle": 45, "axis": "y", "origin": [8, 7, 7]},
			"faces": {
				"north": {"uv": [0, 0, 1, 1], "texture": "#0"},
				"east": {"uv": [0, 0, 1, 1], "texture": "#0"},
				"south": {"uv": [0, 0, 1, 1], "texture": "#0"},
				"west": {"uv": [0, 0, 1, 1], "texture": "#0"},
				"up": {"uv": [0, 0, 1, 1], "texture": "#0"},
				"down": {"uv": [0, 0, 1, 1], "texture": "#0"}
			}
		},
		{
			"name": "hexadecagon",
			"from": [3, 6.5, 6.00544],
			"to": [13, 21.5, 7.99456],
			"rotation": {"angle": -22.5, "axis": "y", "origin": [8, 7, 7]},
			"faces": {
				"north": {"uv": [0, 0, 1, 1], "texture": "#0"},
				"east": {"uv": [0, 0, 1, 1], "texture": "#0"},
				"south": {"uv": [0, 0, 1, 1], "texture": "#0"},
				"west": {"uv": [0, 0, 1, 1], "texture": "#0"},
				"up": {"uv": [0, 0, 1, 1], "texture": "#0"},
				"down": {"uv": [0, 0, 1, 1], "texture": "#0"}
			}
		},
		{
			"name": "hexadecagon",
			"from": [2.9, 19.7, 6.00544],
			"to": [13.1, 20.5, 7.99456],
			"rotation": {"angle": -22.5, "axis": "y", "origin": [8, 7, 7]},
			"faces": {
				"north": {"uv": [0, 0, 1, 1], "texture": "#1"},
				"east": {"uv": [0, 0, 1, 1], "texture": "#1"},
				"south": {"uv": [0, 0, 1, 1], "texture": "#1"},
				"west": {"uv": [0, 0, 1, 1], "texture": "#1"},
				"up": {"uv": [0, 0, 1, 1], "texture": "#1"},
				"down": {"uv": [0, 0, 1, 1], "texture": "#1"}
			}
		},
		{
			"name": "hexadecagon",
			"from": [2.9, 19, 6.00544],
			"to": [13.1, 19.5, 7.99456],
			"rotation": {"angle": -22.5, "axis": "y", "origin": [8, 6, 7]},
			"faces": {
				"north": {"uv": [0, 0, 1, 1], "texture": "#1"},
				"east": {"uv": [0, 0, 1, 1], "texture": "#1"},
				"south": {"uv": [0, 0, 1, 1], "texture": "#1"},
				"west": {"uv": [0, 0, 1, 1], "texture": "#1"},
				"up": {"uv": [0, 0, 1, 1], "texture": "#1"},
				"down": {"uv": [0, 0, 1, 1], "texture": "#1"}
			}
		},
		{
			"name": "hexadecagon",
			"from": [7.00544, 16.9, 1.9],
			"to": [8.99456, 17.5, 12.1],
			"rotation": {"angle": 22.5, "axis": "y", "origin": [8, 4, 7]},
			"faces": {
				"north": {"uv": [0, 0, 1, 1], "texture": "#1"},
				"east": {"uv": [0, 0, 1, 1], "texture": "#1"},
				"south": {"uv": [0, 0, 1, 1], "texture": "#1"},
				"west": {"uv": [0, 0, 1, 1], "texture": "#1"},
				"up": {"uv": [0, 0, 1, 1], "rotation": 90, "texture": "#1"},
				"down": {"uv": [0, 0, 1, 1], "rotation": 270, "texture": "#1"}
			}
		},
		{
			"name": "hexadecagon",
			"from": [2.9, 19.7, 6.00544],
			"to": [13.1, 20.5, 7.99456],
			"rotation": {"angle": 0, "axis": "y", "origin": [8, 7, 7]},
			"faces": {
				"north": {"uv": [0, 0, 1, 1], "texture": "#1"},
				"east": {"uv": [0, 0, 1, 1], "texture": "#1"},
				"south": {"uv": [0, 0, 1, 1], "texture": "#1"},
				"west": {"uv": [0, 0, 1, 1], "texture": "#1"},
				"up": {"uv": [0, 0, 1, 1], "texture": "#1"},
				"down": {"uv": [0, 0, 1, 1], "texture": "#1"}
			}
		},
		{
			"name": "hexadecagon",
			"from": [2.9, 18.7, 6.00544],
			"to": [13.1, 19.5, 7.99456],
			"rotation": {"angle": 0, "axis": "y", "origin": [8, 6, 7]},
			"faces": {
				"north": {"uv": [0, 0, 1, 1], "texture": "#1"},
				"east": {"uv": [0, 0, 1, 1], "texture": "#1"},
				"south": {"uv": [0, 0, 1, 1], "texture": "#1"},
				"west": {"uv": [0, 0, 1, 1], "texture": "#1"},
				"up": {"uv": [0, 0, 1, 1], "texture": "#1"},
				"down": {"uv": [0, 0, 1, 1], "texture": "#1"}
			}
		},
		{
			"name": "hexadecagon",
			"from": [2.9, 17.1, 6.00544],
			"to": [13.1, 17.5, 7.99456],
			"rotation": {"angle": -22.5, "axis": "y", "origin": [8, 4, 7]},
			"faces": {
				"north": {"uv": [0, 0, 1, 1], "texture": "#1"},
				"east": {"uv": [0, 0, 1, 1], "texture": "#1"},
				"south": {"uv": [0, 0, 1, 1], "texture": "#1"},
				"west": {"uv": [0, 0, 1, 1], "texture": "#1"},
				"up": {"uv": [0, 0, 1, 1], "texture": "#1"},
				"down": {"uv": [0, 0, 1, 1], "texture": "#1"}
			}
		},
		{
			"name": "hexadecagon",
			"from": [2.9, 20.2, 6.00544],
			"to": [13.1, 20.5, 7.99456],
			"rotation": {"angle": 22.5, "axis": "y", "origin": [8, 7, 7]},
			"faces": {
				"north": {"uv": [0, 0, 1, 1], "texture": "#1"},
				"east": {"uv": [0, 0, 1, 1], "texture": "#1"},
				"south": {"uv": [0, 0, 1, 1], "texture": "#1"},
				"west": {"uv": [0, 0, 1, 1], "texture": "#1"},
				"up": {"uv": [0, 0, 1, 1], "texture": "#1"},
				"down": {"uv": [0, 0, 1, 1], "texture": "#1"}
			}
		},
		{
			"name": "hexadecagon",
			"from": [2.9, 18.9, 6.00544],
			"to": [13.1, 19.5, 7.99456],
			"rotation": {"angle": 22.5, "axis": "y", "origin": [8, 6, 7]},
			"faces": {
				"north": {"uv": [0, 0, 1, 1], "texture": "#1"},
				"east": {"uv": [0, 0, 1, 1], "texture": "#1"},
				"south": {"uv": [0, 0, 1, 1], "texture": "#1"},
				"west": {"uv": [0, 0, 1, 1], "texture": "#1"},
				"up": {"uv": [0, 0, 1, 1], "texture": "#1"},
				"down": {"uv": [0, 0, 1, 1], "texture": "#1"}
			}
		},
		{
			"name": "hexadecagon",
			"from": [2.9, 16.9, 6.00544],
			"to": [13.2, 17.5, 7.99456],
			"rotation": {"angle": 0, "axis": "y", "origin": [8, 4, 7]},
			"faces": {
				"north": {"uv": [0, 0, 1, 1], "texture": "#1"},
				"east": {"uv": [0, 0, 1, 1], "texture": "#1"},
				"south": {"uv": [0, 0, 1, 1], "texture": "#1"},
				"west": {"uv": [0, 0, 1, 1], "texture": "#1"},
				"up": {"uv": [0, 0, 1, 1], "texture": "#1"},
				"down": {"uv": [0, 0, 1, 1], "texture": "#1"}
			}
		},
		{
			"name": "hexadecagon",
			"from": [2.9, 19.7, 6.00544],
			"to": [13.1, 20.5, 7.99456],
			"rotation": {"angle": 45, "axis": "y", "origin": [8, 7, 7]},
			"faces": {
				"north": {"uv": [0, 0, 1, 1], "texture": "#1"},
				"east": {"uv": [0, 0, 1, 1], "texture": "#1"},
				"south": {"uv": [0, 0, 1, 1], "texture": "#1"},
				"west": {"uv": [0, 0, 1, 1], "texture": "#1"},
				"up": {"uv": [0, 0, 1, 1], "texture": "#1"},
				"down": {"uv": [0, 0, 1, 1], "texture": "#1"}
			}
		},
		{
			"name": "hexadecagon",
			"from": [2.9, 16.9, 6.00544],
			"to": [13.2, 17.2, 7.99456],
			"rotation": {"angle": 22.5, "axis": "y", "origin": [8, 4, 7]},
			"faces": {
				"north": {"uv": [0, 0, 1, 1], "texture": "#1"},
				"east": {"uv": [0, 0, 1, 1], "texture": "#1"},
				"south": {"uv": [0, 0, 1, 1], "texture": "#1"},
				"west": {"uv": [0, 0, 1, 1], "texture": "#1"},
				"up": {"uv": [0, 0, 1, 1], "texture": "#1"},
				"down": {"uv": [0, 0, 1, 1], "texture": "#1"}
			}
		},
		{
			"name": "hexadecagon",
			"from": [2.9, 9.9, 6.30544],
			"to": [13.1, 16.5, 7.19456],
			"rotation": {"angle": 22.5, "axis": "y", "origin": [8, 2, 7]},
			"faces": {
				"north": {"uv": [0, 0, 1, 1], "texture": "#1"},
				"east": {"uv": [0, 0, 1, 1], "texture": "#1"},
				"south": {"uv": [0, 0, 1, 1], "texture": "#1"},
				"west": {"uv": [0, 0, 1, 1], "texture": "#1"},
				"up": {"uv": [0, 0, 1, 1], "texture": "#1"},
				"down": {"uv": [0, 0, 1, 1], "texture": "#1"}
			}
		},
		{
			"name": "hexadecagon",
			"from": [2.9, 6.9, 6.30544],
			"to": [13.1, 13.5, 7.19456],
			"rotation": {"angle": 0, "axis": "y", "origin": [8, -1, 7]},
			"faces": {
				"north": {"uv": [0, 0, 1, 1], "texture": "#0"},
				"east": {"uv": [0, 0, 1, 1], "texture": "#0"},
				"south": {"uv": [0, 0, 1, 1], "texture": "#0"},
				"west": {"uv": [0, 0, 1, 1], "texture": "#0"},
				"up": {"uv": [0, 0, 1, 1], "texture": "#0"},
				"down": {"uv": [0, 0, 1, 1], "texture": "#0"}
			}
		},
		{
			"name": "hexadecagon",
			"from": [3, 6.5, 6.00544],
			"to": [13, 21.5, 7.99456],
			"rotation": {"angle": 0, "axis": "y", "origin": [8, 7, 7]},
			"faces": {
				"north": {"uv": [0, 0, 1, 1], "texture": "#0"},
				"east": {"uv": [0, 0, 1, 1], "texture": "#0"},
				"south": {"uv": [0, 0, 1, 1], "texture": "#0"},
				"west": {"uv": [0, 0, 1, 1], "texture": "#0"},
				"up": {"uv": [0, 0, 1, 1], "texture": "#0"},
				"down": {"uv": [0, 0, 1, 1], "texture": "#0"}
			}
		},
		{
			"name": "hexadecagon",
			"from": [2.65, 10.5, 6.00544],
			"to": [13.35, 13.5, 7.99456],
			"rotation": {"angle": 0, "axis": "y", "origin": [8, 7, 7]},
			"faces": {
				"north": {"uv": [4.274, 8.137, 5.227, 10.577], "texture": "#0"},
				"east": {"uv": [4.274, 8.137, 5.227, 10.577], "texture": "#0"},
				"south": {"uv": [4.274, 8.137, 5.227, 10.577], "texture": "#0"},
				"west": {"uv": [4.274, 8.137, 5.227, 10.577], "texture": "#0"},
				"up": {"uv": [4.274, 8.137, 5.227, 10.577], "texture": "#0"},
				"down": {"uv": [4.274, 8.137, 5.227, 10.577], "texture": "#0"}
			}
		},
		{
			"name": "hexadecagon",
			"from": [2.4, 10.5, 5.75544],
			"to": [13.85, 13.5, 5.99456],
			"rotation": {"angle": 0, "axis": "y", "origin": [8, 7, 6.75]},
			"faces": {
				"north": {"uv": [4.274, 8.137, 5.227, 10.577], "texture": "#1"},
				"east": {"uv": [4.274, 8.137, 5.227, 10.577], "texture": "#1"},
				"south": {"uv": [4.274, 8.137, 5.227, 10.577], "texture": "#1"},
				"west": {"uv": [4.274, 8.137, 5.227, 10.577], "texture": "#1"},
				"up": {"uv": [4.274, 8.137, 5.227, 10.577], "texture": "#1"},
				"down": {"uv": [4.274, 8.137, 5.227, 10.577], "texture": "#1"}
			}
		},
		{
			"name": "hexadecagon",
			"from": [2.4, 10.5, 8.00544],
			"to": [13.85, 13.5, 8.24456],
			"rotation": {"angle": 0, "axis": "y", "origin": [8, 7, 9]},
			"faces": {
				"north": {"uv": [4.274, 8.137, 5.227, 10.577], "texture": "#1"},
				"east": {"uv": [4.274, 8.137, 5.227, 10.577], "texture": "#1"},
				"south": {"uv": [4.274, 8.137, 5.227, 10.577], "texture": "#1"},
				"west": {"uv": [4.274, 8.137, 5.227, 10.577], "texture": "#1"},
				"up": {"uv": [4.274, 8.137, 5.227, 10.577], "texture": "#1"},
				"down": {"uv": [4.274, 8.137, 5.227, 10.577], "texture": "#1"}
			}
		},
		{
			"name": "hexadecagon",
			"from": [-3.51317, 11.12078, 6.00544],
			"to": [-3.31317, 11.62078, 7.99456],
			"rotation": {"angle": -45, "axis": "z", "origin": [1.83683, 5.12078, 7]},
			"faces": {
				"north": {"uv": [4.274, 8.137, 5.227, 10.577], "texture": "#2"},
				"east": {"uv": [4.274, 8.137, 5.227, 10.577], "texture": "#2"},
				"south": {"uv": [4.274, 8.137, 5.227, 10.577], "texture": "#2"},
				"west": {"uv": [4.274, 8.137, 5.227, 10.577], "texture": "#2"},
				"up": {"uv": [4.274, 8.137, 5.227, 10.577], "texture": "#2"},
				"down": {"uv": [4.274, 8.137, 5.227, 10.577], "texture": "#2"}
			}
		},
		{
			"name": "hexadecagon",
			"from": [7.48683, 12.37922, 6.00544],
			"to": [7.68683, 12.87922, 7.99456],
			"rotation": {"angle": 45, "axis": "z", "origin": [12.83683, 18.87922, 7]},
			"faces": {
				"north": {"uv": [4.274, 10.577, 5.227, 8.137], "texture": "#2"},
				"east": {"uv": [4.274, 10.577, 5.227, 8.137], "texture": "#2"},
				"south": {"uv": [4.274, 10.577, 5.227, 8.137], "texture": "#2"},
				"west": {"uv": [4.274, 10.577, 5.227, 8.137], "texture": "#2"},
				"up": {"uv": [4.274, 10.577, 5.227, 8.137], "texture": "#2"},
				"down": {"uv": [4.274, 10.577, 5.227, 8.137], "texture": "#2"}
			}
		},
		{
			"name": "hexadecagon",
			"from": [-3.51317, 10.62078, 6.00544],
			"to": [-3.31317, 11.12078, 7.99456],
			"rotation": {"angle": -45, "axis": "z", "origin": [1.83683, 4.62078, 7]},
			"faces": {
				"north": {"uv": [4.274, 8.137, 5.227, 10.577], "texture": "#2"},
				"east": {"uv": [4.274, 8.137, 5.227, 10.577], "texture": "#2"},
				"south": {"uv": [4.274, 8.137, 5.227, 10.577], "texture": "#2"},
				"west": {"uv": [4.274, 8.137, 5.227, 10.577], "texture": "#2"},
				"up": {"uv": [4.274, 8.137, 5.227, 10.577], "texture": "#2"},
				"down": {"uv": [4.274, 8.137, 5.227, 10.577], "texture": "#2"}
			}
		},
		{
			"name": "hexadecagon",
			"from": [7.48683, 12.87922, 6.00544],
			"to": [7.68683, 13.37922, 7.99456],
			"rotation": {"angle": 45, "axis": "z", "origin": [12.83683, 19.37922, 7]},
			"faces": {
				"north": {"uv": [4.274, 10.577, 5.227, 8.137], "texture": "#2"},
				"east": {"uv": [4.274, 10.577, 5.227, 8.137], "texture": "#2"},
				"south": {"uv": [4.274, 10.577, 5.227, 8.137], "texture": "#2"},
				"west": {"uv": [4.274, 10.577, 5.227, 8.137], "texture": "#2"},
				"up": {"uv": [4.274, 10.577, 5.227, 8.137], "texture": "#2"},
				"down": {"uv": [4.274, 10.577, 5.227, 8.137], "texture": "#2"}
			}
		},
		{
			"name": "hexadecagon",
			"from": [-3.51317, 10.12078, 6.00544],
			"to": [-3.31317, 10.62078, 7.99456],
			"rotation": {"angle": -45, "axis": "z", "origin": [1.83683, 4.12078, 7]},
			"faces": {
				"north": {"uv": [4.274, 8.137, 5.227, 10.577], "texture": "#2"},
				"east": {"uv": [4.274, 8.137, 5.227, 10.577], "texture": "#2"},
				"south": {"uv": [4.274, 8.137, 5.227, 10.577], "texture": "#2"},
				"west": {"uv": [4.274, 8.137, 5.227, 10.577], "texture": "#2"},
				"up": {"uv": [4.274, 8.137, 5.227, 10.577], "texture": "#2"},
				"down": {"uv": [4.274, 8.137, 5.227, 10.577], "texture": "#2"}
			}
		},
		{
			"name": "hexadecagon",
			"from": [7.48683, 13.37922, 6.00544],
			"to": [7.68683, 13.87922, 7.99456],
			"rotation": {"angle": 45, "axis": "z", "origin": [12.83683, 19.87922, 7]},
			"faces": {
				"north": {"uv": [4.274, 10.577, 5.227, 8.137], "texture": "#2"},
				"east": {"uv": [4.274, 10.577, 5.227, 8.137], "texture": "#2"},
				"south": {"uv": [4.274, 10.577, 5.227, 8.137], "texture": "#2"},
				"west": {"uv": [4.274, 10.577, 5.227, 8.137], "texture": "#2"},
				"up": {"uv": [4.274, 10.577, 5.227, 8.137], "texture": "#2"},
				"down": {"uv": [4.274, 10.577, 5.227, 8.137], "texture": "#2"}
			}
		},
		{
			"name": "hexadecagon",
			"from": [-3.51317, 9.62078, 6.00544],
			"to": [-3.31317, 10.12078, 7.99456],
			"rotation": {"angle": -45, "axis": "z", "origin": [1.83683, 3.62078, 7]},
			"faces": {
				"north": {"uv": [4.274, 8.137, 5.227, 10.577], "texture": "#2"},
				"east": {"uv": [4.274, 8.137, 5.227, 10.577], "texture": "#2"},
				"south": {"uv": [4.274, 8.137, 5.227, 10.577], "texture": "#2"},
				"west": {"uv": [4.274, 8.137, 5.227, 10.577], "texture": "#2"},
				"up": {"uv": [4.274, 8.137, 5.227, 10.577], "texture": "#2"},
				"down": {"uv": [4.274, 8.137, 5.227, 10.577], "texture": "#2"}
			}
		},
		{
			"name": "hexadecagon",
			"from": [7.48683, 13.87922, 6.00544],
			"to": [7.68683, 14.37922, 7.99456],
			"rotation": {"angle": 45, "axis": "z", "origin": [12.83683, 20.37922, 7]},
			"faces": {
				"north": {"uv": [4.274, 10.577, 5.227, 8.137], "texture": "#2"},
				"east": {"uv": [4.274, 10.577, 5.227, 8.137], "texture": "#2"},
				"south": {"uv": [4.274, 10.577, 5.227, 8.137], "texture": "#2"},
				"west": {"uv": [4.274, 10.577, 5.227, 8.137], "texture": "#2"},
				"up": {"uv": [4.274, 10.577, 5.227, 8.137], "texture": "#2"},
				"down": {"uv": [4.274, 10.577, 5.227, 8.137], "texture": "#2"}
			}
		},
		{
			"name": "hexadecagon",
			"from": [-3.51317, 9.12078, 6.00544],
			"to": [-3.31317, 9.62078, 7.99456],
			"rotation": {"angle": -45, "axis": "z", "origin": [1.83683, 3.12078, 7]},
			"faces": {
				"north": {"uv": [4.274, 8.137, 5.227, 10.577], "texture": "#2"},
				"east": {"uv": [4.274, 8.137, 5.227, 10.577], "texture": "#2"},
				"south": {"uv": [4.274, 8.137, 5.227, 10.577], "texture": "#2"},
				"west": {"uv": [4.274, 8.137, 5.227, 10.577], "texture": "#2"},
				"up": {"uv": [4.274, 8.137, 5.227, 10.577], "texture": "#2"},
				"down": {"uv": [4.274, 8.137, 5.227, 10.577], "texture": "#2"}
			}
		},
		{
			"name": "hexadecagon",
			"from": [7.48683, 14.37922, 6.00544],
			"to": [7.68683, 14.87922, 7.99456],
			"rotation": {"angle": 45, "axis": "z", "origin": [12.83683, 20.87922, 7]},
			"faces": {
				"north": {"uv": [4.274, 10.577, 5.227, 8.137], "texture": "#2"},
				"east": {"uv": [4.274, 10.577, 5.227, 8.137], "texture": "#2"},
				"south": {"uv": [4.274, 10.577, 5.227, 8.137], "texture": "#2"},
				"west": {"uv": [4.274, 10.577, 5.227, 8.137], "texture": "#2"},
				"up": {"uv": [4.274, 10.577, 5.227, 8.137], "texture": "#2"},
				"down": {"uv": [4.274, 10.577, 5.227, 8.137], "texture": "#2"}
			}
		},
		{
			"name": "hexadecagon",
			"from": [-3.51317, 8.62078, 6.00544],
			"to": [-3.31317, 9.12078, 7.99456],
			"rotation": {"angle": -45, "axis": "z", "origin": [1.83683, 2.62078, 7]},
			"faces": {
				"north": {"uv": [4.274, 8.137, 5.227, 10.577], "texture": "#2"},
				"east": {"uv": [4.274, 8.137, 5.227, 10.577], "texture": "#2"},
				"south": {"uv": [4.274, 8.137, 5.227, 10.577], "texture": "#2"},
				"west": {"uv": [4.274, 8.137, 5.227, 10.577], "texture": "#2"},
				"up": {"uv": [4.274, 8.137, 5.227, 10.577], "texture": "#2"},
				"down": {"uv": [4.274, 8.137, 5.227, 10.577], "texture": "#2"}
			}
		},
		{
			"name": "hexadecagon",
			"from": [7.48683, 14.87922, 6.00544],
			"to": [7.68683, 15.37922, 7.99456],
			"rotation": {"angle": 45, "axis": "z", "origin": [12.83683, 21.37922, 7]},
			"faces": {
				"north": {"uv": [4.274, 10.577, 5.227, 8.137], "texture": "#2"},
				"east": {"uv": [4.274, 10.577, 5.227, 8.137], "texture": "#2"},
				"south": {"uv": [4.274, 10.577, 5.227, 8.137], "texture": "#2"},
				"west": {"uv": [4.274, 10.577, 5.227, 8.137], "texture": "#2"},
				"up": {"uv": [4.274, 10.577, 5.227, 8.137], "texture": "#2"},
				"down": {"uv": [4.274, 10.577, 5.227, 8.137], "texture": "#2"}
			}
		},
		{
			"name": "hexadecagon",
			"from": [2.9, 7.5, 6.00544],
			"to": [13.1, 8.5, 7.99456],
			"rotation": {"angle": -22.5, "axis": "y", "origin": [8, 4, 7]},
			"faces": {
				"north": {"uv": [5.234, 7.749, 6.14, 10.896], "texture": "#1"},
				"east": {"uv": [5.234, 7.749, 6.14, 10.896], "texture": "#1"},
				"south": {"uv": [5.234, 7.749, 6.14, 10.896], "texture": "#1"},
				"west": {"uv": [5.234, 7.749, 6.14, 10.896], "texture": "#1"},
				"up": {"uv": [5.234, 7.749, 6.14, 10.896], "texture": "#1"},
				"down": {"uv": [5.234, 7.749, 6.14, 10.896], "texture": "#1"}
			}
		},
		{
			"name": "hexadecagon",
			"from": [2.9, 7.5, 6.00544],
			"to": [13.1, 8.5, 7.99456],
			"rotation": {"angle": -45, "axis": "y", "origin": [8, 4, 7]},
			"faces": {
				"north": {"uv": [5.189, 10.628, 5.865, 12.61], "texture": "#1"},
				"east": {"uv": [5.189, 10.628, 5.865, 12.61], "texture": "#1"},
				"south": {"uv": [5.189, 10.628, 5.865, 12.61], "texture": "#1"},
				"west": {"uv": [5.189, 10.628, 5.865, 12.61], "texture": "#1"},
				"up": {"uv": [5.189, 10.628, 5.865, 12.61], "texture": "#1"},
				"down": {"uv": [5.189, 10.628, 5.865, 12.61], "texture": "#1"}
			}
		},
		{
			"name": "hexadecagon",
			"from": [3, 6.5, 6.00544],
			"to": [13, 21.5, 8.09456],
			"rotation": {"angle": 22.5, "axis": "y", "origin": [8, 7, 7]},
			"faces": {
				"north": {"uv": [0, 0, 1, 1], "texture": "#0"},
				"east": {"uv": [0, 0, 1, 1], "texture": "#0"},
				"south": {"uv": [0, 0, 1, 1], "texture": "#0"},
				"west": {"uv": [0, 0, 1, 1], "texture": "#0"},
				"up": {"uv": [0, 0, 1, 1], "texture": "#0"},
				"down": {"uv": [0, 0, 1, 1], "texture": "#0"}
			}
		},
		{
			"name": "hexadecagon",
			"from": [7.18446, 5.5, 2.9],
			"to": [8.81554, 6.5, 11.1],
			"rotation": {"angle": -45, "axis": "y", "origin": [8, 6, 7]},
			"faces": {
				"north": {"uv": [0, 0, 1, 1], "texture": "#2"},
				"east": {"uv": [0, 0, 1, 1], "texture": "#2"},
				"south": {"uv": [0, 0, 1, 1], "texture": "#2"},
				"west": {"uv": [0, 0, 1, 1], "texture": "#2"},
				"up": {"uv": [0, 0, 1, 1], "texture": "#2"},
				"down": {"uv": [0, 0, 1, 1], "texture": "#2"}
			}
		},
		{
			"name": "hexadecagon",
			"from": [7.18446, 5.5, 2.9],
			"to": [8.81554, 6.5, 11.1],
			"rotation": {"angle": -22.5, "axis": "y", "origin": [8, 6, 7]},
			"faces": {
				"north": {"uv": [0, 0, 1, 1], "texture": "#2"},
				"east": {"uv": [0, 0, 1, 1], "texture": "#2"},
				"south": {"uv": [0, 0, 1, 1], "texture": "#2"},
				"west": {"uv": [0, 0, 1, 1], "texture": "#2"},
				"up": {"uv": [0, 0, 1, 1], "texture": "#2"},
				"down": {"uv": [0, 0, 1, 1], "texture": "#2"}
			}
		},
		{
			"name": "hexadecagon",
			"from": [7.18446, 5.5, 2.9],
			"to": [8.81554, 6.5, 11.1],
			"rotation": {"angle": 0, "axis": "y", "origin": [8, 6, 7]},
			"faces": {
				"north": {"uv": [0, 0, 1, 1], "texture": "#2"},
				"east": {"uv": [0, 0, 1, 1], "texture": "#2"},
				"south": {"uv": [0, 0, 1, 1], "texture": "#2"},
				"west": {"uv": [0, 0, 1, 1], "texture": "#2"},
				"up": {"uv": [0, 0, 1, 1], "texture": "#2"},
				"down": {"uv": [0, 0, 1, 1], "texture": "#2"}
			}
		},
		{
			"name": "hexadecagon",
			"from": [7.18446, 5.5, 2.9],
			"to": [8.81554, 6.5, 11.1],
			"rotation": {"angle": 22.5, "axis": "y", "origin": [8, 6, 7]},
			"faces": {
				"north": {"uv": [0, 0, 1, 1], "texture": "#2"},
				"east": {"uv": [0, 0, 1, 1], "texture": "#2"},
				"south": {"uv": [0, 0, 1, 1], "texture": "#2"},
				"west": {"uv": [0, 0, 1, 1], "texture": "#2"},
				"up": {"uv": [0, 0, 1, 1], "texture": "#2"},
				"down": {"uv": [0, 0, 1, 1], "texture": "#2"}
			}
		},
		{
			"name": "hexadecagon",
			"from": [7.18446, 5.5, 2.9],
			"to": [8.81554, 6.5, 11.1],
			"rotation": {"angle": 45, "axis": "y", "origin": [8, 6, 7]},
			"faces": {
				"north": {"uv": [0, 0, 1, 1], "texture": "#2"},
				"east": {"uv": [0, 0, 1, 1], "texture": "#2"},
				"south": {"uv": [0, 0, 1, 1], "texture": "#2"},
				"west": {"uv": [0, 0, 1, 1], "texture": "#2"},
				"up": {"uv": [0, 0, 1, 1], "texture": "#2"},
				"down": {"uv": [0, 0, 1, 1], "texture": "#2"}
			}
		},
		{
			"name": "hexadecagon",
			"from": [3.9, 5.5, 6.18446],
			"to": [12.1, 6.5, 7.81554],
			"rotation": {"angle": -22.5, "axis": "y", "origin": [8, 6, 7]},
			"faces": {
				"north": {"uv": [0, 0, 1, 1], "texture": "#2"},
				"east": {"uv": [0, 0, 1, 1], "texture": "#2"},
				"south": {"uv": [0, 0, 1, 1], "texture": "#2"},
				"west": {"uv": [0, 0, 1, 1], "texture": "#2"},
				"up": {"uv": [0, 0, 1, 1], "texture": "#2"},
				"down": {"uv": [0, 0, 1, 1], "texture": "#2"}
			}
		},
		{
			"name": "hexadecagon",
			"from": [3.9, 5.5, 6.18446],
			"to": [12.1, 6.5, 7.81554],
			"rotation": {"angle": 0, "axis": "y", "origin": [8, 6, 7]},
			"faces": {
				"north": {"uv": [0, 0, 1, 1], "texture": "#2"},
				"east": {"uv": [0, 0, 1, 1], "texture": "#2"},
				"south": {"uv": [0, 0, 1, 1], "texture": "#2"},
				"west": {"uv": [0, 0, 1, 1], "texture": "#2"},
				"up": {"uv": [0, 0, 1, 1], "texture": "#2"},
				"down": {"uv": [0, 0, 1, 1], "texture": "#2"}
			}
		},
		{
			"name": "hexadecagon",
			"from": [3.9, 5.5, 6.18446],
			"to": [12.1, 6.5, 7.81554],
			"rotation": {"angle": 22.5, "axis": "y", "origin": [8, 6, 7]},
			"faces": {
				"north": {"uv": [0, 0, 1, 1], "texture": "#2"},
				"east": {"uv": [0, 0, 1, 1], "texture": "#2"},
				"south": {"uv": [0, 0, 1, 1], "texture": "#2"},
				"west": {"uv": [0, 0, 1, 1], "texture": "#2"},
				"up": {"uv": [0, 0, 1, 1], "texture": "#2"},
				"down": {"uv": [0, 0, 1, 1], "texture": "#2"}
			}
		},
		{
			"name": "hexadecagon",
			"from": [7.02533, 21.5, 2.1],
			"to": [8.97467, 22, 11.9],
			"rotation": {"angle": -45, "axis": "y", "origin": [8, 22, 7]},
			"faces": {
				"north": {"uv": [0, 0, 1, 1], "texture": "#0"},
				"east": {"uv": [0, 0, 1, 1], "texture": "#0"},
				"south": {"uv": [0, 0, 1, 1], "texture": "#0"},
				"west": {"uv": [0, 0, 1, 1], "texture": "#0"},
				"up": {"uv": [0, 0, 1, 1], "texture": "#0"},
				"down": {"uv": [0, 0, 1, 1], "texture": "#0"}
			}
		},
		{
			"name": "hexadecagon",
			"from": [7.02533, 21.5, 2.1],
			"to": [8.97467, 22, 11.9],
			"rotation": {"angle": -22.5, "axis": "y", "origin": [8, 22, 7]},
			"faces": {
				"north": {"uv": [0, 0, 1, 1], "texture": "#0"},
				"east": {"uv": [0, 0, 1, 1], "texture": "#0"},
				"south": {"uv": [0, 0, 1, 1], "texture": "#0"},
				"west": {"uv": [0, 0, 1, 1], "texture": "#0"},
				"up": {"uv": [0, 0, 1, 1], "texture": "#0"},
				"down": {"uv": [0, 0, 1, 1], "texture": "#0"}
			}
		},
		{
			"name": "hexadecagon",
			"from": [7.02533, 21.5, 2.1],
			"to": [8.97467, 22, 11.9],
			"rotation": {"angle": 0, "axis": "y", "origin": [8, 22, 7]},
			"faces": {
				"north": {"uv": [0, 0, 1, 1], "texture": "#0"},
				"east": {"uv": [0, 0, 1, 1], "texture": "#0"},
				"south": {"uv": [0, 0, 1, 1], "texture": "#0"},
				"west": {"uv": [0, 0, 1, 1], "texture": "#0"},
				"up": {"uv": [0, 0, 1, 1], "texture": "#0"},
				"down": {"uv": [0, 0, 1, 1], "texture": "#0"}
			}
		},
		{
			"name": "hexadecagon",
			"from": [7.02533, 21.5, 2.1],
			"to": [8.97467, 22, 11.9],
			"rotation": {"angle": 22.5, "axis": "y", "origin": [8, 22, 7]},
			"faces": {
				"north": {"uv": [0, 0, 1, 1], "texture": "#0"},
				"east": {"uv": [0, 0, 1, 1], "texture": "#0"},
				"south": {"uv": [0, 0, 1, 1], "texture": "#0"},
				"west": {"uv": [0, 0, 1, 1], "texture": "#0"},
				"up": {"uv": [0, 0, 1, 1], "texture": "#0"},
				"down": {"uv": [0, 0, 1, 1], "texture": "#0"}
			}
		},
		{
			"name": "hexadecagon",
			"from": [7.02533, 21.5, 2.1],
			"to": [8.97467, 22, 11.9],
			"rotation": {"angle": 45, "axis": "y", "origin": [8, 22, 7]},
			"faces": {
				"north": {"uv": [0, 0, 1, 1], "texture": "#0"},
				"east": {"uv": [0, 0, 1, 1], "texture": "#0"},
				"south": {"uv": [0, 0, 1, 1], "texture": "#0"},
				"west": {"uv": [0, 0, 1, 1], "texture": "#0"},
				"up": {"uv": [0, 0, 1, 1], "texture": "#0"},
				"down": {"uv": [0, 0, 1, 1], "texture": "#0"}
			}
		},
		{
			"name": "hexadecagon",
			"from": [3.1, 21.5, 6.02533],
			"to": [12.9, 22, 7.97467],
			"rotation": {"angle": -22.5, "axis": "y", "origin": [8, 22, 7]},
			"faces": {
				"north": {"uv": [0, 0, 1, 1], "texture": "#1"},
				"east": {"uv": [0, 0, 1, 1], "texture": "#1"},
				"south": {"uv": [0, 0, 1, 1], "texture": "#1"},
				"west": {"uv": [0, 0, 1, 1], "texture": "#1"},
				"up": {"uv": [0, 0, 1, 1], "texture": "#1"},
				"down": {"uv": [0, 0, 1, 1], "texture": "#1"}
			}
		},
		{
			"name": "hexadecagon",
			"from": [3.1, 21.5, 6.02533],
			"to": [12.9, 22, 7.97467],
			"rotation": {"angle": 0, "axis": "y", "origin": [8, 22, 7]},
			"faces": {
				"north": {"uv": [0, 0, 1, 1], "texture": "#0"},
				"east": {"uv": [0, 0, 1, 1], "texture": "#0"},
				"south": {"uv": [0, 0, 1, 1], "texture": "#0"},
				"west": {"uv": [0, 0, 1, 1], "texture": "#0"},
				"up": {"uv": [0, 0, 1, 1], "texture": "#0"},
				"down": {"uv": [0, 0, 1, 1], "texture": "#0"}
			}
		},
		{
			"name": "hexadecagon",
			"from": [3.1, 21.5, 6.02533],
			"to": [12.9, 22, 7.97467],
			"rotation": {"angle": 22.5, "axis": "y", "origin": [8, 22, 7]},
			"faces": {
				"north": {"uv": [0, 0, 1, 1], "texture": "#1"},
				"east": {"uv": [0, 0, 1, 1], "texture": "#1"},
				"south": {"uv": [0, 0, 1, 1], "texture": "#1"},
				"west": {"uv": [0, 0, 1, 1], "texture": "#1"},
				"up": {"uv": [0, 0, 1, 1], "texture": "#1"},
				"down": {"uv": [0, 0, 1, 1], "texture": "#1"}
			}
		},
		{
			"name": "hexadecagon",
			"from": [7.06511, 21.5, 2.3],
			"to": [8.93489, 22.5, 11.7],
			"rotation": {"angle": -45, "axis": "y", "origin": [8, 22, 7]},
			"faces": {
				"north": {"uv": [0, 0, 1, 1], "texture": "#0"},
				"east": {"uv": [0, 0, 1, 1], "texture": "#0"},
				"south": {"uv": [0, 0, 1, 1], "texture": "#0"},
				"west": {"uv": [0, 0, 1, 1], "texture": "#0"},
				"up": {"uv": [0, 0, 1, 1], "texture": "#0"},
				"down": {"uv": [0, 0, 1, 1], "texture": "#0"}
			}
		},
		{
			"name": "hexadecagon",
			"from": [7.06511, 21.5, 2.3],
			"to": [8.93489, 22.5, 11.7],
			"rotation": {"angle": -22.5, "axis": "y", "origin": [8, 22, 7]},
			"faces": {
				"north": {"uv": [0, 0, 1, 1], "texture": "#1"},
				"east": {"uv": [0, 0, 1, 1], "texture": "#1"},
				"south": {"uv": [0, 0, 1, 1], "texture": "#1"},
				"west": {"uv": [0, 0, 1, 1], "texture": "#1"},
				"up": {"uv": [0, 0, 1, 1], "texture": "#1"},
				"down": {"uv": [0, 0, 1, 1], "texture": "#1"}
			}
		},
		{
			"name": "hexadecagon",
			"from": [7.06511, 21.5, 2.3],
			"to": [8.93489, 22.5, 11.7],
			"rotation": {"angle": 0, "axis": "y", "origin": [8, 22, 7]},
			"faces": {
				"north": {"uv": [0, 0, 1, 1], "texture": "#0"},
				"east": {"uv": [0, 0, 1, 1], "texture": "#0"},
				"south": {"uv": [0, 0, 1, 1], "texture": "#0"},
				"west": {"uv": [0, 0, 1, 1], "texture": "#0"},
				"up": {"uv": [0, 0, 1, 1], "texture": "#0"},
				"down": {"uv": [0, 0, 1, 1], "texture": "#0"}
			}
		},
		{
			"name": "hexadecagon",
			"from": [7.06511, 21.5, 2.3],
			"to": [8.93489, 22.5, 11.7],
			"rotation": {"angle": 22.5, "axis": "y", "origin": [8, 22, 7]},
			"faces": {
				"north": {"uv": [0, 0, 1, 1], "texture": "#1"},
				"east": {"uv": [0, 0, 1, 1], "texture": "#1"},
				"south": {"uv": [0, 0, 1, 1], "texture": "#1"},
				"west": {"uv": [0, 0, 1, 1], "texture": "#1"},
				"up": {"uv": [0, 0, 1, 1], "texture": "#1"},
				"down": {"uv": [0, 0, 1, 1], "texture": "#1"}
			}
		},
		{
			"name": "hexadecagon",
			"from": [7.06511, 21.5, 2.3],
			"to": [8.93489, 22.5, 11.7],
			"rotation": {"angle": 45, "axis": "y", "origin": [8, 22, 7]},
			"faces": {
				"north": {"uv": [0, 0, 1, 1], "texture": "#0"},
				"east": {"uv": [0, 0, 1, 1], "texture": "#0"},
				"south": {"uv": [0, 0, 1, 1], "texture": "#0"},
				"west": {"uv": [0, 0, 1, 1], "texture": "#0"},
				"up": {"uv": [0, 0, 1, 1], "texture": "#0"},
				"down": {"uv": [0, 0, 1, 1], "texture": "#0"}
			}
		},
		{
			"name": "hexadecagon",
			"from": [3.3, 21.5, 6.06511],
			"to": [12.7, 22.5, 7.93489],
			"rotation": {"angle": -22.5, "axis": "y", "origin": [8, 22, 7]},
			"faces": {
				"north": {"uv": [0, 0, 1, 1], "texture": "#0"},
				"east": {"uv": [0, 0, 1, 1], "texture": "#0"},
				"south": {"uv": [0, 0, 1, 1], "texture": "#0"},
				"west": {"uv": [0, 0, 1, 1], "texture": "#0"},
				"up": {"uv": [0, 0, 1, 1], "texture": "#0"},
				"down": {"uv": [0, 0, 1, 1], "texture": "#0"}
			}
		},
		{
			"name": "hexadecagon",
			"from": [3.3, 21.5, 6.06511],
			"to": [12.7, 22.5, 7.93489],
			"rotation": {"angle": 0, "axis": "y", "origin": [8, 22, 7]},
			"faces": {
				"north": {"uv": [0, 0, 1, 1], "texture": "#0"},
				"east": {"uv": [0, 0, 1, 1], "texture": "#0"},
				"south": {"uv": [0, 0, 1, 1], "texture": "#0"},
				"west": {"uv": [0, 0, 1, 1], "texture": "#0"},
				"up": {"uv": [0, 0, 1, 1], "texture": "#0"},
				"down": {"uv": [0, 0, 1, 1], "texture": "#0"}
			}
		},
		{
			"name": "hexadecagon",
			"from": [3, 21.5, 6.06511],
			"to": [13, 23.5, 7.93489],
			"rotation": {"angle": 0, "axis": "y", "origin": [8, 22, 7]},
			"faces": {
				"north": {"uv": [0, 0, 1, 1], "texture": "#1"},
				"east": {"uv": [0, 0, 1, 1], "texture": "#1"},
				"south": {"uv": [0, 0, 1, 1], "texture": "#1"},
				"west": {"uv": [0, 0, 1, 1], "texture": "#1"},
				"up": {"uv": [0, 0, 1, 1], "texture": "#1"},
				"down": {"uv": [0, 0, 1, 1], "texture": "#1"}
			}
		},
		{
			"name": "hexadecagon",
			"from": [3.3, 21.5, 6.06511],
			"to": [12.7, 22.5, 7.93489],
			"rotation": {"angle": 22.5, "axis": "y", "origin": [8, 22, 7]},
			"faces": {
				"north": {"uv": [0, 0, 1, 1], "texture": "#0"},
				"east": {"uv": [0, 0, 1, 1], "texture": "#0"},
				"south": {"uv": [0, 0, 1, 1], "texture": "#0"},
				"west": {"uv": [0, 0, 1, 1], "texture": "#0"},
				"up": {"uv": [0, 0, 1, 1], "texture": "#0"},
				"down": {"uv": [0, 0, 1, 1], "texture": "#0"}
			}
		},
		{
			"name": "hexadecagon",
			"from": [7.10489, 21.9, 2.5],
			"to": [8.89511, 23.9, 11.5],
			"rotation": {"angle": -45, "axis": "y", "origin": [8, 22.4, 7]},
			"faces": {
				"north": {"uv": [0, 0, 1, 1], "texture": "#0"},
				"east": {"uv": [0, 0, 1, 1], "texture": "#0"},
				"south": {"uv": [0, 0, 1, 1], "texture": "#0"},
				"west": {"uv": [0, 0, 1, 1], "texture": "#0"},
				"up": {"uv": [0, 0, 1, 1], "texture": "#0"},
				"down": {"uv": [0, 0, 1, 1], "texture": "#0"}
			}
		},
		{
			"name": "hexadecagon",
			"from": [7.10489, 21.9, 2.5],
			"to": [8.89511, 23.9, 11.5],
			"rotation": {"angle": -22.5, "axis": "y", "origin": [8, 22.4, 7]},
			"faces": {
				"north": {"uv": [0, 0, 1, 1], "texture": "#0"},
				"east": {"uv": [0, 0, 1, 1], "texture": "#0"},
				"south": {"uv": [0, 0, 1, 1], "texture": "#0"},
				"west": {"uv": [0, 0, 1, 1], "texture": "#0"},
				"up": {"uv": [0, 0, 1, 1], "texture": "#0"},
				"down": {"uv": [0, 0, 1, 1], "texture": "#0"}
			}
		},
		{
			"name": "hexadecagon",
			"from": [7.10489, 21.9, 2.5],
			"to": [8.89511, 23.9, 11.5],
			"rotation": {"angle": 0, "axis": "y", "origin": [8, 22.4, 7]},
			"faces": {
				"north": {"uv": [0, 0, 1, 1], "texture": "#1"},
				"east": {"uv": [0, 0, 1, 1], "texture": "#1"},
				"south": {"uv": [0, 0, 1, 1], "texture": "#1"},
				"west": {"uv": [0, 0, 1, 1], "texture": "#1"},
				"up": {"uv": [0, 0, 1, 1], "texture": "#1"},
				"down": {"uv": [0, 0, 1, 1], "texture": "#1"}
			}
		},
		{
			"name": "hexadecagon",
			"from": [7.10489, 21.9, 2.5],
			"to": [8.89511, 23.9, 11.5],
			"rotation": {"angle": 22.5, "axis": "y", "origin": [8, 22.4, 7]},
			"faces": {
				"north": {"uv": [0, 0, 1, 1], "texture": "#1"},
				"east": {"uv": [0, 0, 1, 1], "texture": "#1"},
				"south": {"uv": [0, 0, 1, 1], "texture": "#1"},
				"west": {"uv": [0, 0, 1, 1], "texture": "#1"},
				"up": {"uv": [0, 0, 1, 1], "texture": "#1"},
				"down": {"uv": [0, 0, 1, 1], "texture": "#1"}
			}
		},
		{
			"name": "hexadecagon",
			"from": [7.10489, 21.9, 2.5],
			"to": [8.89511, 23.9, 11.5],
			"rotation": {"angle": 45, "axis": "y", "origin": [8, 22.4, 7]},
			"faces": {
				"north": {"uv": [0, 0, 1, 1], "texture": "#1"},
				"east": {"uv": [0, 0, 1, 1], "texture": "#1"},
				"south": {"uv": [0, 0, 1, 1], "texture": "#1"},
				"west": {"uv": [0, 0, 1, 1], "texture": "#1"},
				"up": {"uv": [0, 0, 1, 1], "texture": "#1"},
				"down": {"uv": [0, 0, 1, 1], "texture": "#1"}
			}
		},
		{
			"name": "hexadecagon",
			"from": [3.5, 21.9, 6.10489],
			"to": [12.5, 23.9, 7.89511],
			"rotation": {"angle": -22.5, "axis": "y", "origin": [8, 22.4, 7]},
			"faces": {
				"north": {"uv": [0, 0, 1, 1], "texture": "#0"},
				"east": {"uv": [0, 0, 1, 1], "texture": "#0"},
				"south": {"uv": [0, 0, 1, 1], "texture": "#0"},
				"west": {"uv": [0, 0, 1, 1], "texture": "#0"},
				"up": {"uv": [0, 0, 1, 1], "texture": "#0"},
				"down": {"uv": [0, 0, 1, 1], "texture": "#0"}
			}
		},
		{
			"name": "hexadecagon",
			"from": [3.5, 21.9, 6.10489],
			"to": [12.5, 23.9, 7.89511],
			"rotation": {"angle": 0, "axis": "y", "origin": [8, 22.4, 7]},
			"faces": {
				"north": {"uv": [0, 0, 1, 1], "texture": "#0"},
				"east": {"uv": [0, 0, 1, 1], "texture": "#0"},
				"south": {"uv": [0, 0, 1, 1], "texture": "#0"},
				"west": {"uv": [0, 0, 1, 1], "texture": "#0"},
				"up": {"uv": [0, 0, 1, 1], "texture": "#0"},
				"down": {"uv": [0, 0, 1, 1], "texture": "#0"}
			}
		},
		{
			"name": "hexadecagon",
			"from": [3.5, 21.9, 6.10489],
			"to": [12.5, 23.9, 7.89511],
			"rotation": {"angle": 22.5, "axis": "y", "origin": [8, 22.4, 7]},
			"faces": {
				"north": {"uv": [0, 0, 1, 1], "texture": "#0"},
				"east": {"uv": [0, 0, 1, 1], "texture": "#0"},
				"south": {"uv": [0, 0, 1, 1], "texture": "#0"},
				"west": {"uv": [0, 0, 1, 1], "texture": "#0"},
				"up": {"uv": [0, 0, 1, 1], "texture": "#0"},
				"down": {"uv": [0, 0, 1, 1], "texture": "#0"}
			}
		},
		{
			"name": "hexadecagon",
			"from": [7.14468, 22.2, 2.7],
			"to": [8.85532, 25.2, 11.3],
			"rotation": {"angle": -45, "axis": "y", "origin": [8, 22.7, 7]},
			"faces": {
				"north": {"uv": [0, 0, 1, 1], "texture": "#1"},
				"east": {"uv": [0, 0, 1, 1], "texture": "#1"},
				"south": {"uv": [0, 0, 1, 1], "texture": "#1"},
				"west": {"uv": [0, 0, 1, 1], "texture": "#1"},
				"up": {"uv": [0, 0, 1, 1], "texture": "#1"},
				"down": {"uv": [0, 0, 1, 1], "texture": "#1"}
			}
		},
		{
			"name": "hexadecagon",
			"from": [7.14468, 22.2, 2.7],
			"to": [8.85532, 25.2, 11.3],
			"rotation": {"angle": -22.5, "axis": "y", "origin": [8, 22.7, 7]},
			"faces": {
				"north": {"uv": [0, 0, 1, 1], "texture": "#0"},
				"east": {"uv": [0, 0, 1, 1], "texture": "#0"},
				"south": {"uv": [0, 0, 1, 1], "texture": "#0"},
				"west": {"uv": [0, 0, 1, 1], "texture": "#0"},
				"up": {"uv": [0, 0, 1, 1], "texture": "#0"},
				"down": {"uv": [0, 0, 1, 1], "texture": "#0"}
			}
		},
		{
			"name": "hexadecagon",
			"from": [7.14468, 22.2, 2.7],
			"to": [8.85532, 25.2, 11.3],
			"rotation": {"angle": 0, "axis": "y", "origin": [8, 22.7, 7]},
			"faces": {
				"north": {"uv": [0, 0, 1, 1], "texture": "#0"},
				"east": {"uv": [0, 0, 1, 1], "texture": "#0"},
				"south": {"uv": [0, 0, 1, 1], "texture": "#0"},
				"west": {"uv": [0, 0, 1, 1], "texture": "#0"},
				"up": {"uv": [0, 0, 1, 1], "texture": "#0"},
				"down": {"uv": [0, 0, 1, 1], "texture": "#0"}
			}
		},
		{
			"name": "hexadecagon",
			"from": [7.14468, 22.2, 2.7],
			"to": [8.85532, 25.2, 11.3],
			"rotation": {"angle": 22.5, "axis": "y", "origin": [8, 22.7, 7]},
			"faces": {
				"north": {"uv": [0, 0, 1, 1], "texture": "#0"},
				"east": {"uv": [0, 0, 1, 1], "texture": "#0"},
				"south": {"uv": [0, 0, 1, 1], "texture": "#0"},
				"west": {"uv": [0, 0, 1, 1], "texture": "#0"},
				"up": {"uv": [0, 0, 1, 1], "texture": "#0"},
				"down": {"uv": [0, 0, 1, 1], "texture": "#0"}
			}
		},
		{
			"name": "hexadecagon",
			"from": [7.14468, 22.2, 2.7],
			"to": [8.85532, 25.2, 11.3],
			"rotation": {"angle": 45, "axis": "y", "origin": [8, 22.7, 7]},
			"faces": {
				"north": {"uv": [0, 0, 1, 1], "texture": "#0"},
				"east": {"uv": [0, 0, 1, 1], "texture": "#0"},
				"south": {"uv": [0, 0, 1, 1], "texture": "#0"},
				"west": {"uv": [0, 0, 1, 1], "texture": "#0"},
				"up": {"uv": [0, 0, 1, 1], "texture": "#0"},
				"down": {"uv": [0, 0, 1, 1], "texture": "#0"}
			}
		},
		{
			"name": "hexadecagon",
			"from": [3.7, 22.2, 6.14468],
			"to": [12.3, 25.2, 7.85532],
			"rotation": {"angle": -22.5, "axis": "y", "origin": [8, 22.7, 7]},
			"faces": {
				"north": {"uv": [0, 0, 1, 1], "texture": "#0"},
				"east": {"uv": [0, 0, 1, 1], "texture": "#0"},
				"south": {"uv": [0, 0, 1, 1], "texture": "#0"},
				"west": {"uv": [0, 0, 1, 1], "texture": "#0"},
				"up": {"uv": [0, 0, 1, 1], "texture": "#0"},
				"down": {"uv": [0, 0, 1, 1], "texture": "#0"}
			}
		},
		{
			"name": "hexadecagon",
			"from": [3.7, 22.2, 6.14468],
			"to": [12.3, 25.2, 7.85532],
			"rotation": {"angle": 0, "axis": "y", "origin": [8, 22.7, 7]},
			"faces": {
				"north": {"uv": [0, 0, 1, 1], "texture": "#0"},
				"east": {"uv": [0, 0, 1, 1], "texture": "#0"},
				"south": {"uv": [0, 0, 1, 1], "texture": "#0"},
				"west": {"uv": [0, 0, 1, 1], "texture": "#0"},
				"up": {"uv": [0, 0, 1, 1], "texture": "#0"},
				"down": {"uv": [0, 0, 1, 1], "texture": "#0"}
			}
		},
		{
			"name": "hexadecagon",
			"from": [3.7, 22.2, 6.14468],
			"to": [12.3, 25.2, 7.85532],
			"rotation": {"angle": 22.5, "axis": "y", "origin": [8, 22.7, 7]},
			"faces": {
				"north": {"uv": [0, 0, 1, 1], "texture": "#0"},
				"east": {"uv": [0, 0, 1, 1], "texture": "#0"},
				"south": {"uv": [0, 0, 1, 1], "texture": "#0"},
				"west": {"uv": [0, 0, 1, 1], "texture": "#0"},
				"up": {"uv": [0, 0, 1, 1], "texture": "#0"},
				"down": {"uv": [0, 0, 1, 1], "texture": "#0"}
			}
		},
		{
			"name": "hexadecagon",
			"from": [7.18446, 22.5, 2.9],
			"to": [8.81554, 26.5, 11.1],
			"rotation": {"angle": -45, "axis": "y", "origin": [8, 23, 7]},
			"faces": {
				"north": {"uv": [0, 0, 1, 1], "texture": "#0"},
				"east": {"uv": [0, 0, 1, 1], "texture": "#0"},
				"south": {"uv": [0, 0, 1, 1], "texture": "#0"},
				"west": {"uv": [0, 0, 1, 1], "texture": "#0"},
				"up": {"uv": [0, 0, 1, 1], "texture": "#0"},
				"down": {"uv": [0, 0, 1, 1], "texture": "#0"}
			}
		},
		{
			"name": "hexadecagon",
			"from": [7.18446, 22.5, 2.9],
			"to": [8.81554, 26.5, 11.1],
			"rotation": {"angle": -22.5, "axis": "y", "origin": [8, 23, 7]},
			"faces": {
				"north": {"uv": [0, 0, 1, 1], "texture": "#1"},
				"east": {"uv": [0, 0, 1, 1], "texture": "#1"},
				"south": {"uv": [0, 0, 1, 1], "texture": "#1"},
				"west": {"uv": [0, 0, 1, 1], "texture": "#1"},
				"up": {"uv": [0, 0, 1, 1], "texture": "#1"},
				"down": {"uv": [0, 0, 1, 1], "texture": "#1"}
			}
		},
		{
			"name": "hexadecagon",
			"from": [7.18446, 22.5, 2.9],
			"to": [8.81554, 26.5, 11.1],
			"rotation": {"angle": 0, "axis": "y", "origin": [8, 23, 7]},
			"faces": {
				"north": {"uv": [0, 0, 1, 1], "texture": "#0"},
				"east": {"uv": [0, 0, 1, 1], "texture": "#0"},
				"south": {"uv": [0, 0, 1, 1], "texture": "#0"},
				"west": {"uv": [0, 0, 1, 1], "texture": "#0"},
				"up": {"uv": [0, 0, 1, 1], "texture": "#0"},
				"down": {"uv": [0, 0, 1, 1], "texture": "#0"}
			}
		},
		{
			"name": "hexadecagon",
			"from": [7.18446, 22.5, 2.9],
			"to": [8.81554, 26.5, 11.1],
			"rotation": {"angle": 22.5, "axis": "y", "origin": [8, 23, 7]},
			"faces": {
				"north": {"uv": [0, 0, 1, 1], "texture": "#0"},
				"east": {"uv": [0, 0, 1, 1], "texture": "#0"},
				"south": {"uv": [0, 0, 1, 1], "texture": "#0"},
				"west": {"uv": [0, 0, 1, 1], "texture": "#0"},
				"up": {"uv": [0, 0, 1, 1], "texture": "#0"},
				"down": {"uv": [0, 0, 1, 1], "texture": "#0"}
			}
		},
		{
			"name": "hexadecagon",
			"from": [7.18446, 22.5, 2.9],
			"to": [8.81554, 26.5, 11.1],
			"rotation": {"angle": 45, "axis": "y", "origin": [8, 23, 7]},
			"faces": {
				"north": {"uv": [0, 0, 1, 1], "texture": "#1"},
				"east": {"uv": [0, 0, 1, 1], "texture": "#1"},
				"south": {"uv": [0, 0, 1, 1], "texture": "#1"},
				"west": {"uv": [0, 0, 1, 1], "texture": "#1"},
				"up": {"uv": [0, 0, 1, 1], "texture": "#1"},
				"down": {"uv": [0, 0, 1, 1], "texture": "#1"}
			}
		},
		{
			"name": "hexadecagon",
			"from": [3.9, 22.5, 6.18446],
			"to": [12.1, 26.5, 7.81554],
			"rotation": {"angle": -22.5, "axis": "y", "origin": [8, 23, 7]},
			"faces": {
				"north": {"uv": [0, 0, 1, 1], "texture": "#0"},
				"east": {"uv": [0, 0, 1, 1], "texture": "#0"},
				"south": {"uv": [0, 0, 1, 1], "texture": "#0"},
				"west": {"uv": [0, 0, 1, 1], "texture": "#0"},
				"up": {"uv": [0, 0, 1, 1], "texture": "#0"},
				"down": {"uv": [0, 0, 1, 1], "texture": "#0"}
			}
		},
		{
			"name": "hexadecagon",
			"from": [3.9, 22.5, 6.18446],
			"to": [12.1, 26.5, 7.81554],
			"rotation": {"angle": 0, "axis": "y", "origin": [8, 23, 7]},
			"faces": {
				"north": {"uv": [0, 0, 1, 1], "texture": "#0"},
				"east": {"uv": [0, 0, 1, 1], "texture": "#0"},
				"south": {"uv": [0, 0, 1, 1], "texture": "#0"},
				"west": {"uv": [0, 0, 1, 1], "texture": "#0"},
				"up": {"uv": [0, 0, 1, 1], "texture": "#0"},
				"down": {"uv": [0, 0, 1, 1], "texture": "#0"}
			}
		},
		{
			"name": "hexadecagon",
			"from": [3.9, 22.5, 6.18446],
			"to": [12.1, 26.5, 7.81554],
			"rotation": {"angle": 22.5, "axis": "y", "origin": [8, 23, 7]},
			"faces": {
				"north": {"uv": [0, 0, 1, 1], "texture": "#0"},
				"east": {"uv": [0, 0, 1, 1], "texture": "#0"},
				"south": {"uv": [0, 0, 1, 1], "texture": "#0"},
				"west": {"uv": [0, 0, 1, 1], "texture": "#0"},
				"up": {"uv": [0, 0, 1, 1], "texture": "#0"},
				"down": {"uv": [0, 0, 1, 1], "texture": "#0"}
			}
		},
		{
			"name": "hexadecagon",
			"from": [7.22424, 22.8, 3.1],
			"to": [8.77576, 27.8, 10.9],
			"rotation": {"angle": -45, "axis": "y", "origin": [8, 23.3, 7]},
			"faces": {
				"north": {"uv": [0, 0, 1, 1], "texture": "#1"},
				"east": {"uv": [0, 0, 1, 1], "texture": "#1"},
				"south": {"uv": [0, 0, 1, 1], "texture": "#1"},
				"west": {"uv": [0, 0, 1, 1], "texture": "#1"},
				"up": {"uv": [0, 0, 1, 1], "texture": "#1"},
				"down": {"uv": [0, 0, 1, 1], "texture": "#1"}
			}
		},
		{
			"name": "hexadecagon",
			"from": [7.22424, 22.8, 3.1],
			"to": [8.77576, 27.8, 10.9],
			"rotation": {"angle": -22.5, "axis": "y", "origin": [8, 23.3, 7]},
			"faces": {
				"north": {"uv": [0, 0, 1, 1], "texture": "#0"},
				"east": {"uv": [0, 0, 1, 1], "texture": "#0"},
				"south": {"uv": [0, 0, 1, 1], "texture": "#0"},
				"west": {"uv": [0, 0, 1, 1], "texture": "#0"},
				"up": {"uv": [0, 0, 1, 1], "texture": "#0"},
				"down": {"uv": [0, 0, 1, 1], "texture": "#0"}
			}
		},
		{
			"name": "hexadecagon",
			"from": [7.22424, 22.8, 3.1],
			"to": [8.77576, 27.8, 10.9],
			"rotation": {"angle": 0, "axis": "y", "origin": [8, 23.3, 7]},
			"faces": {
				"north": {"uv": [0, 0, 1, 1], "texture": "#1"},
				"east": {"uv": [0, 0, 1, 1], "texture": "#1"},
				"south": {"uv": [0, 0, 1, 1], "texture": "#1"},
				"west": {"uv": [0, 0, 1, 1], "texture": "#1"},
				"up": {"uv": [0, 0, 1, 1], "texture": "#1"},
				"down": {"uv": [0, 0, 1, 1], "texture": "#1"}
			}
		},
		{
			"name": "hexadecagon",
			"from": [7.22424, 22.8, 3.1],
			"to": [8.77576, 27.8, 10.9],
			"rotation": {"angle": 22.5, "axis": "y", "origin": [8, 23.3, 7]},
			"faces": {
				"north": {"uv": [0, 0, 1, 1], "texture": "#0"},
				"east": {"uv": [0, 0, 1, 1], "texture": "#0"},
				"south": {"uv": [0, 0, 1, 1], "texture": "#0"},
				"west": {"uv": [0, 0, 1, 1], "texture": "#0"},
				"up": {"uv": [0, 0, 1, 1], "texture": "#0"},
				"down": {"uv": [0, 0, 1, 1], "texture": "#0"}
			}
		},
		{
			"name": "hexadecagon",
			"from": [7.22424, 22.8, 3.1],
			"to": [8.77576, 27.8, 10.9],
			"rotation": {"angle": 45, "axis": "y", "origin": [8, 23.3, 7]},
			"faces": {
				"north": {"uv": [0, 0, 1, 1], "texture": "#0"},
				"east": {"uv": [0, 0, 1, 1], "texture": "#0"},
				"south": {"uv": [0, 0, 1, 1], "texture": "#0"},
				"west": {"uv": [0, 0, 1, 1], "texture": "#0"},
				"up": {"uv": [0, 0, 1, 1], "texture": "#0"},
				"down": {"uv": [0, 0, 1, 1], "texture": "#0"}
			}
		},
		{
			"name": "hexadecagon",
			"from": [4.1, 22.8, 6.22424],
			"to": [11.9, 27.8, 7.77576],
			"rotation": {"angle": -22.5, "axis": "y", "origin": [8, 23.3, 7]},
			"faces": {
				"north": {"uv": [0, 0, 1, 1], "texture": "#0"},
				"east": {"uv": [0, 0, 1, 1], "texture": "#0"},
				"south": {"uv": [0, 0, 1, 1], "texture": "#0"},
				"west": {"uv": [0, 0, 1, 1], "texture": "#0"},
				"up": {"uv": [0, 0, 1, 1], "texture": "#0"},
				"down": {"uv": [0, 0, 1, 1], "texture": "#0"}
			}
		},
		{
			"name": "hexadecagon",
			"from": [3.2, 22.8, 6.22424],
			"to": [12.9, 27.8, 7.77576],
			"rotation": {"angle": 0, "axis": "y", "origin": [8, 23.3, 7]},
			"faces": {
				"north": {"uv": [0, 0, 1, 1], "texture": "#0"},
				"east": {"uv": [0, 0, 1, 1], "texture": "#0"},
				"south": {"uv": [0, 0, 1, 1], "texture": "#0"},
				"west": {"uv": [0, 0, 1, 1], "texture": "#0"},
				"up": {"uv": [0, 0, 1, 1], "texture": "#0"},
				"down": {"uv": [0, 0, 1, 1], "texture": "#0"}
			}
		},
		{
			"name": "hexadecagon",
			"from": [4.1, 22.8, 6.22424],
			"to": [11.9, 27.8, 7.77576],
			"rotation": {"angle": 22.5, "axis": "y", "origin": [8, 23.3, 7]},
			"faces": {
				"north": {"uv": [0, 0, 1, 1], "texture": "#1"},
				"east": {"uv": [0, 0, 1, 1], "texture": "#1"},
				"south": {"uv": [0, 0, 1, 1], "texture": "#1"},
				"west": {"uv": [0, 0, 1, 1], "texture": "#1"},
				"up": {"uv": [0, 0, 1, 1], "texture": "#1"},
				"down": {"uv": [0, 0, 1, 1], "texture": "#1"}
			}
		},
		{
			"name": "hexadecagon",
			"from": [7.3237, 27.1, 3.6],
			"to": [8.6763, 28.1, 10.4],
			"rotation": {"angle": -45, "axis": "y", "origin": [8, 27.6, 7]},
			"faces": {
				"north": {"uv": [0, 0, 1, 1], "texture": "#0"},
				"east": {"uv": [0, 0, 1, 1], "texture": "#0"},
				"south": {"uv": [0, 0, 1, 1], "texture": "#0"},
				"west": {"uv": [0, 0, 1, 1], "texture": "#0"},
				"up": {"uv": [0, 0, 1, 1], "texture": "#0"},
				"down": {"uv": [0, 0, 1, 1], "texture": "#0"}
			}
		},
		{
			"name": "hexadecagon",
			"from": [7.3237, 27.1, 3.6],
			"to": [8.6763, 28.1, 10.4],
			"rotation": {"angle": -22.5, "axis": "y", "origin": [8, 27.6, 7]},
			"faces": {
				"north": {"uv": [0, 0, 1, 1], "texture": "#0"},
				"east": {"uv": [0, 0, 1, 1], "texture": "#0"},
				"south": {"uv": [0, 0, 1, 1], "texture": "#0"},
				"west": {"uv": [0, 0, 1, 1], "texture": "#0"},
				"up": {"uv": [0, 0, 1, 1], "texture": "#0"},
				"down": {"uv": [0, 0, 1, 1], "texture": "#0"}
			}
		},
		{
			"name": "hexadecagon",
			"from": [7.3237, 27.1, 3.6],
			"to": [8.6763, 28.1, 10.4],
			"rotation": {"angle": 0, "axis": "y", "origin": [8, 27.6, 7]},
			"faces": {
				"north": {"uv": [0, 0, 1, 1], "texture": "#0"},
				"east": {"uv": [0, 0, 1, 1], "texture": "#0"},
				"south": {"uv": [0, 0, 1, 1], "texture": "#0"},
				"west": {"uv": [0, 0, 1, 1], "texture": "#0"},
				"up": {"uv": [0, 0, 1, 1], "texture": "#0"},
				"down": {"uv": [0, 0, 1, 1], "texture": "#0"}
			}
		},
		{
			"name": "hexadecagon",
			"from": [7.3237, 27.1, 3.6],
			"to": [8.6763, 28.1, 10.4],
			"rotation": {"angle": 22.5, "axis": "y", "origin": [8, 27.6, 7]},
			"faces": {
				"north": {"uv": [0, 0, 1, 1], "texture": "#0"},
				"east": {"uv": [0, 0, 1, 1], "texture": "#0"},
				"south": {"uv": [0, 0, 1, 1], "texture": "#0"},
				"west": {"uv": [0, 0, 1, 1], "texture": "#0"},
				"up": {"uv": [0, 0, 1, 1], "texture": "#0"},
				"down": {"uv": [0, 0, 1, 1], "texture": "#0"}
			}
		},
		{
			"name": "hexadecagon",
			"from": [7.3237, 27.1, 3.6],
			"to": [8.6763, 28.1, 10.4],
			"rotation": {"angle": 45, "axis": "y", "origin": [8, 27.6, 7]},
			"faces": {
				"north": {"uv": [0, 0, 1, 1], "texture": "#0"},
				"east": {"uv": [0, 0, 1, 1], "texture": "#0"},
				"south": {"uv": [0, 0, 1, 1], "texture": "#0"},
				"west": {"uv": [0, 0, 1, 1], "texture": "#0"},
				"up": {"uv": [0, 0, 1, 1], "texture": "#0"},
				"down": {"uv": [0, 0, 1, 1], "texture": "#0"}
			}
		},
		{
			"name": "hexadecagon",
			"from": [4.6, 27.1, 6.3237],
			"to": [11.4, 28.1, 7.6763],
			"rotation": {"angle": -22.5, "axis": "y", "origin": [8, 27.6, 7]},
			"faces": {
				"north": {"uv": [0, 0, 1, 1], "texture": "#0"},
				"east": {"uv": [0, 0, 1, 1], "texture": "#0"},
				"south": {"uv": [0, 0, 1, 1], "texture": "#0"},
				"west": {"uv": [0, 0, 1, 1], "texture": "#0"},
				"up": {"uv": [0, 0, 1, 1], "texture": "#0"},
				"down": {"uv": [0, 0, 1, 1], "texture": "#0"}
			}
		},
		{
			"name": "hexadecagon",
			"from": [4.6, 27.1, 6.3237],
			"to": [11.4, 28.1, 7.6763],
			"rotation": {"angle": 0, "axis": "y", "origin": [8, 27.6, 7]},
			"faces": {
				"north": {"uv": [0, 0, 1, 1], "texture": "#0"},
				"east": {"uv": [0, 0, 1, 1], "texture": "#0"},
				"south": {"uv": [0, 0, 1, 1], "texture": "#0"},
				"west": {"uv": [0, 0, 1, 1], "texture": "#0"},
				"up": {"uv": [0, 0, 1, 1], "texture": "#0"},
				"down": {"uv": [0, 0, 1, 1], "texture": "#0"}
			}
		},
		{
			"name": "hexadecagon",
			"from": [4.6, 27.1, 6.3237],
			"to": [11.4, 28.1, 7.6763],
			"rotation": {"angle": 22.5, "axis": "y", "origin": [8, 27.6, 7]},
			"faces": {
				"north": {"uv": [0, 0, 1, 1], "texture": "#0"},
				"east": {"uv": [0, 0, 1, 1], "texture": "#0"},
				"south": {"uv": [0, 0, 1, 1], "texture": "#0"},
				"west": {"uv": [0, 0, 1, 1], "texture": "#0"},
				"up": {"uv": [0, 0, 1, 1], "texture": "#0"},
				"down": {"uv": [0, 0, 1, 1], "texture": "#0"}
			}
		},
		{
			"name": "hexadecagon",
			"from": [2.5, 22.40054, 6.5],
			"to": [13.5, 22.59946, 7.5],
			"rotation": {"angle": -45, "axis": "x", "origin": [13, 22.5, 7]},
			"faces": {
				"north": {"uv": [0, 0, 1, 1], "texture": "#3"},
				"east": {"uv": [0, 0, 1, 1], "texture": "#3"},
				"south": {"uv": [0, 0, 1, 1], "texture": "#3"},
				"west": {"uv": [0, 0, 1, 1], "texture": "#3"},
				"up": {"uv": [0, 0, 1, 1], "texture": "#3"},
				"down": {"uv": [0, 0, 1, 1], "texture": "#3"}
			}
		},
		{
			"name": "hexadecagon",
			"from": [2.5, 22.40054, 6.5],
			"to": [13.5, 22.59946, 7.5],
			"rotation": {"angle": -22.5, "axis": "x", "origin": [13, 22.5, 7]},
			"faces": {
				"north": {"uv": [0, 0, 1, 1], "texture": "#3"},
				"east": {"uv": [0, 0, 1, 1], "texture": "#3"},
				"south": {"uv": [0, 0, 1, 1], "texture": "#3"},
				"west": {"uv": [0, 0, 1, 1], "texture": "#3"},
				"up": {"uv": [0, 0, 1, 1], "texture": "#3"},
				"down": {"uv": [0, 0, 1, 1], "texture": "#3"}
			}
		},
		{
			"name": "hexadecagon",
			"from": [2.5, 22.40054, 6.5],
			"to": [13.5, 22.59946, 7.5],
			"rotation": {"angle": 0, "axis": "x", "origin": [13, 22.5, 7]},
			"faces": {
				"north": {"uv": [0, 0, 1, 1], "texture": "#3"},
				"east": {"uv": [0, 0, 1, 1], "texture": "#3"},
				"south": {"uv": [0, 0, 1, 1], "texture": "#3"},
				"west": {"uv": [0, 0, 1, 1], "texture": "#3"},
				"up": {"uv": [0, 0, 1, 1], "texture": "#3"},
				"down": {"uv": [0, 0, 1, 1], "texture": "#3"}
			}
		},
		{
			"name": "hexadecagon",
			"from": [2.5, 22.40054, 6.5],
			"to": [13.5, 22.59946, 7.5],
			"rotation": {"angle": 22.5, "axis": "x", "origin": [13, 22.5, 7]},
			"faces": {
				"north": {"uv": [0, 0, 1, 1], "texture": "#3"},
				"east": {"uv": [0, 0, 1, 1], "texture": "#3"},
				"south": {"uv": [0, 0, 1, 1], "texture": "#3"},
				"west": {"uv": [0, 0, 1, 1], "texture": "#3"},
				"up": {"uv": [0, 0, 1, 1], "texture": "#3"},
				"down": {"uv": [0, 0, 1, 1], "texture": "#3"}
			}
		},
		{
			"name": "hexadecagon",
			"from": [2.5, 22.40054, 6.5],
			"to": [13.5, 22.59946, 7.5],
			"rotation": {"angle": 45, "axis": "x", "origin": [13, 22.5, 7]},
			"faces": {
				"north": {"uv": [0, 0, 1, 1], "texture": "#3"},
				"east": {"uv": [0, 0, 1, 1], "texture": "#3"},
				"south": {"uv": [0, 0, 1, 1], "texture": "#3"},
				"west": {"uv": [0, 0, 1, 1], "texture": "#3"},
				"up": {"uv": [0, 0, 1, 1], "texture": "#3"},
				"down": {"uv": [0, 0, 1, 1], "texture": "#3"}
			}
		},
		{
			"name": "hexadecagon",
			"from": [2.5, 22, 6.90054],
			"to": [13.5, 23, 7.09946],
			"rotation": {"angle": -22.5, "axis": "x", "origin": [13, 22.5, 7]},
			"faces": {
				"north": {"uv": [0, 0, 1, 1], "texture": "#3"},
				"east": {"uv": [0, 0, 1, 1], "texture": "#3"},
				"south": {"uv": [0, 0, 1, 1], "texture": "#3"},
				"west": {"uv": [0, 0, 1, 1], "texture": "#3"},
				"up": {"uv": [0, 0, 1, 1], "texture": "#3"},
				"down": {"uv": [0, 0, 1, 1], "texture": "#3"}
			}
		},
		{
			"name": "hexadecagon",
			"from": [2.5, 22, 6.90054],
			"to": [13.5, 23, 7.09946],
			"rotation": {"angle": 0, "axis": "x", "origin": [13, 22.5, 7]},
			"faces": {
				"north": {"uv": [0, 0, 1, 1], "texture": "#3"},
				"east": {"uv": [0, 0, 1, 1], "texture": "#3"},
				"south": {"uv": [0, 0, 1, 1], "texture": "#3"},
				"west": {"uv": [0, 0, 1, 1], "texture": "#3"},
				"up": {"uv": [0, 0, 1, 1], "texture": "#3"},
				"down": {"uv": [0, 0, 1, 1], "texture": "#3"}
			}
		},
		{
			"name": "hexadecagon",
			"from": [2.5, 22, 6.90054],
			"to": [13.5, 23, 7.09946],
			"rotation": {"angle": 22.5, "axis": "x", "origin": [13, 22.5, 7]},
			"faces": {
				"north": {"uv": [0, 0, 1, 1], "texture": "#3"},
				"east": {"uv": [0, 0, 1, 1], "texture": "#3"},
				"south": {"uv": [0, 0, 1, 1], "texture": "#3"},
				"west": {"uv": [0, 0, 1, 1], "texture": "#3"},
				"up": {"uv": [0, 0, 1, 1], "texture": "#3"},
				"down": {"uv": [0, 0, 1, 1], "texture": "#3"}
			}
		}
	],
	"display": {
		"thirdperson_righthand": {
			"rotation": [24, -34, 0],
			"scale": [0.27, 0.27, 0.27]
		},
		"thirdperson_lefthand": {
			"rotation": [24, -34, 0],
			"scale": [0.27, 0.27, 0.27]
		},
		"firstperson_righthand": {
			"rotation": [-2, 37, 0],
			"translation": [3, 0, 0],
			"scale": [0.27, 0.27, 0.27]
		},
		"firstperson_lefthand": {
			"rotation": [-2, 37, 0],
			"translation": [3, 0, 0],
			"scale": [0.27, 0.27, 0.27]
		},
		"gui": {
			"rotation": [0, -90, 0],
			"translation": [-1, -2.25, 0],
			"scale": [0.44, 0.44, 0.44]
		},
		"head": {
			"rotation": [0, 90, 0],
			"translation": [1.25, -33.25, 0],
			"scale": [1.17, 1.17, 1.17]
		},
		"fixed": {
			"rotation": [0, -90, 0],
			"translation": [-1.25, -2.75, 0],
			"scale": [0.51, 0.51, 0.51]
		}
	},
	"groups": [
		{
			"name": "gebluedroid",
			"origin": [8, 8, 8],
			"children": [0, 1, 2, 3, 4, 5, 6, 7, 8, 9, 10, 11, 12, 13, 14, 15, 16, 17, 18, 19, 20,
				{
					"name": "hexadecagon",
					"origin": [8, 8, 8],
					"children": [21, 22, 23, 24, 25, 26, 27, 28, 29, 30, 31, 32, 33, 34, 35, 36, 37, 38, 39, 40, 41, 42, 43, 44, 45, 46, 47, 48, 49, 50, 51, 52, 53, 54, 55, 56, 57, 58]
				},
				{
					"name": "hexadecagon",
					"origin": [8, 8, 8],
					"children": [59, 60, 61, 62, 63, 64, 65, 66]
				},
				{
					"name": "hexadecagon",
					"origin": [8, 8, 8],
					"children": [67, 68, 69, 70, 71, 72, 73, 74]
				},
				{
					"name": "hexadecagon",
					"origin": [8, 8, 8],
					"children": [75, 76, 77, 78, 79, 80, 81, 82, 83]
				},
				{
					"name": "hexadecagon",
					"origin": [8, 8, 8],
					"children": [84, 85, 86, 87, 88, 89, 90, 91]
				},
				{
					"name": "hexadecagon",
					"origin": [8, 8, 8],
					"children": [92, 93, 94, 95, 96, 97, 98, 99]
				},
				{
					"name": "hexadecagon",
					"origin": [8, 8, 8],
					"children": [100, 101, 102, 103, 104, 105, 106, 107]
				},
				{
					"name": "hexadecagon",
					"origin": [8, 8, 8],
					"children": [108, 109, 110, 111, 112, 113, 114, 115]
				},
				{
					"name": "hexadecagon",
					"origin": [8, 8, 8],
					"children": [116, 117, 118, 119, 120, 121, 122, 123]
				},
				{
					"name": "hexadecagon",
					"origin": [8, 8, 8],
					"children": [124, 125, 126, 127, 128, 129, 130, 131]
				}
			]
		}
	]
}