{
	"credit": "Made with Blockbench",
	"textures": {
		"0": "custom/spacemountainlight",
		"1": "block/blue_wool",
		"particle": "custom/spacemountainlight"
	},
	"elements": [
		{
			"from": [13.4, 0, -16],
			"to": [17, 1.2, 32],
			"rotation": {"angle": 22.5, "axis": "z", "origin": [15.2, 9.6, 8]},
			"faces": {
				"north": {"uv": [0, 0, 3, 1], "texture": "#0"},
				"east": {"uv": [0, 0, 16, 1], "texture": "#0"},
				"south": {"uv": [0, 0, 3, 1], "texture": "#0"},
				"west": {"uv": [0, 0, 16, 1], "texture": "#0"},
				"up": {"uv": [5.312, 0, 10.624, 16], "texture": "#0"},
				"down": {"uv": [0, 0, 3, 16], "texture": "#0"}
			}
		},
		{
			"from": [13.4, 0, -16],
			"to": [18.68, 1.8, 32],
			"rotation": {"angle": 45, "axis": "z", "origin": [15.2, 9.6, 8]},
			"faces": {
				"north": {"uv": [0, 0, 3, 1], "texture": "#1"},
				"east": {"uv": [0, 0, 16, 1], "texture": "#1"},
				"south": {"uv": [0, 0, 3, 1], "texture": "#1"},
				"west": {"uv": [0, 0, 16, 1], "texture": "#1"},
				"up": {"uv": [5.312, 0, 10.624, 16], "texture": "#1"},
				"down": {"uv": [0, 0, 3, 16], "texture": "#1"}
			}
		},
		{
			"from": [8.6, -1.92, -16],
			"to": [13.88, -0.12, 32],
			"rotation": {"angle": 22.5, "axis": "z", "origin": [10.4, 8.4, 8]},
			"faces": {
				"north": {"uv": [0, 0, 3, 1], "texture": "#1"},
				"east": {"uv": [0, 0, 16, 1], "texture": "#1"},
				"south": {"uv": [0, 0, 3, 1], "texture": "#1"},
				"west": {"uv": [0, 0, 16, 1], "texture": "#1"},
				"up": {"uv": [5.312, 0, 10.624, 16], "texture": "#1"},
				"down": {"uv": [0, 0, 3, 16], "texture": "#1"}
			}
		},
		{
			"from": [2.12, -1.92, -16],
			"to": [7.4, -0.12, 32],
			"rotation": {"angle": -22.5, "axis": "z", "origin": [5.6, 8.4, 8]},
			"faces": {
				"north": {"uv": [3, 0, 0, 1], "texture": "#1"},
				"east": {"uv": [16, 0, 0, 1], "texture": "#1"},
				"south": {"uv": [3, 0, 0, 1], "texture": "#1"},
				"west": {"uv": [16, 0, 0, 1], "texture": "#1"},
				"up": {"uv": [10.624, 0, 5.312, 16], "texture": "#1"},
				"down": {"uv": [3, 0, 0, 16], "texture": "#1"}
			}
		},
		{
			"from": [8.12, 29.7, -16],
			"to": [17, 31.5, 32],
			"faces": {
				"north": {"uv": [0, 0, 3, 1], "rotation": 180, "texture": "#1"},
				"east": {"uv": [0, 0, 16, 1], "rotation": 180, "texture": "#1"},
				"south": {"uv": [0, 0, 3, 1], "rotation": 180, "texture": "#1"},
				"west": {"uv": [0, 0, 16, 1], "rotation": 180, "texture": "#1"},
				"up": {"uv": [0, 0, 3, 16], "rotation": 180, "texture": "#1"},
				"down": {"uv": [5.312, 0, 10.624, 16], "rotation": 180, "texture": "#1"}
			}
		},
		{
			"from": [-1, 29.7, -16],
			"to": [8.12, 31.5, 32],
			"faces": {
				"north": {"uv": [3, 0, 0, 1], "rotation": 180, "texture": "#1"},
				"east": {"uv": [16, 0, 0, 1], "rotation": 180, "texture": "#1"},
				"south": {"uv": [3, 0, 0, 1], "rotation": 180, "texture": "#1"},
				"west": {"uv": [16, 0, 0, 1], "rotation": 180, "texture": "#1"},
				"up": {"uv": [3, 0, 0, 16], "rotation": 180, "texture": "#1"},
				"down": {"uv": [10.624, 0, 5.312, 16], "rotation": 180, "texture": "#1"}
			}
		},
		{
			"from": [-2.68, 0, -16],
			"to": [2.6, 1.8, 32],
			"rotation": {"angle": -45, "axis": "z", "origin": [0.8, 9.6, 8]},
			"faces": {
				"north": {"uv": [3, 0, 0, 1], "texture": "#1"},
				"east": {"uv": [16, 0, 0, 1], "texture": "#1"},
				"south": {"uv": [3, 0, 0, 1], "texture": "#1"},
				"west": {"uv": [16, 0, 0, 1], "texture": "#1"},
				"up": {"uv": [10.624, 0, 5.312, 16], "texture": "#1"},
				"down": {"uv": [3, 0, 0, 16], "texture": "#1"}
			}
		},
		{
			"from": [-2.68, 29.7, -16],
			"to": [2.6, 31.5, 32],
			"rotation": {"angle": 45, "axis": "z", "origin": [0.8, 21.6, 8]},
			"faces": {
				"north": {"uv": [3, 1, 0, 0], "texture": "#1"},
				"east": {"uv": [16, 1, 0, 0], "texture": "#1"},
				"south": {"uv": [3, 1, 0, 0], "texture": "#1"},
				"west": {"uv": [16, 1, 0, 0], "texture": "#1"},
				"up": {"uv": [3, 16, 0, 0], "texture": "#1"},
				"down": {"uv": [10.624, 16, 5.312, 0], "texture": "#1"}
			}
		},
		{
			"from": [13.4, 29.7, -16],
			"to": [18.68, 31.5, 32],
			"rotation": {"angle": -45, "axis": "z", "origin": [15.2, 21.6, 8]},
			"faces": {
				"north": {"uv": [0, 1, 3, 0], "texture": "#1"},
				"east": {"uv": [0, 1, 16, 0], "texture": "#1"},
				"south": {"uv": [0, 1, 3, 0], "texture": "#1"},
				"west": {"uv": [0, 1, 16, 0], "texture": "#1"},
				"up": {"uv": [0, 16, 3, 0], "texture": "#1"},
				"down": {"uv": [5.312, 16, 10.624, 0], "texture": "#1"}
			}
		},
		{
			"from": [24.2, 17.4, -16],
			"to": [26, 22.68, 32],
			"faces": {
				"north": {"uv": [3, 1, 0, 0], "rotation": 270, "texture": "#1"},
				"east": {"uv": [3, 16, 0, 0], "rotation": 90, "texture": "#1"},
				"south": {"uv": [3, 1, 0, 0], "rotation": 90, "texture": "#1"},
				"west": {"uv": [10.624, 16, 5.312, 0], "rotation": 90, "texture": "#1"},
				"up": {"uv": [16, 1, 0, 0], "rotation": 90, "texture": "#1"},
				"down": {"uv": [16, 1, 0, 0], "rotation": 90, "texture": "#1"}
			}
		},
		{
			"from": [-10, 9, -16],
			"to": [-8.2, 14.28, 32],
			"faces": {
				"north": {"uv": [3, 0, 0, 1], "rotation": 270, "texture": "#1"},
				"east": {"uv": [10.624, 0, 5.312, 16], "rotation": 90, "texture": "#1"},
				"south": {"uv": [3, 0, 0, 1], "rotation": 90, "texture": "#1"},
				"west": {"uv": [3, 0, 0, 16], "rotation": 90, "texture": "#1"},
				"up": {"uv": [16, 0, 0, 1], "rotation": 90, "texture": "#1"},
				"down": {"uv": [16, 0, 0, 1], "rotation": 90, "texture": "#1"}
			}
		},
		{
			"from": [-10, 17.4, -16],
			"to": [-8.2, 22.68, 32],
			"faces": {
				"north": {"uv": [3, 0, 0, 1], "rotation": 270, "texture": "#1"},
				"east": {"uv": [10.624, 0, 5.312, 16], "rotation": 90, "texture": "#1"},
				"south": {"uv": [3, 0, 0, 1], "rotation": 90, "texture": "#1"},
				"west": {"uv": [3, 0, 0, 16], "rotation": 90, "texture": "#1"},
				"up": {"uv": [16, 0, 0, 1], "rotation": 90, "texture": "#1"},
				"down": {"uv": [16, 0, 0, 1], "rotation": 90, "texture": "#1"}
			}
		},
		{
			"from": [24.2, 9, -16],
			"to": [26, 14.28, 32],
			"faces": {
				"north": {"uv": [3, 1, 0, 0], "rotation": 270, "texture": "#1"},
				"east": {"uv": [3, 16, 0, 0], "rotation": 90, "texture": "#1"},
				"south": {"uv": [3, 1, 0, 0], "rotation": 90, "texture": "#1"},
				"west": {"uv": [10.624, 16, 5.312, 0], "rotation": 90, "texture": "#1"},
				"up": {"uv": [16, 1, 0, 0], "rotation": 90, "texture": "#1"},
				"down": {"uv": [16, 1, 0, 0], "rotation": 90, "texture": "#1"}
			}
		},
		{
			"from": [24.8, 9, -16],
			"to": [26, 12.6, 32],
			"rotation": {"angle": -22.5, "axis": "z", "origin": [16.4, 10.8, 8]},
			"faces": {
				"north": {"uv": [0, 0, 3, 1], "rotation": 90, "texture": "#0"},
				"east": {"uv": [0, 0, 3, 16], "rotation": 270, "texture": "#0"},
				"south": {"uv": [0, 0, 3, 1], "rotation": 270, "texture": "#0"},
				"west": {"uv": [5.312, 0, 10.624, 16], "rotation": 270, "texture": "#0"},
				"up": {"uv": [0, 0, 16, 1], "rotation": 270, "texture": "#0"},
				"down": {"uv": [0, 0, 16, 1], "rotation": 270, "texture": "#0"}
			}
		},
		{
			"from": [-10, 9, -16],
			"to": [-8.8, 12.6, 32],
			"rotation": {"angle": 22.5, "axis": "z", "origin": [-0.4, 10.8, 8]},
			"faces": {
				"north": {"uv": [0, 1, 3, 0], "rotation": 90, "texture": "#0"},
				"east": {"uv": [5.312, 16, 10.624, 0], "rotation": 270, "texture": "#0"},
				"south": {"uv": [0, 1, 3, 0], "rotation": 270, "texture": "#0"},
				"west": {"uv": [0, 16, 3, 0], "rotation": 270, "texture": "#0"},
				"up": {"uv": [0, 1, 16, 0], "rotation": 270, "texture": "#0"},
				"down": {"uv": [0, 1, 16, 0], "rotation": 270, "texture": "#0"}
			}
		},
		{
			"from": [-10, 18.9, -16],
			"to": [-8.8, 22.5, 32],
			"rotation": {"angle": -22.5, "axis": "z", "origin": [-0.4, 20.4, 8]},
			"faces": {
				"north": {"uv": [3, 1, 0, 0], "rotation": 90, "texture": "#0"},
				"east": {"uv": [10.624, 16, 5.312, 0], "rotation": 270, "texture": "#0"},
				"south": {"uv": [3, 1, 0, 0], "rotation": 270, "texture": "#0"},
				"west": {"uv": [3, 16, 0, 0], "rotation": 270, "texture": "#0"},
				"up": {"uv": [16, 1, 0, 0], "rotation": 270, "texture": "#0"},
				"down": {"uv": [16, 1, 0, 0], "rotation": 270, "texture": "#0"}
			}
		},
		{
			"from": [-1, 30.24, -16],
			"to": [2.6, 31.44, 32],
			"rotation": {"angle": 22.5, "axis": "z", "origin": [0.8, 21.6, 8]},
			"faces": {
				"north": {"uv": [3, 1, 0, 0], "texture": "#0"},
				"east": {"uv": [16, 1, 0, 0], "texture": "#0"},
				"south": {"uv": [3, 1, 0, 0], "texture": "#0"},
				"west": {"uv": [16, 1, 0, 0], "texture": "#0"},
				"up": {"uv": [3, 16, 0, 0], "texture": "#0"},
				"down": {"uv": [10.624, 16, 5.312, 0], "texture": "#0"}
			}
		},
		{
			"from": [13.4, 30.24, -16],
			"to": [17, 31.44, 32],
			"rotation": {"angle": -22.5, "axis": "z", "origin": [15.2, 21.6, 8]},
			"faces": {
				"north": {"uv": [0, 1, 3, 0], "texture": "#0"},
				"east": {"uv": [0, 1, 16, 0], "texture": "#0"},
				"south": {"uv": [0, 1, 3, 0], "texture": "#0"},
				"west": {"uv": [0, 1, 16, 0], "texture": "#0"},
				"up": {"uv": [0, 16, 3, 0], "texture": "#0"},
				"down": {"uv": [5.312, 16, 10.624, 0], "texture": "#0"}
			}
		},
		{
			"from": [24.8, 18.9, -16],
			"to": [26, 22.5, 32],
			"rotation": {"angle": 22.5, "axis": "z", "origin": [16.4, 20.4, 8]},
			"faces": {
				"north": {"uv": [3, 0, 0, 1], "rotation": 90, "texture": "#0"},
				"east": {"uv": [3, 0, 0, 16], "rotation": 270, "texture": "#0"},
				"south": {"uv": [3, 0, 0, 1], "rotation": 270, "texture": "#0"},
				"west": {"uv": [10.624, 0, 5.312, 16], "rotation": 270, "texture": "#0"},
				"up": {"uv": [16, 0, 0, 1], "rotation": 270, "texture": "#0"},
				"down": {"uv": [16, 0, 0, 1], "rotation": 270, "texture": "#0"}
			}
		},
		{
			"from": [-10, 14.1, -16],
			"to": [-8.8, 17.7, 32],
			"faces": {
				"north": {"uv": [0, 1, 3, 0], "rotation": 90, "texture": "#0"},
				"east": {"uv": [5.312, 16, 10.624, 0], "rotation": 270, "texture": "#0"},
				"south": {"uv": [0, 1, 3, 0], "rotation": 270, "texture": "#0"},
				"west": {"uv": [0, 16, 3, 0], "rotation": 270, "texture": "#0"},
				"up": {"uv": [0, 1, 16, 0], "rotation": 270, "texture": "#0"},
				"down": {"uv": [0, 1, 16, 0], "rotation": 270, "texture": "#0"}
			}
		},
		{
			"from": [24.8, 14.1, -16],
			"to": [26, 17.7, 32],
			"faces": {
				"north": {"uv": [0, 0, 3, 1], "rotation": 90, "texture": "#0"},
				"east": {"uv": [0, 0, 3, 16], "rotation": 270, "texture": "#0"},
				"south": {"uv": [0, 0, 3, 1], "rotation": 270, "texture": "#0"},
				"west": {"uv": [5.312, 0, 10.624, 16], "rotation": 270, "texture": "#0"},
				"up": {"uv": [0, 0, 16, 1], "rotation": 270, "texture": "#0"},
				"down": {"uv": [0, 0, 16, 1], "rotation": 270, "texture": "#0"}
			}
		},
		{
			"from": [-1, 0, -16],
			"to": [2.6, 1.2, 32],
			"rotation": {"angle": -22.5, "axis": "z", "origin": [0.8, 9.6, 8]},
			"faces": {
				"north": {"uv": [3, 0, 0, 1], "texture": "#0"},
				"east": {"uv": [16, 0, 0, 1], "texture": "#0"},
				"south": {"uv": [3, 0, 0, 1], "texture": "#0"},
				"west": {"uv": [16, 0, 0, 1], "texture": "#0"},
				"up": {"uv": [10.624, 0, 5.312, 16], "texture": "#0"},
				"down": {"uv": [3, 0, 0, 16], "texture": "#0"}
			}
		}
	],
	"display": {
		"thirdperson_righthand": {
			"rotation": [90, 0, 0],
			"translation": [-6, -31.75, 11.5],
			"scale": [1.28, 1.35, 1.38]
		},
		"head": {
			"scale": [4, 4, 4]
		}
	}
}