{
	"credit": "Made with Blockbench",
	"texture_size": [32, 32],
	"textures": {
		"0": "custom/stripped_birch_log",
		"1": "block/anvil",
		"particle": "custom/stripped_birch_log"
	},
	"elements": [
		{
			"from": [-0.64, 12.88, -0.64],
			"to": [16.64, 16.12, 16.64],
			"rotation": {"angle": 0, "axis": "y", "origin": [8, 14.5, 8]},
			"faces": {
				"north": {"uv": [0, 0, 16, 3], "texture": "#0"},
				"east": {"uv": [0, 9.5, 16, 12.5], "texture": "#0"},
				"south": {"uv": [0, 6, 16, 9], "texture": "#0"},
				"west": {"uv": [0, 12.5, 16, 15.5], "texture": "#0"},
				"up": {"uv": [0, 0, 16, 16], "texture": "#0"},
				"down": {"uv": [0, 0, 16, 16], "texture": "#0"}
			}
		},
		{
			"from": [7, 0, 7],
			"to": [9, 14, 9],
			"rotation": {"angle": 0, "axis": "y", "origin": [16, 8, 16]},
			"faces": {
				"north": {"uv": [0, 0, 2, 14], "texture": "#1"},
				"east": {"uv": [8.5, 0, 10.5, 14], "texture": "#1"},
				"south": {"uv": [2.5, 0, 4.5, 14], "texture": "#1"},
				"west": {"uv": [5.5, 0, 7.5, 14], "texture": "#1"},
				"up": {"uv": [0, 0, 2, 14], "texture": "#1"},
				"down": {"uv": [0, 0, 2, 14], "texture": "#1"}
			}
		},
		{
			"from": [7.5, -0.70711, 11.70711],
			"to": [8.5, 0.29289, 12.70711],
			"rotation": {"angle": 0, "axis": "y", "origin": [8, 0.19526, 8]},
			"faces": {
				"north": {"uv": [0, 0, 0.5, 0.5], "rotation": 180, "texture": "#1"},
				"east": {"uv": [0, 0, 0.5, 0.5], "rotation": 270, "texture": "#1"},
				"south": {"uv": [0, 0, 0.5, 0.5], "texture": "#1"},
				"west": {"uv": [0, 0, 0.5, 0.5], "rotation": 90, "texture": "#1"},
				"up": {"uv": [0, 0, 0.5, 0.5], "rotation": 180, "texture": "#1"},
				"down": {"uv": [0, 0, 0.5, 0.5], "texture": "#1"}
			}
		},
		{
			"from": [7.5, 2.59272, 10.00694],
			"to": [8.5, 3.59272, 11.00694],
			"rotation": {"angle": 45, "axis": "x", "origin": [8, -0.10948, 7.87377]},
			"faces": {
				"north": {"uv": [0, 0, 0.5, 0.5], "texture": "#1"},
				"east": {"uv": [0, 0, 0.5, 0.5], "texture": "#1"},
				"south": {"uv": [0, 0, 0.5, 0.5], "texture": "#1"},
				"west": {"uv": [0, 0, 0.5, 0.5], "texture": "#1"},
				"up": {"uv": [0, 0, 0.5, 0.5], "texture": "#1"},
				"down": {"uv": [0, 0, 0.5, 0.5], "texture": "#1"}
			}
		},
		{
			"from": [7.5, 0, 9],
			"to": [8.5, 1, 12],
			"rotation": {"angle": 0, "axis": "y", "origin": [8, 0.19526, 8]},
			"faces": {
				"north": {"uv": [0, 0, 3, 1], "texture": "#1"},
				"east": {"uv": [4, 6, 7, 7], "texture": "#1"},
				"south": {"uv": [0, 0, 3, 1], "texture": "#1"},
				"west": {"uv": [0, 2, 3, 3], "texture": "#1"},
				"up": {"uv": [11, 1, 14, 2], "texture": "#1"},
				"down": {"uv": [13, 15, 16, 16], "texture": "#1"}
			}
		},
		{
			"from": [3.29289, -0.70711, 7.5],
			"to": [4.29289, 0.29289, 8.5],
			"rotation": {"angle": 0, "axis": "y", "origin": [8, 0.19526, 8]},
			"faces": {
				"north": {"uv": [0, 0, 0.5, 0.5], "rotation": 90, "texture": "#1"},
				"east": {"uv": [0, 0, 0.5, 0.5], "rotation": 180, "texture": "#1"},
				"south": {"uv": [0, 0, 0.5, 0.5], "rotation": 270, "texture": "#1"},
				"west": {"uv": [0, 0, 0.5, 0.5], "texture": "#1"},
				"up": {"uv": [0, 0, 0.5, 0.5], "rotation": 270, "texture": "#1"},
				"down": {"uv": [0, 0, 0.5, 0.5], "rotation": 270, "texture": "#1"}
			}
		},
		{
			"from": [4.99306, 2.59272, 7.5],
			"to": [5.99306, 3.59272, 8.5],
			"rotation": {"angle": 45, "axis": "z", "origin": [8.12623, -0.10948, 8]},
			"faces": {
				"north": {"uv": [0, 0, 0.5, 0.5], "texture": "#1"},
				"east": {"uv": [0, 0, 0.5, 0.5], "texture": "#1"},
				"south": {"uv": [0, 0, 0.5, 0.5], "texture": "#1"},
				"west": {"uv": [0, 0, 0.5, 0.5], "texture": "#1"},
				"up": {"uv": [0, 0, 0.5, 0.5], "rotation": 90, "texture": "#1"},
				"down": {"uv": [0, 0, 0.5, 0.5], "rotation": 270, "texture": "#1"}
			}
		},
		{
			"from": [4, 0, 7.5],
			"to": [7, 1, 8.5],
			"rotation": {"angle": 0, "axis": "y", "origin": [8, 0.19526, 8]},
			"faces": {
				"north": {"uv": [0, 0, 3, 1], "texture": "#1"},
				"east": {"uv": [4, 6, 7, 7], "texture": "#1"},
				"south": {"uv": [0, 0, 3, 1], "texture": "#1"},
				"west": {"uv": [0, 2, 3, 3], "texture": "#1"},
				"up": {"uv": [11, 1, 14, 2], "texture": "#1"},
				"down": {"uv": [13, 15, 16, 16], "texture": "#1"}
			}
		},
		{
			"from": [7.5, -0.70711, 3.29289],
			"to": [8.5, 0.29289, 4.29289],
			"rotation": {"angle": 0, "axis": "y", "origin": [8, 0.19526, 8]},
			"faces": {
				"north": {"uv": [0, 0, 0.5, 0.5], "texture": "#1"},
				"east": {"uv": [0, 0, 0.5, 0.5], "rotation": 90, "texture": "#1"},
				"south": {"uv": [0, 0, 0.5, 0.5], "rotation": 180, "texture": "#1"},
				"west": {"uv": [0, 0, 0.5, 0.5], "rotation": 270, "texture": "#1"},
				"up": {"uv": [0, 0, 0.5, 0.5], "texture": "#1"},
				"down": {"uv": [0, 0, 0.5, 0.5], "rotation": 180, "texture": "#1"}
			}
		},
		{
			"from": [7.5, 2.59272, 4.99306],
			"to": [8.5, 3.59272, 5.99306],
			"rotation": {"angle": -45, "axis": "x", "origin": [8, -0.10948, 8.12623]},
			"faces": {
				"north": {"uv": [0, 0, 0.5, 0.5], "texture": "#1"},
				"east": {"uv": [0, 0, 0.5, 0.5], "texture": "#1"},
				"south": {"uv": [0, 0, 0.5, 0.5], "texture": "#1"},
				"west": {"uv": [0, 0, 0.5, 0.5], "texture": "#1"},
				"up": {"uv": [0, 0, 0.5, 0.5], "rotation": 180, "texture": "#1"},
				"down": {"uv": [0, 0, 0.5, 0.5], "rotation": 180, "texture": "#1"}
			}
		},
		{
			"from": [7.5, 0, 4],
			"to": [8.5, 1, 7],
			"rotation": {"angle": 0, "axis": "y", "origin": [8, 0.19526, 8]},
			"faces": {
				"north": {"uv": [0, 0, 3, 1], "texture": "#1"},
				"east": {"uv": [4, 6, 7, 7], "texture": "#1"},
				"south": {"uv": [0, 0, 3, 1], "texture": "#1"},
				"west": {"uv": [0, 2, 3, 3], "texture": "#1"},
				"up": {"uv": [11, 1, 14, 2], "texture": "#1"},
				"down": {"uv": [13, 15, 16, 16], "texture": "#1"}
			}
		},
		{
			"from": [11.70711, -0.70711, 7.5],
			"to": [12.70711, 0.29289, 8.5],
			"rotation": {"angle": 0, "axis": "y", "origin": [8, 0.19526, 8]},
			"faces": {
				"north": {"uv": [0, 0, 0.5, 0.5], "rotation": 270, "texture": "#1"},
				"east": {"uv": [0, 0, 0.5, 0.5], "texture": "#1"},
				"south": {"uv": [0, 0, 0.5, 0.5], "rotation": 90, "texture": "#1"},
				"west": {"uv": [0, 0, 0.5, 0.5], "rotation": 180, "texture": "#1"},
				"up": {"uv": [0, 0, 0.5, 0.5], "rotation": 90, "texture": "#1"},
				"down": {"uv": [0, 0, 0.5, 0.5], "rotation": 90, "texture": "#1"}
			}
		},
		{
			"from": [10.00694, 2.59272, 7.5],
			"to": [11.00694, 3.59272, 8.5],
			"rotation": {"angle": -45, "axis": "z", "origin": [7.87377, -0.10948, 8]},
			"faces": {
				"north": {"uv": [0, 0, 0.5, 0.5], "texture": "#1"},
				"east": {"uv": [0, 0, 0.5, 0.5], "texture": "#1"},
				"south": {"uv": [0, 0, 0.5, 0.5], "texture": "#1"},
				"west": {"uv": [0, 0, 0.5, 0.5], "texture": "#1"},
				"up": {"uv": [0, 0, 0.5, 0.5], "rotation": 270, "texture": "#1"},
				"down": {"uv": [0, 0, 0.5, 0.5], "rotation": 90, "texture": "#1"}
			}
		},
		{
			"from": [9, 0, 7.5],
			"to": [12, 1, 8.5],
			"rotation": {"angle": 0, "axis": "y", "origin": [8, 0.19526, 8]},
			"faces": {
				"north": {"uv": [0, 0, 3, 1], "texture": "#1"},
				"east": {"uv": [4, 6, 7, 7], "texture": "#1"},
				"south": {"uv": [0, 0, 3, 1], "texture": "#1"},
				"west": {"uv": [0, 2, 3, 3], "texture": "#1"},
				"up": {"uv": [11, 1, 14, 2], "texture": "#1"},
				"down": {"uv": [13, 15, 16, 16], "texture": "#1"}
			}
		}
	],
	"display": {
		"fixed": {
			"translation": [0, 0.25, 17.75],
			"scale": [2.03, 2.03, 2.03]
		}
	},
	"groups": [0,
		{
			"name": "legs",
			"origin": [8, 8, 8],
			"children": [1,
				{
					"name": "group",
					"origin": [8, 0.19526, 8],
					"children": [2, 3, 4]
				},
				{
					"name": "group",
					"origin": [8, 0.19526, 8],
					"children": [5, 6, 7]
				},
				{
					"name": "group",
					"origin": [8, 0.19526, 8],
					"children": [8, 9, 10]
				},
				{
					"name": "group",
					"origin": [8, 0.19526, 8],
					"children": [11, 12, 13]
				}
			]
		}
	]
}
