{
	"__comment": "Designed by Kodak_kev with Cubik Studio - https://cubik.studio",
	"textures": {
		"particle": "block/e_particle",
		"texture": "block/yellow_terracotta",
		"texture1": "block/purple_wool",
		"texture2": "block/blue_wool"
	},
	"elements": [ 	 
		{
			"__comment": "Box1",
			"from": [ 2, 0, -0.25 ],
			"to": [ 14, 1, 0.75 ],
			"faces": {
				"down": { "uv": [ 2, 15.25, 14, 16 ], "texture": "#texture2" },
				"up": { "uv": [ 2, 0, 14, 0.75 ], "texture": "#texture2" },
				"north": { "uv": [ 2, 15, 14, 16 ], "texture": "#texture2" },
				"south": { "uv": [ 2, 15, 14, 16 ], "texture": "#texture2" },
				"west": { "uv": [ 0, 15, 0.75, 16 ], "texture": "#texture2" },
				"east": { "uv": [ 15.25, 15, 16, 16 ], "texture": "#texture2" }
			}
		},
		{
			"__comment": "Box2",
			"from": [ -0.25, 0, 2 ],
			"to": [ 0.75, 1, 14 ],
			"faces": {
				"down": { "uv": [ 0, 2, 0.75, 14 ], "texture": "#texture2" },
				"up": { "uv": [ 0, 2, 0.75, 14 ], "texture": "#texture2" },
				"north": { "uv": [ 15.25, 15, 16, 16 ], "texture": "#texture2" },
				"south": { "uv": [ 0, 15, 0.75, 16 ], "texture": "#texture2" },
				"west": { "uv": [ 2, 15, 14, 16 ], "texture": "#texture2" },
				"east": { "uv": [ 2, 15, 14, 16 ], "texture": "#texture2" }
			}
		},
		{
			"__comment": "Box3",
			"from": [ 15.25, 0, 2 ],
			"to": [ 16.25, 1, 14 ],
			"faces": {
				"down": { "uv": [ 15.25, 2, 16, 14 ], "texture": "#texture2" },
				"up": { "uv": [ 15.25, 2, 16, 14 ], "texture": "#texture2" },
				"north": { "uv": [ 0, 15, 0.75, 16 ], "texture": "#texture2" },
				"south": { "uv": [ 15.25, 15, 16, 16 ], "texture": "#texture2" },
				"west": { "uv": [ 2, 15, 14, 16 ], "texture": "#texture2" },
				"east": { "uv": [ 2, 15, 14, 16 ], "texture": "#texture2" }
			}
		},
		{
			"__comment": "Box4",
			"from": [ 2, 0, 15.25 ],
			"to": [ 14, 1, 16.25 ],
			"faces": {
				"down": { "uv": [ 2, 0, 14, 0.75 ], "texture": "#texture2" },
				"up": { "uv": [ 2, 15.25, 14, 16 ], "texture": "#texture2" },
				"north": { "uv": [ 2, 15, 14, 16 ], "texture": "#texture2" },
				"south": { "uv": [ 2, 15, 14, 16 ], "texture": "#texture2" },
				"west": { "uv": [ 15.25, 15, 16, 16 ], "texture": "#texture2" },
				"east": { "uv": [ 0, 15, 0.75, 16 ], "texture": "#texture2" }
			}
		},
		{
			"__comment": "Box5",
			"from": [ -0.25, 0, 2 ],
			"to": [ 2.95, 1, 3 ],
			"rotation": { "origin": [ -0.25, 0, 2 ], "axis": "y", "angle": 45 },
			"faces": {
				"down": { "uv": [ 0, 14.5, 2, 15.5 ], "texture": "#texture2" },
				"up": { "uv": [ 0, 0.5, 2, 1.5 ], "texture": "#texture2" },
				"north": { "uv": [ 14, 15, 16, 16 ], "texture": "#texture2" },
				"south": { "uv": [ 0, 15, 2, 16 ], "texture": "#texture2" },
				"west": { "uv": [ 0.5, 15, 1.5, 16 ], "texture": "#texture2" },
				"east": { "uv": [ 14.5, 15, 15.5, 16 ], "texture": "#texture2" }
			}
		},
		{
			"__comment": "Box6",
			"from": [ 13.25, 0, 15.5 ],
			"to": [ 16.45, 1, 16.5 ],
			"rotation": { "origin": [ 13.25, 0, 15.5 ], "axis": "y", "angle": 45 },
			"faces": {
				"down": { "uv": [ 0, 1, 1, 2 ], "texture": "#texture2" },
				"up": { "uv": [ 0, 14, 1, 15 ], "texture": "#texture2" },
				"north": { "uv": [ 15, 15, 16, 16 ], "texture": "#texture2" },
				"south": { "uv": [ 0, 15, 1, 16 ], "texture": "#texture2" },
				"west": { "uv": [ 14, 15, 15, 16 ], "texture": "#texture2" },
				"east": { "uv": [ 1, 15, 2, 16 ], "texture": "#texture2" }
			}
		},
		{
			"__comment": "Box7",
			"from": [ 13.25, 0, 0.5 ],
			"to": [ 14.25, 1, 3.7 ],
			"rotation": { "origin": [ 13.25, 0, 0.5 ], "axis": "y", "angle": 45 },
			"faces": {
				"down": { "uv": [ 14, 15.5, 15, 16 ], "texture": "#texture2" },
				"up": { "uv": [ 14, 0, 15, 0.5 ], "texture": "#texture2" },
				"north": { "uv": [ 1, 15, 2, 16 ], "texture": "#texture2" },
				"south": { "uv": [ 14, 15, 15, 16 ], "texture": "#texture2" },
				"west": { "uv": [ 0, 15, 0.5, 16 ], "texture": "#texture2" },
				"east": { "uv": [ 15.5, 15, 16, 16 ], "texture": "#texture2" }
			}
		},
		{
			"__comment": "Box7",
			"from": [ -0.25, 0, 14 ],
			"to": [ 0.75, 1, 17.2 ],
			"rotation": { "origin": [ -0.25, 0, 14 ], "axis": "y", "angle": 45 },
			"faces": {
				"down": { "uv": [ 14, 15.5, 15, 16 ], "texture": "#texture2" },
				"up": { "uv": [ 14, 0, 15, 0.5 ], "texture": "#texture2" },
				"north": { "uv": [ 1, 15, 2, 16 ], "texture": "#texture2" },
				"south": { "uv": [ 14, 15, 15, 16 ], "texture": "#texture2" },
				"west": { "uv": [ 0, 15, 0.5, 16 ], "texture": "#texture2" },
				"east": { "uv": [ 15.5, 15, 16, 16 ], "texture": "#texture2" }
			}
		},
		{
			"__comment": "Box9",
			"from": [ 2, 1, 14.5 ],
			"to": [ 14, 4.5, 15.5 ],
			"faces": {
				"down": { "uv": [ 2, 14.5, 14, 15.5 ], "texture": "#texture" },
				"up": { "uv": [ 2, 0.5, 14, 1.5 ], "texture": "#texture" },
				"north": { "uv": [ 2, 14, 14, 15 ], "texture": "#texture" },
				"south": { "uv": [ 2, 14, 14, 15 ], "texture": "#texture" },
				"west": { "uv": [ 0.5, 14, 1.5, 15 ], "texture": "#texture" },
				"east": { "uv": [ 14.5, 14, 15.5, 15 ], "texture": "#texture" }
			}
		},
		{
			"__comment": "Box9",
			"from": [ 2, 1, 0.5 ],
			"to": [ 14, 4.5, 1.5 ],
			"faces": {
				"down": { "uv": [ 2, 14.5, 14, 15.5 ], "texture": "#texture" },
				"up": { "uv": [ 2, 0.5, 14, 1.5 ], "texture": "#texture" },
				"north": { "uv": [ 2, 14, 14, 15 ], "texture": "#texture" },
				"south": { "uv": [ 2, 14, 14, 15 ], "texture": "#texture" },
				"west": { "uv": [ 0.5, 14, 1.5, 15 ], "texture": "#texture" },
				"east": { "uv": [ 14.5, 14, 15.5, 15 ], "texture": "#texture" }
			}
		},
		{
			"__comment": "Box11",
			"from": [ 14.5, 1, 2 ],
			"to": [ 15.5, 4.5, 14 ],
			"faces": {
				"down": { "uv": [ 14.5, 2, 15.5, 14 ], "texture": "#texture" },
				"up": { "uv": [ 14.5, 2, 15.5, 14 ], "texture": "#texture" },
				"north": { "uv": [ 0.5, 11.5, 1.5, 15 ], "texture": "#texture" },
				"south": { "uv": [ 14.5, 11.5, 15.5, 15 ], "texture": "#texture" },
				"west": { "uv": [ 2, 11.5, 14, 15 ], "texture": "#texture" },
				"east": { "uv": [ 2, 11.5, 14, 15 ], "texture": "#texture" }
			}
		},
		{
			"__comment": "Box11",
			"from": [ 0.5, 1, 2 ],
			"to": [ 1.5, 4.5, 14 ],
			"faces": {
				"down": { "uv": [ 0.5, 2, 1.5, 14 ], "texture": "#texture" },
				"up": { "uv": [ 0.5, 2, 1.5, 14 ], "texture": "#texture" },
				"north": { "uv": [ 14.5, 11.5, 15.5, 15 ], "texture": "#texture" },
				"south": { "uv": [ 0.5, 11.5, 1.5, 15 ], "texture": "#texture" },
				"west": { "uv": [ 2, 11.5, 14, 15 ], "texture": "#texture" },
				"east": { "uv": [ 2, 11.5, 14, 15 ], "texture": "#texture" }
			}
		},
		{
			"__comment": "Box13",
			"from": [ 13.25, 1, 14.75 ],
			"to": [ 15.35, 4.5, 15.75 ],
			"rotation": { "origin": [ 13.25, 1, 14.75 ], "axis": "y", "angle": 45 },
			"faces": {
				"down": { "uv": [ 0, 1, 0.5, 2 ], "texture": "#texture" },
				"up": { "uv": [ 0, 14, 0.5, 15 ], "texture": "#texture" },
				"north": { "uv": [ 15.5, 15, 16, 16 ], "texture": "#texture" },
				"south": { "uv": [ 0, 15, 0.5, 16 ], "texture": "#texture" },
				"west": { "uv": [ 14, 15, 15, 16 ], "texture": "#texture" },
				"east": { "uv": [ 1, 15, 2, 16 ], "texture": "#texture" }
			}
		},
		{
			"__comment": "Box13",
			"from": [ 0.5, 1, 2 ],
			"to": [ 2.62, 4.5, 3 ],
			"rotation": { "origin": [ 0.5, 1, 2 ], "axis": "y", "angle": 45 },
			"faces": {
				"down": { "uv": [ 0, 1, 0.5, 2 ], "texture": "#texture" },
				"up": { "uv": [ 0, 14, 0.5, 15 ], "texture": "#texture" },
				"north": { "uv": [ 15.5, 15, 16, 16 ], "texture": "#texture" },
				"south": { "uv": [ 0, 15, 0.5, 16 ], "texture": "#texture" },
				"west": { "uv": [ 14, 15, 15, 16 ], "texture": "#texture" },
				"east": { "uv": [ 1, 15, 2, 16 ], "texture": "#texture" }
			}
		},
		{
			"__comment": "Box15",
			"from": [ 1.25, 1, 13.25 ],
			"to": [ 3.35, 4.5, 14.25 ],
			"rotation": { "origin": [ 1.25, 1, 13.25 ], "axis": "y", "angle": -45 },
			"faces": {
				"down": { "uv": [ 5.5, 1, 7.5, 2 ], "texture": "#texture" },
				"up": { "uv": [ 5.5, 14, 7.5, 15 ], "texture": "#texture" },
				"north": { "uv": [ 8.5, 15, 10.5, 16 ], "texture": "#texture" },
				"south": { "uv": [ 5.5, 15, 7.5, 16 ], "texture": "#texture" },
				"west": { "uv": [ 14, 15, 15, 16 ], "texture": "#texture" },
				"east": { "uv": [ 1, 15, 2, 16 ], "texture": "#texture" }
			}
		},
		{
			"__comment": "Box15",
			"from": [ 14, 1, 0.5 ],
			"to": [ 16.12, 4.5, 1.5 ],
			"rotation": { "origin": [ 14, 1, 0.5 ], "axis": "y", "angle": -45 },
			"faces": {
				"down": { "uv": [ 5.5, 1, 7.5, 2 ], "texture": "#texture" },
				"up": { "uv": [ 5.5, 14, 7.5, 15 ], "texture": "#texture" },
				"north": { "uv": [ 8.5, 15, 10.5, 16 ], "texture": "#texture" },
				"south": { "uv": [ 5.5, 15, 7.5, 16 ], "texture": "#texture" },
				"west": { "uv": [ 14, 15, 15, 16 ], "texture": "#texture" },
				"east": { "uv": [ 1, 15, 2, 16 ], "texture": "#texture" }
			}
		},
		{
			"__comment": "Box17",
			"from": [ 8.875, 3.75, 0 ],
			"to": [ 9.875, 5.25, 1 ],
			"rotation": { "origin": [ 8.875, 3.75, 0 ], "axis": "z", "angle": 45 },
			"faces": {
				"down": { "uv": [ 7.5, 15, 8.5, 16 ], "texture": "#texture1" },
				"up": { "uv": [ 7.5, 0, 8.5, 1 ], "texture": "#texture1" },
				"north": { "uv": [ 7.5, 13, 8.5, 14.5 ], "texture": "#texture1" },
				"south": { "uv": [ 7.5, 13, 8.5, 14.5 ], "texture": "#texture1" },
				"west": { "uv": [ 0, 13, 1, 14.5 ], "texture": "#texture1" },
				"east": { "uv": [ 15, 13, 16, 14.5 ], "texture": "#texture1" }
			}
		},
		{
			"__comment": "Box18",
			"from": [ 6.75, 1.5, 0 ],
			"to": [ 9.25, 2.5, 1 ],
			"faces": {
				"down": { "uv": [ 6.75, 15, 9.25, 16 ], "texture": "#texture1" },
				"up": { "uv": [ 6.75, 0, 9.25, 1 ], "texture": "#texture1" },
				"north": { "uv": [ 6.75, 13.5, 9.25, 14.5 ], "texture": "#texture1" },
				"south": { "uv": [ 6.75, 13.5, 9.25, 14.5 ], "texture": "#texture1" },
				"west": { "uv": [ 0, 13.5, 1, 14.5 ], "texture": "#texture1" },
				"east": { "uv": [ 15, 13.5, 16, 14.5 ], "texture": "#texture1" }
			}
		},
		{
			"__comment": "Box17",
			"from": [ 7.5, 1.5, 0 ],
			"to": [ 8.5, 5.5, 1 ],
			"faces": {
				"down": { "uv": [ 7.5, 15, 8.5, 16 ], "texture": "#texture1" },
				"up": { "uv": [ 7.5, 0, 8.5, 1 ], "texture": "#texture1" },
				"north": { "uv": [ 7.5, 10.5, 8.5, 14.5 ], "texture": "#texture1" },
				"south": { "uv": [ 7.5, 10.5, 8.5, 14.5 ], "texture": "#texture1" },
				"west": { "uv": [ 0, 10.5, 1, 14.5 ], "texture": "#texture1" },
				"east": { "uv": [ 15, 10.5, 16, 14.5 ], "texture": "#texture1" }
			}
		},
		{
			"__comment": "Box20",
			"from": [ 5.875, 4.5, 14.5 ],
			"to": [ 8.875, 7.5, 15.5 ],
			"rotation": { "origin": [ 5.875, 4.5, 14.5 ], "axis": "z", "angle": -45 },
			"faces": {
				"down": { "uv": [ 2.5, 14.5, 4.5, 15.5 ], "texture": "#texture" },
				"up": { "uv": [ 2.5, 0.5, 4.5, 1.5 ], "texture": "#texture" },
				"north": { "uv": [ 11.5, 14, 13.5, 16 ], "texture": "#texture" },
				"south": { "uv": [ 2.5, 14, 4.5, 16 ], "texture": "#texture" },
				"west": { "uv": [ 0.5, 14, 1.5, 16 ], "texture": "#texture" },
				"east": { "uv": [ 14.5, 14, 15.5, 16 ], "texture": "#texture" }
			}
		},
		{
			"__comment": "Box20",
			"from": [ 9.75, 4.5, 14.5 ],
			"to": [ 12.75, 7.5, 15.5 ],
			"rotation": { "origin": [ 9.75, 4.5, 14.5 ], "axis": "z", "angle": -45 },
			"faces": {
				"down": { "uv": [ 2.5, 14.5, 4.5, 15.5 ], "texture": "#texture" },
				"up": { "uv": [ 2.5, 0.5, 4.5, 1.5 ], "texture": "#texture" },
				"north": { "uv": [ 11.5, 14, 13.5, 16 ], "texture": "#texture" },
				"south": { "uv": [ 2.5, 14, 4.5, 16 ], "texture": "#texture" },
				"west": { "uv": [ 0.5, 14, 1.5, 16 ], "texture": "#texture" },
				"east": { "uv": [ 14.5, 14, 15.5, 16 ], "texture": "#texture" }
			}
		},
		{
			"__comment": "Box20",
			"from": [ 2, 4.5, 14.5 ],
			"to": [ 5, 7.5, 15.5 ],
			"rotation": { "origin": [ 2, 4.5, 14.5 ], "axis": "z", "angle": -45 },
			"faces": {
				"down": { "uv": [ 2.5, 14.5, 4.5, 15.5 ], "texture": "#texture" },
				"up": { "uv": [ 2.5, 0.5, 4.5, 1.5 ], "texture": "#texture" },
				"north": { "uv": [ 11.5, 14, 13.5, 16 ], "texture": "#texture" },
				"south": { "uv": [ 2.5, 14, 4.5, 16 ], "texture": "#texture" },
				"west": { "uv": [ 0.5, 14, 1.5, 16 ], "texture": "#texture" },
				"east": { "uv": [ 14.5, 14, 15.5, 16 ], "texture": "#texture" }
			}
		},
		{
			"__comment": "Box20",
			"from": [ 5.875, 4.5, 0.5 ],
			"to": [ 8.875, 7.5, 1.5 ],
			"rotation": { "origin": [ 5.875, 4.5, 0.5 ], "axis": "z", "angle": -45 },
			"faces": {
				"down": { "uv": [ 2.5, 14.5, 4.5, 15.5 ], "texture": "#texture" },
				"up": { "uv": [ 2.5, 0.5, 4.5, 1.5 ], "texture": "#texture" },
				"north": { "uv": [ 11.5, 14, 13.5, 16 ], "texture": "#texture" },
				"south": { "uv": [ 2.5, 14, 4.5, 16 ], "texture": "#texture" },
				"west": { "uv": [ 0.5, 14, 1.5, 16 ], "texture": "#texture" },
				"east": { "uv": [ 14.5, 14, 15.5, 16 ], "texture": "#texture" }
			}
		},
		{
			"__comment": "Box20",
			"from": [ 9.75, 4.5, 0.5 ],
			"to": [ 12.75, 7.5, 1.5 ],
			"rotation": { "origin": [ 9.75, 4.5, 0.5 ], "axis": "z", "angle": -45 },
			"faces": {
				"down": { "uv": [ 2.5, 14.5, 4.5, 15.5 ], "texture": "#texture" },
				"up": { "uv": [ 2.5, 0.5, 4.5, 1.5 ], "texture": "#texture" },
				"north": { "uv": [ 11.5, 14, 13.5, 16 ], "texture": "#texture" },
				"south": { "uv": [ 2.5, 14, 4.5, 16 ], "texture": "#texture" },
				"west": { "uv": [ 0.5, 14, 1.5, 16 ], "texture": "#texture" },
				"east": { "uv": [ 14.5, 14, 15.5, 16 ], "texture": "#texture" }
			}
		},
		{
			"__comment": "Box20",
			"from": [ 2, 4.5, 0.5 ],
			"to": [ 5, 7.5, 1.5 ],
			"rotation": { "origin": [ 2, 4.5, 0.5 ], "axis": "z", "angle": -45 },
			"faces": {
				"down": { "uv": [ 2.5, 14.5, 4.5, 15.5 ], "texture": "#texture" },
				"up": { "uv": [ 2.5, 0.5, 4.5, 1.5 ], "texture": "#texture" },
				"north": { "uv": [ 11.5, 14, 13.5, 16 ], "texture": "#texture" },
				"south": { "uv": [ 2.5, 14, 4.5, 16 ], "texture": "#texture" },
				"west": { "uv": [ 0.5, 14, 1.5, 16 ], "texture": "#texture" },
				"east": { "uv": [ 14.5, 14, 15.5, 16 ], "texture": "#texture" }
			}
		},
		{
			"__comment": "Box26",
			"from": [ 14.5, 4.5, 5.875 ],
			"to": [ 15.5, 7.5, 8.875 ],
			"rotation": { "origin": [ 14.5, 4.5, 5.875 ], "axis": "x", "angle": 45 },
			"faces": {
				"down": { "uv": [ 14, 15, 15, 16 ], "texture": "#texture" },
				"up": { "uv": [ 14, 0, 15, 1 ], "texture": "#texture" },
				"north": { "uv": [ 1, 13, 2, 16 ], "texture": "#texture" },
				"south": { "uv": [ 14, 13, 15, 16 ], "texture": "#texture" },
				"west": { "uv": [ 0, 13, 1, 16 ], "texture": "#texture" },
				"east": { "uv": [ 15, 13, 16, 16 ], "texture": "#texture" }
			}
		},
		{
			"__comment": "Box26",
			"from": [ 14.5, 4.5, 2 ],
			"to": [ 15.5, 7.5, 5 ],
			"rotation": { "origin": [ 14.5, 4.5, 2 ], "axis": "x", "angle": 45 },
			"faces": {
				"down": { "uv": [ 14, 15, 15, 16 ], "texture": "#texture" },
				"up": { "uv": [ 14, 0, 15, 1 ], "texture": "#texture" },
				"north": { "uv": [ 1, 13, 2, 16 ], "texture": "#texture" },
				"south": { "uv": [ 14, 13, 15, 16 ], "texture": "#texture" },
				"west": { "uv": [ 0, 13, 1, 16 ], "texture": "#texture" },
				"east": { "uv": [ 15, 13, 16, 16 ], "texture": "#texture" }
			}
		},
		{
			"__comment": "Box26",
			"from": [ 14.5, 4.5, 9.75 ],
			"to": [ 15.5, 7.5, 12.75 ],
			"rotation": { "origin": [ 14.5, 4.5, 9.75 ], "axis": "x", "angle": 45 },
			"faces": {
				"down": { "uv": [ 14, 15, 15, 16 ], "texture": "#texture" },
				"up": { "uv": [ 14, 0, 15, 1 ], "texture": "#texture" },
				"north": { "uv": [ 1, 13, 2, 16 ], "texture": "#texture" },
				"south": { "uv": [ 14, 13, 15, 16 ], "texture": "#texture" },
				"west": { "uv": [ 0, 13, 1, 16 ], "texture": "#texture" },
				"east": { "uv": [ 15, 13, 16, 16 ], "texture": "#texture" }
			}
		},
		{
			"__comment": "Box26",
			"from": [ 0.5, 4.5, 2 ],
			"to": [ 1.5, 7.5, 5 ],
			"rotation": { "origin": [ 0.5, 4.5, 2 ], "axis": "x", "angle": 45 },
			"faces": {
				"down": { "uv": [ 14, 15, 15, 16 ], "texture": "#texture" },
				"up": { "uv": [ 14, 0, 15, 1 ], "texture": "#texture" },
				"north": { "uv": [ 1, 13, 2, 16 ], "texture": "#texture" },
				"south": { "uv": [ 14, 13, 15, 16 ], "texture": "#texture" },
				"west": { "uv": [ 0, 13, 1, 16 ], "texture": "#texture" },
				"east": { "uv": [ 15, 13, 16, 16 ], "texture": "#texture" }
			}
		},
		{
			"__comment": "Box26",
			"from": [ 0.5, 4.5, 5.875 ],
			"to": [ 1.5, 7.5, 8.875 ],
			"rotation": { "origin": [ 0.5, 4.5, 5.875 ], "axis": "x", "angle": 45 },
			"faces": {
				"down": { "uv": [ 14, 15, 15, 16 ], "texture": "#texture" },
				"up": { "uv": [ 14, 0, 15, 1 ], "texture": "#texture" },
				"north": { "uv": [ 1, 13, 2, 16 ], "texture": "#texture" },
				"south": { "uv": [ 14, 13, 15, 16 ], "texture": "#texture" },
				"west": { "uv": [ 0, 13, 1, 16 ], "texture": "#texture" },
				"east": { "uv": [ 15, 13, 16, 16 ], "texture": "#texture" }
			}
		},
		{
			"__comment": "Box26",
			"from": [ 0.5, 4.5, 9.75 ],
			"to": [ 1.5, 7.5, 12.75 ],
			"rotation": { "origin": [ 0.5, 4.5, 9.75 ], "axis": "x", "angle": 45 },
			"faces": {
				"down": { "uv": [ 14, 15, 15, 16 ], "texture": "#texture" },
				"up": { "uv": [ 14, 0, 15, 1 ], "texture": "#texture" },
				"north": { "uv": [ 1, 13, 2, 16 ], "texture": "#texture" },
				"south": { "uv": [ 14, 13, 15, 16 ], "texture": "#texture" },
				"west": { "uv": [ 0, 13, 1, 16 ], "texture": "#texture" },
				"east": { "uv": [ 15, 13, 16, 16 ], "texture": "#texture" }
			}
		}
	],
	"display": {
		"thirdperson_righthand": {
			"rotation":  [ 28, 0, 0 ],
			"translation":  [ 0, 2.7826, 1.3913 ],
			"scale":  [ 0.3393, 0.3833, 0.313 ]
		},
		"thirdperson_lefthand": {
			"rotation":  [ 28, 0, 0 ],
			"translation":  [ 0, 2.7826, 1.3913 ],
			"scale":  [ 0.3393, 0.3833, 0.313 ]
		},
		"firstperson_righthand": {
			"rotation":  [ 0, -64, 0 ]
		},
		"firstperson_lefthand": {
			"rotation":  [ 0, -64, 0 ]
		},
		"gui": {
			"rotation":  [ 0, -180, 0 ],
			"translation":  [ 0, 4.1739, 0 ]
		},
		"head": {
			"translation":  [ 0, 15.304, 0 ],
			"scale":  [ 1, 1.313, 1 ]
		},
		"fixed": {
			"translation":  [ 0, 2.7826, 0 ]
		}
	}
}