{
	"credit": "Made with Blockbench",
	"textures": {
		"0": "custom/partyhat2",
		"1": "blocks/gold_block",
		"2": "blocks/wool_colored_white",
		"3": "blocks/wool_colored_pink",
		"4": "blocks/wool_colored_yellow",
		"5": "blocks/wool_colored_light_blue",
		"6": "blocks/wool_colored_orange",
		"7": "custom/bday"
	},
	"elements": [
		{
			"from": [5, -1, 4],
			"to": [11, 2, 10],
			"faces": {
				"north": {"uv": [5, 0, 6.998, 2], "texture": "#0"},
				"east": {"uv": [5, 0, 6.998, 2], "texture": "#0"},
				"south": {"uv": [5, 0, 6.998, 2], "texture": "#0"},
				"west": {"uv": [5, 0, 6.998, 2], "texture": "#0"},
				"up": {"uv": [5, 0, 6.998, 2], "texture": "#0"},
				"down": {"uv": [5, 0, 6.998, 2], "texture": "#0"}
			}
		},
		{
			"from": [6, 0, 10],
			"to": [10, 1, 11],
			"faces": {
				"north": {"uv": [5, 0, 6.998, 2], "texture": "#0"},
				"east": {"uv": [5, 0, 6.998, 2], "texture": "#0"},
				"south": {"uv": [5, 0, 6.998, 2], "texture": "#0"},
				"west": {"uv": [5, 0, 6.998, 2], "texture": "#0"},
				"up": {"uv": [5, 0, 6.998, 2], "texture": "#0"},
				"down": {"uv": [5, 0, 6.998, 2], "texture": "#0"}
			}
		},
		{
			"from": [4, -2, 3],
			"to": [12, -1, 11],
			"faces": {
				"north": {"uv": [5, 0, 6.998, 2], "texture": "#1"},
				"east": {"uv": [5, 0, 6.998, 2], "texture": "#1"},
				"south": {"uv": [5, 0, 6.998, 2], "texture": "#1"},
				"west": {"uv": [5, 0, 6.998, 2], "texture": "#1"},
				"up": {"uv": [5, 0, 6.998, 2], "texture": "#0"},
				"down": {"uv": [5, 0, 6.998, 2], "texture": "#1"}
			}
		},
		{
			"from": [11, 0, 5],
			"to": [12, 1, 9],
			"faces": {
				"north": {"uv": [5, 0, 6.998, 2], "texture": "#0"},
				"east": {"uv": [5, 0, 6.998, 2], "texture": "#0"},
				"south": {"uv": [5, 0, 6.998, 2], "texture": "#0"},
				"west": {"uv": [5, 0, 6.998, 2], "texture": "#0"},
				"up": {"uv": [5, 0, 6.998, 2], "texture": "#0"},
				"down": {"uv": [5, 0, 6.998, 2], "texture": "#0"}
			}
		},
		{
			"from": [6, 0, 3],
			"to": [10, 1, 4],
			"faces": {
				"north": {"uv": [5, 0, 6.998, 2], "texture": "#0"},
				"east": {"uv": [5, 0, 6.998, 2], "texture": "#0"},
				"south": {"uv": [5, 0, 6.998, 2], "texture": "#0"},
				"west": {"uv": [5, 0, 6.998, 2], "texture": "#0"},
				"up": {"uv": [5, 0, 6.998, 2], "texture": "#0"},
				"down": {"uv": [5, 0, 6.998, 2], "texture": "#0"}
			}
		},
		{
			"from": [4, -1, 3],
			"to": [12, 0, 11],
			"faces": {
				"north": {"uv": [5, 0, 6.998, 2], "texture": "#0"},
				"east": {"uv": [5, 0, 6.998, 2], "texture": "#0"},
				"south": {"uv": [5, 0, 6.998, 2], "texture": "#0"},
				"west": {"uv": [5, 0, 6.998, 2], "texture": "#0"},
				"up": {"uv": [5, 0, 6.998, 2], "texture": "#0"},
				"down": {"uv": [5, 0, 6.998, 2], "texture": "#0"}
			}
		},
		{
			"from": [5, -2, 11],
			"to": [11, -1, 12],
			"faces": {
				"north": {"uv": [5, 0, 6.998, 2], "texture": "#0"},
				"east": {"uv": [5, 0, 6.998, 2], "texture": "#1"},
				"south": {"uv": [5, 0, 6.998, 2], "texture": "#1"},
				"west": {"uv": [5, 0, 6.998, 2], "texture": "#1"},
				"up": {"uv": [5, 0, 6.998, 2], "texture": "#0"},
				"down": {"uv": [5, 0, 6.998, 2], "texture": "#1"}
			}
		},
		{
			"from": [4, 0, 5],
			"to": [5, 1, 9],
			"faces": {
				"north": {"uv": [5, 0, 6.998, 2], "texture": "#0"},
				"east": {"uv": [5, 0, 6.998, 2], "texture": "#0"},
				"south": {"uv": [5, 0, 6.998, 2], "texture": "#0"},
				"west": {"uv": [5, 0, 6.998, 2], "texture": "#0"},
				"up": {"uv": [5, 0, 6.998, 2], "texture": "#0"},
				"down": {"uv": [5, 0, 6.998, 2], "texture": "#0"}
			}
		},
		{
			"from": [5, -2, 2],
			"to": [11, -1, 3],
			"faces": {
				"north": {"uv": [5, 0, 6.998, 2], "texture": "#1"},
				"east": {"uv": [5, 0, 6.998, 2], "texture": "#1"},
				"south": {"uv": [5, 0, 6.998, 2], "texture": "#0"},
				"west": {"uv": [5, 0, 6.998, 2], "texture": "#1"},
				"up": {"uv": [5, 0, 6.998, 2], "texture": "#0"},
				"down": {"uv": [5, 0, 6.998, 2], "texture": "#1"}
			}
		},
		{
			"from": [12, -2, 4],
			"to": [13, -1, 10],
			"faces": {
				"north": {"uv": [5, 0, 6.998, 2], "texture": "#1"},
				"east": {"uv": [5, 0, 6.998, 2], "texture": "#1"},
				"south": {"uv": [5, 0, 6.998, 2], "texture": "#1"},
				"west": {"uv": [5, 0, 6.998, 2], "texture": "#0"},
				"up": {"uv": [5, 0, 6.998, 2], "texture": "#0"},
				"down": {"uv": [5, 0, 6.998, 2], "texture": "#1"}
			}
		},
		{
			"from": [3, -2, 4],
			"to": [4, -1, 10],
			"faces": {
				"north": {"uv": [5, 0, 6.998, 2], "texture": "#1"},
				"east": {"uv": [5, 0, 6.998, 2], "texture": "#0"},
				"south": {"uv": [5, 0, 6.998, 2], "texture": "#1"},
				"west": {"uv": [5, 0, 6.998, 2], "texture": "#1"},
				"up": {"uv": [5, 0, 6.998, 2], "texture": "#0"},
				"down": {"uv": [5, 0, 6.998, 2], "texture": "#1"}
			}
		},
		{
			"name": "hexadecagon",
			"from": [7.60218, 1.75, 5],
			"to": [8.39782, 2.25, 9],
			"rotation": {"angle": -45, "axis": "y", "origin": [8, 2, 7]},
			"faces": {
				"north": {"uv": [14.75, 13, 15.749, 13.999], "texture": "#1"},
				"east": {"uv": [14.75, 13, 15.749, 13.999], "texture": "#1"},
				"south": {"uv": [14.75, 13, 15.749, 13.999], "texture": "#1"},
				"west": {"uv": [14.75, 13, 15.749, 13.999], "texture": "#1"},
				"up": {"uv": [14.75, 13, 15.749, 13.999], "texture": "#1"},
				"down": {"uv": [14.75, 13, 15.749, 13.999], "texture": "#1"}
			}
		},
		{
			"name": "hexadecagon",
			"from": [7.60218, 1.75, 5],
			"to": [8.39782, 2.25, 9],
			"rotation": {"angle": -22.5, "axis": "y", "origin": [8, 2, 7]},
			"faces": {
				"north": {"uv": [14.75, 13, 15.749, 13.999], "texture": "#1"},
				"east": {"uv": [14.75, 13, 15.749, 13.999], "texture": "#1"},
				"south": {"uv": [14.75, 13, 15.749, 13.999], "texture": "#1"},
				"west": {"uv": [14.75, 13, 15.749, 13.999], "texture": "#1"},
				"up": {"uv": [14.75, 13, 15.749, 13.999], "texture": "#1"},
				"down": {"uv": [14.75, 13, 15.749, 13.999], "texture": "#1"}
			}
		},
		{
			"name": "hexadecagon",
			"from": [7.60218, 1.75, 5],
			"to": [8.39782, 2.25, 9],
			"faces": {
				"north": {"uv": [14.75, 13, 15.749, 13.999], "texture": "#1"},
				"east": {"uv": [14.75, 13, 15.749, 13.999], "texture": "#1"},
				"south": {"uv": [14.75, 13, 15.749, 13.999], "texture": "#1"},
				"west": {"uv": [14.75, 13, 15.749, 13.999], "texture": "#1"},
				"up": {"uv": [14.75, 13, 15.749, 13.999], "texture": "#1"},
				"down": {"uv": [14.75, 13, 15.749, 13.999], "texture": "#1"}
			}
		},
		{
			"name": "hexadecagon",
			"from": [7.60218, 1.75, 5],
			"to": [8.39782, 2.25, 9],
			"rotation": {"angle": 22.5, "axis": "y", "origin": [8, 2, 7]},
			"faces": {
				"north": {"uv": [14.75, 13, 15.749, 13.999], "texture": "#1"},
				"east": {"uv": [14.75, 13, 15.749, 13.999], "texture": "#1"},
				"south": {"uv": [14.75, 13, 15.749, 13.999], "texture": "#1"},
				"west": {"uv": [14.75, 13, 15.749, 13.999], "texture": "#1"},
				"up": {"uv": [14.75, 13, 15.749, 13.999], "texture": "#1"},
				"down": {"uv": [14.75, 13, 15.749, 13.999], "texture": "#1"}
			}
		},
		{
			"name": "hexadecagon",
			"from": [7.60218, 1.75, 5],
			"to": [8.39782, 2.25, 9],
			"rotation": {"angle": 45, "axis": "y", "origin": [8, 2, 7]},
			"faces": {
				"north": {"uv": [14.75, 13, 15.749, 13.999], "texture": "#1"},
				"east": {"uv": [14.75, 13, 15.749, 13.999], "texture": "#1"},
				"south": {"uv": [14.75, 13, 15.749, 13.999], "texture": "#1"},
				"west": {"uv": [14.75, 13, 15.749, 13.999], "texture": "#1"},
				"up": {"uv": [14.75, 13, 15.749, 13.999], "texture": "#1"},
				"down": {"uv": [14.75, 13, 15.749, 13.999], "texture": "#1"}
			}
		},
		{
			"name": "hexadecagon",
			"from": [6, 1.75, 6.60218],
			"to": [10, 2.25, 7.39782],
			"rotation": {"angle": -22.5, "axis": "y", "origin": [8, 2, 7]},
			"faces": {
				"north": {"uv": [14.75, 13, 15.749, 13.999], "texture": "#1"},
				"east": {"uv": [14.75, 13, 15.749, 13.999], "texture": "#1"},
				"south": {"uv": [14.75, 13, 15.749, 13.999], "texture": "#1"},
				"west": {"uv": [14.75, 13, 15.749, 13.999], "texture": "#1"},
				"up": {"uv": [14.75, 13, 15.749, 13.999], "texture": "#1"},
				"down": {"uv": [14.75, 13, 15.749, 13.999], "texture": "#1"}
			}
		},
		{
			"name": "hexadecagon",
			"from": [6, 1.75, 6.60218],
			"to": [10, 2.25, 7.39782],
			"faces": {
				"north": {"uv": [14.75, 13, 15.749, 13.999], "texture": "#1"},
				"east": {"uv": [14.75, 13, 15.749, 13.999], "texture": "#1"},
				"south": {"uv": [14.75, 13, 15.749, 13.999], "texture": "#1"},
				"west": {"uv": [14.75, 13, 15.749, 13.999], "texture": "#1"},
				"up": {"uv": [14.75, 13, 15.749, 13.999], "texture": "#1"},
				"down": {"uv": [14.75, 13, 15.749, 13.999], "texture": "#1"}
			}
		},
		{
			"name": "hexadecagon",
			"from": [6, 1.75, 6.60218],
			"to": [10, 2.25, 7.39782],
			"rotation": {"angle": 22.5, "axis": "y", "origin": [8, 2, 7]},
			"faces": {
				"north": {"uv": [14.75, 13, 15.749, 13.999], "texture": "#1"},
				"east": {"uv": [14.75, 13, 15.749, 13.999], "texture": "#1"},
				"south": {"uv": [14.75, 13, 15.749, 13.999], "texture": "#1"},
				"west": {"uv": [14.75, 13, 15.749, 13.999], "texture": "#1"},
				"up": {"uv": [14.75, 13, 15.749, 13.999], "texture": "#1"},
				"down": {"uv": [14.75, 13, 15.749, 13.999], "texture": "#1"}
			}
		},
		{
			"from": [6, 2.25, 6.40218],
			"to": [6.2, 2.45, 6.60218],
			"faces": {
				"north": {"uv": [14.75, 13, 15.749, 13.999], "texture": "#1"},
				"east": {"uv": [14.75, 13, 15.749, 13.999], "texture": "#1"},
				"south": {"uv": [14.75, 13, 15.749, 13.999], "texture": "#1"},
				"west": {"uv": [14.75, 13, 15.749, 13.999], "texture": "#1"},
				"up": {"uv": [14.75, 13, 15.749, 13.999], "texture": "#1"},
				"down": {"uv": [14.75, 13, 15.749, 13.999], "texture": "#1"}
			}
		},
		{
			"from": [6.30448, 2.25, 7.93291],
			"to": [6.50448, 2.45, 8.13291],
			"faces": {
				"north": {"uv": [14.75, 13, 15.749, 13.999], "texture": "#1"},
				"east": {"uv": [14.75, 13, 15.749, 13.999], "texture": "#1"},
				"south": {"uv": [14.75, 13, 15.749, 13.999], "texture": "#1"},
				"west": {"uv": [14.75, 13, 15.749, 13.999], "texture": "#1"},
				"up": {"uv": [14.75, 13, 15.749, 13.999], "texture": "#1"},
				"down": {"uv": [14.75, 13, 15.749, 13.999], "texture": "#1"}
			}
		},
		{
			"from": [6, 2.2, 7.39782],
			"to": [6.2, 2.4, 7.59782],
			"faces": {
				"north": {"uv": [14.75, 13, 15.749, 13.999], "texture": "#1"},
				"east": {"uv": [14.75, 13, 15.749, 13.999], "texture": "#1"},
				"south": {"uv": [14.75, 13, 15.749, 13.999], "texture": "#1"},
				"west": {"uv": [14.75, 13, 15.749, 13.999], "texture": "#1"},
				"up": {"uv": [14.75, 13, 15.749, 13.999], "texture": "#1"},
				"down": {"uv": [14.75, 13, 15.749, 13.999], "texture": "#1"}
			}
		},
		{
			"from": [6, 2.05, 7.19782],
			"to": [6.2, 2.25, 7.39782],
			"faces": {
				"north": {"uv": [14.75, 13, 15.749, 13.999], "texture": "#1"},
				"east": {"uv": [14.75, 13, 15.749, 13.999], "texture": "#1"},
				"south": {"uv": [14.75, 13, 15.749, 13.999], "texture": "#1"},
				"west": {"uv": [14.75, 13, 15.749, 13.999], "texture": "#1"},
				"up": {"uv": [14.75, 13, 15.749, 13.999], "texture": "#1"},
				"down": {"uv": [14.75, 13, 15.749, 13.999], "texture": "#1"}
			}
		},
		{
			"from": [6, 2.05, 6.60218],
			"to": [6.2, 2.25, 6.80218],
			"faces": {
				"north": {"uv": [14.75, 13, 15.749, 13.999], "texture": "#1"},
				"east": {"uv": [14.75, 13, 15.749, 13.999], "texture": "#1"},
				"south": {"uv": [14.75, 13, 15.749, 13.999], "texture": "#1"},
				"west": {"uv": [14.75, 13, 15.749, 13.999], "texture": "#1"},
				"up": {"uv": [14.75, 13, 15.749, 13.999], "texture": "#1"},
				"down": {"uv": [14.75, 13, 15.749, 13.999], "texture": "#1"}
			}
		},
		{
			"from": [5.9, 1.9, 6.60218],
			"to": [6.1, 2.1, 6.80218],
			"faces": {
				"north": {"uv": [14.75, 13, 15.749, 13.999], "texture": "#1"},
				"east": {"uv": [14.75, 13, 15.749, 13.999], "texture": "#1"},
				"south": {"uv": [14.75, 13, 15.749, 13.999], "texture": "#1"},
				"west": {"uv": [14.75, 13, 15.749, 13.999], "texture": "#1"},
				"up": {"uv": [14.75, 13, 15.749, 13.999], "texture": "#1"},
				"down": {"uv": [14.75, 13, 15.749, 13.999], "texture": "#1"}
			}
		},
		{
			"from": [6.30448, 2.05, 8.13291],
			"to": [6.50448, 2.25, 8.33291],
			"faces": {
				"north": {"uv": [14.75, 13, 15.749, 13.999], "texture": "#1"},
				"east": {"uv": [14.75, 13, 15.749, 13.999], "texture": "#1"},
				"south": {"uv": [14.75, 13, 15.749, 13.999], "texture": "#1"},
				"west": {"uv": [14.75, 13, 15.749, 13.999], "texture": "#1"},
				"up": {"uv": [14.75, 13, 15.749, 13.999], "texture": "#1"},
				"down": {"uv": [14.75, 13, 15.749, 13.999], "texture": "#1"}
			}
		},
		{
			"from": [6.9, 2, 8.7],
			"to": [7.1, 2.2, 8.9],
			"faces": {
				"north": {"uv": [14.75, 13, 15.749, 13.999], "texture": "#1"},
				"east": {"uv": [14.75, 13, 15.749, 13.999], "texture": "#1"},
				"south": {"uv": [14.75, 13, 15.749, 13.999], "texture": "#1"},
				"west": {"uv": [14.75, 13, 15.749, 13.999], "texture": "#1"},
				"up": {"uv": [14.75, 13, 15.749, 13.999], "texture": "#1"},
				"down": {"uv": [14.75, 13, 15.749, 13.999], "texture": "#1"}
			}
		},
		{
			"from": [6.30448, 2.25, 5.86709],
			"to": [6.50448, 2.45, 6.06709],
			"faces": {
				"north": {"uv": [14.75, 13, 15.749, 13.999], "texture": "#1"},
				"east": {"uv": [14.75, 13, 15.749, 13.999], "texture": "#1"},
				"south": {"uv": [14.75, 13, 15.749, 13.999], "texture": "#1"},
				"west": {"uv": [14.75, 13, 15.749, 13.999], "texture": "#1"},
				"up": {"uv": [14.75, 13, 15.749, 13.999], "texture": "#1"},
				"down": {"uv": [14.75, 13, 15.749, 13.999], "texture": "#1"}
			}
		},
		{
			"from": [6.3, 1.9, 5.66709],
			"to": [6.5, 2.1, 5.86709],
			"faces": {
				"north": {"uv": [14.75, 13, 15.749, 13.999], "texture": "#1"},
				"east": {"uv": [14.75, 13, 15.749, 13.999], "texture": "#1"},
				"south": {"uv": [14.75, 13, 15.749, 13.999], "texture": "#1"},
				"west": {"uv": [14.75, 13, 15.749, 13.999], "texture": "#1"},
				"up": {"uv": [14.75, 13, 15.749, 13.999], "texture": "#1"},
				"down": {"uv": [14.75, 13, 15.749, 13.999], "texture": "#1"}
			}
		},
		{
			"from": [6.86709, 2.05, 5.10448],
			"to": [7.06709, 2.25, 5.30448],
			"faces": {
				"north": {"uv": [14.75, 13, 15.749, 13.999], "texture": "#1"},
				"east": {"uv": [14.75, 13, 15.749, 13.999], "texture": "#1"},
				"south": {"uv": [14.75, 13, 15.749, 13.999], "texture": "#1"},
				"west": {"uv": [14.75, 13, 15.749, 13.999], "texture": "#1"},
				"up": {"uv": [14.75, 13, 15.749, 13.999], "texture": "#1"},
				"down": {"uv": [14.75, 13, 15.749, 13.999], "texture": "#1"}
			}
		},
		{
			"from": [7.60218, 2.25, 4.8],
			"to": [7.80218, 2.45, 5],
			"faces": {
				"north": {"uv": [14.75, 13, 15.749, 13.999], "texture": "#1"},
				"east": {"uv": [14.75, 13, 15.749, 13.999], "texture": "#1"},
				"south": {"uv": [14.75, 13, 15.749, 13.999], "texture": "#1"},
				"west": {"uv": [14.75, 13, 15.749, 13.999], "texture": "#1"},
				"up": {"uv": [14.75, 13, 15.749, 13.999], "texture": "#1"},
				"down": {"uv": [14.75, 13, 15.749, 13.999], "texture": "#1"}
			}
		},
		{
			"from": [7.2, 1.9, 4.9],
			"to": [7.4, 2.1, 5.1],
			"faces": {
				"north": {"uv": [14.75, 13, 15.749, 13.999], "texture": "#1"},
				"east": {"uv": [14.75, 13, 15.749, 13.999], "texture": "#1"},
				"south": {"uv": [14.75, 13, 15.749, 13.999], "texture": "#1"},
				"west": {"uv": [14.75, 13, 15.749, 13.999], "texture": "#1"},
				"up": {"uv": [14.75, 13, 15.749, 13.999], "texture": "#1"},
				"down": {"uv": [14.75, 13, 15.749, 13.999], "texture": "#1"}
			}
		},
		{
			"from": [7.2, 1.9, 4.9],
			"to": [7.4, 2.1, 5.1],
			"faces": {
				"north": {"uv": [14.75, 13, 15.749, 13.999], "texture": "#1"},
				"east": {"uv": [14.75, 13, 15.749, 13.999], "texture": "#1"},
				"south": {"uv": [14.75, 13, 15.749, 13.999], "texture": "#1"},
				"west": {"uv": [14.75, 13, 15.749, 13.999], "texture": "#1"},
				"up": {"uv": [14.75, 13, 15.749, 13.999], "texture": "#1"},
				"down": {"uv": [14.75, 13, 15.749, 13.999], "texture": "#1"}
			}
		},
		{
			"from": [8.93291, 2.25, 5.10448],
			"to": [9.13291, 2.45, 5.30448],
			"faces": {
				"north": {"uv": [14.75, 13, 15.749, 13.999], "texture": "#1"},
				"east": {"uv": [14.75, 13, 15.749, 13.999], "texture": "#1"},
				"south": {"uv": [14.75, 13, 15.749, 13.999], "texture": "#1"},
				"west": {"uv": [14.75, 13, 15.749, 13.999], "texture": "#1"},
				"up": {"uv": [14.75, 13, 15.749, 13.999], "texture": "#1"},
				"down": {"uv": [14.75, 13, 15.749, 13.999], "texture": "#1"}
			}
		},
		{
			"from": [8.39782, 2.05, 4.8],
			"to": [8.59782, 2.25, 5],
			"faces": {
				"north": {"uv": [14.75, 13, 15.749, 13.999], "texture": "#1"},
				"east": {"uv": [14.75, 13, 15.749, 13.999], "texture": "#1"},
				"south": {"uv": [14.75, 13, 15.749, 13.999], "texture": "#1"},
				"west": {"uv": [14.75, 13, 15.749, 13.999], "texture": "#1"},
				"up": {"uv": [14.75, 13, 15.749, 13.999], "texture": "#1"},
				"down": {"uv": [14.75, 13, 15.749, 13.999], "texture": "#1"}
			}
		},
		{
			"from": [8.9, 1.9, 5],
			"to": [9.1, 2.1, 5.2],
			"faces": {
				"north": {"uv": [14.75, 13, 15.749, 13.999], "texture": "#1"},
				"east": {"uv": [14.75, 13, 15.749, 13.999], "texture": "#1"},
				"south": {"uv": [14.75, 13, 15.749, 13.999], "texture": "#1"},
				"west": {"uv": [14.75, 13, 15.749, 13.999], "texture": "#1"},
				"up": {"uv": [14.75, 13, 15.749, 13.999], "texture": "#1"},
				"down": {"uv": [14.75, 13, 15.749, 13.999], "texture": "#1"}
			}
		},
		{
			"from": [9.69552, 2.25, 5.86709],
			"to": [9.89552, 2.45, 6.06709],
			"faces": {
				"north": {"uv": [14.75, 13, 15.749, 13.999], "texture": "#1"},
				"east": {"uv": [14.75, 13, 15.749, 13.999], "texture": "#1"},
				"south": {"uv": [14.75, 13, 15.749, 13.999], "texture": "#1"},
				"west": {"uv": [14.75, 13, 15.749, 13.999], "texture": "#1"},
				"up": {"uv": [14.75, 13, 15.749, 13.999], "texture": "#1"},
				"down": {"uv": [14.75, 13, 15.749, 13.999], "texture": "#1"}
			}
		},
		{
			"from": [8.39782, 2.25, 5],
			"to": [8.59782, 2.45, 5.2],
			"faces": {
				"north": {"uv": [14.75, 13, 15.749, 13.999], "texture": "#1"},
				"east": {"uv": [14.75, 13, 15.749, 13.999], "texture": "#1"},
				"south": {"uv": [14.75, 13, 15.749, 13.999], "texture": "#1"},
				"west": {"uv": [14.75, 13, 15.749, 13.999], "texture": "#1"},
				"up": {"uv": [14.75, 13, 15.749, 13.999], "texture": "#1"},
				"down": {"uv": [14.75, 13, 15.749, 13.999], "texture": "#1"}
			}
		},
		{
			"from": [9.69552, 2.25, 5.86709],
			"to": [9.89552, 2.45, 6.06709],
			"faces": {
				"north": {"uv": [14.75, 13, 15.749, 13.999], "texture": "#1"},
				"east": {"uv": [14.75, 13, 15.749, 13.999], "texture": "#1"},
				"south": {"uv": [14.75, 13, 15.749, 13.999], "texture": "#1"},
				"west": {"uv": [14.75, 13, 15.749, 13.999], "texture": "#1"},
				"up": {"uv": [14.75, 13, 15.749, 13.999], "texture": "#1"},
				"down": {"uv": [14.75, 13, 15.749, 13.999], "texture": "#1"}
			}
		},
		{
			"from": [10, 2.05, 6.60218],
			"to": [10.2, 2.25, 6.80218],
			"faces": {
				"north": {"uv": [14.75, 13, 15.749, 13.999], "texture": "#1"},
				"east": {"uv": [14.75, 13, 15.749, 13.999], "texture": "#1"},
				"south": {"uv": [14.75, 13, 15.749, 13.999], "texture": "#1"},
				"west": {"uv": [14.75, 13, 15.749, 13.999], "texture": "#1"},
				"up": {"uv": [14.75, 13, 15.749, 13.999], "texture": "#1"},
				"down": {"uv": [14.75, 13, 15.749, 13.999], "texture": "#1"}
			}
		},
		{
			"from": [10, 2.05, 7.39782],
			"to": [10.2, 2.25, 7.59782],
			"faces": {
				"north": {"uv": [14.75, 13, 15.749, 13.999], "texture": "#1"},
				"east": {"uv": [14.75, 13, 15.749, 13.999], "texture": "#1"},
				"south": {"uv": [14.75, 13, 15.749, 13.999], "texture": "#1"},
				"west": {"uv": [14.75, 13, 15.749, 13.999], "texture": "#1"},
				"up": {"uv": [14.75, 13, 15.749, 13.999], "texture": "#1"},
				"down": {"uv": [14.75, 13, 15.749, 13.999], "texture": "#1"}
			}
		},
		{
			"from": [9.8, 1.96, 7.8],
			"to": [10, 2.16, 8],
			"faces": {
				"north": {"uv": [14.75, 13, 15.749, 13.999], "texture": "#1"},
				"east": {"uv": [14.75, 13, 15.749, 13.999], "texture": "#1"},
				"south": {"uv": [14.75, 13, 15.749, 13.999], "texture": "#1"},
				"west": {"uv": [14.75, 13, 15.749, 13.999], "texture": "#1"},
				"up": {"uv": [14.75, 13, 15.749, 13.999], "texture": "#1"},
				"down": {"uv": [14.75, 13, 15.749, 13.999], "texture": "#1"}
			}
		},
		{
			"from": [9.8, 2.25, 7.39782],
			"to": [10, 2.45, 7.59782],
			"faces": {
				"north": {"uv": [14.75, 13, 15.749, 13.999], "texture": "#1"},
				"east": {"uv": [14.75, 13, 15.749, 13.999], "texture": "#1"},
				"south": {"uv": [14.75, 13, 15.749, 13.999], "texture": "#1"},
				"west": {"uv": [14.75, 13, 15.749, 13.999], "texture": "#1"},
				"up": {"uv": [14.75, 13, 15.749, 13.999], "texture": "#1"},
				"down": {"uv": [14.75, 13, 15.749, 13.999], "texture": "#1"}
			}
		},
		{
			"from": [9.49552, 2.05, 8.13291],
			"to": [9.69552, 2.25, 8.33291],
			"faces": {
				"north": {"uv": [14.75, 13, 15.749, 13.999], "texture": "#1"},
				"east": {"uv": [14.75, 13, 15.749, 13.999], "texture": "#1"},
				"south": {"uv": [14.75, 13, 15.749, 13.999], "texture": "#1"},
				"west": {"uv": [14.75, 13, 15.749, 13.999], "texture": "#1"},
				"up": {"uv": [14.75, 13, 15.749, 13.999], "texture": "#1"},
				"down": {"uv": [14.75, 13, 15.749, 13.999], "texture": "#1"}
			}
		},
		{
			"from": [8.93291, 2.25, 8.69552],
			"to": [9.13291, 2.45, 8.89552],
			"faces": {
				"north": {"uv": [14.75, 13, 15.749, 13.999], "texture": "#1"},
				"east": {"uv": [14.75, 13, 15.749, 13.999], "texture": "#1"},
				"south": {"uv": [14.75, 13, 15.749, 13.999], "texture": "#1"},
				"west": {"uv": [14.75, 13, 15.749, 13.999], "texture": "#1"},
				"up": {"uv": [14.75, 13, 15.749, 13.999], "texture": "#1"},
				"down": {"uv": [14.75, 13, 15.749, 13.999], "texture": "#1"}
			}
		},
		{
			"from": [9.13291, 1.89, 8.69552],
			"to": [9.33291, 2.09, 8.89552],
			"faces": {
				"north": {"uv": [14.75, 13, 15.749, 13.999], "texture": "#1"},
				"east": {"uv": [14.75, 13, 15.749, 13.999], "texture": "#1"},
				"south": {"uv": [14.75, 13, 15.749, 13.999], "texture": "#1"},
				"west": {"uv": [14.75, 13, 15.749, 13.999], "texture": "#1"},
				"up": {"uv": [14.75, 13, 15.749, 13.999], "texture": "#1"},
				"down": {"uv": [14.75, 13, 15.749, 13.999], "texture": "#1"}
			}
		},
		{
			"from": [8.19782, 2.1, 9],
			"to": [8.39782, 2.3, 9.2],
			"faces": {
				"north": {"uv": [14.75, 13, 15.749, 13.999], "texture": "#1"},
				"east": {"uv": [14.75, 13, 15.749, 13.999], "texture": "#1"},
				"south": {"uv": [14.75, 13, 15.749, 13.999], "texture": "#1"},
				"west": {"uv": [14.75, 13, 15.749, 13.999], "texture": "#1"},
				"up": {"uv": [14.75, 13, 15.749, 13.999], "texture": "#1"},
				"down": {"uv": [14.75, 13, 15.749, 13.999], "texture": "#1"}
			}
		},
		{
			"from": [7.40218, 2.25, 9],
			"to": [7.60218, 2.45, 9.2],
			"faces": {
				"north": {"uv": [14.75, 13, 15.749, 13.999], "texture": "#1"},
				"east": {"uv": [14.75, 13, 15.749, 13.999], "texture": "#1"},
				"south": {"uv": [14.75, 13, 15.749, 13.999], "texture": "#1"},
				"west": {"uv": [14.75, 13, 15.749, 13.999], "texture": "#1"},
				"up": {"uv": [14.75, 13, 15.749, 13.999], "texture": "#1"},
				"down": {"uv": [14.75, 13, 15.749, 13.999], "texture": "#1"}
			}
		},
		{
			"from": [9.3, 1.98, 8.45],
			"to": [9.5, 2.18, 8.65],
			"faces": {
				"north": {"uv": [14.75, 13, 15.749, 13.999], "texture": "#1"},
				"east": {"uv": [14.75, 13, 15.749, 13.999], "texture": "#1"},
				"south": {"uv": [14.75, 13, 15.749, 13.999], "texture": "#1"},
				"west": {"uv": [14.75, 13, 15.749, 13.999], "texture": "#1"},
				"up": {"uv": [14.75, 13, 15.749, 13.999], "texture": "#1"},
				"down": {"uv": [14.75, 13, 15.749, 13.999], "texture": "#1"}
			}
		},
		{
			"from": [10, 1.9, 6.9],
			"to": [10.2, 2.1, 7.1],
			"faces": {
				"north": {"uv": [14.75, 13, 15.749, 13.999], "texture": "#1"},
				"east": {"uv": [14.75, 13, 15.749, 13.999], "texture": "#1"},
				"south": {"uv": [14.75, 13, 15.749, 13.999], "texture": "#1"},
				"west": {"uv": [14.75, 13, 15.749, 13.999], "texture": "#1"},
				"up": {"uv": [14.75, 13, 15.749, 13.999], "texture": "#1"},
				"down": {"uv": [14.75, 13, 15.749, 13.999], "texture": "#1"}
			}
		},
		{
			"from": [9.8, 2, 6.3],
			"to": [10, 2.2, 6.5],
			"faces": {
				"north": {"uv": [14.75, 13, 15.749, 13.999], "texture": "#1"},
				"east": {"uv": [14.75, 13, 15.749, 13.999], "texture": "#1"},
				"south": {"uv": [14.75, 13, 15.749, 13.999], "texture": "#1"},
				"west": {"uv": [14.75, 13, 15.749, 13.999], "texture": "#1"},
				"up": {"uv": [14.75, 13, 15.749, 13.999], "texture": "#1"},
				"down": {"uv": [14.75, 13, 15.749, 13.999], "texture": "#1"}
			}
		},
		{
			"from": [9.13291, 1.9, 5.30448],
			"to": [9.33291, 2.1, 5.50448],
			"faces": {
				"north": {"uv": [14.75, 13, 15.749, 13.999], "texture": "#1"},
				"east": {"uv": [14.75, 13, 15.749, 13.999], "texture": "#1"},
				"south": {"uv": [14.75, 13, 15.749, 13.999], "texture": "#1"},
				"west": {"uv": [14.75, 13, 15.749, 13.999], "texture": "#1"},
				"up": {"uv": [14.75, 13, 15.749, 13.999], "texture": "#1"},
				"down": {"uv": [14.75, 13, 15.749, 13.999], "texture": "#1"}
			}
		},
		{
			"from": [9.49552, 2.05, 5.66709],
			"to": [9.69552, 2.25, 5.86709],
			"faces": {
				"north": {"uv": [14.75, 13, 15.749, 13.999], "texture": "#1"},
				"east": {"uv": [14.75, 13, 15.749, 13.999], "texture": "#1"},
				"south": {"uv": [14.75, 13, 15.749, 13.999], "texture": "#1"},
				"west": {"uv": [14.75, 13, 15.749, 13.999], "texture": "#1"},
				"up": {"uv": [14.75, 13, 15.749, 13.999], "texture": "#1"},
				"down": {"uv": [14.75, 13, 15.749, 13.999], "texture": "#1"}
			}
		},
		{
			"name": "hexadecagon",
			"from": [7.90054, 5.5, 6.5],
			"to": [8.09946, 6.1, 7.5],
			"rotation": {"angle": -45, "axis": "y", "origin": [8, 6, 7]},
			"faces": {
				"north": {"uv": [10, 7.999, 10.998, 10.998], "texture": "#0"},
				"east": {"uv": [10, 7.999, 10.998, 10.998], "texture": "#0"},
				"south": {"uv": [10, 7.999, 10.998, 10.998], "texture": "#0"},
				"west": {"uv": [10, 7.999, 10.998, 10.998], "texture": "#0"},
				"up": {"uv": [10, 7.999, 12.997, 8.997], "texture": "#0"},
				"down": {"uv": [10, 7.999, 10.998, 10.998], "texture": "#0"}
			}
		},
		{
			"name": "hexadecagon",
			"from": [7.90054, 5.5, 6.5],
			"to": [8.09946, 6.1, 7.5],
			"rotation": {"angle": -22.5, "axis": "y", "origin": [8, 6, 7]},
			"faces": {
				"north": {"uv": [10, 7.999, 10.998, 10.998], "texture": "#0"},
				"east": {"uv": [10, 7.999, 10.998, 10.998], "texture": "#0"},
				"south": {"uv": [10, 7.999, 10.998, 10.998], "texture": "#0"},
				"west": {"uv": [10, 7.999, 10.998, 10.998], "texture": "#0"},
				"up": {"uv": [10, 7.999, 12.997, 8.997], "texture": "#0"},
				"down": {"uv": [10, 7.999, 10.998, 10.998], "texture": "#0"}
			}
		},
		{
			"name": "hexadecagon",
			"from": [7.90054, 5.5, 6.5],
			"to": [8.09946, 6.1, 7.5],
			"faces": {
				"north": {"uv": [10, 7.999, 10.998, 10.998], "texture": "#0"},
				"east": {"uv": [10, 7.999, 10.998, 10.998], "texture": "#0"},
				"south": {"uv": [10, 7.999, 10.998, 10.998], "texture": "#0"},
				"west": {"uv": [10, 7.999, 10.998, 10.998], "texture": "#0"},
				"up": {"uv": [10, 7.999, 13.997, 8.997], "texture": "#0"},
				"down": {"uv": [10, 7.999, 10.998, 10.998], "texture": "#0"}
			}
		},
		{
			"name": "hexadecagon",
			"from": [7.90054, 5.5, 6.5],
			"to": [8.09946, 6.1, 7.5],
			"rotation": {"angle": 22.5, "axis": "y", "origin": [8, 6, 7]},
			"faces": {
				"north": {"uv": [10, 7.999, 10.998, 10.998], "texture": "#0"},
				"east": {"uv": [10, 7.999, 10.998, 10.998], "texture": "#0"},
				"south": {"uv": [10, 7.999, 10.998, 10.998], "texture": "#0"},
				"west": {"uv": [10, 7.999, 10.998, 10.998], "texture": "#0"},
				"up": {"uv": [10, 7.999, 13.997, 8.997], "texture": "#0"},
				"down": {"uv": [10, 7.999, 10.998, 10.998], "texture": "#0"}
			}
		},
		{
			"name": "hexadecagon",
			"from": [7.90054, 5.5, 6.5],
			"to": [8.09946, 6.1, 7.5],
			"rotation": {"angle": 45, "axis": "y", "origin": [8, 6, 7]},
			"faces": {
				"north": {"uv": [10, 7.999, 10.998, 10.998], "texture": "#0"},
				"east": {"uv": [10, 7.999, 10.998, 10.998], "texture": "#0"},
				"south": {"uv": [10, 7.999, 10.998, 10.998], "texture": "#0"},
				"west": {"uv": [10, 7.999, 10.998, 10.998], "texture": "#0"},
				"up": {"uv": [10, 7.999, 15.996, 8.997], "texture": "#0"},
				"down": {"uv": [10, 7.999, 10.998, 10.998], "texture": "#0"}
			}
		},
		{
			"name": "hexadecagon",
			"from": [7.5, 5.5, 6.90054],
			"to": [8.5, 6.1, 7.09946],
			"rotation": {"angle": -22.5, "axis": "y", "origin": [8, 6, 7]},
			"faces": {
				"north": {"uv": [10, 7.999, 10.998, 10.998], "texture": "#0"},
				"east": {"uv": [10, 7.999, 10.998, 10.998], "texture": "#0"},
				"south": {"uv": [10, 7.999, 10.998, 10.998], "texture": "#0"},
				"west": {"uv": [10, 7.999, 10.998, 10.998], "texture": "#0"},
				"up": {"uv": [10, 7.999, 11.996, 8.997], "texture": "#0"},
				"down": {"uv": [10, 7.999, 10.998, 10.998], "texture": "#0"}
			}
		},
		{
			"name": "hexadecagon",
			"from": [7.5, 5.5, 6.90054],
			"to": [8.5, 6.1, 7.09946],
			"faces": {
				"north": {"uv": [10, 7.999, 10.998, 10.998], "texture": "#0"},
				"east": {"uv": [10, 7.999, 10.998, 10.998], "texture": "#0"},
				"south": {"uv": [10, 7.999, 10.998, 10.998], "texture": "#0"},
				"west": {"uv": [10, 7.999, 10.998, 10.998], "texture": "#0"},
				"up": {"uv": [10, 7.999, 13.997, 8.997], "texture": "#0"},
				"down": {"uv": [10, 7.999, 10.998, 10.998], "texture": "#0"}
			}
		},
		{
			"name": "hexadecagon",
			"from": [7.5, 5.5, 6.90054],
			"to": [8.5, 6.1, 7.09946],
			"rotation": {"angle": 22.5, "axis": "y", "origin": [8, 6, 7]},
			"faces": {
				"north": {"uv": [10, 7.999, 10.998, 10.998], "texture": "#0"},
				"east": {"uv": [10, 7.999, 10.998, 10.998], "texture": "#0"},
				"south": {"uv": [10, 7.999, 10.998, 10.998], "texture": "#0"},
				"west": {"uv": [10, 7.999, 10.998, 10.998], "texture": "#0"},
				"up": {"uv": [10, 7.999, 14.997, 8.997], "texture": "#0"},
				"down": {"uv": [10, 7.999, 10.998, 10.998], "texture": "#0"}
			}
		},
		{
			"name": "hexadecagon",
			"from": [7.84087, 5, 6.2],
			"to": [8.15913, 5.6, 7.8],
			"rotation": {"angle": -45, "axis": "y", "origin": [8, 5, 7]},
			"faces": {
				"north": {"uv": [9, 13, 9.999, 14.999], "texture": "#0"},
				"east": {"uv": [9, 13, 9.999, 14.999], "texture": "#0"},
				"south": {"uv": [9, 13, 9.999, 14.999], "texture": "#0"},
				"west": {"uv": [9, 13, 9.999, 14.999], "texture": "#0"},
				"up": {"uv": [9, 13, 9.998, 13.998], "texture": "#0"},
				"down": {"uv": [9, 13, 9.999, 14.999], "texture": "#0"}
			}
		},
		{
			"name": "hexadecagon",
			"from": [7.84087, 5, 6.2],
			"to": [8.15913, 5.6, 7.8],
			"rotation": {"angle": -22.5, "axis": "y", "origin": [8, 5, 7]},
			"faces": {
				"north": {"uv": [9, 13, 9.999, 14.999], "texture": "#0"},
				"east": {"uv": [9, 13, 9.999, 14.999], "texture": "#0"},
				"south": {"uv": [9, 13, 9.999, 14.999], "texture": "#0"},
				"west": {"uv": [9, 13, 9.999, 14.999], "texture": "#0"},
				"up": {"uv": [9, 13, 9.998, 13.998], "texture": "#0"},
				"down": {"uv": [9, 13, 9.999, 14.999], "texture": "#0"}
			}
		},
		{
			"name": "hexadecagon",
			"from": [7.84087, 5, 6.2],
			"to": [8.15913, 5.6, 7.8],
			"faces": {
				"north": {"uv": [9, 13, 9.999, 14.999], "texture": "#0"},
				"east": {"uv": [9, 13, 9.999, 14.999], "texture": "#0"},
				"south": {"uv": [9, 13, 9.999, 14.999], "texture": "#0"},
				"west": {"uv": [9, 13, 9.999, 14.999], "texture": "#0"},
				"up": {"uv": [9, 13, 9.998, 13.998], "texture": "#0"},
				"down": {"uv": [9, 13, 9.999, 14.999], "texture": "#0"}
			}
		},
		{
			"name": "hexadecagon",
			"from": [7.84087, 5, 6.2],
			"to": [8.15913, 5.6, 7.8],
			"rotation": {"angle": 22.5, "axis": "y", "origin": [8, 5, 7]},
			"faces": {
				"north": {"uv": [9, 13, 9.999, 14.999], "texture": "#0"},
				"east": {"uv": [9, 13, 9.999, 14.999], "texture": "#0"},
				"south": {"uv": [9, 13, 9.999, 14.999], "texture": "#0"},
				"west": {"uv": [9, 13, 9.999, 14.999], "texture": "#0"},
				"up": {"uv": [9, 13, 10.997, 13.998], "texture": "#0"},
				"down": {"uv": [9, 13, 9.999, 14.999], "texture": "#0"}
			}
		},
		{
			"name": "hexadecagon",
			"from": [7.84087, 5, 6.2],
			"to": [8.15913, 5.6, 7.8],
			"rotation": {"angle": 45, "axis": "y", "origin": [8, 5, 7]},
			"faces": {
				"north": {"uv": [9, 13, 9.999, 14.999], "texture": "#0"},
				"east": {"uv": [9, 13, 9.999, 14.999], "texture": "#0"},
				"south": {"uv": [9, 13, 9.999, 14.999], "texture": "#0"},
				"west": {"uv": [9, 13, 9.999, 14.999], "texture": "#0"},
				"up": {"uv": [9, 13, 9.998, 13.998], "texture": "#0"},
				"down": {"uv": [9, 13, 9.999, 14.999], "texture": "#0"}
			}
		},
		{
			"name": "hexadecagon",
			"from": [7.2, 5, 6.84087],
			"to": [8.8, 5.6, 7.15913],
			"rotation": {"angle": -22.5, "axis": "y", "origin": [8, 5, 7]},
			"faces": {
				"north": {"uv": [9, 13, 9.999, 14.999], "texture": "#0"},
				"east": {"uv": [9, 13, 9.999, 14.999], "texture": "#0"},
				"south": {"uv": [9, 13, 9.999, 14.999], "texture": "#0"},
				"west": {"uv": [9, 13, 9.999, 14.999], "texture": "#0"},
				"up": {"uv": [9, 13, 9.998, 13.998], "texture": "#0"},
				"down": {"uv": [9, 13, 9.999, 14.999], "texture": "#0"}
			}
		},
		{
			"name": "hexadecagon",
			"from": [7.2, 5, 6.84087],
			"to": [8.8, 5.6, 7.15913],
			"faces": {
				"north": {"uv": [9, 13, 9.999, 14.999], "texture": "#0"},
				"east": {"uv": [9, 13, 9.999, 14.999], "texture": "#0"},
				"south": {"uv": [9, 13, 9.999, 14.999], "texture": "#0"},
				"west": {"uv": [9, 13, 9.999, 14.999], "texture": "#0"},
				"up": {"uv": [9, 13, 9.998, 13.998], "texture": "#0"},
				"down": {"uv": [9, 13, 9.999, 14.999], "texture": "#0"}
			}
		},
		{
			"name": "hexadecagon",
			"from": [7.2, 5, 6.84087],
			"to": [8.8, 5.6, 7.15913],
			"rotation": {"angle": 22.5, "axis": "y", "origin": [8, 5, 7]},
			"faces": {
				"north": {"uv": [9, 13, 9.999, 14.999], "texture": "#0"},
				"east": {"uv": [9, 13, 9.999, 14.999], "texture": "#0"},
				"south": {"uv": [9, 13, 9.999, 14.999], "texture": "#0"},
				"west": {"uv": [9, 13, 9.999, 14.999], "texture": "#0"},
				"up": {"uv": [9, 13, 10.997, 13.998], "texture": "#0"},
				"down": {"uv": [9, 13, 9.999, 14.999], "texture": "#0"}
			}
		},
		{
			"name": "hexadecagon",
			"from": [7.76131, 4.5, 5.8],
			"to": [8.23869, 5.1, 8.2],
			"rotation": {"angle": -45, "axis": "y", "origin": [8, 5, 7]},
			"faces": {
				"north": {"uv": [13, 7.999, 13.999, 9.998], "texture": "#0"},
				"east": {"uv": [13, 7.999, 13.999, 9.998], "texture": "#0"},
				"south": {"uv": [13, 7.999, 13.999, 9.998], "texture": "#0"},
				"west": {"uv": [13, 7.999, 13.999, 9.998], "texture": "#0"},
				"up": {"uv": [13, 7.999, 13.998, 8.997], "texture": "#0"},
				"down": {"uv": [13, 7.999, 13.999, 9.998], "texture": "#0"}
			}
		},
		{
			"name": "hexadecagon",
			"from": [7.76131, 4.5, 5.8],
			"to": [8.23869, 5.1, 8.2],
			"rotation": {"angle": -22.5, "axis": "y", "origin": [8, 5, 7]},
			"faces": {
				"north": {"uv": [13, 7.999, 13.999, 9.998], "texture": "#0"},
				"east": {"uv": [13, 7.999, 13.999, 9.998], "texture": "#0"},
				"south": {"uv": [13, 7.999, 13.999, 9.998], "texture": "#0"},
				"west": {"uv": [13, 7.999, 13.999, 9.998], "texture": "#0"},
				"up": {"uv": [13, 7.999, 13.998, 8.997], "texture": "#0"},
				"down": {"uv": [13, 7.999, 13.999, 9.998], "texture": "#0"}
			}
		},
		{
			"name": "hexadecagon",
			"from": [7.76131, 4.5, 5.8],
			"to": [8.23869, 5.1, 8.2],
			"faces": {
				"north": {"uv": [13, 7.999, 13.999, 9.998], "texture": "#0"},
				"east": {"uv": [13, 7.999, 13.999, 9.998], "texture": "#0"},
				"south": {"uv": [13, 7.999, 13.999, 9.998], "texture": "#0"},
				"west": {"uv": [13, 7.999, 13.999, 9.998], "texture": "#0"},
				"up": {"uv": [13, 7.999, 13.998, 8.997], "texture": "#0"},
				"down": {"uv": [13, 7.999, 13.999, 9.998], "texture": "#0"}
			}
		},
		{
			"name": "hexadecagon",
			"from": [7.76131, 4.5, 5.8],
			"to": [8.23869, 5.1, 8.2],
			"rotation": {"angle": 22.5, "axis": "y", "origin": [8, 5, 7]},
			"faces": {
				"north": {"uv": [13, 7.999, 13.999, 9.998], "texture": "#0"},
				"east": {"uv": [13, 7.999, 13.999, 9.998], "texture": "#0"},
				"south": {"uv": [13, 7.999, 13.999, 9.998], "texture": "#0"},
				"west": {"uv": [13, 7.999, 13.999, 9.998], "texture": "#0"},
				"up": {"uv": [13, 7.999, 13.998, 8.997], "texture": "#0"},
				"down": {"uv": [13, 7.999, 13.999, 9.998], "texture": "#0"}
			}
		},
		{
			"name": "hexadecagon",
			"from": [7.76131, 4.5, 5.8],
			"to": [8.23869, 5.1, 8.2],
			"rotation": {"angle": 45, "axis": "y", "origin": [8, 5, 7]},
			"faces": {
				"north": {"uv": [13, 7.999, 13.999, 9.998], "texture": "#0"},
				"east": {"uv": [13, 7.999, 13.999, 9.998], "texture": "#0"},
				"south": {"uv": [13, 7.999, 13.999, 9.998], "texture": "#0"},
				"west": {"uv": [13, 7.999, 13.999, 9.998], "texture": "#0"},
				"up": {"uv": [13, 7.999, 13.998, 8.997], "texture": "#0"},
				"down": {"uv": [13, 7.999, 13.999, 9.998], "texture": "#0"}
			}
		},
		{
			"name": "hexadecagon",
			"from": [6.8, 4.5, 6.76131],
			"to": [9.2, 5.1, 7.23869],
			"rotation": {"angle": -22.5, "axis": "y", "origin": [8, 5, 7]},
			"faces": {
				"north": {"uv": [13, 7.999, 13.999, 9.998], "texture": "#0"},
				"east": {"uv": [13, 7.999, 13.999, 9.998], "texture": "#0"},
				"south": {"uv": [13, 7.999, 13.999, 9.998], "texture": "#0"},
				"west": {"uv": [13, 7.999, 13.999, 9.998], "texture": "#0"},
				"up": {"uv": [12, 7.999, 12.998, 8.998], "texture": "#0"},
				"down": {"uv": [13, 7.999, 13.999, 9.998], "texture": "#0"}
			}
		},
		{
			"name": "hexadecagon",
			"from": [6.8, 4.5, 6.76131],
			"to": [9.2, 5.1, 7.23869],
			"faces": {
				"north": {"uv": [13, 7.999, 13.999, 9.998], "texture": "#0"},
				"east": {"uv": [13, 7.999, 13.999, 9.998], "texture": "#0"},
				"south": {"uv": [13, 7.999, 13.999, 9.998], "texture": "#0"},
				"west": {"uv": [13, 7.999, 13.999, 9.998], "texture": "#0"},
				"up": {"uv": [13, 7.999, 13.998, 8.997], "texture": "#0"},
				"down": {"uv": [13, 7.999, 13.999, 9.998], "texture": "#0"}
			}
		},
		{
			"name": "hexadecagon",
			"from": [6.8, 4.5, 6.76131],
			"to": [9.2, 5.1, 7.23869],
			"rotation": {"angle": 22.5, "axis": "y", "origin": [8, 5, 7]},
			"faces": {
				"north": {"uv": [13, 7.999, 13.999, 9.998], "texture": "#0"},
				"east": {"uv": [13, 7.999, 13.999, 9.998], "texture": "#0"},
				"south": {"uv": [13, 7.999, 13.999, 9.998], "texture": "#0"},
				"west": {"uv": [13, 7.999, 13.999, 9.998], "texture": "#0"},
				"up": {"uv": [13, 7.999, 13.998, 8.997], "texture": "#0"},
				"down": {"uv": [13, 7.999, 13.999, 9.998], "texture": "#0"}
			}
		},
		{
			"name": "hexadecagon",
			"from": [7.70163, 3.5, 5.5],
			"to": [8.29837, 4.5, 8.5],
			"rotation": {"angle": -45, "axis": "y", "origin": [8, 4, 7]},
			"faces": {
				"north": {"uv": [13, 13, 13.998, 14.998], "texture": "#0"},
				"east": {"uv": [13, 13, 13.998, 14.998], "texture": "#0"},
				"south": {"uv": [13, 13, 13.998, 14.998], "texture": "#0"},
				"west": {"uv": [13, 13, 13.998, 14.998], "texture": "#0"},
				"up": {"uv": [13, 13, 13.998, 13.998], "texture": "#0"},
				"down": {"uv": [13, 13, 13.998, 14.998], "texture": "#0"}
			}
		},
		{
			"name": "hexadecagon",
			"from": [7.70163, 3.5, 5.5],
			"to": [8.29837, 4.5, 8.5],
			"rotation": {"angle": -22.5, "axis": "y", "origin": [8, 4, 7]},
			"faces": {
				"north": {"uv": [13, 13, 13.998, 14.998], "texture": "#0"},
				"east": {"uv": [13, 13, 13.998, 14.998], "texture": "#0"},
				"south": {"uv": [13, 13, 13.998, 14.998], "texture": "#0"},
				"west": {"uv": [13, 13, 13.998, 14.998], "texture": "#0"},
				"up": {"uv": [13, 13, 13.998, 13.998], "texture": "#0"},
				"down": {"uv": [13, 13, 13.998, 14.998], "texture": "#0"}
			}
		},
		{
			"name": "hexadecagon",
			"from": [7.70163, 3.5, 5.5],
			"to": [8.29837, 4.5, 8.5],
			"faces": {
				"north": {"uv": [13, 13, 13.998, 14.998], "texture": "#0"},
				"east": {"uv": [13, 13, 13.998, 14.998], "texture": "#0"},
				"south": {"uv": [13, 13, 13.998, 14.998], "texture": "#0"},
				"west": {"uv": [13, 13, 13.998, 14.998], "texture": "#0"},
				"up": {"uv": [13, 13, 15.997, 13.998], "texture": "#0"},
				"down": {"uv": [13, 13, 13.998, 14.998], "texture": "#0"}
			}
		},
		{
			"name": "hexadecagon",
			"from": [7.70163, 3.5, 5.5],
			"to": [8.29837, 4.5, 8.5],
			"rotation": {"angle": 22.5, "axis": "y", "origin": [8, 4, 7]},
			"faces": {
				"north": {"uv": [13, 13, 13.998, 14.998], "texture": "#0"},
				"east": {"uv": [13, 13, 13.998, 14.998], "texture": "#0"},
				"south": {"uv": [13, 13, 13.998, 14.998], "texture": "#0"},
				"west": {"uv": [13, 13, 13.998, 14.998], "texture": "#0"},
				"up": {"uv": [13, 13, 13.998, 13.998], "texture": "#0"},
				"down": {"uv": [13, 13, 13.998, 14.998], "texture": "#0"}
			}
		},
		{
			"name": "hexadecagon",
			"from": [7.70163, 3.5, 5.5],
			"to": [8.29837, 4.5, 8.5],
			"rotation": {"angle": 45, "axis": "y", "origin": [8, 4, 7]},
			"faces": {
				"north": {"uv": [13, 13, 13.998, 14.998], "texture": "#0"},
				"east": {"uv": [13, 13, 13.998, 14.998], "texture": "#0"},
				"south": {"uv": [13, 13, 13.998, 14.998], "texture": "#0"},
				"west": {"uv": [13, 13, 13.998, 14.998], "texture": "#0"},
				"up": {"uv": [13, 13, 13.998, 13.998], "texture": "#0"},
				"down": {"uv": [13, 13, 13.998, 14.998], "texture": "#0"}
			}
		},
		{
			"name": "hexadecagon",
			"from": [6.5, 3.5, 6.70163],
			"to": [9.5, 4.5, 7.29837],
			"rotation": {"angle": -22.5, "axis": "y", "origin": [8, 4, 7]},
			"faces": {
				"north": {"uv": [13, 13, 13.998, 14.998], "texture": "#0"},
				"east": {"uv": [13, 13, 13.998, 14.998], "texture": "#0"},
				"south": {"uv": [13, 13, 13.998, 14.998], "texture": "#0"},
				"west": {"uv": [13, 13, 13.998, 14.998], "texture": "#0"},
				"up": {"uv": [13, 13, 13.998, 13.998], "texture": "#0"},
				"down": {"uv": [13, 13, 13.998, 14.998], "texture": "#0"}
			}
		},
		{
			"name": "hexadecagon",
			"from": [6.5, 3.5, 6.70163],
			"to": [9.5, 4.5, 7.29837],
			"faces": {
				"north": {"uv": [13, 13, 13.998, 14.998], "texture": "#0"},
				"east": {"uv": [13, 13, 13.998, 14.998], "texture": "#0"},
				"south": {"uv": [13, 13, 13.998, 14.998], "texture": "#0"},
				"west": {"uv": [13, 13, 13.998, 14.998], "texture": "#0"},
				"up": {"uv": [13, 13, 13.998, 13.998], "texture": "#0"},
				"down": {"uv": [13, 13, 13.998, 14.998], "texture": "#0"}
			}
		},
		{
			"name": "hexadecagon",
			"from": [6.5, 3.5, 6.70163],
			"to": [9.5, 4.5, 7.29837],
			"rotation": {"angle": 22.5, "axis": "y", "origin": [8, 4, 7]},
			"faces": {
				"north": {"uv": [13, 13, 13.998, 14.998], "texture": "#0"},
				"east": {"uv": [13, 13, 13.998, 14.998], "texture": "#0"},
				"south": {"uv": [13, 13, 13.998, 14.998], "texture": "#0"},
				"west": {"uv": [13, 13, 13.998, 14.998], "texture": "#0"},
				"up": {"uv": [13, 13, 13.998, 13.998], "texture": "#0"},
				"down": {"uv": [13, 13, 13.998, 14.998], "texture": "#0"}
			}
		},
		{
			"name": "hexadecagon",
			"from": [7.64196, 2.5, 5.2],
			"to": [8.35804, 3.5, 8.8],
			"rotation": {"angle": -45, "axis": "y", "origin": [8, 3, 7]},
			"faces": {
				"north": {"uv": [11, 7.999, 11.999, 10.998], "texture": "#0"},
				"east": {"uv": [11, 7.999, 11.999, 10.998], "texture": "#0"},
				"south": {"uv": [11, 7.999, 11.999, 10.998], "texture": "#0"},
				"west": {"uv": [11, 7.999, 11.999, 10.998], "texture": "#0"},
				"up": {"uv": [11, 7.999, 11.998, 8.997], "texture": "#0"},
				"down": {"uv": [11, 7.999, 11.999, 10.998], "texture": "#0"}
			}
		},
		{
			"name": "hexadecagon",
			"from": [7.64196, 2.5, 5.2],
			"to": [8.35804, 3.5, 8.8],
			"rotation": {"angle": -22.5, "axis": "y", "origin": [8, 3, 7]},
			"faces": {
				"north": {"uv": [11, 7.999, 11.999, 10.998], "texture": "#0"},
				"east": {"uv": [11, 7.999, 11.999, 10.998], "texture": "#0"},
				"south": {"uv": [11, 7.999, 11.999, 10.998], "texture": "#0"},
				"west": {"uv": [11, 7.999, 11.999, 10.998], "texture": "#0"},
				"up": {"uv": [11, 7.999, 12.997, 8.997], "texture": "#0"},
				"down": {"uv": [11, 7.999, 11.999, 10.998], "texture": "#0"}
			}
		},
		{
			"name": "hexadecagon",
			"from": [7.64196, 2.5, 5.2],
			"to": [8.35804, 3.5, 8.8],
			"faces": {
				"north": {"uv": [11, 7.999, 11.999, 10.998], "texture": "#0"},
				"east": {"uv": [11, 7.999, 11.999, 10.998], "texture": "#0"},
				"south": {"uv": [11, 7.999, 11.999, 10.998], "texture": "#0"},
				"west": {"uv": [11, 7.999, 11.999, 10.998], "texture": "#0"},
				"up": {"uv": [11, 7.999, 12.997, 8.997], "texture": "#0"},
				"down": {"uv": [11, 7.999, 11.999, 10.998], "texture": "#0"}
			}
		},
		{
			"name": "hexadecagon",
			"from": [7.64196, 2.5, 5.2],
			"to": [8.35804, 3.5, 8.8],
			"rotation": {"angle": 22.5, "axis": "y", "origin": [8, 3, 7]},
			"faces": {
				"north": {"uv": [11, 7.999, 11.999, 10.998], "texture": "#0"},
				"east": {"uv": [11, 7.999, 11.999, 10.998], "texture": "#0"},
				"south": {"uv": [11, 7.999, 11.999, 10.998], "texture": "#0"},
				"west": {"uv": [11, 7.999, 11.999, 10.998], "texture": "#0"},
				"up": {"uv": [11, 7.999, 12.997, 8.997], "texture": "#0"},
				"down": {"uv": [11, 7.999, 11.999, 10.998], "texture": "#0"}
			}
		},
		{
			"name": "hexadecagon",
			"from": [7.64196, 2.5, 5.2],
			"to": [8.35804, 3.5, 8.8],
			"rotation": {"angle": 45, "axis": "y", "origin": [8, 3, 7]},
			"faces": {
				"north": {"uv": [11, 7.999, 11.999, 10.998], "texture": "#0"},
				"east": {"uv": [11, 7.999, 11.999, 10.998], "texture": "#0"},
				"south": {"uv": [11, 7.999, 11.999, 10.998], "texture": "#0"},
				"west": {"uv": [11, 7.999, 11.999, 10.998], "texture": "#0"},
				"up": {"uv": [11, 7.999, 13.998, 8.998], "texture": "#0"},
				"down": {"uv": [11, 7.999, 11.999, 10.998], "texture": "#0"}
			}
		},
		{
			"name": "hexadecagon",
			"from": [6.2, 2.5, 6.64196],
			"to": [9.8, 3.5, 7.35804],
			"rotation": {"angle": -22.5, "axis": "y", "origin": [8, 3, 7]},
			"faces": {
				"north": {"uv": [11, 7.999, 11.999, 10.998], "texture": "#0"},
				"east": {"uv": [11, 7.999, 11.999, 10.998], "texture": "#0"},
				"south": {"uv": [11, 7.999, 11.999, 10.998], "texture": "#0"},
				"west": {"uv": [11, 7.999, 11.999, 10.998], "texture": "#0"},
				"up": {"uv": [11, 7.999, 12.997, 8.997], "texture": "#0"},
				"down": {"uv": [11, 7.999, 11.999, 10.998], "texture": "#0"}
			}
		},
		{
			"name": "hexadecagon",
			"from": [6.2, 2.5, 6.64196],
			"to": [9.8, 3.5, 7.35804],
			"faces": {
				"north": {"uv": [11, 7.999, 11.999, 10.998], "texture": "#0"},
				"east": {"uv": [11, 7.999, 11.999, 10.998], "texture": "#0"},
				"south": {"uv": [11, 7.999, 11.999, 10.998], "texture": "#0"},
				"west": {"uv": [11, 7.999, 11.999, 10.998], "texture": "#0"},
				"up": {"uv": [11, 7.999, 11.998, 8.997], "texture": "#0"},
				"down": {"uv": [11, 7.999, 11.999, 10.998], "texture": "#0"}
			}
		},
		{
			"name": "hexadecagon",
			"from": [6.2, 2.5, 6.64196],
			"to": [9.8, 3.5, 7.35804],
			"rotation": {"angle": 22.5, "axis": "y", "origin": [8, 3, 7]},
			"faces": {
				"north": {"uv": [11, 7.999, 11.999, 10.998], "texture": "#0"},
				"east": {"uv": [11, 7.999, 11.999, 10.998], "texture": "#0"},
				"south": {"uv": [11, 7.999, 11.999, 10.998], "texture": "#0"},
				"west": {"uv": [11, 7.999, 11.999, 10.998], "texture": "#0"},
				"up": {"uv": [11, 7.999, 12.997, 8.997], "texture": "#0"},
				"down": {"uv": [11, 7.999, 11.999, 10.998], "texture": "#0"}
			}
		},
		{
			"name": "hexadecagon",
			"from": [7.60218, 2.25, 5],
			"to": [8.39782, 2.75, 9],
			"rotation": {"angle": -45, "axis": "y", "origin": [8, 2.5, 7]},
			"faces": {
				"north": {"uv": [11, 13, 11.997, 14.998], "texture": "#0"},
				"east": {"uv": [11, 13, 11.997, 14.998], "texture": "#0"},
				"south": {"uv": [11, 13, 11.997, 14.998], "texture": "#0"},
				"west": {"uv": [11, 13, 11.997, 14.998], "texture": "#0"},
				"up": {"uv": [11, 13, 11.996, 13.998], "texture": "#0"},
				"down": {"uv": [11, 13, 11.997, 14.998], "texture": "#0"}
			}
		},
		{
			"name": "hexadecagon",
			"from": [7.60218, 2.25, 5],
			"to": [8.39782, 2.75, 9],
			"rotation": {"angle": -22.5, "axis": "y", "origin": [8, 2.5, 7]},
			"faces": {
				"north": {"uv": [11, 13, 11.997, 14.998], "texture": "#0"},
				"east": {"uv": [11, 13, 11.997, 14.998], "texture": "#0"},
				"south": {"uv": [11, 13, 11.997, 14.998], "texture": "#0"},
				"west": {"uv": [11, 13, 11.997, 14.998], "texture": "#0"},
				"up": {"uv": [11, 13, 11.996, 13.998], "texture": "#0"},
				"down": {"uv": [11, 13, 11.997, 14.998], "texture": "#0"}
			}
		},
		{
			"name": "hexadecagon",
			"from": [7.60218, 2.25, 5],
			"to": [8.39782, 2.75, 9],
			"faces": {
				"north": {"uv": [11, 13, 11.997, 14.998], "texture": "#0"},
				"east": {"uv": [11, 13, 11.997, 14.998], "texture": "#0"},
				"south": {"uv": [11, 13, 11.997, 14.998], "texture": "#0"},
				"west": {"uv": [11, 13, 11.997, 14.998], "texture": "#0"},
				"up": {"uv": [12, 13, 12.997, 13.998], "texture": "#0"},
				"down": {"uv": [11, 13, 11.997, 14.998], "texture": "#0"}
			}
		},
		{
			"name": "hexadecagon",
			"from": [7.60218, 2.25, 5],
			"to": [8.39782, 2.75, 9],
			"rotation": {"angle": 22.5, "axis": "y", "origin": [8, 2.5, 7]},
			"faces": {
				"north": {"uv": [11, 13, 11.997, 14.998], "texture": "#0"},
				"east": {"uv": [11, 13, 11.997, 14.998], "texture": "#0"},
				"south": {"uv": [11, 13, 11.997, 14.998], "texture": "#0"},
				"west": {"uv": [11, 13, 11.997, 14.998], "texture": "#0"},
				"up": {"uv": [11, 13, 11.996, 13.998], "texture": "#0"},
				"down": {"uv": [11, 13, 11.997, 14.998], "texture": "#0"}
			}
		},
		{
			"name": "hexadecagon",
			"from": [7.60218, 2.25, 5],
			"to": [8.39782, 2.75, 9],
			"rotation": {"angle": 45, "axis": "y", "origin": [8, 2.5, 7]},
			"faces": {
				"north": {"uv": [11, 13, 11.997, 14.998], "texture": "#0"},
				"east": {"uv": [11, 13, 11.997, 14.998], "texture": "#0"},
				"south": {"uv": [11, 13, 11.997, 14.998], "texture": "#0"},
				"west": {"uv": [11, 13, 11.997, 14.998], "texture": "#0"},
				"up": {"uv": [11, 13, 11.996, 13.998], "texture": "#0"},
				"down": {"uv": [11, 13, 11.997, 14.998], "texture": "#0"}
			}
		},
		{
			"name": "hexadecagon",
			"from": [6, 2.25, 6.60218],
			"to": [10, 2.75, 7.39782],
			"rotation": {"angle": -22.5, "axis": "y", "origin": [8, 2.5, 7]},
			"faces": {
				"north": {"uv": [11, 13, 11.997, 14.998], "texture": "#0"},
				"east": {"uv": [11, 13, 11.997, 14.998], "texture": "#0"},
				"south": {"uv": [11, 13, 11.997, 14.998], "texture": "#0"},
				"west": {"uv": [11, 13, 11.997, 14.998], "texture": "#0"},
				"up": {"uv": [11, 13, 11.996, 13.998], "texture": "#0"},
				"down": {"uv": [11, 13, 11.997, 14.998], "texture": "#0"}
			}
		},
		{
			"name": "hexadecagon",
			"from": [6, 2.25, 6.60218],
			"to": [10, 2.75, 7.39782],
			"faces": {
				"north": {"uv": [11, 13, 11.997, 14.998], "texture": "#0"},
				"east": {"uv": [11, 13, 11.997, 14.998], "texture": "#0"},
				"south": {"uv": [11, 13, 11.997, 14.998], "texture": "#0"},
				"west": {"uv": [11, 13, 11.997, 14.998], "texture": "#0"},
				"up": {"uv": [11, 13, 11.996, 13.998], "texture": "#0"},
				"down": {"uv": [11, 13, 11.997, 14.998], "texture": "#0"}
			}
		},
		{
			"name": "hexadecagon",
			"from": [6, 2.25, 6.60218],
			"to": [10, 2.75, 7.39782],
			"rotation": {"angle": 22.5, "axis": "y", "origin": [8, 2.5, 7]},
			"faces": {
				"north": {"uv": [11, 13, 11.997, 14.998], "texture": "#0"},
				"east": {"uv": [11, 13, 11.997, 14.998], "texture": "#0"},
				"south": {"uv": [11, 13, 11.997, 14.998], "texture": "#0"},
				"west": {"uv": [11, 13, 11.997, 14.998], "texture": "#0"},
				"up": {"uv": [11, 13, 11.996, 13.998], "texture": "#0"},
				"down": {"uv": [11, 13, 11.997, 14.998], "texture": "#0"}
			}
		},
		{
			"name": "hexadecagon",
			"from": [7.62044, 6.52044, 7],
			"to": [8.42044, 6.67956, 7.1],
			"rotation": {"angle": -22.5, "axis": "z", "origin": [8.02044, 6.6, 7.05]},
			"faces": {
				"north": {"uv": [0, 0, 1, 1], "rotation": 90, "texture": "#1"},
				"east": {"uv": [0, 0, 1, 1], "rotation": 90, "texture": "#1"},
				"south": {"uv": [0, 0, 1, 1], "rotation": 90, "texture": "#1"},
				"west": {"uv": [0, 0, 1, 1], "rotation": 90, "texture": "#1"},
				"up": {"uv": [0, 0, 1, 1], "rotation": 90, "texture": "#1"},
				"down": {"uv": [0, 0, 1, 1], "rotation": 90, "texture": "#1"}
			}
		},
		{
			"name": "hexadecagon",
			"from": [7.62044, 6.52044, 7],
			"to": [8.42044, 6.67956, 7.1],
			"rotation": {"angle": 22.5, "axis": "z", "origin": [8.02044, 6.6, 7.05]},
			"faces": {
				"north": {"uv": [0, 0, 1, 1], "rotation": 90, "texture": "#1"},
				"east": {"uv": [0, 0, 1, 1], "rotation": 90, "texture": "#1"},
				"south": {"uv": [0, 0, 1, 1], "rotation": 90, "texture": "#1"},
				"west": {"uv": [0, 0, 1, 1], "rotation": 90, "texture": "#1"},
				"up": {"uv": [0, 0, 1, 1], "rotation": 90, "texture": "#1"},
				"down": {"uv": [0, 0, 1, 1], "rotation": 90, "texture": "#1"}
			}
		},
		{
			"name": "hexadecagon",
			"from": [7.94087, 6.2, 7],
			"to": [8.1, 7, 7.1],
			"rotation": {"angle": -22.5, "axis": "z", "origin": [8.02044, 6.6, 7.05]},
			"faces": {
				"north": {"uv": [0, 0, 1, 1], "rotation": 90, "texture": "#1"},
				"east": {"uv": [0, 0, 1, 1], "rotation": 90, "texture": "#1"},
				"south": {"uv": [0, 0, 1, 1], "rotation": 90, "texture": "#1"},
				"west": {"uv": [0, 0, 1, 1], "rotation": 90, "texture": "#1"},
				"up": {"uv": [0, 0, 1, 1], "rotation": 90, "texture": "#1"},
				"down": {"uv": [0, 0, 1, 1], "rotation": 90, "texture": "#1"}
			}
		},
		{
			"name": "hexadecagon",
			"from": [7.94087, 6.2, 7],
			"to": [8.1, 7, 7.1],
			"rotation": {"angle": 22.5, "axis": "z", "origin": [8.02044, 6.6, 7.05]},
			"faces": {
				"north": {"uv": [0, 0, 1, 1], "rotation": 90, "texture": "#1"},
				"east": {"uv": [0, 0, 1, 1], "rotation": 90, "texture": "#1"},
				"south": {"uv": [0, 0, 1, 1], "rotation": 90, "texture": "#1"},
				"west": {"uv": [0, 0, 1, 1], "rotation": 90, "texture": "#1"},
				"up": {"uv": [0, 0, 1, 1], "rotation": 90, "texture": "#1"},
				"down": {"uv": [0, 0, 1, 1], "rotation": 90, "texture": "#1"}
			}
		},
		{
			"from": [7.9, 5.9, 6.9],
			"to": [8.1, 6.4, 7.1],
			"faces": {
				"north": {"uv": [0, 0, 0.2, 0.5], "texture": "#1"},
				"east": {"uv": [0, 0, 0.2, 0.5], "texture": "#1"},
				"south": {"uv": [0, 0, 0.2, 0.5], "texture": "#1"},
				"west": {"uv": [0, 0, 0.2, 0.5], "texture": "#1"},
				"up": {"uv": [0, 0, 0.2, 0.5], "texture": "#1"},
				"down": {"uv": [0, 0, 0.2, 0.5], "texture": "#1"}
			}
		},
		{
			"from": [5.7, 2.8, 6.6],
			"to": [5.9, 3, 7.4],
			"rotation": {"angle": 22.5, "axis": "z", "origin": [4, 3, 7]},
			"faces": {
				"north": {"uv": [0, 0, 0.2, 0.2], "rotation": 270, "texture": "#6"},
				"east": {"uv": [0, 0, 0.2, 0.2], "rotation": 270, "texture": "#6"},
				"south": {"uv": [0, 0, 0.2, 0.2], "rotation": 270, "texture": "#6"},
				"west": {"uv": [0, 0, 0.2, 0.2], "rotation": 270, "texture": "#6"},
				"up": {"uv": [0, 0, 0.2, 0.2], "rotation": 270, "texture": "#6"},
				"down": {"uv": [0, 0, 0.2, 0.2], "rotation": 270, "texture": "#6"}
			}
		},
		{
			"from": [3, 3.8, 6.6],
			"to": [3.2, 4, 7.4],
			"rotation": {"angle": 22.5, "axis": "z", "origin": [4, 3, 7]},
			"faces": {
				"north": {"uv": [0, 0, 0.2, 0.2], "rotation": 270, "texture": "#6"},
				"east": {"uv": [0, 0, 0.2, 0.2], "rotation": 270, "texture": "#6"},
				"south": {"uv": [0, 0, 0.2, 0.2], "rotation": 270, "texture": "#6"},
				"west": {"uv": [0, 0, 0.2, 0.2], "rotation": 270, "texture": "#6"},
				"up": {"uv": [0, 0, 0.2, 0.2], "rotation": 270, "texture": "#6"},
				"down": {"uv": [0, 0, 0.2, 0.2], "rotation": 270, "texture": "#6"}
			}
		},
		{
			"from": [4, 4, 6.6],
			"to": [4.2, 4.3, 7.4],
			"faces": {
				"north": {"uv": [0, 0, 0.2, 0.3], "texture": "#4"},
				"east": {"uv": [0, 0, 0.2, 0.3], "texture": "#4"},
				"south": {"uv": [0, 0, 0.2, 0.3], "texture": "#4"},
				"west": {"uv": [0, 0, 0.2, 0.3], "texture": "#4"},
				"up": {"uv": [0, 0, 0.2, 0.3], "texture": "#4"},
				"down": {"uv": [0, 0, 0.2, 0.3], "texture": "#4"}
			}
		},
		{
			"from": [4, 2.8, 6.6],
			"to": [4.2, 3, 7.4],
			"rotation": {"angle": 22.5, "axis": "z", "origin": [4, 3, 7]},
			"faces": {
				"north": {"uv": [0, 0, 0.2, 0.2], "rotation": 270, "texture": "#5"},
				"east": {"uv": [0, 0, 0.2, 0.2], "rotation": 270, "texture": "#5"},
				"south": {"uv": [0, 0, 0.2, 0.2], "rotation": 270, "texture": "#5"},
				"west": {"uv": [0, 0, 0.2, 0.2], "rotation": 270, "texture": "#5"},
				"up": {"uv": [0, 0, 0.2, 0.2], "rotation": 270, "texture": "#5"},
				"down": {"uv": [0, 0, 0.2, 0.2], "rotation": 270, "texture": "#5"}
			}
		},
		{
			"from": [5, 4, 6.6],
			"to": [5.2, 4.2, 7.4],
			"rotation": {"angle": 45, "axis": "z", "origin": [5, 4, 7]},
			"faces": {
				"north": {"uv": [0, 0, 0.2, 0.2], "texture": "#5"},
				"east": {"uv": [0, 0, 0.2, 0.2], "texture": "#5"},
				"south": {"uv": [0, 0, 0.2, 0.2], "texture": "#5"},
				"west": {"uv": [0, 0, 0.2, 0.2], "texture": "#5"},
				"up": {"uv": [0, 0, 0.2, 0.2], "texture": "#5"},
				"down": {"uv": [0, 0, 0.2, 0.2], "texture": "#5"}
			}
		},
		{
			"from": [3, 5, 6.6],
			"to": [3.5, 5.2, 7.4],
			"rotation": {"angle": 45, "axis": "z", "origin": [4, 4, 7]},
			"faces": {
				"north": {"uv": [0, 0, 0.2, 0.5], "rotation": 270, "texture": "#5"},
				"east": {"uv": [0, 0, 0.2, 0.5], "rotation": 270, "texture": "#5"},
				"south": {"uv": [0, 0, 0.2, 0.5], "rotation": 270, "texture": "#5"},
				"west": {"uv": [0, 0, 0.2, 0.5], "rotation": 270, "texture": "#5"},
				"up": {"uv": [0, 0, 0.2, 0.5], "rotation": 270, "texture": "#5"},
				"down": {"uv": [0, 0, 0.2, 0.5], "rotation": 270, "texture": "#5"}
			}
		},
		{
			"from": [4, 2, 6.6],
			"to": [4.5, 2.2, 7.4],
			"rotation": {"angle": 45, "axis": "z", "origin": [4, 4, 7]},
			"faces": {
				"north": {"uv": [0, 0, 0.2, 0.5], "rotation": 270, "texture": "#5"},
				"east": {"uv": [0, 0, 0.2, 0.5], "rotation": 270, "texture": "#5"},
				"south": {"uv": [0, 0, 0.2, 0.5], "rotation": 270, "texture": "#5"},
				"west": {"uv": [0, 0, 0.2, 0.5], "rotation": 270, "texture": "#5"},
				"up": {"uv": [0, 0, 0.2, 0.5], "rotation": 270, "texture": "#5"},
				"down": {"uv": [0, 0, 0.2, 0.5], "rotation": 270, "texture": "#5"}
			}
		},
		{
			"from": [4, 4, 6.6],
			"to": [4.2, 4.3, 7.4],
			"color": 5,
			"faces": {
				"north": {"uv": [0, 0, 0.2, 0.3], "texture": "#missing"},
				"east": {"uv": [0, 0, 0.8, 0.3], "texture": "#missing"},
				"south": {"uv": [0, 0, 0.2, 0.3], "texture": "#missing"},
				"west": {"uv": [0, 0, 0.8, 0.3], "texture": "#missing"},
				"up": {"uv": [0, 0, 0.2, 0.8], "texture": "#missing"},
				"down": {"uv": [0, 0, 0.2, 0.8], "texture": "#missing"}
			}
		},
		{
			"from": [4, 1, 6.6],
			"to": [4.2, 1.3, 7.4],
			"rotation": {"angle": 45, "axis": "z", "origin": [4, 1, 7]},
			"faces": {
				"north": {"uv": [0, 0, 0.2, 0.3], "texture": "#5"},
				"east": {"uv": [0, 0, 0.2, 0.3], "texture": "#5"},
				"south": {"uv": [0, 0, 0.2, 0.3], "texture": "#5"},
				"west": {"uv": [0, 0, 0.2, 0.3], "texture": "#5"},
				"up": {"uv": [0, 0, 0.2, 0.3], "texture": "#5"},
				"down": {"uv": [0, 0, 0.2, 0.3], "texture": "#5"}
			}
		},
		{
			"from": [3, 3, 6.6],
			"to": [3.5, 3.2, 7.4],
			"rotation": {"angle": 45, "axis": "z", "origin": [3.5, 3, 6.5]},
			"faces": {
				"north": {"uv": [0, 0, 0.5, 0.2], "texture": "#4"},
				"east": {"uv": [0, 0, 0.5, 0.2], "texture": "#4"},
				"south": {"uv": [0, 0, 0.5, 0.2], "texture": "#4"},
				"west": {"uv": [0, 0, 0.5, 0.2], "texture": "#4"},
				"up": {"uv": [0, 0, 0.5, 0.2], "texture": "#4"},
				"down": {"uv": [0, 0, 0.5, 0.2], "texture": "#4"}
			}
		},
		{
			"from": [3, 2, 6.6],
			"to": [3.2, 2.2, 7.4],
			"faces": {
				"north": {"uv": [0, 0, 0.2, 0.2], "texture": "#3"},
				"east": {"uv": [0, 0, 0.2, 0.2], "texture": "#3"},
				"south": {"uv": [0, 0, 0.2, 0.2], "texture": "#3"},
				"west": {"uv": [0, 0, 0.2, 0.2], "texture": "#3"},
				"up": {"uv": [0, 0, 0.2, 0.2], "texture": "#3"},
				"down": {"uv": [0, 0, 0.2, 0.2], "texture": "#3"}
			}
		},
		{
			"from": [4, 4, 6.6],
			"to": [4.5, 4.2, 7.4],
			"rotation": {"angle": -45, "axis": "z", "origin": [3.5, 3, 6.5]},
			"faces": {
				"north": {"uv": [0, 0, 0.5, 0.2], "texture": "#3"},
				"east": {"uv": [0, 0, 0.5, 0.2], "texture": "#3"},
				"south": {"uv": [0, 0, 0.5, 0.2], "texture": "#3"},
				"west": {"uv": [0, 0, 0.5, 0.2], "texture": "#3"},
				"up": {"uv": [0, 0, 0.5, 0.2], "texture": "#3"},
				"down": {"uv": [0, 0, 0.5, 0.2], "texture": "#3"}
			}
		},
		{
			"from": [5, 2, 6.6],
			"to": [5.2, 2.2, 7.4],
			"rotation": {"angle": 45, "axis": "z", "origin": [5, 2, 7]},
			"faces": {
				"north": {"uv": [0, 0, 0.2, 0.2], "texture": "#6"},
				"east": {"uv": [0, 0, 0.2, 0.2], "texture": "#6"},
				"south": {"uv": [0, 0, 0.2, 0.2], "texture": "#6"},
				"west": {"uv": [0, 0, 0.2, 0.2], "texture": "#6"},
				"up": {"uv": [0, 0, 0.2, 0.2], "texture": "#6"},
				"down": {"uv": [0, 0, 0.2, 0.2], "texture": "#6"}
			}
		},
		{
			"name": "hexadecagon",
			"from": [3.60218, 1, 6.65],
			"to": [4.39782, 5, 7.35],
			"rotation": {"angle": -45, "axis": "z", "origin": [4, 3, 7]},
			"faces": {
				"north": {"uv": [9, 4, 9.998, 5.998], "texture": "#2"},
				"east": {"uv": [0, 0, 1, 1], "texture": "#2"},
				"south": {"uv": [0, 0, 1, 1], "texture": "#2"},
				"west": {"uv": [0, 0, 1, 1], "texture": "#2"},
				"up": {"uv": [0, 0, 1, 1], "texture": "#2"},
				"down": {"uv": [0, 0, 1, 1], "texture": "#2"}
			}
		},
		{
			"name": "hexadecagon",
			"from": [3.60218, 1, 6.65],
			"to": [4.39782, 5, 7.35],
			"rotation": {"angle": -22.5, "axis": "z", "origin": [4, 3, 7]},
			"faces": {
				"north": {"uv": [9, 4, 9.998, 5.998], "texture": "#2"},
				"east": {"uv": [0, 0, 1, 1], "texture": "#2"},
				"south": {"uv": [0, 0, 1, 1], "texture": "#2"},
				"west": {"uv": [0, 0, 1, 1], "texture": "#2"},
				"up": {"uv": [0, 0, 1, 1], "texture": "#2"},
				"down": {"uv": [0, 0, 1, 1], "texture": "#2"}
			}
		},
		{
			"name": "hexadecagon",
			"from": [3.60218, 1, 6.65],
			"to": [4.39782, 5, 7.35],
			"faces": {
				"north": {"uv": [9, 4, 9.998, 5.998], "texture": "#2"},
				"east": {"uv": [0, 0, 1, 1], "texture": "#2"},
				"south": {"uv": [0, 0, 1, 1], "texture": "#2"},
				"west": {"uv": [0, 0, 1, 1], "texture": "#2"},
				"up": {"uv": [0, 0, 1, 1], "texture": "#2"},
				"down": {"uv": [0, 0, 1, 1], "texture": "#2"}
			}
		},
		{
			"name": "hexadecagon",
			"from": [3.60218, 1, 6.65],
			"to": [4.39782, 5, 7.35],
			"rotation": {"angle": 22.5, "axis": "z", "origin": [4, 3, 7]},
			"faces": {
				"north": {"uv": [9, 4, 9.998, 5.998], "texture": "#2"},
				"east": {"uv": [0, 0, 1, 1], "texture": "#2"},
				"south": {"uv": [0, 0, 1, 1], "texture": "#2"},
				"west": {"uv": [0, 0, 1, 1], "texture": "#2"},
				"up": {"uv": [0, 0, 1, 1], "texture": "#2"},
				"down": {"uv": [0, 0, 1, 1], "texture": "#2"}
			}
		},
		{
			"name": "hexadecagon",
			"from": [3.60218, 1, 6.65],
			"to": [4.39782, 5, 7.35],
			"rotation": {"angle": 45, "axis": "z", "origin": [4, 3, 7]},
			"faces": {
				"north": {"uv": [9, 4, 9.998, 5.998], "texture": "#2"},
				"east": {"uv": [0, 0, 1, 1], "texture": "#2"},
				"south": {"uv": [0, 0, 1, 1], "texture": "#2"},
				"west": {"uv": [0, 0, 1, 1], "texture": "#2"},
				"up": {"uv": [0, 0, 1, 1], "texture": "#2"},
				"down": {"uv": [0, 0, 1, 1], "texture": "#2"}
			}
		},
		{
			"name": "hexadecagon",
			"from": [2, 2.60218, 6.65],
			"to": [6, 3.39782, 7.35],
			"rotation": {"angle": -22.5, "axis": "z", "origin": [4, 3, 7]},
			"faces": {
				"north": {"uv": [9, 4, 9.998, 5.998], "texture": "#2"},
				"east": {"uv": [0, 0, 1, 1], "texture": "#2"},
				"south": {"uv": [0, 0, 1, 1], "texture": "#2"},
				"west": {"uv": [0, 0, 1, 1], "texture": "#2"},
				"up": {"uv": [0, 0, 1, 1], "texture": "#2"},
				"down": {"uv": [0, 0, 1, 1], "texture": "#2"}
			}
		},
		{
			"name": "hexadecagon",
			"from": [2, 2.60218, 6.65],
			"to": [6, 3.39782, 7.35],
			"faces": {
				"north": {"uv": [9, 4, 9.998, 5.998], "texture": "#2"},
				"east": {"uv": [0, 0, 1, 1], "texture": "#2"},
				"south": {"uv": [0, 0, 1, 1], "texture": "#2"},
				"west": {"uv": [0, 0, 1, 1], "texture": "#2"},
				"up": {"uv": [0, 0, 1, 1], "texture": "#2"},
				"down": {"uv": [0, 0, 1, 1], "texture": "#2"}
			}
		},
		{
			"name": "hexadecagon",
			"from": [2, 2.60218, 6.65],
			"to": [6, 3.39782, 7.35],
			"rotation": {"angle": 22.5, "axis": "z", "origin": [4, 3, 7]},
			"faces": {
				"north": {"uv": [9, 4, 9.998, 5.998], "texture": "#2"},
				"east": {"uv": [0, 0, 1, 1], "texture": "#2"},
				"south": {"uv": [0, 0, 1, 1], "texture": "#2"},
				"west": {"uv": [0, 0, 1, 1], "texture": "#2"},
				"up": {"uv": [0, 0, 1, 1], "texture": "#2"},
				"down": {"uv": [0, 0, 1, 1], "texture": "#2"}
			}
		},
		{
			"from": [3.7, 3.7, 6.6],
			"to": [3.9, 4.2, 7.4],
			"rotation": {"angle": 22.5, "axis": "z", "origin": [3.5, 3, 6.5]},
			"faces": {
				"north": {"uv": [0, 0, 0.5, 0.2], "rotation": 90, "texture": "#3"},
				"east": {"uv": [0, 0, 0.5, 0.2], "rotation": 90, "texture": "#3"},
				"south": {"uv": [0, 0, 0.5, 0.2], "rotation": 90, "texture": "#3"},
				"west": {"uv": [0, 0, 0.5, 0.2], "rotation": 90, "texture": "#3"},
				"up": {"uv": [0, 0, 0.5, 0.2], "rotation": 90, "texture": "#3"},
				"down": {"uv": [0, 0, 0.5, 0.2], "rotation": 90, "texture": "#3"}
			}
		},
		{
			"from": [3.4, 3.8, 6.6],
			"to": [3.6, 4, 7.4],
			"rotation": {"angle": 22.5, "axis": "z", "origin": [4, 3, 7]},
			"faces": {
				"north": {"uv": [0, 0, 0.2, 0.2], "rotation": 270, "texture": "#6"},
				"east": {"uv": [0, 0, 0.2, 0.2], "rotation": 270, "texture": "#6"},
				"south": {"uv": [0, 0, 0.2, 0.2], "rotation": 270, "texture": "#6"},
				"west": {"uv": [0, 0, 0.2, 0.2], "rotation": 270, "texture": "#6"},
				"up": {"uv": [0, 0, 0.2, 0.2], "rotation": 270, "texture": "#6"},
				"down": {"uv": [0, 0, 0.2, 0.2], "rotation": 270, "texture": "#6"}
			}
		},
		{
			"from": [3.2, 3.6, 6.6],
			"to": [3.4, 3.8, 7.4],
			"rotation": {"angle": 22.5, "axis": "z", "origin": [4, 3, 7]},
			"faces": {
				"north": {"uv": [0, 0, 0.2, 0.2], "rotation": 270, "texture": "#6"},
				"east": {"uv": [0, 0, 0.2, 0.2], "rotation": 270, "texture": "#6"},
				"south": {"uv": [0, 0, 0.2, 0.2], "rotation": 270, "texture": "#6"},
				"west": {"uv": [0, 0, 0.2, 0.2], "rotation": 270, "texture": "#6"},
				"up": {"uv": [0, 0, 0.2, 0.2], "rotation": 270, "texture": "#6"},
				"down": {"uv": [0, 0, 0.2, 0.2], "rotation": 270, "texture": "#6"}
			}
		},
		{
			"from": [4.2, 1.6, 6.6],
			"to": [4.4, 1.8, 7.4],
			"rotation": {"angle": -22.5, "axis": "z", "origin": [4, 3, 7]},
			"faces": {
				"north": {"uv": [0, 0, 0.2, 0.2], "rotation": 270, "texture": "#4"},
				"east": {"uv": [0, 0, 0.2, 0.2], "rotation": 270, "texture": "#4"},
				"south": {"uv": [0, 0, 0.2, 0.2], "rotation": 270, "texture": "#4"},
				"west": {"uv": [0, 0, 0.2, 0.2], "rotation": 270, "texture": "#4"},
				"up": {"uv": [0, 0, 0.2, 0.2], "rotation": 270, "texture": "#4"},
				"down": {"uv": [0, 0, 0.2, 0.2], "rotation": 270, "texture": "#4"}
			}
		},
		{
			"from": [4, 1.8, 6.6],
			"to": [4.2, 2, 7.4],
			"rotation": {"angle": -22.5, "axis": "z", "origin": [4, 3, 7]},
			"faces": {
				"north": {"uv": [0, 0, 0.2, 0.2], "rotation": 270, "texture": "#4"},
				"east": {"uv": [0, 0, 0.2, 0.2], "rotation": 270, "texture": "#4"},
				"south": {"uv": [0, 0, 0.2, 0.2], "rotation": 270, "texture": "#4"},
				"west": {"uv": [0, 0, 0.2, 0.2], "rotation": 270, "texture": "#4"},
				"up": {"uv": [0, 0, 0.2, 0.2], "rotation": 270, "texture": "#4"},
				"down": {"uv": [0, 0, 0.2, 0.2], "rotation": 270, "texture": "#4"}
			}
		},
		{
			"from": [4.4, 1.8, 6.6],
			"to": [4.6, 2, 7.4],
			"rotation": {"angle": -22.5, "axis": "z", "origin": [4, 3, 7]},
			"faces": {
				"north": {"uv": [0, 0, 0.2, 0.2], "rotation": 270, "texture": "#4"},
				"east": {"uv": [0, 0, 0.2, 0.2], "rotation": 270, "texture": "#4"},
				"south": {"uv": [0, 0, 0.2, 0.2], "rotation": 270, "texture": "#4"},
				"west": {"uv": [0, 0, 0.2, 0.2], "rotation": 270, "texture": "#4"},
				"up": {"uv": [0, 0, 0.2, 0.2], "rotation": 270, "texture": "#4"},
				"down": {"uv": [0, 0, 0.2, 0.2], "rotation": 270, "texture": "#4"}
			}
		},
		{
			"from": [2.5, 3.8, 6.6],
			"to": [2.7, 4, 7.4],
			"rotation": {"angle": 22.5, "axis": "z", "origin": [4, 3, 7]},
			"faces": {
				"north": {"uv": [0, 0, 0.2, 0.2], "rotation": 270, "texture": "#5"},
				"east": {"uv": [0, 0, 0.2, 0.2], "rotation": 270, "texture": "#5"},
				"south": {"uv": [0, 0, 0.2, 0.2], "rotation": 270, "texture": "#5"},
				"west": {"uv": [0, 0, 0.2, 0.2], "rotation": 270, "texture": "#5"},
				"up": {"uv": [0, 0, 0.2, 0.2], "rotation": 270, "texture": "#5"},
				"down": {"uv": [0, 0, 0.2, 0.2], "rotation": 270, "texture": "#5"}
			}
		},
		{
			"from": [13.7, 2.8, 6.6],
			"to": [13.9, 3, 7.4],
			"rotation": {"angle": 22.5, "axis": "z", "origin": [12, 3, 7]},
			"faces": {
				"north": {"uv": [0, 0, 0.2, 0.2], "rotation": 270, "texture": "#6"},
				"east": {"uv": [0, 0, 0.2, 0.2], "rotation": 270, "texture": "#6"},
				"south": {"uv": [0, 0, 0.2, 0.2], "rotation": 270, "texture": "#6"},
				"west": {"uv": [0, 0, 0.2, 0.2], "rotation": 270, "texture": "#6"},
				"up": {"uv": [0, 0, 0.2, 0.2], "rotation": 270, "texture": "#6"},
				"down": {"uv": [0, 0, 0.2, 0.2], "rotation": 270, "texture": "#6"}
			}
		},
		{
			"from": [11, 3.8, 6.6],
			"to": [11.2, 4, 7.4],
			"rotation": {"angle": 22.5, "axis": "z", "origin": [12, 3, 7]},
			"faces": {
				"north": {"uv": [0, 0, 0.2, 0.2], "rotation": 270, "texture": "#6"},
				"east": {"uv": [0, 0, 0.2, 0.2], "rotation": 270, "texture": "#6"},
				"south": {"uv": [0, 0, 0.2, 0.2], "rotation": 270, "texture": "#6"},
				"west": {"uv": [0, 0, 0.2, 0.2], "rotation": 270, "texture": "#6"},
				"up": {"uv": [0, 0, 0.2, 0.2], "rotation": 270, "texture": "#6"},
				"down": {"uv": [0, 0, 0.2, 0.2], "rotation": 270, "texture": "#6"}
			}
		},
		{
			"from": [12, 4, 6.6],
			"to": [12.2, 4.3, 7.4],
			"faces": {
				"north": {"uv": [0, 0, 0.2, 0.3], "texture": "#4"},
				"east": {"uv": [0, 0, 0.2, 0.3], "texture": "#4"},
				"south": {"uv": [0, 0, 0.2, 0.3], "texture": "#4"},
				"west": {"uv": [0, 0, 0.2, 0.3], "texture": "#4"},
				"up": {"uv": [0, 0, 0.2, 0.3], "texture": "#4"},
				"down": {"uv": [0, 0, 0.2, 0.3], "texture": "#4"}
			}
		},
		{
			"from": [12, 2.8, 6.6],
			"to": [12.2, 3, 7.4],
			"rotation": {"angle": 22.5, "axis": "z", "origin": [12, 3, 7]},
			"faces": {
				"north": {"uv": [0, 0, 0.2, 0.2], "rotation": 270, "texture": "#5"},
				"east": {"uv": [0, 0, 0.2, 0.2], "rotation": 270, "texture": "#5"},
				"south": {"uv": [0, 0, 0.2, 0.2], "rotation": 270, "texture": "#5"},
				"west": {"uv": [0, 0, 0.2, 0.2], "rotation": 270, "texture": "#5"},
				"up": {"uv": [0, 0, 0.2, 0.2], "rotation": 270, "texture": "#5"},
				"down": {"uv": [0, 0, 0.2, 0.2], "rotation": 270, "texture": "#5"}
			}
		},
		{
			"from": [13, 4, 6.6],
			"to": [13.2, 4.2, 7.4],
			"rotation": {"angle": 45, "axis": "z", "origin": [13, 4, 7]},
			"faces": {
				"north": {"uv": [0, 0, 0.2, 0.2], "texture": "#5"},
				"east": {"uv": [0, 0, 0.2, 0.2], "texture": "#5"},
				"south": {"uv": [0, 0, 0.2, 0.2], "texture": "#5"},
				"west": {"uv": [0, 0, 0.2, 0.2], "texture": "#5"},
				"up": {"uv": [0, 0, 0.2, 0.2], "texture": "#5"},
				"down": {"uv": [0, 0, 0.2, 0.2], "texture": "#5"}
			}
		},
		{
			"from": [11, 5, 6.6],
			"to": [11.5, 5.2, 7.4],
			"rotation": {"angle": 45, "axis": "z", "origin": [12, 4, 7]},
			"faces": {
				"north": {"uv": [0, 0, 0.2, 0.5], "rotation": 270, "texture": "#5"},
				"east": {"uv": [0, 0, 0.2, 0.5], "rotation": 270, "texture": "#5"},
				"south": {"uv": [0, 0, 0.2, 0.5], "rotation": 270, "texture": "#5"},
				"west": {"uv": [0, 0, 0.2, 0.5], "rotation": 270, "texture": "#5"},
				"up": {"uv": [0, 0, 0.2, 0.5], "rotation": 270, "texture": "#5"},
				"down": {"uv": [0, 0, 0.2, 0.5], "rotation": 270, "texture": "#5"}
			}
		},
		{
			"from": [12, 2, 6.6],
			"to": [12.5, 2.2, 7.4],
			"rotation": {"angle": 45, "axis": "z", "origin": [12, 4, 7]},
			"faces": {
				"north": {"uv": [0, 0, 0.2, 0.5], "rotation": 270, "texture": "#5"},
				"east": {"uv": [0, 0, 0.2, 0.5], "rotation": 270, "texture": "#5"},
				"south": {"uv": [0, 0, 0.2, 0.5], "rotation": 270, "texture": "#5"},
				"west": {"uv": [0, 0, 0.2, 0.5], "rotation": 270, "texture": "#5"},
				"up": {"uv": [0, 0, 0.2, 0.5], "rotation": 270, "texture": "#5"},
				"down": {"uv": [0, 0, 0.2, 0.5], "rotation": 270, "texture": "#5"}
			}
		},
		{
			"from": [12, 4, 6.6],
			"to": [12.2, 4.3, 7.4],
			"color": 3,
			"faces": {
				"north": {"uv": [0, 0, 0.2, 0.3], "texture": "#missing"},
				"east": {"uv": [0, 0, 0.8, 0.3], "texture": "#missing"},
				"south": {"uv": [0, 0, 0.2, 0.3], "texture": "#missing"},
				"west": {"uv": [0, 0, 0.8, 0.3], "texture": "#missing"},
				"up": {"uv": [0, 0, 0.2, 0.8], "texture": "#missing"},
				"down": {"uv": [0, 0, 0.2, 0.8], "texture": "#missing"}
			}
		},
		{
			"from": [12, 1, 6.6],
			"to": [12.2, 1.3, 7.4],
			"rotation": {"angle": 45, "axis": "z", "origin": [12, 1, 7]},
			"faces": {
				"north": {"uv": [0, 0, 0.2, 0.3], "texture": "#5"},
				"east": {"uv": [0, 0, 0.2, 0.3], "texture": "#5"},
				"south": {"uv": [0, 0, 0.2, 0.3], "texture": "#5"},
				"west": {"uv": [0, 0, 0.2, 0.3], "texture": "#5"},
				"up": {"uv": [0, 0, 0.2, 0.3], "texture": "#5"},
				"down": {"uv": [0, 0, 0.2, 0.3], "texture": "#5"}
			}
		},
		{
			"from": [11, 3, 6.6],
			"to": [11.5, 3.2, 7.4],
			"rotation": {"angle": 45, "axis": "z", "origin": [11.5, 3, 6.5]},
			"faces": {
				"north": {"uv": [0, 0, 0.5, 0.2], "texture": "#4"},
				"east": {"uv": [0, 0, 0.5, 0.2], "texture": "#4"},
				"south": {"uv": [0, 0, 0.5, 0.2], "texture": "#4"},
				"west": {"uv": [0, 0, 0.5, 0.2], "texture": "#4"},
				"up": {"uv": [0, 0, 0.5, 0.2], "texture": "#4"},
				"down": {"uv": [0, 0, 0.5, 0.2], "texture": "#4"}
			}
		},
		{
			"from": [11, 2, 6.6],
			"to": [11.2, 2.2, 7.4],
			"faces": {
				"north": {"uv": [0, 0, 0.2, 0.2], "texture": "#3"},
				"east": {"uv": [0, 0, 0.2, 0.2], "texture": "#3"},
				"south": {"uv": [0, 0, 0.2, 0.2], "texture": "#3"},
				"west": {"uv": [0, 0, 0.2, 0.2], "texture": "#3"},
				"up": {"uv": [0, 0, 0.2, 0.2], "texture": "#3"},
				"down": {"uv": [0, 0, 0.2, 0.2], "texture": "#3"}
			}
		},
		{
			"from": [12, 4, 6.6],
			"to": [12.5, 4.2, 7.4],
			"rotation": {"angle": -45, "axis": "z", "origin": [11.5, 3, 6.5]},
			"faces": {
				"north": {"uv": [0, 0, 0.5, 0.2], "texture": "#3"},
				"east": {"uv": [0, 0, 0.5, 0.2], "texture": "#3"},
				"south": {"uv": [0, 0, 0.5, 0.2], "texture": "#3"},
				"west": {"uv": [0, 0, 0.5, 0.2], "texture": "#3"},
				"up": {"uv": [0, 0, 0.5, 0.2], "texture": "#3"},
				"down": {"uv": [0, 0, 0.5, 0.2], "texture": "#3"}
			}
		},
		{
			"from": [13, 2, 6.6],
			"to": [13.2, 2.2, 7.4],
			"rotation": {"angle": 45, "axis": "z", "origin": [13, 2, 7]},
			"faces": {
				"north": {"uv": [0, 0, 0.2, 0.2], "texture": "#6"},
				"east": {"uv": [0, 0, 0.2, 0.2], "texture": "#6"},
				"south": {"uv": [0, 0, 0.2, 0.2], "texture": "#6"},
				"west": {"uv": [0, 0, 0.2, 0.2], "texture": "#6"},
				"up": {"uv": [0, 0, 0.2, 0.2], "texture": "#6"},
				"down": {"uv": [0, 0, 0.2, 0.2], "texture": "#6"}
			}
		},
		{
			"name": "hexadecagon",
			"from": [11.60218, 1, 6.65],
			"to": [12.39782, 5, 7.35],
			"rotation": {"angle": -45, "axis": "z", "origin": [12, 3, 7]},
			"faces": {
				"north": {"uv": [9, 4, 9.998, 5.998], "texture": "#2"},
				"east": {"uv": [0, 0, 1, 1], "texture": "#2"},
				"south": {"uv": [0, 0, 1, 1], "texture": "#2"},
				"west": {"uv": [0, 0, 1, 1], "texture": "#2"},
				"up": {"uv": [0, 0, 1, 1], "texture": "#2"},
				"down": {"uv": [0, 0, 1, 1], "texture": "#2"}
			}
		},
		{
			"name": "hexadecagon",
			"from": [11.60218, 1, 6.65],
			"to": [12.39782, 5, 7.35],
			"rotation": {"angle": -22.5, "axis": "z", "origin": [12, 3, 7]},
			"faces": {
				"north": {"uv": [9, 4, 9.998, 5.998], "texture": "#2"},
				"east": {"uv": [0, 0, 1, 1], "texture": "#2"},
				"south": {"uv": [0, 0, 1, 1], "texture": "#2"},
				"west": {"uv": [0, 0, 1, 1], "texture": "#2"},
				"up": {"uv": [0, 0, 1, 1], "texture": "#2"},
				"down": {"uv": [0, 0, 1, 1], "texture": "#2"}
			}
		},
		{
			"name": "hexadecagon",
			"from": [11.60218, 1, 6.65],
			"to": [12.39782, 5, 7.35],
			"faces": {
				"north": {"uv": [9, 4, 9.998, 5.998], "texture": "#2"},
				"east": {"uv": [0, 0, 1, 1], "texture": "#2"},
				"south": {"uv": [0, 0, 1, 1], "texture": "#2"},
				"west": {"uv": [0, 0, 1, 1], "texture": "#2"},
				"up": {"uv": [0, 0, 1, 1], "texture": "#2"},
				"down": {"uv": [0, 0, 1, 1], "texture": "#2"}
			}
		},
		{
			"name": "hexadecagon",
			"from": [11.60218, 1, 6.65],
			"to": [12.39782, 5, 7.35],
			"rotation": {"angle": 22.5, "axis": "z", "origin": [12, 3, 7]},
			"faces": {
				"north": {"uv": [9, 4, 9.998, 5.998], "texture": "#2"},
				"east": {"uv": [0, 0, 1, 1], "texture": "#2"},
				"south": {"uv": [0, 0, 1, 1], "texture": "#2"},
				"west": {"uv": [0, 0, 1, 1], "texture": "#2"},
				"up": {"uv": [0, 0, 1, 1], "texture": "#2"},
				"down": {"uv": [0, 0, 1, 1], "texture": "#2"}
			}
		},
		{
			"name": "hexadecagon",
			"from": [11.60218, 1, 6.65],
			"to": [12.39782, 5, 7.35],
			"rotation": {"angle": 45, "axis": "z", "origin": [12, 3, 7]},
			"faces": {
				"north": {"uv": [9, 4, 9.998, 5.998], "texture": "#2"},
				"east": {"uv": [0, 0, 1, 1], "texture": "#2"},
				"south": {"uv": [0, 0, 1, 1], "texture": "#2"},
				"west": {"uv": [0, 0, 1, 1], "texture": "#2"},
				"up": {"uv": [0, 0, 1, 1], "texture": "#2"},
				"down": {"uv": [0, 0, 1, 1], "texture": "#2"}
			}
		},
		{
			"name": "hexadecagon",
			"from": [10, 2.60218, 6.65],
			"to": [14, 3.39782, 7.35],
			"rotation": {"angle": -22.5, "axis": "z", "origin": [12, 3, 7]},
			"faces": {
				"north": {"uv": [9, 4, 9.998, 5.998], "texture": "#2"},
				"east": {"uv": [0, 0, 1, 1], "texture": "#2"},
				"south": {"uv": [0, 0, 1, 1], "texture": "#2"},
				"west": {"uv": [0, 0, 1, 1], "texture": "#2"},
				"up": {"uv": [0, 0, 1, 1], "texture": "#2"},
				"down": {"uv": [0, 0, 1, 1], "texture": "#2"}
			}
		},
		{
			"name": "hexadecagon",
			"from": [10, 2.60218, 6.65],
			"to": [14, 3.39782, 7.35],
			"faces": {
				"north": {"uv": [9, 4, 9.998, 5.998], "texture": "#2"},
				"east": {"uv": [0, 0, 1, 1], "texture": "#2"},
				"south": {"uv": [0, 0, 1, 1], "texture": "#2"},
				"west": {"uv": [0, 0, 1, 1], "texture": "#2"},
				"up": {"uv": [0, 0, 1, 1], "texture": "#2"},
				"down": {"uv": [0, 0, 1, 1], "texture": "#2"}
			}
		},
		{
			"name": "hexadecagon",
			"from": [10, 2.60218, 6.65],
			"to": [14, 3.39782, 7.35],
			"rotation": {"angle": 22.5, "axis": "z", "origin": [12, 3, 7]},
			"faces": {
				"north": {"uv": [9, 4, 9.998, 5.998], "texture": "#2"},
				"east": {"uv": [0, 0, 1, 1], "texture": "#2"},
				"south": {"uv": [0, 0, 1, 1], "texture": "#2"},
				"west": {"uv": [0, 0, 1, 1], "texture": "#2"},
				"up": {"uv": [0, 0, 1, 1], "texture": "#2"},
				"down": {"uv": [0, 0, 1, 1], "texture": "#2"}
			}
		},
		{
			"from": [11.7, 3.7, 6.6],
			"to": [11.9, 4.2, 7.4],
			"rotation": {"angle": 22.5, "axis": "z", "origin": [11.5, 3, 6.5]},
			"faces": {
				"north": {"uv": [0, 0, 0.5, 0.2], "rotation": 90, "texture": "#3"},
				"east": {"uv": [0, 0, 0.5, 0.2], "rotation": 90, "texture": "#3"},
				"south": {"uv": [0, 0, 0.5, 0.2], "rotation": 90, "texture": "#3"},
				"west": {"uv": [0, 0, 0.5, 0.2], "rotation": 90, "texture": "#3"},
				"up": {"uv": [0, 0, 0.5, 0.2], "rotation": 90, "texture": "#3"},
				"down": {"uv": [0, 0, 0.5, 0.2], "rotation": 90, "texture": "#3"}
			}
		},
		{
			"from": [11.4, 3.8, 6.6],
			"to": [11.6, 4, 7.4],
			"rotation": {"angle": 22.5, "axis": "z", "origin": [12, 3, 7]},
			"faces": {
				"north": {"uv": [0, 0, 0.2, 0.2], "rotation": 270, "texture": "#6"},
				"east": {"uv": [0, 0, 0.2, 0.2], "rotation": 270, "texture": "#6"},
				"south": {"uv": [0, 0, 0.2, 0.2], "rotation": 270, "texture": "#6"},
				"west": {"uv": [0, 0, 0.2, 0.2], "rotation": 270, "texture": "#6"},
				"up": {"uv": [0, 0, 0.2, 0.2], "rotation": 270, "texture": "#6"},
				"down": {"uv": [0, 0, 0.2, 0.2], "rotation": 270, "texture": "#6"}
			}
		},
		{
			"from": [11.2, 3.6, 6.6],
			"to": [11.4, 3.8, 7.4],
			"rotation": {"angle": 22.5, "axis": "z", "origin": [12, 3, 7]},
			"faces": {
				"north": {"uv": [0, 0, 0.2, 0.2], "rotation": 270, "texture": "#6"},
				"east": {"uv": [0, 0, 0.2, 0.2], "rotation": 270, "texture": "#6"},
				"south": {"uv": [0, 0, 0.2, 0.2], "rotation": 270, "texture": "#6"},
				"west": {"uv": [0, 0, 0.2, 0.2], "rotation": 270, "texture": "#6"},
				"up": {"uv": [0, 0, 0.2, 0.2], "rotation": 270, "texture": "#6"},
				"down": {"uv": [0, 0, 0.2, 0.2], "rotation": 270, "texture": "#6"}
			}
		},
		{
			"from": [12.2, 1.6, 6.6],
			"to": [12.4, 1.8, 7.4],
			"rotation": {"angle": -22.5, "axis": "z", "origin": [12, 3, 7]},
			"faces": {
				"north": {"uv": [0, 0, 0.2, 0.2], "rotation": 270, "texture": "#4"},
				"east": {"uv": [0, 0, 0.2, 0.2], "rotation": 270, "texture": "#4"},
				"south": {"uv": [0, 0, 0.2, 0.2], "rotation": 270, "texture": "#4"},
				"west": {"uv": [0, 0, 0.2, 0.2], "rotation": 270, "texture": "#4"},
				"up": {"uv": [0, 0, 0.2, 0.2], "rotation": 270, "texture": "#4"},
				"down": {"uv": [0, 0, 0.2, 0.2], "rotation": 270, "texture": "#4"}
			}
		},
		{
			"from": [12, 1.8, 6.6],
			"to": [12.2, 2, 7.4],
			"rotation": {"angle": -22.5, "axis": "z", "origin": [12, 3, 7]},
			"faces": {
				"north": {"uv": [0, 0, 0.2, 0.2], "rotation": 270, "texture": "#4"},
				"east": {"uv": [0, 0, 0.2, 0.2], "rotation": 270, "texture": "#4"},
				"south": {"uv": [0, 0, 0.2, 0.2], "rotation": 270, "texture": "#4"},
				"west": {"uv": [0, 0, 0.2, 0.2], "rotation": 270, "texture": "#4"},
				"up": {"uv": [0, 0, 0.2, 0.2], "rotation": 270, "texture": "#4"},
				"down": {"uv": [0, 0, 0.2, 0.2], "rotation": 270, "texture": "#4"}
			}
		},
		{
			"from": [12.4, 1.8, 6.6],
			"to": [12.6, 2, 7.4],
			"rotation": {"angle": -22.5, "axis": "z", "origin": [12, 3, 7]},
			"faces": {
				"north": {"uv": [0, 0, 0.2, 0.2], "rotation": 270, "texture": "#4"},
				"east": {"uv": [0, 0, 0.2, 0.2], "rotation": 270, "texture": "#4"},
				"south": {"uv": [0, 0, 0.2, 0.2], "rotation": 270, "texture": "#4"},
				"west": {"uv": [0, 0, 0.2, 0.2], "rotation": 270, "texture": "#4"},
				"up": {"uv": [0, 0, 0.2, 0.2], "rotation": 270, "texture": "#4"},
				"down": {"uv": [0, 0, 0.2, 0.2], "rotation": 270, "texture": "#4"}
			}
		},
		{
			"from": [10.5, 3.8, 6.6],
			"to": [10.7, 4, 7.4],
			"rotation": {"angle": 22.5, "axis": "z", "origin": [12, 3, 7]},
			"faces": {
				"north": {"uv": [0, 0, 0.2, 0.2], "rotation": 270, "texture": "#5"},
				"east": {"uv": [0, 0, 0.2, 0.2], "rotation": 270, "texture": "#5"},
				"south": {"uv": [0, 0, 0.2, 0.2], "rotation": 270, "texture": "#5"},
				"west": {"uv": [0, 0, 0.2, 0.2], "rotation": 270, "texture": "#5"},
				"up": {"uv": [0, 0, 0.2, 0.2], "rotation": 270, "texture": "#5"},
				"down": {"uv": [0, 0, 0.2, 0.2], "rotation": 270, "texture": "#5"}
			}
		},
		{
			"from": [5, -1, 2.9],
			"to": [11, 1.5, 2.9],
			"faces": {
				"north": {"uv": [0, 0, 15.779, 13.155], "texture": "#7"}
			}
		}
	],
	"display": {
		"thirdperson_righthand": {
			"translation": [0, 6.5, 0]
		},
		"thirdperson_lefthand": {
			"translation": [0, 6.5, 0]
		},
		"gui": {
			"rotation": [0, 180, 0],
			"translation": [0, 7.75, 0],
			"scale": [1.24, 1.24, 1.24]
		},
		"head": {
			"translation": [0, 22.5, 1.25],
			"scale": [1.59, 1.61, 1.62]
		},
		"fixed": {
			"translation": [0, 12, 0],
			"scale": [1.61, 1.61, 1.61]
		}
	},
	"groups": [
		{
			"name": "bdayhat",
			"origin": [8, 8, 8],
			"children": [
				{
					"name": "bdayhat",
					"origin": [8, 8, 8],
					"children": [
						{
							"name": "group",
							"origin": [8, 8, 8],
							"children": [0, 1, 2, 3, 4, 5, 6, 7, 8, 9, 10]
						},
						{
							"name": "hexadecagon",
							"origin": [8, 8, 8],
							"children": [
								{
									"name": "group",
									"origin": [8, 8, 8],
									"children": []
								},
								{
									"name": "group",
									"origin": [8, 8, 8],
									"children": [
										{
											"name": "group",
											"origin": [8, 8, 8],
											"children": [
												{
													"name": "group",
													"origin": [8, 8, 8],
													"children": [11, 12, 13, 14, 15, 16, 17, 18, 19, 20, 21, 22, 23, 24, 25, 26, 27, 28, 29, 30, 31, 32, 33, 34, 35, 36, 37, 38, 39, 40, 41, 42, 43, 44, 45, 46, 47, 48, 49, 50, 51, 52]
												}
											]
										}
									]
								},
								{
									"name": "group",
									"origin": [8, 8, 8],
									"children": []
								}
							]
						},
						{
							"name": "group",
							"origin": [8, 8, 8],
							"children": [
								{
									"name": "hexadecagon",
									"origin": [8, 8, 8],
									"children": [53, 54, 55, 56, 57, 58, 59, 60]
								},
								{
									"name": "hexadecagon",
									"origin": [8, 8, 8],
									"children": [61, 62, 63, 64, 65, 66, 67, 68]
								},
								{
									"name": "hexadecagon",
									"origin": [8, 8, 8],
									"children": [69, 70, 71, 72, 73, 74, 75, 76]
								},
								{
									"name": "hexadecagon",
									"origin": [8, 8, 8],
									"children": [77, 78, 79, 80, 81, 82, 83, 84]
								},
								{
									"name": "hexadecagon",
									"origin": [8, 8, 8],
									"children": [85, 86, 87, 88, 89, 90, 91, 92]
								},
								{
									"name": "hexadecagon",
									"origin": [8, 8, 8],
									"children": [93, 94, 95, 96, 97, 98, 99, 100]
								}
							]
						},
						{
							"name": "hexadecagon",
							"origin": [8, 8, 10],
							"children": [101, 102, 103, 104, 105]
						},
						{
							"name": "group",
							"origin": [8, 8, 8],
							"children": [106, 107, 108, 109, 110, 111, 112, 113, 114, 115, 116, 117, 118,
								{
									"name": "hexadecagon2",
									"origin": [8, 8, 8],
									"children": [119, 120, 121, 122, 123, 124, 125, 126,
										{
											"name": "group",
											"origin": [8, 8, 8],
											"children": [
												{
													"name": "group",
													"origin": [8, 8, 8],
													"children": []
												}
											]
										}
									]
								}, 127, 128, 129, 130, 131, 132, 133]
						},
						{
							"name": "group2",
							"origin": [8, 8, 8],
							"children": [134, 135, 136, 137, 138, 139, 140, 141, 142, 143, 144, 145, 146,
								{
									"name": "hexadecagon2",
									"origin": [8, 8, 8],
									"children": [147, 148, 149, 150, 151, 152, 153, 154,
										{
											"name": "group",
											"origin": [8, 8, 8],
											"children": [
												{
													"name": "group",
													"origin": [8, 8, 8],
													"children": []
												}
											]
										}
									]
								}, 155, 156, 157, 158, 159, 160, 161]
						}, 162]
				}
			]
		}
	]
}
