{
	"credit": "Made with Blockbench",
	"textures": {
		"1": "blocks/clay",
		"2": "blocks/coal_block",
		"3": "custom/red_star",
		"particle": "custom/red_star"
	},
	"elements": [
		{
			"from": [6.802, 7.618, 7.41525],
			"to": [9.267, 8.859, 8.04025],
			"rotation": {"angle": 0, "axis": "y", "origin": [8, 8.069, 7.77575]},
			"faces": {
				"north": {"uv": [0, 0, 1, 1], "rotation": 270, "texture": "#1"},
				"east": {"uv": [0, 0, 1, 1], "rotation": 270, "texture": "#1"},
				"south": {"uv": [0, 0, 1, 1], "rotation": 270, "texture": "#1"},
				"west": {"uv": [0, 0, 1, 1], "rotation": 270, "texture": "#1"},
				"up": {"uv": [0, 0, 1, 1], "rotation": 270, "texture": "#1"},
				"down": {"uv": [0, 0, 1, 1], "rotation": 270, "texture": "#1"}
			}
		},
		{
			"from": [6.31612, 8.18114, 7.39625],
			"to": [7.28212, 10.21664, 8.05175],
			"rotation": {"angle": 45, "axis": "z", "origin": [6.59212, 8.87114, 7.70675]},
			"faces": {
				"north": {"uv": [0, 0, 1, 1], "rotation": 180, "texture": "#1"},
				"east": {"uv": [0, 0, 1, 1], "rotation": 180, "texture": "#1"},
				"south": {"uv": [0, 0, 1, 1], "rotation": 180, "texture": "#1"},
				"west": {"uv": [0, 0, 1, 1], "rotation": 180, "texture": "#1"},
				"up": {"uv": [0, 0, 1, 1], "rotation": 180, "texture": "#1"},
				"down": {"uv": [0, 0, 1, 1], "rotation": 180, "texture": "#1"}
			}
		},
		{
			"from": [5.07907, 8.19902, 7.39625],
			"to": [7.11457, 9.16502, 8.05175],
			"rotation": {"angle": -22.5, "axis": "z", "origin": [6.42457, 8.47502, 7.70675]},
			"faces": {
				"north": {"uv": [0, 0, 1, 1], "rotation": 270, "texture": "#1"},
				"east": {"uv": [0, 0, 1, 1], "rotation": 270, "texture": "#1"},
				"south": {"uv": [0, 0, 1, 1], "rotation": 270, "texture": "#1"},
				"west": {"uv": [0, 0, 1, 1], "rotation": 270, "texture": "#1"},
				"up": {"uv": [0, 0, 1, 1], "rotation": 270, "texture": "#1"},
				"down": {"uv": [0, 0, 1, 1], "rotation": 270, "texture": "#1"}
			}
		},
		{
			"from": [5.07587, 7.76893, 7.39625],
			"to": [7.11137, 8.73493, 8.05175],
			"rotation": {"angle": 0, "axis": "y", "origin": [6.42137, 8.04493, 7.70675]},
			"faces": {
				"north": {"uv": [0, 0, 1, 1], "rotation": 270, "texture": "#1"},
				"east": {"uv": [0, 0, 1, 1], "rotation": 270, "texture": "#1"},
				"south": {"uv": [0, 0, 1, 1], "rotation": 270, "texture": "#1"},
				"west": {"uv": [0, 0, 1, 1], "rotation": 270, "texture": "#1"},
				"up": {"uv": [0, 0, 1, 1], "rotation": 270, "texture": "#1"},
				"down": {"uv": [0, 0, 1, 1], "rotation": 270, "texture": "#1"}
			}
		},
		{
			"from": [5.2375, 7.37035, 7.39625],
			"to": [7.273, 8.33635, 8.05175],
			"rotation": {"angle": 22.5, "axis": "z", "origin": [6.583, 7.64635, 7.70675]},
			"faces": {
				"north": {"uv": [0, 0, 1, 1], "rotation": 270, "texture": "#1"},
				"east": {"uv": [0, 0, 1, 1], "rotation": 270, "texture": "#1"},
				"south": {"uv": [0, 0, 1, 1], "rotation": 270, "texture": "#1"},
				"west": {"uv": [0, 0, 1, 1], "rotation": 270, "texture": "#1"},
				"up": {"uv": [0, 0, 1, 1], "rotation": 270, "texture": "#1"},
				"down": {"uv": [0, 0, 1, 1], "rotation": 270, "texture": "#1"}
			}
		},
		{
			"from": [5.53936, 7.06397, 7.39625],
			"to": [7.57486, 8.02997, 8.05175],
			"rotation": {"angle": 45, "axis": "z", "origin": [6.88486, 7.33997, 7.70675]},
			"faces": {
				"north": {"uv": [0, 0, 1, 1], "rotation": 270, "texture": "#1"},
				"east": {"uv": [0, 0, 1, 1], "rotation": 270, "texture": "#1"},
				"south": {"uv": [0, 0, 1, 1], "rotation": 270, "texture": "#1"},
				"west": {"uv": [0, 0, 1, 1], "rotation": 270, "texture": "#1"},
				"up": {"uv": [0, 0, 1, 1], "rotation": 270, "texture": "#1"},
				"down": {"uv": [0, 0, 1, 1], "rotation": 270, "texture": "#1"}
			}
		},
		{
			"from": [8.71788, 8.18114, 7.39625],
			"to": [9.68388, 10.21664, 8.05175],
			"rotation": {"angle": -45, "axis": "z", "origin": [9.40788, 8.87114, 7.70675]},
			"faces": {
				"north": {"uv": [0, 0, 1, 1], "rotation": 180, "texture": "#1"},
				"east": {"uv": [0, 0, 1, 1], "rotation": 180, "texture": "#1"},
				"south": {"uv": [0, 0, 1, 1], "rotation": 180, "texture": "#1"},
				"west": {"uv": [0, 0, 1, 1], "rotation": 180, "texture": "#1"},
				"up": {"uv": [0, 0, 1, 1], "rotation": 180, "texture": "#1"},
				"down": {"uv": [0, 0, 1, 1], "rotation": 180, "texture": "#1"}
			}
		},
		{
			"from": [8.88543, 8.19902, 7.39625],
			"to": [10.92093, 9.16502, 8.05175],
			"rotation": {"angle": 22.5, "axis": "z", "origin": [9.57543, 8.47502, 7.70675]},
			"faces": {
				"north": {"uv": [0, 0, 1, 1], "rotation": 270, "texture": "#1"},
				"east": {"uv": [0, 0, 1, 1], "rotation": 270, "texture": "#1"},
				"south": {"uv": [0, 0, 1, 1], "rotation": 270, "texture": "#1"},
				"west": {"uv": [0, 0, 1, 1], "rotation": 270, "texture": "#1"},
				"up": {"uv": [0, 0, 1, 1], "rotation": 270, "texture": "#1"},
				"down": {"uv": [0, 0, 1, 1], "rotation": 270, "texture": "#1"}
			}
		},
		{
			"from": [8.88863, 7.76893, 7.39625],
			"to": [10.92413, 8.73493, 8.05175],
			"rotation": {"angle": 0, "axis": "y", "origin": [9.57863, 8.04493, 7.70675]},
			"faces": {
				"north": {"uv": [0, 0, 1, 1], "rotation": 270, "texture": "#1"},
				"east": {"uv": [0, 0, 1, 1], "rotation": 270, "texture": "#1"},
				"south": {"uv": [0, 0, 1, 1], "rotation": 270, "texture": "#1"},
				"west": {"uv": [0, 0, 1, 1], "rotation": 270, "texture": "#1"},
				"up": {"uv": [0, 0, 1, 1], "rotation": 270, "texture": "#1"},
				"down": {"uv": [0, 0, 1, 1], "rotation": 270, "texture": "#1"}
			}
		},
		{
			"from": [8.727, 7.37035, 7.39625],
			"to": [10.7625, 8.33635, 8.05175],
			"rotation": {"angle": -22.5, "axis": "z", "origin": [9.417, 7.64635, 7.70675]},
			"faces": {
				"north": {"uv": [0, 0, 1, 1], "rotation": 270, "texture": "#1"},
				"east": {"uv": [0, 0, 1, 1], "rotation": 270, "texture": "#1"},
				"south": {"uv": [0, 0, 1, 1], "rotation": 270, "texture": "#1"},
				"west": {"uv": [0, 0, 1, 1], "rotation": 270, "texture": "#1"},
				"up": {"uv": [0, 0, 1, 1], "rotation": 270, "texture": "#1"},
				"down": {"uv": [0, 0, 1, 1], "rotation": 270, "texture": "#1"}
			}
		},
		{
			"from": [8.42514, 7.06397, 7.39625],
			"to": [10.46064, 8.02997, 8.05175],
			"rotation": {"angle": -45, "axis": "z", "origin": [9.11514, 7.33997, 7.70675]},
			"faces": {
				"north": {"uv": [0, 0, 1, 1], "rotation": 270, "texture": "#1"},
				"east": {"uv": [0, 0, 1, 1], "rotation": 270, "texture": "#1"},
				"south": {"uv": [0, 0, 1, 1], "rotation": 270, "texture": "#1"},
				"west": {"uv": [0, 0, 1, 1], "rotation": 270, "texture": "#1"},
				"up": {"uv": [0, 0, 1, 1], "rotation": 270, "texture": "#1"},
				"down": {"uv": [0, 0, 1, 1], "rotation": 270, "texture": "#1"}
			}
		},
		{
			"name": "hexadecagon",
			"from": [11.39446, 5.3504, 7.8344],
			"to": [12.44854, 10.6496, 8.1656],
			"rotation": {"angle": -45, "axis": "z", "origin": [11.9215, 8, 8]},
			"faces": {
				"north": {"uv": [0, 0, 4.25, 16], "texture": "#2"},
				"east": {"uv": [0, 0, 4.25, 16], "texture": "#2"},
				"south": {"uv": [0, 0, 4.25, 16], "texture": "#2"},
				"west": {"uv": [0, 0, 4.25, 16], "texture": "#2"},
				"up": {"uv": [0, 0, 4.25, 16], "texture": "#2"},
				"down": {"uv": [0, 0, 4.25, 16], "texture": "#2"}
			}
		},
		{
			"name": "hexadecagon",
			"from": [11.39446, 5.3504, 7.8344],
			"to": [12.44854, 10.6496, 8.1656],
			"rotation": {"angle": -22.5, "axis": "z", "origin": [11.9215, 8, 8]},
			"faces": {
				"north": {"uv": [0, 0, 4.25, 16], "texture": "#2"},
				"east": {"uv": [0, 0, 4.25, 16], "texture": "#2"},
				"south": {"uv": [0, 0, 4.25, 16], "texture": "#2"},
				"west": {"uv": [0, 0, 4.25, 16], "texture": "#2"},
				"up": {"uv": [0, 0, 4.25, 16], "texture": "#2"},
				"down": {"uv": [0, 0, 4.25, 16], "texture": "#2"}
			}
		},
		{
			"name": "hexadecagon",
			"from": [11.39446, 5.3504, 7.8344],
			"to": [12.44854, 10.6496, 8.1656],
			"rotation": {"angle": 0, "axis": "y", "origin": [11.9215, 8, 8]},
			"faces": {
				"north": {"uv": [0, 0, 4.25, 16], "texture": "#2"},
				"east": {"uv": [0, 0, 4.25, 16], "texture": "#2"},
				"south": {"uv": [0, 0, 4.25, 16], "texture": "#2"},
				"west": {"uv": [0, 0, 4.25, 16], "texture": "#2"},
				"up": {"uv": [0, 0, 4.25, 16], "texture": "#2"},
				"down": {"uv": [0, 0, 4.25, 16], "texture": "#2"}
			}
		},
		{
			"name": "hexadecagon",
			"from": [11.39446, 5.3504, 7.8344],
			"to": [12.44854, 10.6496, 8.1656],
			"rotation": {"angle": 22.5, "axis": "z", "origin": [11.9215, 8, 8]},
			"faces": {
				"north": {"uv": [0, 0, 4.25, 16], "texture": "#2"},
				"east": {"uv": [0, 0, 4.25, 16], "texture": "#2"},
				"south": {"uv": [0, 0, 4.25, 16], "texture": "#2"},
				"west": {"uv": [0, 0, 4.25, 16], "texture": "#2"},
				"up": {"uv": [0, 0, 4.25, 16], "texture": "#2"},
				"down": {"uv": [0, 0, 4.25, 16], "texture": "#2"}
			}
		},
		{
			"name": "hexadecagon",
			"from": [11.39446, 5.3504, 7.8344],
			"to": [12.44854, 10.6496, 8.1656],
			"rotation": {"angle": 45, "axis": "z", "origin": [11.9215, 8, 8]},
			"faces": {
				"north": {"uv": [0, 0, 4.25, 16], "texture": "#2"},
				"east": {"uv": [0, 0, 4.25, 16], "texture": "#2"},
				"south": {"uv": [0, 0, 4.25, 16], "texture": "#2"},
				"west": {"uv": [0, 0, 4.25, 16], "texture": "#2"},
				"up": {"uv": [0, 0, 4.25, 16], "texture": "#2"},
				"down": {"uv": [0, 0, 4.25, 16], "texture": "#2"}
			}
		},
		{
			"name": "hexadecagon",
			"from": [9.2719, 7.47296, 7.8344],
			"to": [14.5711, 8.52704, 8.1656],
			"rotation": {"angle": -22.5, "axis": "z", "origin": [11.9215, 8, 8]},
			"faces": {
				"north": {"uv": [0, 0, 16, 4.25], "texture": "#2"},
				"east": {"uv": [0, 0, 16, 4.25], "texture": "#2"},
				"south": {"uv": [0, 0, 16, 4.25], "texture": "#2"},
				"west": {"uv": [0, 0, 16, 4.25], "texture": "#2"},
				"up": {"uv": [0, 0, 16, 4.25], "texture": "#2"},
				"down": {"uv": [0, 0, 16, 4.25], "texture": "#2"}
			}
		},
		{
			"name": "hexadecagon",
			"from": [9.2719, 7.47296, 7.8344],
			"to": [14.5711, 8.52704, 8.1656],
			"rotation": {"angle": 0, "axis": "y", "origin": [11.9215, 8, 8]},
			"faces": {
				"north": {"uv": [0, 0, 16, 4.25], "texture": "#2"},
				"east": {"uv": [0, 0, 16, 4.25], "texture": "#2"},
				"south": {"uv": [0, 0, 16, 4.25], "texture": "#2"},
				"west": {"uv": [0, 0, 16, 4.25], "texture": "#2"},
				"up": {"uv": [0, 0, 16, 4.25], "texture": "#2"},
				"down": {"uv": [0, 0, 16, 4.25], "texture": "#2"}
			}
		},
		{
			"name": "hexadecagon",
			"from": [9.2719, 7.47296, 7.8344],
			"to": [14.5711, 8.52704, 8.1656],
			"rotation": {"angle": 22.5, "axis": "z", "origin": [11.9215, 8, 8]},
			"faces": {
				"north": {"uv": [0, 0, 16, 4.25], "texture": "#2"},
				"east": {"uv": [0, 0, 16, 4.25], "texture": "#2"},
				"south": {"uv": [0, 0, 16, 4.25], "texture": "#2"},
				"west": {"uv": [0, 0, 16, 4.25], "texture": "#2"},
				"up": {"uv": [0, 0, 16, 4.25], "texture": "#2"},
				"down": {"uv": [0, 0, 16, 4.25], "texture": "#2"}
			}
		},
		{
			"name": "hexadecagon",
			"from": [3.55146, 5.3504, 7.8344],
			"to": [4.60554, 10.6496, 8.1656],
			"rotation": {"angle": -45, "axis": "z", "origin": [4.0785, 8, 8]},
			"faces": {
				"north": {"uv": [0, 0, 4.25, 16], "rotation": 180, "texture": "#1"},
				"east": {"uv": [0, 0, 4.25, 16], "rotation": 180, "texture": "#1"},
				"south": {"uv": [0, 0, 4.25, 16], "rotation": 180, "texture": "#1"},
				"west": {"uv": [0, 0, 4.25, 16], "rotation": 180, "texture": "#1"},
				"up": {"uv": [0, 0, 4.25, 16], "rotation": 180, "texture": "#1"},
				"down": {"uv": [0, 0, 4.25, 16], "rotation": 180, "texture": "#1"}
			}
		},
		{
			"name": "hexadecagon",
			"from": [3.55146, 5.3504, 7.8344],
			"to": [4.60554, 10.6496, 8.1656],
			"rotation": {"angle": -22.5, "axis": "z", "origin": [4.0785, 8, 8]},
			"faces": {
				"north": {"uv": [0, 0, 4.25, 16], "rotation": 180, "texture": "#1"},
				"east": {"uv": [0, 0, 4.25, 16], "rotation": 180, "texture": "#1"},
				"south": {"uv": [0, 0, 4.25, 16], "rotation": 180, "texture": "#1"},
				"west": {"uv": [0, 0, 4.25, 16], "rotation": 180, "texture": "#1"},
				"up": {"uv": [0, 0, 4.25, 16], "rotation": 180, "texture": "#1"},
				"down": {"uv": [0, 0, 4.25, 16], "rotation": 180, "texture": "#1"}
			}
		},
		{
			"name": "hexadecagon",
			"from": [3.55146, 5.3504, 7.8344],
			"to": [4.60554, 10.6496, 8.1656],
			"rotation": {"angle": 0, "axis": "y", "origin": [4.0785, 8, 8]},
			"faces": {
				"north": {"uv": [0, 0, 4.25, 16], "rotation": 180, "texture": "#1"},
				"east": {"uv": [0, 0, 4.25, 16], "rotation": 180, "texture": "#1"},
				"south": {"uv": [0, 0, 4.25, 16], "rotation": 180, "texture": "#1"},
				"west": {"uv": [0, 0, 4.25, 16], "rotation": 180, "texture": "#1"},
				"up": {"uv": [0, 0, 4.25, 16], "rotation": 180, "texture": "#1"},
				"down": {"uv": [0, 0, 4.25, 16], "rotation": 180, "texture": "#1"}
			}
		},
		{
			"name": "hexadecagon",
			"from": [3.55146, 5.3504, 7.8344],
			"to": [4.60554, 10.6496, 8.1656],
			"rotation": {"angle": 22.5, "axis": "z", "origin": [4.0785, 8, 8]},
			"faces": {
				"north": {"uv": [0, 0, 4.25, 16], "rotation": 180, "texture": "#1"},
				"east": {"uv": [0, 0, 4.25, 16], "rotation": 180, "texture": "#1"},
				"south": {"uv": [0, 0, 4.25, 16], "rotation": 180, "texture": "#1"},
				"west": {"uv": [0, 0, 4.25, 16], "rotation": 180, "texture": "#1"},
				"up": {"uv": [0, 0, 4.25, 16], "rotation": 180, "texture": "#1"},
				"down": {"uv": [0, 0, 4.25, 16], "rotation": 180, "texture": "#1"}
			}
		},
		{
			"name": "hexadecagon",
			"from": [3.55146, 5.3504, 7.8344],
			"to": [4.60554, 10.6496, 8.1656],
			"rotation": {"angle": 45, "axis": "z", "origin": [4.0785, 8, 8]},
			"faces": {
				"north": {"uv": [0, 0, 4.25, 16], "rotation": 180, "texture": "#1"},
				"east": {"uv": [0, 0, 4.25, 16], "rotation": 180, "texture": "#1"},
				"south": {"uv": [0, 0, 4.25, 16], "rotation": 180, "texture": "#1"},
				"west": {"uv": [0, 0, 4.25, 16], "rotation": 180, "texture": "#1"},
				"up": {"uv": [0, 0, 4.25, 16], "rotation": 180, "texture": "#1"},
				"down": {"uv": [0, 0, 4.25, 16], "rotation": 180, "texture": "#1"}
			}
		},
		{
			"name": "hexadecagon",
			"from": [1.4289, 7.47296, 7.8344],
			"to": [6.7281, 8.52704, 8.1656],
			"rotation": {"angle": -22.5, "axis": "z", "origin": [4.0785, 8, 8]},
			"faces": {
				"north": {"uv": [0, 0, 16, 4.25], "rotation": 180, "texture": "#1"},
				"east": {"uv": [0, 0, 16, 4.25], "rotation": 180, "texture": "#1"},
				"south": {"uv": [0, 0, 16, 4.25], "rotation": 180, "texture": "#1"},
				"west": {"uv": [0, 0, 16, 4.25], "rotation": 180, "texture": "#1"},
				"up": {"uv": [0, 0, 16, 4.25], "rotation": 180, "texture": "#1"},
				"down": {"uv": [0, 0, 16, 4.25], "rotation": 180, "texture": "#1"}
			}
		},
		{
			"name": "hexadecagon",
			"from": [1.4289, 7.47296, 7.8344],
			"to": [6.7281, 8.52704, 8.1656],
			"rotation": {"angle": 0, "axis": "y", "origin": [4.0785, 8, 8]},
			"faces": {
				"north": {"uv": [0, 0, 16, 4.25], "rotation": 180, "texture": "#1"},
				"east": {"uv": [0, 0, 16, 4.25], "rotation": 180, "texture": "#1"},
				"south": {"uv": [0, 0, 16, 4.25], "rotation": 180, "texture": "#1"},
				"west": {"uv": [0, 0, 16, 4.25], "rotation": 180, "texture": "#1"},
				"up": {"uv": [0, 0, 16, 4.25], "rotation": 180, "texture": "#1"},
				"down": {"uv": [0, 0, 16, 4.25], "rotation": 180, "texture": "#1"}
			}
		},
		{
			"name": "hexadecagon",
			"from": [1.4289, 7.47296, 7.8344],
			"to": [6.7281, 8.52704, 8.1656],
			"rotation": {"angle": 22.5, "axis": "z", "origin": [4.0785, 8, 8]},
			"faces": {
				"north": {"uv": [0, 0, 16, 4.25], "rotation": 180, "texture": "#1"},
				"east": {"uv": [0, 0, 16, 4.25], "rotation": 180, "texture": "#1"},
				"south": {"uv": [0, 0, 16, 4.25], "rotation": 180, "texture": "#1"},
				"west": {"uv": [0, 0, 16, 4.25], "rotation": 180, "texture": "#1"},
				"up": {"uv": [0, 0, 16, 4.25], "rotation": 180, "texture": "#1"},
				"down": {"uv": [0, 0, 16, 4.25], "rotation": 180, "texture": "#1"}
			}
		},
		{
			"from": [2.375, 6.375, 7.82],
			"to": [5.625, 9.625, 7.955],
			"rotation": {"angle": -22.5, "axis": "z", "origin": [4, 8, 7.8875]},
			"faces": {
				"north": {"uv": [16, 0, 0, 16], "texture": "#3"},
				"east": {"uv": [0, 0, 3.74857, 3.29143], "texture": "#3"},
				"south": {"uv": [5.25714, 0, 0, 4.16], "texture": "#3"},
				"west": {"uv": [0, 0, 3.42857, 3.01714], "texture": "#3"},
				"up": {"uv": [4.16, 0, 0, 4.02286], "texture": "#3"},
				"down": {"uv": [4.66286, 0, 0, 3.74857], "texture": "#3"}
			}
		}
	],
	"display": {
		"thirdperson_righthand": {
			"scale": [0.72, 0.72, 0.72]
		},
		"thirdperson_lefthand": {
			"scale": [0.72, 0.72, 0.72]
		},
		"firstperson_righthand": {
			"rotation": [0, -180, 0],
			"translation": [0, 3.25, 0]
		},
		"firstperson_lefthand": {
			"rotation": [0, -180, 0],
			"translation": [0, 3.25, 0]
		},
		"ground": {
			"rotation": [0, -180, 0],
			"scale": [0.72, 0.72, 0.72]
		},
		"gui": {
			"rotation": [0, -180, 0]
		},
		"head": {
			"translation": [0, 8.25, -5.25],
			"scale": [1.26, 1.26, 1.26]
		},
		"fixed": {
			"scale": [1.46, 1.46, 1.46]
		}
	},
	"groups": [
		{
			"name": "bow",
			"origin": [8, 8, 8],
			"children": [0,
				{
					"name": "group",
					"origin": [8, 8, 8],
					"children": [
						{
							"name": "group",
							"origin": [8, 8, 8],
							"children": [1, 2, 3, 4, 5]
						},
						{
							"name": "group",
							"origin": [8, 8, 8],
							"children": [6, 7, 8, 9, 10]
						}
					]
				}
			]
		},
		{
			"name": "ears",
			"origin": [8, 8, 8],
			"children": [
				{
					"name": "hexadecagon",
					"origin": [8, 8, 8],
					"children": [11, 12, 13, 14, 15, 16, 17, 18]
				},
				{
					"name": "hexadecagon",
					"origin": [8, 8, 8],
					"children": [19, 20, 21, 22, 23, 24, 25, 26]
				}, 27]
		}
	]
}
