{
	"credit": "Made with Blockbench",
	"textures": {
		"2": "custom/rainbow",
		"3": "blocks/wool_colored_black",
		"particle": "blocks/wool_colored_white"
	},
	"elements": [
		{
			"from": [12, 0, 0],
			"to": [14, 1, 10],
			"rotation": {"angle": 0, "axis": "y", "origin": [13, 0.5, 0.5]},
			"faces": {
				"north": {"uv": [0, 0, 2, 1], "texture": "#3"},
				"east": {"uv": [0, 0, 10, 1], "texture": "#3"},
				"south": {"uv": [0, 0, 2, 1], "texture": "#3"},
				"west": {"uv": [0, 0, 10, 1], "texture": "#3"},
				"up": {"uv": [0, 0, 2, 10], "texture": "#3"},
				"down": {"uv": [0, 0, 2, 10], "texture": "#3"}
			}
		},
		{
			"from": [13.73254, 0, 0.34462],
			"to": [15.73254, 1, 10.34462],
			"rotation": {"angle": -22.5, "axis": "y", "origin": [14.73254, 0.5, 0.84462]},
			"faces": {
				"north": {"uv": [0, 0, 2, 1], "texture": "#3"},
				"east": {"uv": [0, 0, 10, 1], "texture": "#3"},
				"south": {"uv": [0, 0, 2, 1], "texture": "#3"},
				"west": {"uv": [0, 0, 10, 1], "texture": "#3"},
				"up": {"uv": [0, 0, 2, 10], "texture": "#3"},
				"down": {"uv": [0, 0, 2, 10], "texture": "#3"}
			}
		},
		{
			"from": [15.70131, 0, 0.82603],
			"to": [16.70131, 1, 2.82603],
			"rotation": {"angle": 45, "axis": "y", "origin": [16.20131, 0.5, 1.82603]},
			"faces": {
				"north": {"uv": [0, 0, 1, 1], "texture": "#3"},
				"east": {"uv": [0, 0, 2, 1], "texture": "#3"},
				"south": {"uv": [0, 0, 1, 1], "texture": "#3"},
				"west": {"uv": [0, 0, 2, 1], "texture": "#3"},
				"up": {"uv": [0, 0, 2, 1], "rotation": 270, "texture": "#3"},
				"down": {"uv": [0, 0, 2, 1], "rotation": 90, "texture": "#3"}
			}
		},
		{
			"from": [16.68272, 0, 2.2948],
			"to": [17.68272, 1, 4.2948],
			"rotation": {"angle": 22.5, "axis": "y", "origin": [17.18272, 0.5, 3.2948]},
			"faces": {
				"north": {"uv": [0, 0, 1, 1], "texture": "#3"},
				"east": {"uv": [0, 0, 2, 1], "texture": "#3"},
				"south": {"uv": [0, 0, 1, 1], "texture": "#3"},
				"west": {"uv": [0, 0, 2, 1], "texture": "#3"},
				"up": {"uv": [0, 0, 2, 1], "rotation": 90, "texture": "#3"},
				"down": {"uv": [0, 0, 2, 1], "rotation": 270, "texture": "#3"}
			}
		},
		{
			"from": [17.02734, 0, 4.02734],
			"to": [18.02734, 1, 6.02734],
			"rotation": {"angle": 0, "axis": "y", "origin": [17.52734, 0.5, 5.02734]},
			"faces": {
				"north": {"uv": [0, 0, 1, 1], "texture": "#3"},
				"east": {"uv": [0, 0, 2, 1], "texture": "#3"},
				"south": {"uv": [0, 0, 1, 1], "texture": "#3"},
				"west": {"uv": [0, 0, 2, 1], "texture": "#3"},
				"up": {"uv": [0, 0, 2, 1], "rotation": 90, "texture": "#3"},
				"down": {"uv": [0, 0, 2, 1], "rotation": 270, "texture": "#3"}
			}
		},
		{
			"from": [16.68272, 0, 5.75988],
			"to": [17.68272, 1, 7.75988],
			"rotation": {"angle": -22.5, "axis": "y", "origin": [17.18272, 0.5, 6.75988]},
			"faces": {
				"north": {"uv": [0, 0, 1, 1], "texture": "#3"},
				"east": {"uv": [0, 0, 2, 1], "texture": "#3"},
				"south": {"uv": [0, 0, 1, 1], "texture": "#3"},
				"west": {"uv": [0, 0, 2, 1], "texture": "#3"},
				"up": {"uv": [0, 0, 2, 1], "rotation": 90, "texture": "#3"},
				"down": {"uv": [0, 0, 2, 1], "rotation": 270, "texture": "#3"}
			}
		},
		{
			"from": [15.70131, 0, 7.22865],
			"to": [16.70131, 1, 9.22865],
			"rotation": {"angle": -45, "axis": "y", "origin": [16.20131, 0.5, 8.22865]},
			"faces": {
				"north": {"uv": [0, 0, 1, 1], "texture": "#3"},
				"east": {"uv": [0, 0, 2, 1], "texture": "#3"},
				"south": {"uv": [0, 0, 1, 1], "texture": "#3"},
				"west": {"uv": [0, 0, 2, 1], "texture": "#3"},
				"up": {"uv": [0, 0, 2, 1], "rotation": 90, "texture": "#3"},
				"down": {"uv": [0, 0, 2, 1], "rotation": 270, "texture": "#3"}
			}
		},
		{
			"from": [13.73254, 0, 8.71006],
			"to": [15.73254, 1, 9.71006],
			"rotation": {"angle": 22.5, "axis": "y", "origin": [14.73254, 0.5, 9.21006]},
			"faces": {
				"north": {"uv": [0, 0, 2, 1], "texture": "#3"},
				"east": {"uv": [0, 0, 1, 1], "texture": "#3"},
				"south": {"uv": [0, 0, 2, 1], "texture": "#3"},
				"west": {"uv": [0, 0, 1, 1], "texture": "#3"},
				"up": {"uv": [0, 0, 2, 1], "rotation": 180, "texture": "#3"},
				"down": {"uv": [0, 0, 2, 1], "rotation": 180, "texture": "#3"}
			}
		},
		{
			"from": [12, 0, 9.05468],
			"to": [14, 1, 10.05468],
			"rotation": {"angle": 0, "axis": "y", "origin": [13, 0.5, 9.55468]},
			"faces": {
				"north": {"uv": [0, 0, 2, 1], "texture": "#3"},
				"east": {"uv": [0, 0, 1, 1], "texture": "#3"},
				"south": {"uv": [0, 0, 2, 1], "texture": "#3"},
				"west": {"uv": [0, 0, 1, 1], "texture": "#3"},
				"up": {"uv": [0, 0, 2, 1], "rotation": 180, "texture": "#3"},
				"down": {"uv": [0, 0, 2, 1], "rotation": 180, "texture": "#3"}
			}
		},
		{
			"from": [10.26746, 0, 8.71006],
			"to": [12.26746, 1, 9.71006],
			"rotation": {"angle": -22.5, "axis": "y", "origin": [11.26746, 0.5, 9.21006]},
			"faces": {
				"north": {"uv": [0, 0, 2, 1], "texture": "#3"},
				"east": {"uv": [0, 0, 1, 1], "texture": "#3"},
				"south": {"uv": [0, 0, 2, 1], "texture": "#3"},
				"west": {"uv": [0, 0, 1, 1], "texture": "#3"},
				"up": {"uv": [0, 0, 2, 1], "rotation": 180, "texture": "#3"},
				"down": {"uv": [0, 0, 2, 1], "rotation": 180, "texture": "#3"}
			}
		},
		{
			"from": [9.29869, 0, 7.22865],
			"to": [19.29869, 1, 9.22865],
			"rotation": {"angle": 45, "axis": "y", "origin": [9.79869, 0.5, 8.22865]},
			"faces": {
				"north": {"uv": [0, 0, 10, 1], "texture": "#3"},
				"east": {"uv": [0, 0, 2, 1], "texture": "#3"},
				"south": {"uv": [0, 0, 10, 1], "texture": "#3"},
				"west": {"uv": [0, 0, 2, 1], "texture": "#3"},
				"up": {"uv": [0, 0, 2, 10], "rotation": 90, "texture": "#3"},
				"down": {"uv": [0, 0, 2, 10], "rotation": 270, "texture": "#3"}
			}
		},
		{
			"from": [8.31728, 0, 5.75988],
			"to": [18.31728, 1, 7.75988],
			"rotation": {"angle": 22.5, "axis": "y", "origin": [8.81728, 0.5, 6.75988]},
			"faces": {
				"north": {"uv": [0, 0, 10, 1], "texture": "#3"},
				"east": {"uv": [0, 0, 2, 1], "texture": "#3"},
				"south": {"uv": [0, 0, 10, 1], "texture": "#3"},
				"west": {"uv": [0, 0, 2, 1], "texture": "#3"},
				"up": {"uv": [0, 0, 2, 10], "rotation": 270, "texture": "#3"},
				"down": {"uv": [0, 0, 2, 10], "rotation": 90, "texture": "#3"}
			}
		},
		{
			"from": [7.97266, 0, 4.02734],
			"to": [17.97266, 1, 6.02734],
			"rotation": {"angle": 0, "axis": "y", "origin": [8.47266, 0.5, 5.02734]},
			"faces": {
				"north": {"uv": [0, 0, 10, 1], "texture": "#3"},
				"east": {"uv": [0, 0, 2, 1], "texture": "#3"},
				"south": {"uv": [0, 0, 10, 1], "texture": "#3"},
				"west": {"uv": [0, 0, 2, 1], "texture": "#3"},
				"up": {"uv": [0, 0, 2, 10], "rotation": 270, "texture": "#3"},
				"down": {"uv": [0, 0, 2, 10], "rotation": 90, "texture": "#3"}
			}
		},
		{
			"from": [8.31728, 0, 2.2948],
			"to": [18.31728, 1, 4.2948],
			"rotation": {"angle": -22.5, "axis": "y", "origin": [8.81728, 0.5, 3.2948]},
			"faces": {
				"north": {"uv": [0, 0, 10, 1], "texture": "#3"},
				"east": {"uv": [0, 0, 2, 1], "texture": "#3"},
				"south": {"uv": [0, 0, 10, 1], "texture": "#3"},
				"west": {"uv": [0, 0, 2, 1], "texture": "#3"},
				"up": {"uv": [0, 0, 2, 10], "rotation": 270, "texture": "#3"},
				"down": {"uv": [0, 0, 2, 10], "rotation": 90, "texture": "#3"}
			}
		},
		{
			"from": [9.29869, 0, 0.82603],
			"to": [19.29869, 1, 2.82603],
			"rotation": {"angle": -45, "axis": "y", "origin": [9.79869, 0.5, 1.82603]},
			"faces": {
				"north": {"uv": [0, 0, 10, 1], "texture": "#3"},
				"east": {"uv": [0, 0, 2, 1], "texture": "#3"},
				"south": {"uv": [0, 0, 10, 1], "texture": "#3"},
				"west": {"uv": [0, 0, 2, 1], "texture": "#3"},
				"up": {"uv": [0, 0, 2, 10], "rotation": 270, "texture": "#3"},
				"down": {"uv": [0, 0, 2, 10], "rotation": 90, "texture": "#3"}
			}
		},
		{
			"from": [10.26746, 0, 0.34462],
			"to": [12.26746, 1, 10.34462],
			"rotation": {"angle": 22.5, "axis": "y", "origin": [11.26746, 0.5, 0.84462]},
			"faces": {
				"north": {"uv": [0, 0, 2, 1], "texture": "#3"},
				"east": {"uv": [0, 0, 10, 1], "texture": "#3"},
				"south": {"uv": [0, 0, 2, 1], "texture": "#3"},
				"west": {"uv": [0, 0, 10, 1], "texture": "#3"},
				"up": {"uv": [0, 0, 2, 10], "texture": "#3"},
				"down": {"uv": [0, 0, 2, 10], "texture": "#3"}
			}
		},
		{
			"from": [-4, 0, 0],
			"to": [-2, 1, 10],
			"rotation": {"angle": 0, "axis": "y", "origin": [-1.80132, 0.5, 5.82827]},
			"faces": {
				"north": {"uv": [0, 0, 2, 1], "texture": "#3"},
				"east": {"uv": [0, 0, 10, 1], "texture": "#3"},
				"south": {"uv": [0, 0, 2, 1], "texture": "#3"},
				"west": {"uv": [0, 0, 10, 1], "texture": "#3"},
				"up": {"uv": [0, 0, 2, 10], "texture": "#3"},
				"down": {"uv": [0, 0, 2, 10], "texture": "#3"}
			}
		},
		{
			"from": [-4.21526, 0, 0.51968],
			"to": [-2.21526, 1, 10.51968],
			"rotation": {"angle": -22.5, "axis": "y", "origin": [-1.80132, 0.5, 5.82827]},
			"faces": {
				"north": {"uv": [0, 0, 2, 1], "texture": "#3"},
				"east": {"uv": [0, 0, 10, 1], "texture": "#3"},
				"south": {"uv": [0, 0, 2, 1], "texture": "#3"},
				"west": {"uv": [0, 0, 10, 1], "texture": "#3"},
				"up": {"uv": [0, 0, 2, 10], "texture": "#3"},
				"down": {"uv": [0, 0, 2, 10], "texture": "#3"}
			}
		},
		{
			"from": [1.94477, 0, 3.41433],
			"to": [2.94477, 1, 5.41433],
			"rotation": {"angle": 45, "axis": "y", "origin": [-1.80132, 0.5, 5.82827]},
			"faces": {
				"north": {"uv": [0, 0, 1, 1], "texture": "#3"},
				"east": {"uv": [0, 0, 2, 1], "texture": "#3"},
				"south": {"uv": [0, 0, 1, 1], "texture": "#3"},
				"west": {"uv": [0, 0, 2, 1], "texture": "#3"},
				"up": {"uv": [0, 0, 2, 1], "rotation": 270, "texture": "#3"},
				"down": {"uv": [0, 0, 2, 1], "rotation": 90, "texture": "#3"}
			}
		},
		{
			"from": [1.42509, 0, 3.62959],
			"to": [2.42509, 1, 5.62959],
			"rotation": {"angle": 22.5, "axis": "y", "origin": [-1.80132, 0.5, 5.82827]},
			"faces": {
				"north": {"uv": [0, 0, 1, 1], "texture": "#3"},
				"east": {"uv": [0, 0, 2, 1], "texture": "#3"},
				"south": {"uv": [0, 0, 1, 1], "texture": "#3"},
				"west": {"uv": [0, 0, 2, 1], "texture": "#3"},
				"up": {"uv": [0, 0, 2, 1], "rotation": 90, "texture": "#3"},
				"down": {"uv": [0, 0, 2, 1], "rotation": 270, "texture": "#3"}
			}
		},
		{
			"from": [1.02734, 0, 4.02734],
			"to": [2.02734, 1, 6.02734],
			"rotation": {"angle": 0, "axis": "y", "origin": [-1.80132, 0.5, 5.82827]},
			"faces": {
				"north": {"uv": [0, 0, 1, 1], "texture": "#3"},
				"east": {"uv": [0, 0, 2, 1], "texture": "#3"},
				"south": {"uv": [0, 0, 1, 1], "texture": "#3"},
				"west": {"uv": [0, 0, 2, 1], "texture": "#3"},
				"up": {"uv": [0, 0, 2, 1], "rotation": 90, "texture": "#3"},
				"down": {"uv": [0, 0, 2, 1], "rotation": 270, "texture": "#3"}
			}
		},
		{
			"from": [0.81208, 0, 4.54702],
			"to": [1.81208, 1, 6.54702],
			"rotation": {"angle": -22.5, "axis": "y", "origin": [-1.80132, 0.5, 5.82827]},
			"faces": {
				"north": {"uv": [0, 0, 1, 1], "texture": "#3"},
				"east": {"uv": [0, 0, 2, 1], "texture": "#3"},
				"south": {"uv": [0, 0, 1, 1], "texture": "#3"},
				"west": {"uv": [0, 0, 2, 1], "texture": "#3"},
				"up": {"uv": [0, 0, 2, 1], "rotation": 90, "texture": "#3"},
				"down": {"uv": [0, 0, 2, 1], "rotation": 270, "texture": "#3"}
			}
		},
		{
			"from": [0.81208, 0, 5.10952],
			"to": [1.81208, 1, 7.10952],
			"rotation": {"angle": -45, "axis": "y", "origin": [-1.80132, 0.5, 5.82827]},
			"faces": {
				"north": {"uv": [0, 0, 1, 1], "texture": "#3"},
				"east": {"uv": [0, 0, 2, 1], "texture": "#3"},
				"south": {"uv": [0, 0, 1, 1], "texture": "#3"},
				"west": {"uv": [0, 0, 2, 1], "texture": "#3"},
				"up": {"uv": [0, 0, 2, 1], "rotation": 90, "texture": "#3"},
				"down": {"uv": [0, 0, 2, 1], "rotation": 270, "texture": "#3"}
			}
		},
		{
			"from": [-3.60225, 0, 8.65693],
			"to": [-1.60225, 1, 9.65693],
			"rotation": {"angle": 22.5, "axis": "y", "origin": [-1.80132, 0.5, 5.82827]},
			"faces": {
				"north": {"uv": [0, 0, 2, 1], "texture": "#3"},
				"east": {"uv": [0, 0, 1, 1], "texture": "#3"},
				"south": {"uv": [0, 0, 2, 1], "texture": "#3"},
				"west": {"uv": [0, 0, 1, 1], "texture": "#3"},
				"up": {"uv": [0, 0, 2, 1], "rotation": 180, "texture": "#3"},
				"down": {"uv": [0, 0, 2, 1], "rotation": 180, "texture": "#3"}
			}
		},
		{
			"from": [-4, 0, 9.05468],
			"to": [-2, 1, 10.05468],
			"rotation": {"angle": 0, "axis": "y", "origin": [-1.80132, 0.5, 5.82827]},
			"faces": {
				"north": {"uv": [0, 0, 2, 1], "texture": "#3"},
				"east": {"uv": [0, 0, 1, 1], "texture": "#3"},
				"south": {"uv": [0, 0, 2, 1], "texture": "#3"},
				"west": {"uv": [0, 0, 1, 1], "texture": "#3"},
				"up": {"uv": [0, 0, 2, 1], "rotation": 180, "texture": "#3"},
				"down": {"uv": [0, 0, 2, 1], "rotation": 180, "texture": "#3"}
			}
		},
		{
			"from": [-4.21526, 0, 9.57436],
			"to": [-2.21526, 1, 10.57436],
			"rotation": {"angle": -22.5, "axis": "y", "origin": [-1.80132, 0.5, 5.82827]},
			"faces": {
				"north": {"uv": [0, 0, 2, 1], "texture": "#3"},
				"east": {"uv": [0, 0, 1, 1], "texture": "#3"},
				"south": {"uv": [0, 0, 2, 1], "texture": "#3"},
				"west": {"uv": [0, 0, 1, 1], "texture": "#3"},
				"up": {"uv": [0, 0, 2, 1], "rotation": 180, "texture": "#3"},
				"down": {"uv": [0, 0, 2, 1], "rotation": 180, "texture": "#3"}
			}
		},
		{
			"from": [-7.10991, 0, 3.41433],
			"to": [2.89009, 1, 5.41433],
			"rotation": {"angle": 45, "axis": "y", "origin": [-1.80132, 0.5, 5.82827]},
			"faces": {
				"north": {"uv": [0, 0, 10, 1], "texture": "#3"},
				"east": {"uv": [0, 0, 2, 1], "texture": "#3"},
				"south": {"uv": [0, 0, 10, 1], "texture": "#3"},
				"west": {"uv": [0, 0, 2, 1], "texture": "#3"},
				"up": {"uv": [0, 0, 2, 10], "rotation": 90, "texture": "#3"},
				"down": {"uv": [0, 0, 2, 10], "rotation": 270, "texture": "#3"}
			}
		},
		{
			"from": [-7.62959, 0, 3.62959],
			"to": [2.37041, 1, 5.62959],
			"rotation": {"angle": 22.5, "axis": "y", "origin": [-1.80132, 0.5, 5.82827]},
			"faces": {
				"north": {"uv": [0, 0, 10, 1], "texture": "#3"},
				"east": {"uv": [0, 0, 2, 1], "texture": "#3"},
				"south": {"uv": [0, 0, 10, 1], "texture": "#3"},
				"west": {"uv": [0, 0, 2, 1], "texture": "#3"},
				"up": {"uv": [0, 0, 2, 10], "rotation": 270, "texture": "#3"},
				"down": {"uv": [0, 0, 2, 10], "rotation": 90, "texture": "#3"}
			}
		},
		{
			"from": [-8.02734, 0, 4.02734],
			"to": [1.97266, 1, 6.02734],
			"rotation": {"angle": 0, "axis": "y", "origin": [-1.80132, 0.5, 5.82827]},
			"faces": {
				"north": {"uv": [0, 0, 10, 1], "texture": "#3"},
				"east": {"uv": [0, 0, 2, 1], "texture": "#3"},
				"south": {"uv": [0, 0, 10, 1], "texture": "#3"},
				"west": {"uv": [0, 0, 2, 1], "texture": "#3"},
				"up": {"uv": [0, 0, 2, 10], "rotation": 270, "texture": "#3"},
				"down": {"uv": [0, 0, 2, 10], "rotation": 90, "texture": "#3"}
			}
		},
		{
			"from": [-8.2426, 0, 4.54702],
			"to": [1.7574, 1, 6.54702],
			"rotation": {"angle": -22.5, "axis": "y", "origin": [-1.80132, 0.5, 5.82827]},
			"faces": {
				"north": {"uv": [0, 0, 10, 1], "texture": "#3"},
				"east": {"uv": [0, 0, 2, 1], "texture": "#3"},
				"south": {"uv": [0, 0, 10, 1], "texture": "#3"},
				"west": {"uv": [0, 0, 2, 1], "texture": "#3"},
				"up": {"uv": [0, 0, 2, 10], "rotation": 270, "texture": "#3"},
				"down": {"uv": [0, 0, 2, 10], "rotation": 90, "texture": "#3"}
			}
		},
		{
			"from": [-8.2426, 0, 5.10952],
			"to": [1.7574, 1, 7.10952],
			"rotation": {"angle": -45, "axis": "y", "origin": [-1.80132, 0.5, 5.82827]},
			"faces": {
				"north": {"uv": [0, 0, 10, 1], "texture": "#3"},
				"east": {"uv": [0, 0, 2, 1], "texture": "#3"},
				"south": {"uv": [0, 0, 10, 1], "texture": "#3"},
				"west": {"uv": [0, 0, 2, 1], "texture": "#3"},
				"up": {"uv": [0, 0, 2, 10], "rotation": 270, "texture": "#3"},
				"down": {"uv": [0, 0, 2, 10], "rotation": 90, "texture": "#3"}
			}
		},
		{
			"from": [-3.60225, 0, -0.39775],
			"to": [-1.60225, 1, 9.60225],
			"rotation": {"angle": 22.5, "axis": "y", "origin": [-1.80132, 0.5, 5.82827]},
			"faces": {
				"north": {"uv": [0, 0, 2, 1], "texture": "#3"},
				"east": {"uv": [0, 0, 10, 1], "texture": "#3"},
				"south": {"uv": [0, 0, 2, 1], "texture": "#3"},
				"west": {"uv": [0, 0, 10, 1], "texture": "#3"},
				"up": {"uv": [0, 0, 2, 10], "texture": "#3"},
				"down": {"uv": [0, 0, 2, 10], "texture": "#3"}
			}
		},
		{
			"from": [1, 0, 3],
			"to": [9, 1, 4],
			"faces": {
				"north": {"uv": [1, 11, 9, 12], "texture": "#2"},
				"east": {"uv": [1, 10, 2, 11], "texture": "#2"},
				"south": {"uv": [1, 10, 9, 11], "texture": "#2"},
				"west": {"uv": [0, 10, 1, 11], "texture": "#2"},
				"up": {"uv": [0, 11, 8, 12], "texture": "#2"},
				"down": {"uv": [0, 11, 8, 12], "texture": "#2"}
			}
		},
		{
			"from": [-3.5, 0, -5.5],
			"to": [-2.5, 1, 0.5],
			"rotation": {"angle": 0, "axis": "y", "origin": [-12, 0.5, 3.5]},
			"faces": {
				"north": {"uv": [1, 11, 2, 12], "texture": "#2"},
				"east": {"uv": [1, 10, 7, 11], "texture": "#2"},
				"south": {"uv": [1, 10, 2, 11], "texture": "#2"},
				"west": {"uv": [0, 10, 6, 11], "texture": "#2"},
				"up": {"uv": [0, 11, 6, 12], "rotation": 270, "texture": "#2"},
				"down": {"uv": [0, 11, 6, 12], "rotation": 90, "texture": "#2"}
			}
		},
		{
			"from": [12.5, 0, -5.5],
			"to": [13.5, 1, 0.5],
			"rotation": {"angle": 0, "axis": "y", "origin": [-12, 0.5, 3.5]},
			"faces": {
				"north": {"uv": [1, 11, 2, 12], "texture": "#2"},
				"east": {"uv": [1, 10, 7, 11], "texture": "#2"},
				"south": {"uv": [1, 10, 2, 11], "texture": "#2"},
				"west": {"uv": [0, 10, 6, 11], "texture": "#2"},
				"up": {"uv": [0, 11, 6, 12], "rotation": 270, "texture": "#2"},
				"down": {"uv": [0, 11, 6, 12], "rotation": 90, "texture": "#2"}
			}
		},
		{
			"from": [11, 1, 5.5],
			"to": [12, 2, 6],
			"rotation": {"angle": 0, "axis": "y", "origin": [12.625, 0.5, 18.625]},
			"faces": {
				"north": {"uv": [0, 0, 1, 1], "texture": "#2"},
				"east": {"uv": [0, 0, 0.5, 1], "texture": "#2"},
				"south": {"uv": [0, 0, 1, 1], "texture": "#2"},
				"west": {"uv": [0, 0, 0.5, 1], "texture": "#2"},
				"up": {"uv": [0, 0, 5, 1], "rotation": 90, "texture": "#2"},
				"down": {"uv": [0, 0, 0.5, 1], "rotation": 270, "texture": "#2"}
			}
		},
		{
			"from": [11.5, 1, 5],
			"to": [12, 2, 6],
			"rotation": {"angle": 0, "axis": "y", "origin": [12.625, 0.5, 18.625]},
			"faces": {
				"north": {"uv": [0, 0, 0.5, 1], "texture": "#2"},
				"east": {"uv": [0, 0, 1, 1], "texture": "#2"},
				"south": {"uv": [0, 0, 0.5, 1], "texture": "#2"},
				"west": {"uv": [0, 0, 1, 1], "texture": "#2"},
				"up": {"uv": [0, 0, 5, 1], "rotation": 90, "texture": "#2"},
				"down": {"uv": [0, 0, 1, 0.5], "rotation": 270, "texture": "#2"}
			}
		},
		{
			"from": [11.5, 1, 6],
			"to": [12, 2, 7],
			"rotation": {"angle": 0, "axis": "y", "origin": [0.5, 0, 0]},
			"faces": {
				"north": {"uv": [0, 0, 0.5, 1], "texture": "#2"},
				"east": {"uv": [0, 0, 1, 1], "texture": "#2"},
				"south": {"uv": [0, 0, 0.5, 1], "texture": "#2"},
				"west": {"uv": [0, 0, 1, 1], "texture": "#2"},
				"up": {"uv": [0, 0, 5, 1], "texture": "#2"},
				"down": {"uv": [0, 0, 0.5, 1], "texture": "#2"}
			}
		},
		{
			"from": [11, 1, 6],
			"to": [12, 2, 6.5],
			"rotation": {"angle": 0, "axis": "y", "origin": [3, 0, 0]},
			"faces": {
				"north": {"uv": [0, 0, 1, 1], "texture": "#2"},
				"east": {"uv": [0, 0, 0.5, 1], "texture": "#2"},
				"south": {"uv": [0, 0, 1, 1], "texture": "#2"},
				"west": {"uv": [0, 0, 0.5, 1], "texture": "#2"},
				"up": {"uv": [0, 0, 5, 1], "texture": "#2"},
				"down": {"uv": [0, 0, 1, 0.5], "texture": "#2"}
			}
		},
		{
			"from": [13, 1, 4],
			"to": [14, 2, 7],
			"faces": {
				"north": {"uv": [0, 0, 1, 1], "texture": "#2"},
				"east": {"uv": [0, 0, 3, 1], "texture": "#2"},
				"south": {"uv": [0, 0, 1, 1], "texture": "#2"},
				"west": {"uv": [0, 0, 3, 1], "texture": "#2"},
				"up": {"uv": [0, 0, 5, 1], "texture": "#2"},
				"down": {"uv": [0, 0, 1, 3], "texture": "#2"}
			}
		},
		{
			"from": [12, 1, 6.5],
			"to": [13, 2, 7],
			"rotation": {"angle": 0, "axis": "y", "origin": [0, 0, 0.5]},
			"faces": {
				"north": {"uv": [0, 0, 1, 1], "texture": "#2"},
				"east": {"uv": [0, 0, 0.5, 1], "texture": "#2"},
				"south": {"uv": [0, 0, 1, 1], "texture": "#2"},
				"west": {"uv": [0, 0, 0.5, 1], "texture": "#2"},
				"up": {"uv": [0, 0, 5, 1], "texture": "#2"},
				"down": {"uv": [0, 0, 1, 0.5], "texture": "#2"}
			}
		},
		{
			"from": [12, 1, 5],
			"to": [13, 2, 5.5],
			"rotation": {"angle": 0, "axis": "y", "origin": [0, 0, 0.5]},
			"faces": {
				"north": {"uv": [0, 0, 1, 1], "texture": "#2"},
				"east": {"uv": [0, 0, 0.5, 1], "texture": "#2"},
				"south": {"uv": [0, 0, 1, 1], "texture": "#2"},
				"west": {"uv": [0, 0, 0.5, 1], "texture": "#2"},
				"up": {"uv": [0, 0, 5, 1], "texture": "#2"},
				"down": {"uv": [0, 0, 1, 0.5], "texture": "#2"}
			}
		},
		{
			"from": [8, 1, 4],
			"to": [8.5, 2, 5],
			"rotation": {"angle": 0, "axis": "y", "origin": [7.625, 0.5, 19.375]},
			"faces": {
				"north": {"uv": [0, 3, 0.5, 4], "texture": "#2"},
				"east": {"uv": [0, 2, 1, 3], "texture": "#2"},
				"south": {"uv": [0, 3, 0.5, 4], "texture": "#2"},
				"west": {"uv": [0, 2, 1, 3], "texture": "#2"},
				"up": {"uv": [0, 3, 5, 4], "texture": "#2"},
				"down": {"uv": [0, 3, 0.5, 4], "texture": "#2"}
			}
		},
		{
			"from": [7.5, 1, 4],
			"to": [8.5, 2, 4.5],
			"rotation": {"angle": 0, "axis": "y", "origin": [7.625, 0.5, 19.375]},
			"faces": {
				"north": {"uv": [0, 3, 1, 4], "texture": "#2"},
				"east": {"uv": [0, 2, 0.5, 3], "texture": "#2"},
				"south": {"uv": [0, 3, 1, 4], "texture": "#2"},
				"west": {"uv": [0, 2, 0.5, 3], "texture": "#2"},
				"up": {"uv": [0, 3, 5, 4], "texture": "#2"},
				"down": {"uv": [0, 3, 1, 3.5], "texture": "#2"}
			}
		},
		{
			"from": [7.5, 1, 5.5],
			"to": [8.5, 2, 6],
			"rotation": {"angle": 0, "axis": "y", "origin": [6.625, 0.5, 18.625]},
			"faces": {
				"north": {"uv": [0, 3, 1, 4], "texture": "#2"},
				"east": {"uv": [0, 2, 0.5, 3], "texture": "#2"},
				"south": {"uv": [0, 3, 1, 4], "texture": "#2"},
				"west": {"uv": [0, 2, 0.5, 3], "texture": "#2"},
				"up": {"uv": [0, 3, 5, 4], "rotation": 90, "texture": "#2"},
				"down": {"uv": [0, 3, 0.5, 4], "rotation": 270, "texture": "#2"}
			}
		},
		{
			"from": [8, 1, 5],
			"to": [8.5, 2, 6],
			"rotation": {"angle": 0, "axis": "y", "origin": [6.625, 0.5, 18.625]},
			"faces": {
				"north": {"uv": [0, 3, 0.5, 4], "texture": "#2"},
				"east": {"uv": [0, 2, 1, 3], "texture": "#2"},
				"south": {"uv": [0, 3, 0.5, 4], "texture": "#2"},
				"west": {"uv": [0, 2, 1, 3], "texture": "#2"},
				"up": {"uv": [0, 3, 5, 4], "rotation": 90, "texture": "#2"},
				"down": {"uv": [0, 3, 1, 3.5], "rotation": 270, "texture": "#2"}
			}
		},
		{
			"from": [8, 1, 6],
			"to": [8.5, 2, 7],
			"rotation": {"angle": 0, "axis": "y", "origin": [7.5, 0, 0]},
			"faces": {
				"north": {"uv": [0, 3, 0.5, 4], "texture": "#2"},
				"east": {"uv": [0, 2, 1, 3], "texture": "#2"},
				"south": {"uv": [0, 3, 0.5, 4], "texture": "#2"},
				"west": {"uv": [0, 2, 1, 3], "texture": "#2"},
				"up": {"uv": [0, 3, 5, 4], "texture": "#2"},
				"down": {"uv": [0, 3, 0.5, 4], "texture": "#2"}
			}
		},
		{
			"from": [7.5, 1, 6],
			"to": [8.5, 2, 6.5],
			"rotation": {"angle": 0, "axis": "y", "origin": [10, 0, 0]},
			"faces": {
				"north": {"uv": [0, 3, 1, 4], "texture": "#2"},
				"east": {"uv": [0, 2, 0.5, 3], "texture": "#2"},
				"south": {"uv": [0, 3, 1, 4], "texture": "#2"},
				"west": {"uv": [0, 2, 0.5, 3], "texture": "#2"},
				"up": {"uv": [0, 3, 5, 4], "texture": "#2"},
				"down": {"uv": [0, 3, 1, 3.5], "texture": "#2"}
			}
		},
		{
			"from": [9.5, 1, 4],
			"to": [10.5, 2, 7],
			"faces": {
				"north": {"uv": [0, 3, 1, 4], "texture": "#2"},
				"east": {"uv": [0, 2, 3, 3], "texture": "#2"},
				"south": {"uv": [0, 3, 1, 4], "texture": "#2"},
				"west": {"uv": [0, 2, 3, 3], "texture": "#2"},
				"up": {"uv": [0, 3, 5, 4], "texture": "#2"},
				"down": {"uv": [0, 3, 1, 6], "texture": "#2"}
			}
		},
		{
			"from": [8.5, 1, 6.5],
			"to": [9.5, 2, 7],
			"rotation": {"angle": 0, "axis": "y", "origin": [0, 0, 0.5]},
			"faces": {
				"north": {"uv": [0, 3, 1, 4], "texture": "#2"},
				"east": {"uv": [0, 2, 0.5, 3], "texture": "#2"},
				"south": {"uv": [0, 3, 1, 4], "texture": "#2"},
				"west": {"uv": [0, 2, 0.5, 3], "texture": "#2"},
				"up": {"uv": [0, 3, 5, 4], "texture": "#2"},
				"down": {"uv": [0, 3, 1, 3.5], "texture": "#2"}
			}
		},
		{
			"from": [8.5, 1, 5],
			"to": [9.5, 2, 5.5],
			"rotation": {"angle": 0, "axis": "y", "origin": [0, 0, 2]},
			"faces": {
				"north": {"uv": [0, 3, 1, 4], "texture": "#2"},
				"east": {"uv": [0, 2, 0.5, 3], "texture": "#2"},
				"south": {"uv": [0, 3, 1, 4], "texture": "#2"},
				"west": {"uv": [0, 2, 0.5, 3], "texture": "#2"},
				"up": {"uv": [0, 3, 5, 4], "texture": "#2"},
				"down": {"uv": [0, 3, 1, 3.5], "texture": "#2"}
			}
		},
		{
			"from": [4.75, 1, 4],
			"to": [5.75, 2, 7],
			"faces": {
				"north": {"uv": [0, 4, 1, 5], "texture": "#2"},
				"east": {"uv": [0, 5, 3, 6], "texture": "#2"},
				"south": {"uv": [0, 4, 1, 5], "texture": "#2"},
				"west": {"uv": [0, 5, 3, 6], "texture": "#2"},
				"up": {"uv": [0, 4, 5, 5], "texture": "#2"},
				"down": {"uv": [0, 5, 1, 6], "texture": "#2"}
			}
		},
		{
			"from": [3.75, 1, 6.5],
			"to": [4.75, 2, 7],
			"rotation": {"angle": 0, "axis": "y", "origin": [5, 0, 0.5]},
			"faces": {
				"north": {"uv": [0, 4, 1, 5], "texture": "#2"},
				"east": {"uv": [0, 5, 0.5, 6], "texture": "#2"},
				"south": {"uv": [0, 4, 1, 5], "texture": "#2"},
				"west": {"uv": [0, 5, 0.5, 6], "texture": "#2"},
				"up": {"uv": [0, 4, 5, 5], "texture": "#2"},
				"down": {"uv": [0, 5, 1, 6], "texture": "#2"}
			}
		},
		{
			"from": [5.75, 1, 6.5],
			"to": [6.75, 2, 7],
			"rotation": {"angle": 0, "axis": "y", "origin": [5, 0, 0.5]},
			"faces": {
				"north": {"uv": [0, 4, 1, 5], "texture": "#2"},
				"east": {"uv": [0, 5, 0.5, 6], "texture": "#2"},
				"south": {"uv": [0, 4, 1, 5], "texture": "#2"},
				"west": {"uv": [0, 5, 0.5, 6], "texture": "#2"},
				"up": {"uv": [0, 4, 5, 5], "texture": "#2"},
				"down": {"uv": [0, 5, 1, 6], "texture": "#2"}
			}
		},
		{
			"from": [5.75, 1, 4],
			"to": [6.75, 2, 4.5],
			"rotation": {"angle": 0, "axis": "y", "origin": [5, 0, 0]},
			"faces": {
				"north": {"uv": [0, 4, 1, 5], "texture": "#2"},
				"east": {"uv": [0, 5, 0.5, 6], "texture": "#2"},
				"south": {"uv": [0, 4, 1, 5], "texture": "#2"},
				"west": {"uv": [0, 5, 0.5, 6], "texture": "#2"},
				"up": {"uv": [0, 4, 5, 5], "texture": "#2"},
				"down": {"uv": [0, 5, 1, 6], "texture": "#2"}
			}
		},
		{
			"from": [3.75, 1, 4],
			"to": [4.75, 2, 4.5],
			"rotation": {"angle": 0, "axis": "y", "origin": [5, 0, 0]},
			"faces": {
				"north": {"uv": [0, 4, 1, 5], "texture": "#2"},
				"east": {"uv": [0, 5, 0.5, 6], "texture": "#2"},
				"south": {"uv": [0, 4, 1, 5], "texture": "#2"},
				"west": {"uv": [0, 5, 0.5, 6], "texture": "#2"},
				"up": {"uv": [0, 4, 5, 5], "texture": "#2"},
				"down": {"uv": [0, 5, 1, 6], "texture": "#2"}
			}
		},
		{
			"from": [0.5, 1, 6],
			"to": [1, 2, 7],
			"rotation": {"angle": 0, "axis": "y", "origin": [1.5, 0, 0]},
			"faces": {
				"north": {"uv": [1, 6, 1.5, 7], "texture": "#2"},
				"east": {"uv": [2, 6, 3, 7], "texture": "#2"},
				"south": {"uv": [1, 7, 1.5, 8], "texture": "#2"},
				"west": {"uv": [1, 7, 2, 8], "texture": "#2"},
				"up": {"uv": [0, 7, 5, 8], "texture": "#2"},
				"down": {"uv": [2, 7, 4, 8], "texture": "#2"}
			}
		},
		{
			"from": [0, 1, 6],
			"to": [1, 2, 6.5],
			"rotation": {"angle": 0, "axis": "y", "origin": [4, 0, 0]},
			"faces": {
				"north": {"uv": [1, 6, 2, 7], "texture": "#2"},
				"east": {"uv": [2, 6, 2.5, 7], "texture": "#2"},
				"south": {"uv": [1, 7, 2, 8], "texture": "#2"},
				"west": {"uv": [1, 7, 1.5, 8], "texture": "#2"},
				"up": {"uv": [0, 7, 5, 8], "texture": "#2"},
				"down": {"uv": [2, 7, 4, 8], "texture": "#2"}
			}
		},
		{
			"from": [0, 1, 4.5],
			"to": [1, 2, 5],
			"rotation": {"angle": 0, "axis": "y", "origin": [6.625, 0.5, 24.625]},
			"faces": {
				"north": {"uv": [1, 6, 2, 7], "texture": "#2"},
				"east": {"uv": [2, 6, 2.5, 7], "texture": "#2"},
				"south": {"uv": [1, 7, 2, 8], "texture": "#2"},
				"west": {"uv": [1, 7, 1.5, 8], "texture": "#2"},
				"up": {"uv": [0, 7, 5, 8], "rotation": 90, "texture": "#2"},
				"down": {"uv": [2, 7, 4, 8], "rotation": 270, "texture": "#2"}
			}
		},
		{
			"from": [0.5, 1, 4],
			"to": [1, 2, 5],
			"rotation": {"angle": 0, "axis": "y", "origin": [6.625, 0.5, 24.625]},
			"faces": {
				"north": {"uv": [1, 6, 1.5, 7], "texture": "#2"},
				"east": {"uv": [2, 6, 3, 7], "texture": "#2"},
				"south": {"uv": [1, 7, 1.5, 8], "texture": "#2"},
				"west": {"uv": [1, 7, 2, 8], "texture": "#2"},
				"up": {"uv": [0, 7, 5, 8], "rotation": 90, "texture": "#2"},
				"down": {"uv": [2, 7, 4, 8], "rotation": 270, "texture": "#2"}
			}
		},
		{
			"from": [2, 1, 4],
			"to": [3, 2, 7],
			"faces": {
				"north": {"uv": [1, 6, 2, 7], "texture": "#2"},
				"east": {"uv": [2, 6, 5, 7], "texture": "#2"},
				"south": {"uv": [1, 7, 2, 8], "texture": "#2"},
				"west": {"uv": [1, 7, 4, 8], "texture": "#2"},
				"up": {"uv": [0, 7, 5, 8], "texture": "#2"},
				"down": {"uv": [2, 7, 4, 8], "texture": "#2"}
			}
		},
		{
			"from": [1, 1, 6.5],
			"to": [2, 2, 7],
			"rotation": {"angle": 0, "axis": "y", "origin": [7, 0, 0.5]},
			"faces": {
				"north": {"uv": [1, 6, 2, 7], "texture": "#2"},
				"east": {"uv": [2, 6, 2.5, 7], "texture": "#2"},
				"south": {"uv": [1, 7, 2, 8], "texture": "#2"},
				"west": {"uv": [1, 7, 1.5, 8], "texture": "#2"},
				"up": {"uv": [0, 7, 5, 8], "texture": "#2"},
				"down": {"uv": [2, 7, 4, 8], "texture": "#2"}
			}
		},
		{
			"from": [1, 1, 4],
			"to": [2, 2, 4.5],
			"rotation": {"angle": 0, "axis": "y", "origin": [7, 0, 4]},
			"faces": {
				"north": {"uv": [1, 6, 2, 7], "texture": "#2"},
				"east": {"uv": [2, 6, 2.5, 7], "texture": "#2"},
				"south": {"uv": [1, 7, 2, 8], "texture": "#2"},
				"west": {"uv": [1, 7, 1.5, 8], "texture": "#2"},
				"up": {"uv": [0, 7, 5, 8], "texture": "#2"},
				"down": {"uv": [2, 7, 4, 8], "texture": "#2"}
			}
		},
		{
			"from": [0, 1, 5],
			"to": [1, 2, 6],
			"rotation": {"angle": 0, "axis": "y", "origin": [6.5, 0.5, 25.5]},
			"faces": {
				"north": {"uv": [1, 6, 2, 7], "texture": "#2"},
				"east": {"uv": [2, 6, 3, 7], "texture": "#2"},
				"south": {"uv": [1, 7, 2, 8], "texture": "#2"},
				"west": {"uv": [1, 7, 2, 8], "texture": "#2"},
				"up": {"uv": [0, 7, 5, 8], "texture": "#2"},
				"down": {"uv": [2, 7, 4, 8], "texture": "#2"}
			}
		},
		{
			"from": [-2, 1, 4],
			"to": [-1, 2, 7],
			"faces": {
				"north": {"uv": [2, 9, 3, 10], "texture": "#2"},
				"east": {"uv": [1, 8, 4, 9], "texture": "#2"},
				"south": {"uv": [3, 9, 4, 10], "texture": "#2"},
				"west": {"uv": [3, 8, 6, 9], "texture": "#2"},
				"up": {"uv": [2, 9, 8, 10], "texture": "#2"},
				"down": {"uv": [0, 8, 1, 9], "texture": "#2"}
			}
		},
		{
			"from": [-3, 1, 6.5],
			"to": [-2, 2, 7],
			"rotation": {"angle": 0, "axis": "y", "origin": [1, 0, 0.5]},
			"faces": {
				"north": {"uv": [2, 9, 3, 10], "texture": "#2"},
				"east": {"uv": [1, 8, 1.5, 9], "texture": "#2"},
				"south": {"uv": [3, 9, 4, 10], "texture": "#2"},
				"west": {"uv": [3, 8, 3.5, 9], "texture": "#2"},
				"up": {"uv": [2, 9, 8, 10], "texture": "#2"},
				"down": {"uv": [0, 8, 1, 9], "texture": "#2"}
			}
		},
		{
			"from": [-3, 1, 4],
			"to": [-2, 2, 4.5],
			"rotation": {"angle": 0, "axis": "y", "origin": [1, 0, 2]},
			"faces": {
				"north": {"uv": [2, 9, 3, 10], "texture": "#2"},
				"east": {"uv": [1, 8, 1.5, 9], "texture": "#2"},
				"south": {"uv": [3, 9, 4, 10], "texture": "#2"},
				"west": {"uv": [3, 8, 3.5, 9], "texture": "#2"},
				"up": {"uv": [2, 9, 8, 10], "texture": "#2"},
				"down": {"uv": [0, 8, 1, 9], "texture": "#2"}
			}
		},
		{
			"from": [-3, 1, 5],
			"to": [-2, 2, 5.5],
			"rotation": {"angle": 0, "axis": "y", "origin": [1, 0, 2]},
			"faces": {
				"north": {"uv": [2, 9, 3, 10], "texture": "#2"},
				"east": {"uv": [1, 8, 1.5, 9], "texture": "#2"},
				"south": {"uv": [3, 9, 4, 10], "texture": "#2"},
				"west": {"uv": [3, 8, 3.5, 9], "texture": "#2"},
				"up": {"uv": [2, 9, 8, 10], "texture": "#2"},
				"down": {"uv": [0, 8, 1, 9], "texture": "#2"}
			}
		},
		{
			"from": [-4, 1, 4],
			"to": [-3, 2, 4.5],
			"rotation": {"angle": 0, "axis": "y", "origin": [1, 0, 2]},
			"faces": {
				"north": {"uv": [2, 9, 3, 10], "texture": "#2"},
				"east": {"uv": [1, 8, 1.5, 9], "texture": "#2"},
				"south": {"uv": [3, 9, 4, 10], "texture": "#2"},
				"west": {"uv": [3, 8, 3.5, 9], "texture": "#2"},
				"up": {"uv": [2, 9, 8, 10], "texture": "#2"},
				"down": {"uv": [0, 8, 1, 9], "texture": "#2"}
			}
		},
		{
			"from": [-4, 1, 6.5],
			"to": [-3, 2, 7],
			"rotation": {"angle": 0, "axis": "y", "origin": [1, 0, 0.5]},
			"faces": {
				"north": {"uv": [2, 9, 3, 10], "texture": "#2"},
				"east": {"uv": [1, 8, 1.5, 9], "texture": "#2"},
				"south": {"uv": [3, 9, 4, 10], "texture": "#2"},
				"west": {"uv": [3, 8, 3.5, 9], "texture": "#2"},
				"up": {"uv": [2, 9, 8, 10], "texture": "#2"},
				"down": {"uv": [0, 8, 1, 9], "texture": "#2"}
			}
		}
	],
	"gui_light": "front",
	"display": {
		"thirdperson_righthand": {
			"rotation": [-22, 0, 0],
			"translation": [-4, 8.75, 19.25],
			"scale": [0.53, 0.53, 0.53]
		},
		"thirdperson_lefthand": {
			"rotation": [-22, 0, 0],
			"translation": [-7, 8.75, 19.25],
			"scale": [0.53, 0.53, 0.53]
		},
		"firstperson_righthand": {
			"rotation": [55, -180, 0],
			"translation": [1, 8, 0.25],
			"scale": [0.73, 0.73, 0.73]
		},
		"firstperson_lefthand": {
			"rotation": [55, -180, 0],
			"translation": [1, 8, 0.25],
			"scale": [0.73, 0.73, 0.73]
		},
		"ground": {
			"rotation": [-60, 0, 0],
			"translation": [2, 6.75, -0.75],
			"scale": [0.53, 0.53, 0.53]
		},
		"gui": {
			"rotation": [90, -180, 0],
			"translation": [-2, 4.25, -4],
			"scale": [0.7, 0.7, 0.7]
		},
		"head": {
			"rotation": [-90, 0, 0],
			"translation": [2.75, 10.75, -10.25],
			"scale": [0.85, 0.85, 0.85]
		},
		"fixed": {
			"rotation": [-90, 0, 0],
			"translation": [2.25, 5, -7.5],
			"scale": [0.8, 0.8, 0.8]
		}
	},
	"groups": [
		{
			"name": "Left",
			"origin": [16.20131, 0.5, 1.82603],
			"children": [0, 1, 2, 3, 4, 5, 6, 7, 8, 9, 10, 11, 12, 13, 14, 15]
		},
		{
			"name": "Right",
			"origin": [16.20131, 0.5, 1.82603],
			"children": [16, 17, 18, 19, 20, 21, 22, 23, 24, 25, 26, 27, 28, 29, 30, 31]
		},
		{
			"name": "Band",
			"origin": [8, 8, 8],
			"children": [32, 33, 34]
		},
		{
			"name": "PRIDE",
			"origin": [8, 8, 8],
			"children": [
				{
					"name": "P",
					"origin": [8, 8, 8],
					"children": [
						{
							"name": "L-Shape",
							"origin": [8, 8, 8],
							"children": [35, 36]
						},
						{
							"name": "L-Shape",
							"origin": [8, 8, 8],
							"children": [37, 38]
						}, 39, 40, 41]
				},
				{
					"name": "R",
					"origin": [8, 8, 8],
					"children": [
						{
							"name": "L-Shape",
							"origin": [8, 8, 8],
							"children": [42, 43]
						},
						{
							"name": "L-Shape",
							"origin": [8, 8, 8],
							"children": [44, 45]
						},
						{
							"name": "L-Shape",
							"origin": [8, 8, 8],
							"children": [46, 47]
						}, 48, 49, 50]
				},
				{
					"name": "I",
					"origin": [8, 8, 8],
					"children": [51, 52, 53, 54, 55]
				},
				{
					"name": "D",
					"origin": [8, 8, 8],
					"children": [
						{
							"name": "L-Shape",
							"origin": [8, 8, 8],
							"children": [56, 57]
						},
						{
							"name": "L-Shape",
							"origin": [8, 8, 8],
							"children": [58, 59]
						}, 60, 61, 62, 63]
				},
				{
					"name": "E",
					"origin": [8, 8, 8],
					"children": [64, 65, 66, 67, 68, 69]
				}
			]
		}
	]
}
