{
	"credit": "Made with Blockbench",
	"textures": {
		"1": "blocks/melon_top",
		"2": "blocks/gold_block",
		"3": "blocks/pumpkin_face_on",
		"4": "blocks/decorations/woodyshirt",
		"particle": "blocks/gold_block"
	},
	"elements": [
		{
			"name": "hexadecagon",
			"from": [3.44305, 5.2, 7.825],
			"to": [4.55695, 10.8, 8.175],
			"rotation": {"angle": -45, "axis": "z", "origin": [4, 8, 8]},
			"faces": {
				"north": {"uv": [4, 5, 5, 6], "rotation": 180, "texture": "#1"},
				"east": {"uv": [4, 5, 5, 6], "rotation": 180, "texture": "#1"},
				"south": {"uv": [4, 5, 5, 6], "rotation": 180, "texture": "#1"},
				"west": {"uv": [4, 5, 5, 6], "rotation": 180, "texture": "#1"},
				"up": {"uv": [4, 5, 5, 6], "rotation": 180, "texture": "#1"},
				"down": {"uv": [4, 5, 5, 6], "rotation": 180, "texture": "#1"}
			}
		},
		{
			"name": "hexadecagon",
			"from": [3.44305, 5.2, 7.825],
			"to": [4.55695, 10.8, 8.175],
			"rotation": {"angle": -22.5, "axis": "z", "origin": [4, 8, 8]},
			"faces": {
				"north": {"uv": [4, 5, 5, 6], "rotation": 180, "texture": "#1"},
				"east": {"uv": [4, 5, 5, 6], "rotation": 180, "texture": "#1"},
				"south": {"uv": [4, 5, 5, 6], "rotation": 180, "texture": "#1"},
				"west": {"uv": [4, 5, 5, 6], "rotation": 180, "texture": "#1"},
				"up": {"uv": [4, 5, 5, 6], "rotation": 180, "texture": "#1"},
				"down": {"uv": [4, 5, 5, 6], "rotation": 180, "texture": "#1"}
			}
		},
		{
			"name": "hexadecagon",
			"from": [3.44305, 5.2, 7.825],
			"to": [4.55695, 10.8, 8.175],
			"rotation": {"angle": 0, "axis": "y", "origin": [4, 8, 8]},
			"faces": {
				"north": {"uv": [4, 5, 5, 6], "rotation": 180, "texture": "#1"},
				"east": {"uv": [4, 5, 5, 6], "rotation": 180, "texture": "#1"},
				"south": {"uv": [4, 5, 5, 6], "rotation": 180, "texture": "#1"},
				"west": {"uv": [4, 5, 5, 6], "rotation": 180, "texture": "#1"},
				"up": {"uv": [4, 5, 5, 6], "rotation": 180, "texture": "#1"},
				"down": {"uv": [4, 5, 5, 6], "rotation": 180, "texture": "#1"}
			}
		},
		{
			"name": "hexadecagon",
			"from": [3.44305, 5.2, 7.825],
			"to": [4.55695, 10.8, 8.175],
			"rotation": {"angle": 22.5, "axis": "z", "origin": [4, 8, 8]},
			"faces": {
				"north": {"uv": [4, 5, 5, 6], "rotation": 180, "texture": "#1"},
				"east": {"uv": [4, 5, 5, 6], "rotation": 180, "texture": "#1"},
				"south": {"uv": [4, 5, 5, 6], "rotation": 180, "texture": "#1"},
				"west": {"uv": [4, 5, 5, 6], "rotation": 180, "texture": "#1"},
				"up": {"uv": [4, 5, 5, 6], "rotation": 180, "texture": "#1"},
				"down": {"uv": [4, 5, 5, 6], "rotation": 180, "texture": "#1"}
			}
		},
		{
			"name": "hexadecagon",
			"from": [3.44305, 5.2, 7.825],
			"to": [4.55695, 10.8, 8.175],
			"rotation": {"angle": 45, "axis": "z", "origin": [4, 8, 8]},
			"faces": {
				"north": {"uv": [4, 5, 5, 6], "rotation": 180, "texture": "#1"},
				"east": {"uv": [4, 5, 5, 6], "rotation": 180, "texture": "#1"},
				"south": {"uv": [4, 5, 5, 6], "rotation": 180, "texture": "#1"},
				"west": {"uv": [4, 5, 5, 6], "rotation": 180, "texture": "#1"},
				"up": {"uv": [4, 5, 5, 6], "rotation": 180, "texture": "#1"},
				"down": {"uv": [4, 5, 5, 6], "rotation": 180, "texture": "#1"}
			}
		},
		{
			"name": "hexadecagon",
			"from": [1.2, 7.44305, 7.825],
			"to": [6.8, 8.55695, 8.175],
			"rotation": {"angle": -22.5, "axis": "z", "origin": [4, 8, 8]},
			"faces": {
				"north": {"uv": [4, 5, 5, 6], "rotation": 180, "texture": "#1"},
				"east": {"uv": [4, 5, 5, 6], "rotation": 180, "texture": "#1"},
				"south": {"uv": [4, 5, 5, 6], "rotation": 180, "texture": "#1"},
				"west": {"uv": [4, 5, 5, 6], "rotation": 180, "texture": "#1"},
				"up": {"uv": [4, 5, 5, 6], "rotation": 180, "texture": "#1"},
				"down": {"uv": [4, 5, 5, 6], "rotation": 180, "texture": "#1"}
			}
		},
		{
			"name": "hexadecagon",
			"from": [1.2, 7.44305, 7.825],
			"to": [6.8, 8.55695, 8.175],
			"rotation": {"angle": 0, "axis": "y", "origin": [4, 8, 8]},
			"faces": {
				"north": {"uv": [4, 5, 5, 6], "rotation": 180, "texture": "#1"},
				"east": {"uv": [4, 5, 5, 6], "rotation": 180, "texture": "#1"},
				"south": {"uv": [4, 5, 5, 6], "rotation": 180, "texture": "#1"},
				"west": {"uv": [4, 5, 5, 6], "rotation": 180, "texture": "#1"},
				"up": {"uv": [4, 5, 5, 6], "rotation": 180, "texture": "#1"},
				"down": {"uv": [4, 5, 5, 6], "rotation": 180, "texture": "#1"}
			}
		},
		{
			"name": "hexadecagon",
			"from": [1.2, 7.44305, 7.825],
			"to": [6.8, 8.55695, 8.175],
			"rotation": {"angle": 22.5, "axis": "z", "origin": [4, 8, 8]},
			"faces": {
				"north": {"uv": [4, 5, 5, 6], "rotation": 180, "texture": "#1"},
				"east": {"uv": [4, 5, 5, 6], "rotation": 180, "texture": "#1"},
				"south": {"uv": [4, 5, 5, 6], "rotation": 180, "texture": "#1"},
				"west": {"uv": [4, 5, 5, 6], "rotation": 180, "texture": "#1"},
				"up": {"uv": [4, 5, 5, 6], "rotation": 180, "texture": "#1"},
				"down": {"uv": [4, 5, 5, 6], "rotation": 180, "texture": "#1"}
			}
		},
		{
			"name": "hexadecagon",
			"from": [11.44305, 5.2, 7.825],
			"to": [12.55695, 10.8, 8.175],
			"rotation": {"angle": -45, "axis": "z", "origin": [12, 8, 8]},
			"faces": {
				"north": {"uv": [4, 5, 5, 6], "rotation": 180, "texture": "#1"},
				"east": {"uv": [4, 5, 5, 6], "rotation": 180, "texture": "#1"},
				"south": {"uv": [4, 5, 5, 6], "rotation": 180, "texture": "#1"},
				"west": {"uv": [4, 5, 5, 6], "rotation": 180, "texture": "#1"},
				"up": {"uv": [4, 5, 5, 6], "rotation": 180, "texture": "#1"},
				"down": {"uv": [4, 5, 5, 6], "rotation": 180, "texture": "#1"}
			}
		},
		{
			"name": "hexadecagon",
			"from": [11.44305, 5.2, 7.825],
			"to": [12.55695, 10.8, 8.175],
			"rotation": {"angle": -22.5, "axis": "z", "origin": [12, 8, 8]},
			"faces": {
				"north": {"uv": [4, 5, 5, 6], "rotation": 180, "texture": "#1"},
				"east": {"uv": [4, 5, 5, 6], "rotation": 180, "texture": "#1"},
				"south": {"uv": [4, 5, 5, 6], "rotation": 180, "texture": "#1"},
				"west": {"uv": [4, 5, 5, 6], "rotation": 180, "texture": "#1"},
				"up": {"uv": [4, 5, 5, 6], "rotation": 180, "texture": "#1"},
				"down": {"uv": [4, 5, 5, 6], "rotation": 180, "texture": "#1"}
			}
		},
		{
			"name": "hexadecagon",
			"from": [11.44305, 5.2, 7.825],
			"to": [12.55695, 10.8, 8.175],
			"rotation": {"angle": 0, "axis": "y", "origin": [12, 8, 8]},
			"faces": {
				"north": {"uv": [4, 5, 5, 6], "rotation": 180, "texture": "#1"},
				"east": {"uv": [4, 5, 5, 6], "rotation": 180, "texture": "#1"},
				"south": {"uv": [4, 5, 5, 6], "rotation": 180, "texture": "#1"},
				"west": {"uv": [4, 5, 5, 6], "rotation": 180, "texture": "#1"},
				"up": {"uv": [4, 5, 5, 6], "rotation": 180, "texture": "#1"},
				"down": {"uv": [4, 5, 5, 6], "rotation": 180, "texture": "#1"}
			}
		},
		{
			"name": "hexadecagon",
			"from": [11.44305, 5.2, 7.825],
			"to": [12.55695, 10.8, 8.175],
			"rotation": {"angle": 22.5, "axis": "z", "origin": [12, 8, 8]},
			"faces": {
				"north": {"uv": [4, 5, 5, 6], "rotation": 180, "texture": "#1"},
				"east": {"uv": [4, 5, 5, 6], "rotation": 180, "texture": "#1"},
				"south": {"uv": [4, 5, 5, 6], "rotation": 180, "texture": "#1"},
				"west": {"uv": [4, 5, 5, 6], "rotation": 180, "texture": "#1"},
				"up": {"uv": [4, 5, 5, 6], "rotation": 180, "texture": "#1"},
				"down": {"uv": [4, 5, 5, 6], "rotation": 180, "texture": "#1"}
			}
		},
		{
			"name": "hexadecagon",
			"from": [11.44305, 5.2, 7.825],
			"to": [12.55695, 10.8, 8.175],
			"rotation": {"angle": 45, "axis": "z", "origin": [12, 8, 8]},
			"faces": {
				"north": {"uv": [4, 5, 5, 6], "rotation": 180, "texture": "#1"},
				"east": {"uv": [4, 5, 5, 6], "rotation": 180, "texture": "#1"},
				"south": {"uv": [4, 5, 5, 6], "rotation": 180, "texture": "#1"},
				"west": {"uv": [4, 5, 5, 6], "rotation": 180, "texture": "#1"},
				"up": {"uv": [4, 5, 5, 6], "rotation": 180, "texture": "#1"},
				"down": {"uv": [4, 5, 5, 6], "rotation": 180, "texture": "#1"}
			}
		},
		{
			"name": "hexadecagon",
			"from": [9.2, 7.44305, 7.825],
			"to": [14.8, 8.55695, 8.175],
			"rotation": {"angle": -22.5, "axis": "z", "origin": [12, 8, 8]},
			"faces": {
				"north": {"uv": [4, 5, 5, 6], "rotation": 180, "texture": "#1"},
				"east": {"uv": [4, 5, 5, 6], "rotation": 180, "texture": "#1"},
				"south": {"uv": [4, 5, 5, 6], "rotation": 180, "texture": "#1"},
				"west": {"uv": [4, 5, 5, 6], "rotation": 180, "texture": "#1"},
				"up": {"uv": [4, 5, 5, 6], "rotation": 180, "texture": "#1"},
				"down": {"uv": [4, 5, 5, 6], "rotation": 180, "texture": "#1"}
			}
		},
		{
			"name": "hexadecagon",
			"from": [9.2, 7.44305, 7.825],
			"to": [14.8, 8.55695, 8.175],
			"rotation": {"angle": 0, "axis": "y", "origin": [12, 8, 8]},
			"faces": {
				"north": {"uv": [4, 5, 5, 6], "rotation": 180, "texture": "#1"},
				"east": {"uv": [4, 5, 5, 6], "rotation": 180, "texture": "#1"},
				"south": {"uv": [4, 5, 5, 6], "rotation": 180, "texture": "#1"},
				"west": {"uv": [4, 5, 5, 6], "rotation": 180, "texture": "#1"},
				"up": {"uv": [4, 5, 5, 6], "rotation": 180, "texture": "#1"},
				"down": {"uv": [4, 5, 5, 6], "rotation": 180, "texture": "#1"}
			}
		},
		{
			"name": "hexadecagon",
			"from": [9.2, 7.44305, 7.825],
			"to": [14.8, 8.55695, 8.175],
			"rotation": {"angle": 22.5, "axis": "z", "origin": [12, 8, 8]},
			"faces": {
				"north": {"uv": [4, 5, 5, 6], "rotation": 180, "texture": "#1"},
				"east": {"uv": [4, 5, 5, 6], "rotation": 180, "texture": "#1"},
				"south": {"uv": [4, 5, 5, 6], "rotation": 180, "texture": "#1"},
				"west": {"uv": [4, 5, 5, 6], "rotation": 180, "texture": "#1"},
				"up": {"uv": [4, 5, 5, 6], "rotation": 180, "texture": "#1"},
				"down": {"uv": [4, 5, 5, 6], "rotation": 180, "texture": "#1"}
			}
		},
		{
			"from": [6.8624, 7.7416, 7.2983],
			"to": [9.2204, 9.2308, 8.0483],
			"rotation": {"angle": 0, "axis": "y", "origin": [8, 8.2828, 7.7309]},
			"faces": {
				"north": {"uv": [14.25, 12.5, 15, 13.25], "rotation": 270, "texture": "#2"},
				"east": {"uv": [14.25, 12.5, 15, 13.25], "rotation": 270, "texture": "#2"},
				"south": {"uv": [14.25, 12.5, 15, 13.25], "rotation": 270, "texture": "#2"},
				"west": {"uv": [14.25, 12.5, 15, 13.25], "rotation": 270, "texture": "#2"},
				"up": {"uv": [14.25, 12.5, 15, 13.25], "rotation": 270, "texture": "#2"},
				"down": {"uv": [14.25, 12.5, 15, 13.25], "rotation": 270, "texture": "#2"}
			}
		},
		{
			"from": [6.27934, 8.41737, 7.2755],
			"to": [7.43854, 10.85997, 8.0621],
			"rotation": {"angle": 45, "axis": "z", "origin": [6.61054, 9.24537, 7.6481]},
			"faces": {
				"north": {"uv": [4.25, 5.625, 4.875, 6.5], "rotation": 180, "texture": "#4"},
				"east": {"uv": [4.25, 5.625, 4.875, 6.5], "rotation": 180, "texture": "#4"},
				"south": {"uv": [4.25, 5.625, 4.875, 6.5], "rotation": 180, "texture": "#4"},
				"west": {"uv": [4.25, 5.625, 4.875, 6.5], "rotation": 180, "texture": "#4"},
				"up": {"uv": [4.25, 5.625, 4.875, 6.5], "rotation": 180, "texture": "#4"},
				"down": {"uv": [4.25, 5.625, 4.875, 6.5], "rotation": 180, "texture": "#4"}
			}
		},
		{
			"from": [4.79488, 8.43882, 7.2755],
			"to": [7.23748, 9.59802, 8.0621],
			"rotation": {"angle": -22.5, "axis": "z", "origin": [6.40948, 8.77002, 7.6481]},
			"faces": {
				"north": {"uv": [4.25, 5.625, 4.875, 6.5], "rotation": 270, "texture": "#4"},
				"east": {"uv": [4.25, 5.625, 4.875, 6.5], "rotation": 270, "texture": "#4"},
				"south": {"uv": [4.25, 5.625, 4.875, 6.5], "rotation": 270, "texture": "#4"},
				"west": {"uv": [4.25, 5.625, 4.875, 6.5], "rotation": 270, "texture": "#4"},
				"up": {"uv": [4.25, 5.625, 4.875, 6.5], "rotation": 270, "texture": "#4"},
				"down": {"uv": [4.25, 5.625, 4.875, 6.5], "rotation": 270, "texture": "#4"}
			}
		},
		{
			"from": [4.79104, 7.92272, 7.2755],
			"to": [7.23364, 9.08192, 8.0621],
			"rotation": {"angle": 0, "axis": "y", "origin": [6.40564, 8.25392, 7.6481]},
			"faces": {
				"north": {"uv": [4.25, 5.625, 4.875, 6.5], "rotation": 270, "texture": "#4"},
				"east": {"uv": [4.25, 5.625, 4.875, 6.5], "rotation": 270, "texture": "#4"},
				"south": {"uv": [4.25, 5.625, 4.875, 6.5], "rotation": 270, "texture": "#4"},
				"west": {"uv": [4.25, 5.625, 4.875, 6.5], "rotation": 270, "texture": "#4"},
				"up": {"uv": [4.25, 5.625, 4.875, 6.5], "rotation": 270, "texture": "#4"},
				"down": {"uv": [4.25, 5.625, 4.875, 6.5], "rotation": 270, "texture": "#4"}
			}
		},
		{
			"from": [4.985, 7.44442, 7.2755],
			"to": [7.4276, 8.60362, 8.0621],
			"rotation": {"angle": 22.5, "axis": "z", "origin": [6.5996, 7.77562, 7.6481]},
			"faces": {
				"north": {"uv": [4.25, 5.625, 4.875, 6.5], "rotation": 270, "texture": "#4"},
				"east": {"uv": [4.25, 5.625, 4.875, 6.5], "rotation": 270, "texture": "#4"},
				"south": {"uv": [4.25, 5.625, 4.875, 6.5], "rotation": 270, "texture": "#4"},
				"west": {"uv": [4.25, 5.625, 4.875, 6.5], "rotation": 270, "texture": "#4"},
				"up": {"uv": [4.25, 5.625, 4.875, 6.5], "rotation": 270, "texture": "#4"},
				"down": {"uv": [4.25, 5.625, 4.875, 6.5], "rotation": 270, "texture": "#4"}
			}
		},
		{
			"from": [5.34723, 7.07676, 7.2755],
			"to": [7.78983, 8.23596, 8.0621],
			"rotation": {"angle": 45, "axis": "z", "origin": [6.96183, 7.40796, 7.6481]},
			"faces": {
				"north": {"uv": [4.25, 5.625, 4.875, 6.5], "rotation": 270, "texture": "#4"},
				"east": {"uv": [4.25, 5.625, 4.875, 6.5], "rotation": 270, "texture": "#4"},
				"south": {"uv": [4.25, 5.625, 4.875, 6.5], "rotation": 270, "texture": "#4"},
				"west": {"uv": [4.25, 5.625, 4.875, 6.5], "rotation": 270, "texture": "#4"},
				"up": {"uv": [4.25, 5.625, 4.875, 6.5], "rotation": 270, "texture": "#4"},
				"down": {"uv": [4.25, 5.625, 4.875, 6.5], "rotation": 270, "texture": "#4"}
			}
		},
		{
			"from": [8.56146, 8.41737, 7.2755],
			"to": [9.72066, 10.85997, 8.0621],
			"rotation": {"angle": -45, "axis": "z", "origin": [9.38946, 9.24537, 7.6481]},
			"faces": {
				"north": {"uv": [4.25, 5.625, 4.875, 6.5], "rotation": 180, "texture": "#4"},
				"east": {"uv": [4.25, 5.625, 4.875, 6.5], "rotation": 180, "texture": "#4"},
				"south": {"uv": [4.25, 5.625, 4.875, 6.5], "rotation": 180, "texture": "#4"},
				"west": {"uv": [4.25, 5.625, 4.875, 6.5], "rotation": 180, "texture": "#4"},
				"up": {"uv": [4.25, 5.625, 4.875, 6.5], "rotation": 180, "texture": "#4"},
				"down": {"uv": [4.25, 5.625, 4.875, 6.5], "rotation": 180, "texture": "#4"}
			}
		},
		{
			"from": [8.76252, 8.43882, 7.2755],
			"to": [11.20512, 9.59802, 8.0621],
			"rotation": {"angle": 22.5, "axis": "z", "origin": [9.59052, 8.77002, 7.6481]},
			"faces": {
				"north": {"uv": [4.25, 5.625, 4.875, 6.5], "rotation": 270, "texture": "#4"},
				"east": {"uv": [4.25, 5.625, 4.875, 6.5], "rotation": 270, "texture": "#4"},
				"south": {"uv": [4.25, 5.625, 4.875, 6.5], "rotation": 270, "texture": "#4"},
				"west": {"uv": [4.25, 5.625, 4.875, 6.5], "rotation": 270, "texture": "#4"},
				"up": {"uv": [4.25, 5.625, 4.875, 6.5], "rotation": 270, "texture": "#4"},
				"down": {"uv": [4.25, 5.625, 4.875, 6.5], "rotation": 270, "texture": "#4"}
			}
		},
		{
			"from": [8.76636, 7.92272, 7.2755],
			"to": [11.20896, 9.08192, 8.0621],
			"rotation": {"angle": 0, "axis": "y", "origin": [9.59436, 8.25392, 7.6481]},
			"faces": {
				"north": {"uv": [4.25, 5.625, 4.875, 6.5], "rotation": 270, "texture": "#4"},
				"east": {"uv": [4.25, 5.625, 4.875, 6.5], "rotation": 270, "texture": "#4"},
				"south": {"uv": [4.25, 5.625, 4.875, 6.5], "rotation": 270, "texture": "#4"},
				"west": {"uv": [4.25, 5.625, 4.875, 6.5], "rotation": 270, "texture": "#4"},
				"up": {"uv": [4.25, 5.625, 4.875, 6.5], "rotation": 270, "texture": "#4"},
				"down": {"uv": [4.25, 5.625, 4.875, 6.5], "rotation": 270, "texture": "#4"}
			}
		},
		{
			"from": [8.5724, 7.44442, 7.2755],
			"to": [11.015, 8.60362, 8.0621],
			"rotation": {"angle": -22.5, "axis": "z", "origin": [9.4004, 7.77562, 7.6481]},
			"faces": {
				"north": {"uv": [4.25, 5.625, 4.875, 6.5], "rotation": 270, "texture": "#4"},
				"east": {"uv": [4.25, 5.625, 4.875, 6.5], "rotation": 270, "texture": "#4"},
				"south": {"uv": [4.25, 5.625, 4.875, 6.5], "rotation": 270, "texture": "#4"},
				"west": {"uv": [4.25, 5.625, 4.875, 6.5], "rotation": 270, "texture": "#4"},
				"up": {"uv": [4.25, 5.625, 4.875, 6.5], "rotation": 270, "texture": "#4"},
				"down": {"uv": [4.25, 5.625, 4.875, 6.5], "rotation": 270, "texture": "#4"}
			}
		},
		{
			"from": [8.21017, 7.07676, 7.2755],
			"to": [10.65277, 8.23596, 8.0621],
			"rotation": {"angle": -45, "axis": "z", "origin": [9.03817, 7.40796, 7.6481]},
			"faces": {
				"north": {"uv": [4.25, 5.625, 4.875, 6.5], "rotation": 270, "texture": "#4"},
				"east": {"uv": [4.25, 5.625, 4.875, 6.5], "rotation": 270, "texture": "#4"},
				"south": {"uv": [4.25, 5.625, 4.875, 6.5], "rotation": 270, "texture": "#4"},
				"west": {"uv": [4.25, 5.625, 4.875, 6.5], "rotation": 270, "texture": "#4"},
				"up": {"uv": [4.25, 5.625, 4.875, 6.5], "rotation": 270, "texture": "#4"},
				"down": {"uv": [4.25, 5.625, 4.875, 6.5], "rotation": 270, "texture": "#4"}
			}
		},
		{
			"name": "hexadecagon",
			"from": [5.36936, 9.77179, 7.975],
			"to": [6.58158, 11.31979, 8.233],
			"rotation": {"angle": 22.5, "axis": "z", "origin": [8.36919, 11.39013, 8.104]},
			"faces": {
				"north": {"uv": [13, 4, 14, 5], "rotation": 180, "texture": "#3"},
				"east": {"uv": [13, 4, 14, 5], "rotation": 180, "texture": "#3"},
				"south": {"uv": [13, 4, 14, 5], "rotation": 180, "texture": "#3"},
				"west": {"uv": [13, 4, 14, 5], "rotation": 180, "texture": "#3"},
				"up": {"uv": [13, 4, 14, 5], "rotation": 180, "texture": "#3"},
				"down": {"uv": [13, 4, 14, 5], "rotation": 180, "texture": "#3"}
			}
		},
		{
			"name": "hexadecagon",
			"from": [5.62015, 12.59231, 7.975],
			"to": [6.74638, 13.71031, 8.233],
			"rotation": {"angle": 45, "axis": "z", "origin": [8.36919, 11.39013, 8.104]},
			"faces": {
				"north": {"uv": [13, 4, 14, 5], "rotation": 180, "texture": "#3"},
				"east": {"uv": [13, 4, 14, 5], "rotation": 180, "texture": "#3"},
				"south": {"uv": [13, 4, 14, 5], "rotation": 180, "texture": "#3"},
				"west": {"uv": [13, 4, 14, 5], "rotation": 180, "texture": "#3"},
				"up": {"uv": [13, 4, 14, 5], "rotation": 180, "texture": "#3"},
				"down": {"uv": [13, 4, 14, 5], "rotation": 180, "texture": "#3"}
			}
		},
		{
			"name": "hexadecagon",
			"from": [4.28044, 9.78761, 7.975],
			"to": [5.05444, 10.82783, 8.233],
			"rotation": {"angle": -22.5, "axis": "z", "origin": [8.36919, 11.39013, 8.104]},
			"faces": {
				"north": {"uv": [13, 4, 14, 5], "rotation": 270, "texture": "#3"},
				"east": {"uv": [13, 4, 14, 5], "rotation": 270, "texture": "#3"},
				"south": {"uv": [13, 4, 14, 5], "rotation": 270, "texture": "#3"},
				"west": {"uv": [13, 4, 14, 5], "rotation": 270, "texture": "#3"},
				"up": {"uv": [13, 4, 14, 5], "rotation": 270, "texture": "#3"},
				"down": {"uv": [13, 4, 14, 5], "rotation": 270, "texture": "#3"}
			}
		},
		{
			"name": "hexadecagon",
			"from": [3.64424, 11.52366, 7.975],
			"to": [3.85924, 12.48686, 8.233],
			"rotation": {"angle": 0, "axis": "y", "origin": [8.36919, 11.39013, 8.104]},
			"faces": {
				"north": {"uv": [13, 4, 14, 5], "rotation": 270, "texture": "#3"},
				"east": {"uv": [13, 4, 14, 5], "rotation": 270, "texture": "#3"},
				"south": {"uv": [13, 4, 14, 5], "rotation": 270, "texture": "#3"},
				"west": {"uv": [13, 4, 14, 5], "rotation": 270, "texture": "#3"},
				"up": {"uv": [13, 4, 14, 5], "rotation": 270, "texture": "#3"},
				"down": {"uv": [13, 4, 14, 5], "rotation": 270, "texture": "#3"}
			}
		},
		{
			"name": "hexadecagon",
			"from": [4.15143, 9.78762, 7.975],
			"to": [4.28043, 10.82782, 8.233],
			"rotation": {"angle": -22.5, "axis": "z", "origin": [8.36919, 11.39013, 8.104]},
			"faces": {
				"north": {"uv": [13, 4, 14, 5], "rotation": 270, "texture": "#3"},
				"east": {"uv": [13, 4, 14, 5], "rotation": 270, "texture": "#3"},
				"south": {"uv": [13, 4, 14, 5], "rotation": 270, "texture": "#3"},
				"west": {"uv": [13, 4, 14, 5], "rotation": 270, "texture": "#3"},
				"up": {"uv": [13, 4, 14, 5], "rotation": 270, "texture": "#3"},
				"down": {"uv": [13, 4, 14, 5], "rotation": 270, "texture": "#3"}
			}
		},
		{
			"name": "hexadecagon",
			"from": [3.85924, 12.39264, 7.975],
			"to": [4.26344, 12.48686, 8.233],
			"rotation": {"angle": 0, "axis": "y", "origin": [8.36919, 11.39013, 8.104]},
			"faces": {
				"north": {"uv": [13, 4, 14, 5], "rotation": 270, "texture": "#3"},
				"east": {"uv": [13, 4, 14, 5], "rotation": 270, "texture": "#3"},
				"south": {"uv": [13, 4, 14, 5], "rotation": 270, "texture": "#3"},
				"west": {"uv": [13, 4, 14, 5], "rotation": 270, "texture": "#3"},
				"up": {"uv": [13, 4, 14, 5], "rotation": 270, "texture": "#3"},
				"down": {"uv": [13, 4, 14, 5], "rotation": 270, "texture": "#3"}
			}
		},
		{
			"name": "hexadecagon",
			"from": [3.85924, 12.16942, 7.975],
			"to": [4.26344, 12.39264, 8.233],
			"rotation": {"angle": 0, "axis": "y", "origin": [8.36919, 11.39013, 8.104]},
			"faces": {
				"north": {"uv": [13, 4, 14, 5], "rotation": 270, "texture": "#3"},
				"east": {"uv": [13, 4, 14, 5], "rotation": 270, "texture": "#3"},
				"south": {"uv": [13, 4, 14, 5], "rotation": 270, "texture": "#3"},
				"west": {"uv": [13, 4, 14, 5], "rotation": 270, "texture": "#3"},
				"up": {"uv": [13, 4, 14, 5], "rotation": 270, "texture": "#3"},
				"down": {"uv": [13, 4, 14, 5], "rotation": 270, "texture": "#3"}
			}
		},
		{
			"name": "hexadecagon",
			"from": [3.85924, 11.9462, 7.975],
			"to": [4.13444, 12.16942, 8.233],
			"rotation": {"angle": 0, "axis": "y", "origin": [8.36919, 11.39013, 8.104]},
			"faces": {
				"north": {"uv": [13, 4, 14, 5], "rotation": 270, "texture": "#3"},
				"east": {"uv": [13, 4, 14, 5], "rotation": 270, "texture": "#3"},
				"south": {"uv": [13, 4, 14, 5], "rotation": 270, "texture": "#3"},
				"west": {"uv": [13, 4, 14, 5], "rotation": 270, "texture": "#3"},
				"up": {"uv": [13, 4, 14, 5], "rotation": 270, "texture": "#3"},
				"down": {"uv": [13, 4, 14, 5], "rotation": 270, "texture": "#3"}
			}
		},
		{
			"name": "hexadecagon",
			"from": [3.85924, 11.63698, 7.975],
			"to": [4.04844, 11.9462, 8.233],
			"rotation": {"angle": 0, "axis": "y", "origin": [8.36919, 11.39013, 8.104]},
			"faces": {
				"north": {"uv": [13, 4, 14, 5], "rotation": 270, "texture": "#3"},
				"east": {"uv": [13, 4, 14, 5], "rotation": 270, "texture": "#3"},
				"south": {"uv": [13, 4, 14, 5], "rotation": 270, "texture": "#3"},
				"west": {"uv": [13, 4, 14, 5], "rotation": 270, "texture": "#3"},
				"up": {"uv": [13, 4, 14, 5], "rotation": 270, "texture": "#3"},
				"down": {"uv": [13, 4, 14, 5], "rotation": 270, "texture": "#3"}
			}
		},
		{
			"name": "hexadecagon",
			"from": [3.85924, 11.52598, 7.975],
			"to": [3.91944, 11.6882, 8.233],
			"rotation": {"angle": 0, "axis": "y", "origin": [8.36919, 11.39013, 8.104]},
			"faces": {
				"north": {"uv": [13, 4, 14, 5], "rotation": 270, "texture": "#3"},
				"east": {"uv": [13, 4, 14, 5], "rotation": 270, "texture": "#3"},
				"south": {"uv": [13, 4, 14, 5], "rotation": 270, "texture": "#3"},
				"west": {"uv": [13, 4, 14, 5], "rotation": 270, "texture": "#3"},
				"up": {"uv": [13, 4, 14, 5], "rotation": 270, "texture": "#3"},
				"down": {"uv": [13, 4, 14, 5], "rotation": 270, "texture": "#3"}
			}
		},
		{
			"name": "hexadecagon",
			"from": [3.85924, 11.55098, 7.975],
			"to": [3.87644, 11.6452, 8.233],
			"rotation": {"angle": 0, "axis": "y", "origin": [8.36919, 11.39013, 8.104]},
			"faces": {
				"north": {"uv": [13, 4, 14, 5], "rotation": 270, "texture": "#3"},
				"east": {"uv": [13, 4, 14, 5], "rotation": 270, "texture": "#3"},
				"south": {"uv": [13, 4, 14, 5], "rotation": 270, "texture": "#3"},
				"west": {"uv": [13, 4, 14, 5], "rotation": 270, "texture": "#3"},
				"up": {"uv": [13, 4, 14, 5], "rotation": 270, "texture": "#3"},
				"down": {"uv": [13, 4, 14, 5], "rotation": 270, "texture": "#3"}
			}
		},
		{
			"name": "hexadecagon",
			"from": [5.62015, 13.71031, 7.975],
			"to": [6.74638, 13.83931, 8.233],
			"rotation": {"angle": 45, "axis": "z", "origin": [8.36919, 11.39013, 8.104]},
			"faces": {
				"north": {"uv": [13, 4, 14, 5], "rotation": 180, "texture": "#3"},
				"east": {"uv": [13, 4, 14, 5], "rotation": 180, "texture": "#3"},
				"south": {"uv": [13, 4, 14, 5], "rotation": 180, "texture": "#3"},
				"west": {"uv": [13, 4, 14, 5], "rotation": 180, "texture": "#3"},
				"up": {"uv": [13, 4, 14, 5], "rotation": 180, "texture": "#3"},
				"down": {"uv": [13, 4, 14, 5], "rotation": 180, "texture": "#3"}
			}
		},
		{
			"name": "hexadecagon",
			"from": [5.05542, 10.73388, 7.975],
			"to": [5.48542, 10.8281, 8.233],
			"rotation": {"angle": -22.5, "axis": "z", "origin": [8.36919, 11.39013, 8.104]},
			"faces": {
				"north": {"uv": [13, 4, 14, 5], "rotation": 270, "texture": "#3"},
				"east": {"uv": [13, 4, 14, 5], "rotation": 270, "texture": "#3"},
				"south": {"uv": [13, 4, 14, 5], "rotation": 270, "texture": "#3"},
				"west": {"uv": [13, 4, 14, 5], "rotation": 270, "texture": "#3"},
				"up": {"uv": [13, 4, 14, 5], "rotation": 270, "texture": "#3"},
				"down": {"uv": [13, 4, 14, 5], "rotation": 270, "texture": "#3"}
			}
		},
		{
			"name": "hexadecagon",
			"from": [5.05541, 10.20967, 7.975],
			"to": [5.35641, 10.51889, 8.233],
			"rotation": {"angle": -22.5, "axis": "z", "origin": [8.36919, 11.39013, 8.104]},
			"faces": {
				"north": {"uv": [13, 4, 14, 5], "rotation": 270, "texture": "#3"},
				"east": {"uv": [13, 4, 14, 5], "rotation": 270, "texture": "#3"},
				"south": {"uv": [13, 4, 14, 5], "rotation": 270, "texture": "#3"},
				"west": {"uv": [13, 4, 14, 5], "rotation": 270, "texture": "#3"},
				"up": {"uv": [13, 4, 14, 5], "rotation": 270, "texture": "#3"},
				"down": {"uv": [13, 4, 14, 5], "rotation": 270, "texture": "#3"}
			}
		},
		{
			"name": "hexadecagon",
			"from": [5.05541, 9.85744, 7.975],
			"to": [5.22741, 10.20966, 8.233],
			"rotation": {"angle": -22.5, "axis": "z", "origin": [8.36919, 11.39013, 8.104]},
			"faces": {
				"north": {"uv": [13, 4, 14, 5], "rotation": 270, "texture": "#3"},
				"east": {"uv": [13, 4, 14, 5], "rotation": 270, "texture": "#3"},
				"south": {"uv": [13, 4, 14, 5], "rotation": 270, "texture": "#3"},
				"west": {"uv": [13, 4, 14, 5], "rotation": 270, "texture": "#3"},
				"up": {"uv": [13, 4, 14, 5], "rotation": 270, "texture": "#3"},
				"down": {"uv": [13, 4, 14, 5], "rotation": 270, "texture": "#3"}
			}
		},
		{
			"name": "hexadecagon",
			"from": [5.05542, 9.80622, 7.975],
			"to": [5.14142, 9.85744, 8.233],
			"rotation": {"angle": -22.5, "axis": "z", "origin": [8.36919, 11.39013, 8.104]},
			"faces": {
				"north": {"uv": [13, 4, 14, 5], "rotation": 270, "texture": "#3"},
				"east": {"uv": [13, 4, 14, 5], "rotation": 270, "texture": "#3"},
				"south": {"uv": [13, 4, 14, 5], "rotation": 270, "texture": "#3"},
				"west": {"uv": [13, 4, 14, 5], "rotation": 270, "texture": "#3"},
				"up": {"uv": [13, 4, 14, 5], "rotation": 270, "texture": "#3"},
				"down": {"uv": [13, 4, 14, 5], "rotation": 270, "texture": "#3"}
			}
		},
		{
			"name": "hexadecagon",
			"from": [5.05542, 10.51888, 7.975],
			"to": [5.48542, 10.8281, 8.233],
			"rotation": {"angle": -22.5, "axis": "z", "origin": [8.36919, 11.39013, 8.104]},
			"faces": {
				"north": {"uv": [13, 4, 14, 5], "rotation": 270, "texture": "#3"},
				"east": {"uv": [13, 4, 14, 5], "rotation": 270, "texture": "#3"},
				"south": {"uv": [13, 4, 14, 5], "rotation": 270, "texture": "#3"},
				"west": {"uv": [13, 4, 14, 5], "rotation": 270, "texture": "#3"},
				"up": {"uv": [13, 4, 14, 5], "rotation": 270, "texture": "#3"},
				"down": {"uv": [13, 4, 14, 5], "rotation": 270, "texture": "#3"}
			}
		},
		{
			"name": "hexadecagon",
			"from": [5.36935, 11.31979, 7.975],
			"to": [6.58157, 11.44879, 8.233],
			"rotation": {"angle": 22.5, "axis": "z", "origin": [8.36919, 11.39013, 8.104]},
			"faces": {
				"north": {"uv": [13, 4, 14, 5], "rotation": 180, "texture": "#3"},
				"east": {"uv": [13, 4, 14, 5], "rotation": 180, "texture": "#3"},
				"south": {"uv": [13, 4, 14, 5], "rotation": 180, "texture": "#3"},
				"west": {"uv": [13, 4, 14, 5], "rotation": 180, "texture": "#3"},
				"up": {"uv": [13, 4, 14, 5], "rotation": 180, "texture": "#3"},
				"down": {"uv": [13, 4, 14, 5], "rotation": 180, "texture": "#3"}
			}
		},
		{
			"name": "hexadecagon",
			"from": [6.64588, 12.1284, 7.975],
			"to": [6.74008, 12.6014, 8.233],
			"rotation": {"angle": 45, "axis": "z", "origin": [8.36919, 11.39013, 8.104]},
			"faces": {
				"north": {"uv": [13, 4, 14, 5], "rotation": 180, "texture": "#3"},
				"east": {"uv": [13, 4, 14, 5], "rotation": 180, "texture": "#3"},
				"south": {"uv": [13, 4, 14, 5], "rotation": 180, "texture": "#3"},
				"west": {"uv": [13, 4, 14, 5], "rotation": 180, "texture": "#3"},
				"up": {"uv": [13, 4, 14, 5], "rotation": 180, "texture": "#3"},
				"down": {"uv": [13, 4, 14, 5], "rotation": 180, "texture": "#3"}
			}
		},
		{
			"name": "hexadecagon",
			"from": [6.33666, 12.17141, 7.975],
			"to": [6.64588, 12.60141, 8.233],
			"rotation": {"angle": 45, "axis": "z", "origin": [8.36919, 11.39013, 8.104]},
			"faces": {
				"north": {"uv": [13, 4, 14, 5], "rotation": 180, "texture": "#3"},
				"east": {"uv": [13, 4, 14, 5], "rotation": 180, "texture": "#3"},
				"south": {"uv": [13, 4, 14, 5], "rotation": 180, "texture": "#3"},
				"west": {"uv": [13, 4, 14, 5], "rotation": 180, "texture": "#3"},
				"up": {"uv": [13, 4, 14, 5], "rotation": 180, "texture": "#3"},
				"down": {"uv": [13, 4, 14, 5], "rotation": 180, "texture": "#3"}
			}
		},
		{
			"name": "hexadecagon",
			"from": [6.02743, 12.3004, 7.975],
			"to": [6.33666, 12.6014, 8.233],
			"rotation": {"angle": 45, "axis": "z", "origin": [8.36919, 11.39013, 8.104]},
			"faces": {
				"north": {"uv": [13, 4, 14, 5], "rotation": 180, "texture": "#3"},
				"east": {"uv": [13, 4, 14, 5], "rotation": 180, "texture": "#3"},
				"south": {"uv": [13, 4, 14, 5], "rotation": 180, "texture": "#3"},
				"west": {"uv": [13, 4, 14, 5], "rotation": 180, "texture": "#3"},
				"up": {"uv": [13, 4, 14, 5], "rotation": 180, "texture": "#3"},
				"down": {"uv": [13, 4, 14, 5], "rotation": 180, "texture": "#3"}
			}
		},
		{
			"name": "hexadecagon",
			"from": [5.67521, 12.42941, 7.975],
			"to": [6.02743, 12.60141, 8.233],
			"rotation": {"angle": 45, "axis": "z", "origin": [8.36919, 11.39013, 8.104]},
			"faces": {
				"north": {"uv": [13, 4, 14, 5], "rotation": 180, "texture": "#3"},
				"east": {"uv": [13, 4, 14, 5], "rotation": 180, "texture": "#3"},
				"south": {"uv": [13, 4, 14, 5], "rotation": 180, "texture": "#3"},
				"west": {"uv": [13, 4, 14, 5], "rotation": 180, "texture": "#3"},
				"up": {"uv": [13, 4, 14, 5], "rotation": 180, "texture": "#3"},
				"down": {"uv": [13, 4, 14, 5], "rotation": 180, "texture": "#3"}
			}
		},
		{
			"name": "hexadecagon",
			"from": [5.6448, 12.54582, 7.975],
			"to": [5.86802, 12.58882, 8.233],
			"rotation": {"angle": 45, "axis": "z", "origin": [8.36919, 11.39013, 8.104]},
			"faces": {
				"north": {"uv": [13, 4, 14, 5], "rotation": 180, "texture": "#3"},
				"east": {"uv": [13, 4, 14, 5], "rotation": 180, "texture": "#3"},
				"south": {"uv": [13, 4, 14, 5], "rotation": 180, "texture": "#3"},
				"west": {"uv": [13, 4, 14, 5], "rotation": 180, "texture": "#3"},
				"up": {"uv": [13, 4, 14, 5], "rotation": 180, "texture": "#3"},
				"down": {"uv": [13, 4, 14, 5], "rotation": 180, "texture": "#3"}
			}
		},
		{
			"name": "hexadecagon",
			"from": [9.47463, 9.48922, 7.975],
			"to": [10.68685, 11.03722, 8.233],
			"rotation": {"angle": -22.5, "axis": "z", "origin": [8.36919, 11.39013, 8.104]},
			"faces": {
				"north": {"uv": [13, 4, 14, 5], "rotation": 180, "texture": "#3"},
				"east": {"uv": [13, 4, 14, 5], "rotation": 180, "texture": "#3"},
				"south": {"uv": [13, 4, 14, 5], "rotation": 180, "texture": "#3"},
				"west": {"uv": [13, 4, 14, 5], "rotation": 180, "texture": "#3"},
				"up": {"uv": [13, 4, 14, 5], "rotation": 180, "texture": "#3"},
				"down": {"uv": [13, 4, 14, 5], "rotation": 180, "texture": "#3"}
			}
		},
		{
			"name": "hexadecagon",
			"from": [9.46989, 12.0702, 7.975],
			"to": [10.59611, 13.1882, 8.233],
			"rotation": {"angle": -45, "axis": "z", "origin": [8.36919, 11.39013, 8.104]},
			"faces": {
				"north": {"uv": [13, 4, 14, 5], "rotation": 180, "texture": "#3"},
				"east": {"uv": [13, 4, 14, 5], "rotation": 180, "texture": "#3"},
				"south": {"uv": [13, 4, 14, 5], "rotation": 180, "texture": "#3"},
				"west": {"uv": [13, 4, 14, 5], "rotation": 180, "texture": "#3"},
				"up": {"uv": [13, 4, 14, 5], "rotation": 180, "texture": "#3"},
				"down": {"uv": [13, 4, 14, 5], "rotation": 180, "texture": "#3"}
			}
		},
		{
			"name": "hexadecagon",
			"from": [11.00177, 10.07017, 7.975],
			"to": [11.77577, 11.11039, 8.233],
			"rotation": {"angle": 22.5, "axis": "z", "origin": [8.36919, 11.39013, 8.104]},
			"faces": {
				"north": {"uv": [13, 4, 14, 5], "rotation": 270, "texture": "#3"},
				"east": {"uv": [13, 4, 14, 5], "rotation": 270, "texture": "#3"},
				"south": {"uv": [13, 4, 14, 5], "rotation": 270, "texture": "#3"},
				"west": {"uv": [13, 4, 14, 5], "rotation": 270, "texture": "#3"},
				"up": {"uv": [13, 4, 14, 5], "rotation": 270, "texture": "#3"},
				"down": {"uv": [13, 4, 14, 5], "rotation": 270, "texture": "#3"}
			}
		},
		{
			"name": "hexadecagon",
			"from": [11.6326, 12.88875, 7.975],
			"to": [12.0816, 13.92897, 8.233],
			"rotation": {"angle": -22.5, "axis": "z", "origin": [8.36919, 11.39013, 8.104]},
			"faces": {
				"north": {"uv": [13, 4, 14, 5], "rotation": 270, "texture": "#3"},
				"east": {"uv": [13, 4, 14, 5], "rotation": 270, "texture": "#3"},
				"south": {"uv": [13, 4, 14, 5], "rotation": 270, "texture": "#3"},
				"west": {"uv": [13, 4, 14, 5], "rotation": 270, "texture": "#3"},
				"up": {"uv": [13, 4, 14, 5], "rotation": 270, "texture": "#3"},
				"down": {"uv": [13, 4, 14, 5], "rotation": 270, "texture": "#3"}
			}
		},
		{
			"name": "hexadecagon",
			"from": [3.9184, 12.88875, 7.975],
			"to": [4.3674, 13.92897, 8.233],
			"rotation": {"angle": 22.5, "axis": "z", "origin": [7.63081, 11.39013, 8.104]},
			"faces": {
				"north": {"uv": [13, 4, 14, 5], "rotation": 270, "texture": "#3"},
				"east": {"uv": [13, 4, 14, 5], "rotation": 270, "texture": "#3"},
				"south": {"uv": [13, 4, 14, 5], "rotation": 270, "texture": "#3"},
				"west": {"uv": [13, 4, 14, 5], "rotation": 270, "texture": "#3"},
				"up": {"uv": [13, 4, 14, 5], "rotation": 270, "texture": "#3"},
				"down": {"uv": [13, 4, 14, 5], "rotation": 270, "texture": "#3"}
			}
		},
		{
			"name": "hexadecagon",
			"from": [10.82744, 14.11617, 7.975],
			"to": [11.27644, 15.1564, 8.233],
			"rotation": {"angle": -45, "axis": "z", "origin": [8.36919, 11.39013, 8.104]},
			"faces": {
				"north": {"uv": [13, 4, 14, 5], "rotation": 270, "texture": "#3"},
				"east": {"uv": [13, 4, 14, 5], "rotation": 270, "texture": "#3"},
				"south": {"uv": [13, 4, 14, 5], "rotation": 270, "texture": "#3"},
				"west": {"uv": [13, 4, 14, 5], "rotation": 270, "texture": "#3"},
				"up": {"uv": [13, 4, 14, 5], "rotation": 270, "texture": "#3"},
				"down": {"uv": [13, 4, 14, 5], "rotation": 270, "texture": "#3"}
			}
		},
		{
			"name": "hexadecagon",
			"from": [4.72356, 14.11617, 7.975],
			"to": [5.17256, 15.1564, 8.233],
			"rotation": {"angle": 45, "axis": "z", "origin": [7.63081, 11.39013, 8.104]},
			"faces": {
				"north": {"uv": [13, 4, 14, 5], "rotation": 270, "texture": "#3"},
				"east": {"uv": [13, 4, 14, 5], "rotation": 270, "texture": "#3"},
				"south": {"uv": [13, 4, 14, 5], "rotation": 270, "texture": "#3"},
				"west": {"uv": [13, 4, 14, 5], "rotation": 270, "texture": "#3"},
				"up": {"uv": [13, 4, 14, 5], "rotation": 270, "texture": "#3"},
				"down": {"uv": [13, 4, 14, 5], "rotation": 270, "texture": "#3"}
			}
		},
		{
			"name": "hexadecagon",
			"from": [11.9211, 9.52147, 7.975],
			"to": [12.96132, 10.14547, 8.233],
			"rotation": {"angle": 22.5, "axis": "z", "origin": [8.36919, 11.39013, 8.104]},
			"faces": {
				"north": {"uv": [13, 4, 14, 5], "rotation": 180, "texture": "#3"},
				"east": {"uv": [13, 4, 14, 5], "rotation": 180, "texture": "#3"},
				"south": {"uv": [13, 4, 14, 5], "rotation": 180, "texture": "#3"},
				"west": {"uv": [13, 4, 14, 5], "rotation": 180, "texture": "#3"},
				"up": {"uv": [13, 4, 14, 5], "rotation": 180, "texture": "#3"},
				"down": {"uv": [13, 4, 14, 5], "rotation": 180, "texture": "#3"}
			}
		},
		{
			"name": "hexadecagon",
			"from": [3.03868, 9.52147, 7.975],
			"to": [4.0789, 10.14547, 8.233],
			"rotation": {"angle": -22.5, "axis": "z", "origin": [7.63081, 11.39013, 8.104]},
			"faces": {
				"north": {"uv": [13, 4, 14, 5], "rotation": 180, "texture": "#3"},
				"east": {"uv": [13, 4, 14, 5], "rotation": 180, "texture": "#3"},
				"south": {"uv": [13, 4, 14, 5], "rotation": 180, "texture": "#3"},
				"west": {"uv": [13, 4, 14, 5], "rotation": 180, "texture": "#3"},
				"up": {"uv": [13, 4, 14, 5], "rotation": 180, "texture": "#3"},
				"down": {"uv": [13, 4, 14, 5], "rotation": 180, "texture": "#3"}
			}
		},
		{
			"name": "hexadecagon",
			"from": [12.28665, 10.99705, 7.975],
			"to": [13.32687, 11.42105, 8.233],
			"rotation": {"angle": 0, "axis": "y", "origin": [8.36919, 11.39013, 8.104]},
			"faces": {
				"north": {"uv": [13, 4, 14, 5], "rotation": 180, "texture": "#3"},
				"east": {"uv": [13, 4, 14, 5], "rotation": 180, "texture": "#3"},
				"south": {"uv": [13, 4, 14, 5], "rotation": 180, "texture": "#3"},
				"west": {"uv": [13, 4, 14, 5], "rotation": 180, "texture": "#3"},
				"up": {"uv": [13, 4, 14, 5], "rotation": 180, "texture": "#3"},
				"down": {"uv": [13, 4, 14, 5], "rotation": 180, "texture": "#3"}
			}
		},
		{
			"name": "hexadecagon",
			"from": [2.67313, 10.99705, 7.975],
			"to": [3.71335, 11.42105, 8.233],
			"rotation": {"angle": 0, "axis": "y", "origin": [7.63081, 11.39013, 8.104]},
			"faces": {
				"north": {"uv": [13, 4, 14, 5], "rotation": 180, "texture": "#3"},
				"east": {"uv": [13, 4, 14, 5], "rotation": 180, "texture": "#3"},
				"south": {"uv": [13, 4, 14, 5], "rotation": 180, "texture": "#3"},
				"west": {"uv": [13, 4, 14, 5], "rotation": 180, "texture": "#3"},
				"up": {"uv": [13, 4, 14, 5], "rotation": 180, "texture": "#3"},
				"down": {"uv": [13, 4, 14, 5], "rotation": 180, "texture": "#3"}
			}
		},
		{
			"name": "hexadecagon",
			"from": [12.28704, 10.69276, 7.975],
			"to": [13.02204, 11.42776, 8.233],
			"rotation": {"angle": 45, "axis": "z", "origin": [12.80715, 11.21286, 8.104]},
			"faces": {
				"north": {"uv": [13, 4, 14, 5], "rotation": 180, "texture": "#3"},
				"east": {"uv": [13, 4, 14, 5], "rotation": 180, "texture": "#3"},
				"south": {"uv": [13, 4, 14, 5], "rotation": 180, "texture": "#3"},
				"west": {"uv": [13, 4, 14, 5], "rotation": 180, "texture": "#3"},
				"up": {"uv": [13, 4, 14, 5], "rotation": 180, "texture": "#3"},
				"down": {"uv": [13, 4, 14, 5], "rotation": 180, "texture": "#3"}
			}
		},
		{
			"name": "hexadecagon",
			"from": [2.97796, 10.69276, 7.975],
			"to": [3.71296, 11.42776, 8.233],
			"rotation": {"angle": -45, "axis": "z", "origin": [3.19285, 11.21286, 8.104]},
			"faces": {
				"north": {"uv": [13, 4, 14, 5], "rotation": 180, "texture": "#3"},
				"east": {"uv": [13, 4, 14, 5], "rotation": 180, "texture": "#3"},
				"south": {"uv": [13, 4, 14, 5], "rotation": 180, "texture": "#3"},
				"west": {"uv": [13, 4, 14, 5], "rotation": 180, "texture": "#3"},
				"up": {"uv": [13, 4, 14, 5], "rotation": 180, "texture": "#3"},
				"down": {"uv": [13, 4, 14, 5], "rotation": 180, "texture": "#3"}
			}
		},
		{
			"name": "hexadecagon",
			"from": [12.14076, 11.52366, 7.975],
			"to": [12.35576, 12.48686, 8.233],
			"rotation": {"angle": 0, "axis": "y", "origin": [8.36919, 11.39013, 8.104]},
			"faces": {
				"north": {"uv": [13, 4, 14, 5], "rotation": 270, "texture": "#3"},
				"east": {"uv": [13, 4, 14, 5], "rotation": 270, "texture": "#3"},
				"south": {"uv": [13, 4, 14, 5], "rotation": 270, "texture": "#3"},
				"west": {"uv": [13, 4, 14, 5], "rotation": 270, "texture": "#3"},
				"up": {"uv": [13, 4, 14, 5], "rotation": 270, "texture": "#3"},
				"down": {"uv": [13, 4, 14, 5], "rotation": 270, "texture": "#3"}
			}
		},
		{
			"name": "hexadecagon",
			"from": [11.77578, 10.07018, 7.975],
			"to": [11.90478, 11.11038, 8.233],
			"rotation": {"angle": 22.5, "axis": "z", "origin": [8.36919, 11.39013, 8.104]},
			"faces": {
				"north": {"uv": [13, 4, 14, 5], "rotation": 270, "texture": "#3"},
				"east": {"uv": [13, 4, 14, 5], "rotation": 270, "texture": "#3"},
				"south": {"uv": [13, 4, 14, 5], "rotation": 270, "texture": "#3"},
				"west": {"uv": [13, 4, 14, 5], "rotation": 270, "texture": "#3"},
				"up": {"uv": [13, 4, 14, 5], "rotation": 270, "texture": "#3"},
				"down": {"uv": [13, 4, 14, 5], "rotation": 270, "texture": "#3"}
			}
		},
		{
			"name": "hexadecagon",
			"from": [11.73656, 12.39264, 7.975],
			"to": [12.14076, 12.48686, 8.233],
			"rotation": {"angle": 0, "axis": "y", "origin": [8.36919, 11.39013, 8.104]},
			"faces": {
				"north": {"uv": [13, 4, 14, 5], "rotation": 270, "texture": "#3"},
				"east": {"uv": [13, 4, 14, 5], "rotation": 270, "texture": "#3"},
				"south": {"uv": [13, 4, 14, 5], "rotation": 270, "texture": "#3"},
				"west": {"uv": [13, 4, 14, 5], "rotation": 270, "texture": "#3"},
				"up": {"uv": [13, 4, 14, 5], "rotation": 270, "texture": "#3"},
				"down": {"uv": [13, 4, 14, 5], "rotation": 270, "texture": "#3"}
			}
		},
		{
			"name": "hexadecagon",
			"from": [11.73656, 12.16942, 7.975],
			"to": [12.14076, 12.39264, 8.233],
			"rotation": {"angle": 0, "axis": "y", "origin": [8.36919, 11.39013, 8.104]},
			"faces": {
				"north": {"uv": [13, 4, 14, 5], "rotation": 270, "texture": "#3"},
				"east": {"uv": [13, 4, 14, 5], "rotation": 270, "texture": "#3"},
				"south": {"uv": [13, 4, 14, 5], "rotation": 270, "texture": "#3"},
				"west": {"uv": [13, 4, 14, 5], "rotation": 270, "texture": "#3"},
				"up": {"uv": [13, 4, 14, 5], "rotation": 270, "texture": "#3"},
				"down": {"uv": [13, 4, 14, 5], "rotation": 270, "texture": "#3"}
			}
		},
		{
			"name": "hexadecagon",
			"from": [11.86556, 11.9462, 7.975],
			"to": [12.14076, 12.16942, 8.233],
			"rotation": {"angle": 0, "axis": "y", "origin": [8.36919, 11.39013, 8.104]},
			"faces": {
				"north": {"uv": [13, 4, 14, 5], "rotation": 270, "texture": "#3"},
				"east": {"uv": [13, 4, 14, 5], "rotation": 270, "texture": "#3"},
				"south": {"uv": [13, 4, 14, 5], "rotation": 270, "texture": "#3"},
				"west": {"uv": [13, 4, 14, 5], "rotation": 270, "texture": "#3"},
				"up": {"uv": [13, 4, 14, 5], "rotation": 270, "texture": "#3"},
				"down": {"uv": [13, 4, 14, 5], "rotation": 270, "texture": "#3"}
			}
		},
		{
			"name": "hexadecagon",
			"from": [11.95156, 11.63698, 7.975],
			"to": [12.14076, 11.9462, 8.233],
			"rotation": {"angle": 0, "axis": "y", "origin": [8.36919, 11.39013, 8.104]},
			"faces": {
				"north": {"uv": [13, 4, 14, 5], "rotation": 270, "texture": "#3"},
				"east": {"uv": [13, 4, 14, 5], "rotation": 270, "texture": "#3"},
				"south": {"uv": [13, 4, 14, 5], "rotation": 270, "texture": "#3"},
				"west": {"uv": [13, 4, 14, 5], "rotation": 270, "texture": "#3"},
				"up": {"uv": [13, 4, 14, 5], "rotation": 270, "texture": "#3"},
				"down": {"uv": [13, 4, 14, 5], "rotation": 270, "texture": "#3"}
			}
		},
		{
			"name": "hexadecagon",
			"from": [12.08056, 11.52598, 7.975],
			"to": [12.14076, 11.6882, 8.233],
			"rotation": {"angle": 0, "axis": "y", "origin": [8.36919, 11.39013, 8.104]},
			"faces": {
				"north": {"uv": [13, 4, 14, 5], "rotation": 270, "texture": "#3"},
				"east": {"uv": [13, 4, 14, 5], "rotation": 270, "texture": "#3"},
				"south": {"uv": [13, 4, 14, 5], "rotation": 270, "texture": "#3"},
				"west": {"uv": [13, 4, 14, 5], "rotation": 270, "texture": "#3"},
				"up": {"uv": [13, 4, 14, 5], "rotation": 270, "texture": "#3"},
				"down": {"uv": [13, 4, 14, 5], "rotation": 270, "texture": "#3"}
			}
		},
		{
			"name": "hexadecagon",
			"from": [12.12356, 11.55098, 7.975],
			"to": [12.14076, 11.6452, 8.233],
			"rotation": {"angle": 0, "axis": "y", "origin": [8.36919, 11.39013, 8.104]},
			"faces": {
				"north": {"uv": [13, 4, 14, 5], "rotation": 270, "texture": "#3"},
				"east": {"uv": [13, 4, 14, 5], "rotation": 270, "texture": "#3"},
				"south": {"uv": [13, 4, 14, 5], "rotation": 270, "texture": "#3"},
				"west": {"uv": [13, 4, 14, 5], "rotation": 270, "texture": "#3"},
				"up": {"uv": [13, 4, 14, 5], "rotation": 270, "texture": "#3"},
				"down": {"uv": [13, 4, 14, 5], "rotation": 270, "texture": "#3"}
			}
		},
		{
			"name": "hexadecagon",
			"from": [9.46989, 13.1882, 7.975],
			"to": [10.59611, 13.3172, 8.233],
			"rotation": {"angle": -45, "axis": "z", "origin": [8.36919, 11.39013, 8.104]},
			"faces": {
				"north": {"uv": [13, 4, 14, 5], "rotation": 180, "texture": "#3"},
				"east": {"uv": [13, 4, 14, 5], "rotation": 180, "texture": "#3"},
				"south": {"uv": [13, 4, 14, 5], "rotation": 180, "texture": "#3"},
				"west": {"uv": [13, 4, 14, 5], "rotation": 180, "texture": "#3"},
				"up": {"uv": [13, 4, 14, 5], "rotation": 180, "texture": "#3"},
				"down": {"uv": [13, 4, 14, 5], "rotation": 180, "texture": "#3"}
			}
		},
		{
			"name": "hexadecagon",
			"from": [10.57079, 11.01644, 7.975],
			"to": [11.00079, 11.11067, 8.233],
			"rotation": {"angle": 22.5, "axis": "z", "origin": [8.36919, 11.39013, 8.104]},
			"faces": {
				"north": {"uv": [13, 4, 14, 5], "rotation": 270, "texture": "#3"},
				"east": {"uv": [13, 4, 14, 5], "rotation": 270, "texture": "#3"},
				"south": {"uv": [13, 4, 14, 5], "rotation": 270, "texture": "#3"},
				"west": {"uv": [13, 4, 14, 5], "rotation": 270, "texture": "#3"},
				"up": {"uv": [13, 4, 14, 5], "rotation": 270, "texture": "#3"},
				"down": {"uv": [13, 4, 14, 5], "rotation": 270, "texture": "#3"}
			}
		},
		{
			"name": "hexadecagon",
			"from": [10.69979, 10.49223, 7.975],
			"to": [11.00079, 10.80145, 8.233],
			"rotation": {"angle": 22.5, "axis": "z", "origin": [8.36919, 11.39013, 8.104]},
			"faces": {
				"north": {"uv": [13, 4, 14, 5], "rotation": 270, "texture": "#3"},
				"east": {"uv": [13, 4, 14, 5], "rotation": 270, "texture": "#3"},
				"south": {"uv": [13, 4, 14, 5], "rotation": 270, "texture": "#3"},
				"west": {"uv": [13, 4, 14, 5], "rotation": 270, "texture": "#3"},
				"up": {"uv": [13, 4, 14, 5], "rotation": 270, "texture": "#3"},
				"down": {"uv": [13, 4, 14, 5], "rotation": 270, "texture": "#3"}
			}
		},
		{
			"name": "hexadecagon",
			"from": [10.82879, 10.14, 7.975],
			"to": [11.00079, 10.49222, 8.233],
			"rotation": {"angle": 22.5, "axis": "z", "origin": [8.36919, 11.39013, 8.104]},
			"faces": {
				"north": {"uv": [13, 4, 14, 5], "rotation": 270, "texture": "#3"},
				"east": {"uv": [13, 4, 14, 5], "rotation": 270, "texture": "#3"},
				"south": {"uv": [13, 4, 14, 5], "rotation": 270, "texture": "#3"},
				"west": {"uv": [13, 4, 14, 5], "rotation": 270, "texture": "#3"},
				"up": {"uv": [13, 4, 14, 5], "rotation": 270, "texture": "#3"},
				"down": {"uv": [13, 4, 14, 5], "rotation": 270, "texture": "#3"}
			}
		},
		{
			"name": "hexadecagon",
			"from": [10.91478, 10.08879, 7.975],
			"to": [11.00078, 10.14001, 8.233],
			"rotation": {"angle": 22.5, "axis": "z", "origin": [8.36919, 11.39013, 8.104]},
			"faces": {
				"north": {"uv": [13, 4, 14, 5], "rotation": 270, "texture": "#3"},
				"east": {"uv": [13, 4, 14, 5], "rotation": 270, "texture": "#3"},
				"south": {"uv": [13, 4, 14, 5], "rotation": 270, "texture": "#3"},
				"west": {"uv": [13, 4, 14, 5], "rotation": 270, "texture": "#3"},
				"up": {"uv": [13, 4, 14, 5], "rotation": 270, "texture": "#3"},
				"down": {"uv": [13, 4, 14, 5], "rotation": 270, "texture": "#3"}
			}
		},
		{
			"name": "hexadecagon",
			"from": [10.57079, 10.80144, 7.975],
			"to": [11.00079, 11.11067, 8.233],
			"rotation": {"angle": 22.5, "axis": "z", "origin": [8.36919, 11.39013, 8.104]},
			"faces": {
				"north": {"uv": [13, 4, 14, 5], "rotation": 270, "texture": "#3"},
				"east": {"uv": [13, 4, 14, 5], "rotation": 270, "texture": "#3"},
				"south": {"uv": [13, 4, 14, 5], "rotation": 270, "texture": "#3"},
				"west": {"uv": [13, 4, 14, 5], "rotation": 270, "texture": "#3"},
				"up": {"uv": [13, 4, 14, 5], "rotation": 270, "texture": "#3"},
				"down": {"uv": [13, 4, 14, 5], "rotation": 270, "texture": "#3"}
			}
		},
		{
			"name": "hexadecagon",
			"from": [9.47464, 11.03722, 7.975],
			"to": [10.68686, 11.16622, 8.233],
			"rotation": {"angle": -22.5, "axis": "z", "origin": [8.36919, 11.39013, 8.104]},
			"faces": {
				"north": {"uv": [13, 4, 14, 5], "rotation": 180, "texture": "#3"},
				"east": {"uv": [13, 4, 14, 5], "rotation": 180, "texture": "#3"},
				"south": {"uv": [13, 4, 14, 5], "rotation": 180, "texture": "#3"},
				"west": {"uv": [13, 4, 14, 5], "rotation": 180, "texture": "#3"},
				"up": {"uv": [13, 4, 14, 5], "rotation": 180, "texture": "#3"},
				"down": {"uv": [13, 4, 14, 5], "rotation": 180, "texture": "#3"}
			}
		},
		{
			"name": "hexadecagon",
			"from": [9.47618, 11.60629, 7.975],
			"to": [9.57039, 12.07929, 8.233],
			"rotation": {"angle": -45, "axis": "z", "origin": [8.36919, 11.39013, 8.104]},
			"faces": {
				"north": {"uv": [13, 4, 14, 5], "rotation": 180, "texture": "#3"},
				"east": {"uv": [13, 4, 14, 5], "rotation": 180, "texture": "#3"},
				"south": {"uv": [13, 4, 14, 5], "rotation": 180, "texture": "#3"},
				"west": {"uv": [13, 4, 14, 5], "rotation": 180, "texture": "#3"},
				"up": {"uv": [13, 4, 14, 5], "rotation": 180, "texture": "#3"},
				"down": {"uv": [13, 4, 14, 5], "rotation": 180, "texture": "#3"}
			}
		},
		{
			"name": "hexadecagon",
			"from": [9.57039, 11.6493, 7.975],
			"to": [9.87961, 12.0793, 8.233],
			"rotation": {"angle": -45, "axis": "z", "origin": [8.36919, 11.39013, 8.104]},
			"faces": {
				"north": {"uv": [13, 4, 14, 5], "rotation": 180, "texture": "#3"},
				"east": {"uv": [13, 4, 14, 5], "rotation": 180, "texture": "#3"},
				"south": {"uv": [13, 4, 14, 5], "rotation": 180, "texture": "#3"},
				"west": {"uv": [13, 4, 14, 5], "rotation": 180, "texture": "#3"},
				"up": {"uv": [13, 4, 14, 5], "rotation": 180, "texture": "#3"},
				"down": {"uv": [13, 4, 14, 5], "rotation": 180, "texture": "#3"}
			}
		},
		{
			"name": "hexadecagon",
			"from": [9.87961, 11.77829, 7.975],
			"to": [10.18883, 12.07929, 8.233],
			"rotation": {"angle": -45, "axis": "z", "origin": [8.36919, 11.39013, 8.104]},
			"faces": {
				"north": {"uv": [13, 4, 14, 5], "rotation": 180, "texture": "#3"},
				"east": {"uv": [13, 4, 14, 5], "rotation": 180, "texture": "#3"},
				"south": {"uv": [13, 4, 14, 5], "rotation": 180, "texture": "#3"},
				"west": {"uv": [13, 4, 14, 5], "rotation": 180, "texture": "#3"},
				"up": {"uv": [13, 4, 14, 5], "rotation": 180, "texture": "#3"},
				"down": {"uv": [13, 4, 14, 5], "rotation": 180, "texture": "#3"}
			}
		},
		{
			"name": "hexadecagon",
			"from": [10.18884, 11.9073, 7.975],
			"to": [10.54106, 12.0793, 8.233],
			"rotation": {"angle": -45, "axis": "z", "origin": [8.36919, 11.39013, 8.104]},
			"faces": {
				"north": {"uv": [13, 4, 14, 5], "rotation": 180, "texture": "#3"},
				"east": {"uv": [13, 4, 14, 5], "rotation": 180, "texture": "#3"},
				"south": {"uv": [13, 4, 14, 5], "rotation": 180, "texture": "#3"},
				"west": {"uv": [13, 4, 14, 5], "rotation": 180, "texture": "#3"},
				"up": {"uv": [13, 4, 14, 5], "rotation": 180, "texture": "#3"},
				"down": {"uv": [13, 4, 14, 5], "rotation": 180, "texture": "#3"}
			}
		},
		{
			"name": "hexadecagon",
			"from": [10.34824, 12.02371, 7.975],
			"to": [10.57146, 12.06671, 8.233],
			"rotation": {"angle": -45, "axis": "z", "origin": [8.36919, 11.39013, 8.104]},
			"faces": {
				"north": {"uv": [13, 4, 14, 5], "rotation": 180, "texture": "#3"},
				"east": {"uv": [13, 4, 14, 5], "rotation": 180, "texture": "#3"},
				"south": {"uv": [13, 4, 14, 5], "rotation": 180, "texture": "#3"},
				"west": {"uv": [13, 4, 14, 5], "rotation": 180, "texture": "#3"},
				"up": {"uv": [13, 4, 14, 5], "rotation": 180, "texture": "#3"},
				"down": {"uv": [13, 4, 14, 5], "rotation": 180, "texture": "#3"}
			}
		}
	],
	"display": {
		"thirdperson_righthand": {
			"translation": [0, 1, 0],
			"scale": [0.51, 0.51, 0.51]
		},
		"thirdperson_lefthand": {
			"translation": [0, 1, 0],
			"scale": [0.51, 0.51, 0.51]
		},
		"firstperson_righthand": {
			"rotation": [0, -180, 0],
			"translation": [-1, 3.75, 0]
		},
		"firstperson_lefthand": {
			"rotation": [0, -180, 0],
			"translation": [-1, 3.75, 0]
		},
		"ground": {
			"scale": [0.7, 0.7, 0.7]
		},
		"gui": {
			"rotation": [0, -180, 0],
			"scale": [1.11, 1.11, 1.11]
		},
		"head": {
			"translation": [0, 8.25, -6]
		},
		"fixed": {
			"scale": [1.39, 1.39, 1.39]
		}
	},
	"groups": [
		{
			"name": "group",
			"origin": [8, 8, 8],
			"children": [
				{
					"name": "hexadecagon",
					"origin": [8, 8, 8],
					"children": [0, 1, 2, 3, 4, 5, 6, 7]
				},
				{
					"name": "hexadecagon",
					"origin": [8, 8, 8],
					"children": [8, 9, 10, 11, 12, 13, 14, 15]
				}
			]
		},
		{
			"name": "bow",
			"origin": [8, 8, 8],
			"children": [16,
				{
					"name": "group",
					"origin": [8, 8, 8],
					"children": [
						{
							"name": "group",
							"origin": [8, 8, 8],
							"children": [17, 18, 19, 20, 21]
						},
						{
							"name": "group",
							"origin": [8, 8, 8],
							"children": [22, 23, 24, 25, 26]
						}
					]
				}
			]
		},
		{
			"name": "horns",
			"origin": [8, 8, 8],
			"children": [27, 28, 29, 30, 31, 32, 33, 34, 35, 36, 37, 38, 39, 40, 41, 42, 43, 44, 45, 46, 47, 48, 49,
				{
					"name": "horns",
					"origin": [8, 8, 8],
					"children": [50, 51, 52, 53, 54, 55, 56, 57, 58, 59, 60, 61, 62, 63, 64, 65, 66, 67, 68, 69, 70, 71, 72, 73, 74, 75, 76, 77, 78, 79, 80, 81, 82]
				}
			]
		}
	]
}
