{
	"credit": "Made with Blockbench",
	"textures": {
		"0": "blocks/sandstone_smooth",
		"1": "blocks/wool_colored_black",
		"particle": "blocks/cut_sandstone"
	},
	"elements": [
		{
			"name": "Cube",
			"from": [1.01831, 14.14015, 7.7],
			"to": [2.51831, 14.44015, 8.05],
			"rotation": {"angle": 22.5, "axis": "z", "origin": [6.61831, 12.84015, 7.55]},
			"faces": {
				"north": {"uv": [0, 0, 4, 1], "rotation": 90, "texture": "#0"},
				"east": {"uv": [0, 0, 4, 4], "rotation": 270, "texture": "#0"},
				"south": {"uv": [0, 0, 4, 1], "rotation": 270, "texture": "#0"},
				"west": {"uv": [0, 0, 4, 4], "rotation": 270, "texture": "#0"},
				"up": {"uv": [0, 0, 4, 1], "rotation": 270, "texture": "#0"},
				"down": {"uv": [0, 0, 4, 1], "rotation": 270, "texture": "#0"}
			}
		},
		{
			"name": "Cube",
			"from": [3, 0, 3],
			"to": [13, 3.9, 13],
			"rotation": {"angle": 0, "axis": "y", "origin": [8, 3, 8]},
			"faces": {
				"north": {"uv": [0, 0, 4, 1], "texture": "#0"},
				"east": {"uv": [0, 0, 4, 1], "texture": "#0"},
				"south": {"uv": [0, 0, 4, 1], "texture": "#0"},
				"west": {"uv": [0, 0, 4, 1], "texture": "#0"},
				"up": {"uv": [0, 0, 4, 4], "texture": "#0"},
				"down": {"uv": [0, 0, 4, 4], "texture": "#0"}
			}
		},
		{
			"name": "Cube",
			"from": [3.25, 2, 3.25],
			"to": [12.75, 6.7, 12.5],
			"rotation": {"angle": 0, "axis": "y", "origin": [8, 5, 8]},
			"faces": {
				"north": {"uv": [0, 0, 4, 1], "texture": "#0"},
				"east": {"uv": [0, 0, 4, 1], "texture": "#0"},
				"south": {"uv": [0, 0, 4, 1], "texture": "#0"},
				"west": {"uv": [0, 0, 4, 1], "texture": "#0"},
				"up": {"uv": [0, 0, 4, 4], "texture": "#0"},
				"down": {"uv": [0, 0, 4, 4], "texture": "#0"}
			}
		},
		{
			"name": "Cube",
			"from": [3.75, 3.5, 3.6],
			"to": [12.25, 8.85, 12],
			"rotation": {"angle": 0, "axis": "y", "origin": [8, 6.5, 7.75]},
			"faces": {
				"north": {"uv": [0, 0, 4, 1], "texture": "#0"},
				"east": {"uv": [0, 0, 4, 1], "texture": "#0"},
				"south": {"uv": [0, 0, 4, 1], "texture": "#0"},
				"west": {"uv": [0, 0, 4, 1], "texture": "#0"},
				"up": {"uv": [0, 0, 4, 4], "texture": "#0"},
				"down": {"uv": [0, 0, 4, 4], "texture": "#0"}
			}
		},
		{
			"name": "Cube",
			"from": [3.5, 6.75, 4.35],
			"to": [10.5, 10.5, 11.05],
			"rotation": {"angle": 22.5, "axis": "z", "origin": [7, 10.75, 7.55]},
			"faces": {
				"north": {"uv": [0, 0, 4, 1], "texture": "#0"},
				"east": {"uv": [0, 0, 4, 1], "texture": "#0"},
				"south": {"uv": [0, 0, 4, 1], "texture": "#0"},
				"west": {"uv": [0, 0, 4, 1], "texture": "#0"},
				"up": {"uv": [0, 0, 4, 4], "texture": "#0"},
				"down": {"uv": [0, 0, 4, 4], "texture": "#0"}
			}
		},
		{
			"name": "Cube",
			"from": [4, 10.5, 5.35],
			"to": [9.75, 11.15, 10.3],
			"rotation": {"angle": 22.5, "axis": "z", "origin": [7, 10.75, 7.55]},
			"faces": {
				"north": {"uv": [0, 0, 4, 1], "texture": "#0"},
				"east": {"uv": [0, 0, 4, 1], "texture": "#0"},
				"south": {"uv": [0, 0, 4, 1], "texture": "#0"},
				"west": {"uv": [0, 0, 4, 1], "texture": "#0"},
				"up": {"uv": [0, 0, 4, 4], "texture": "#0"},
				"down": {"uv": [0, 0, 4, 4], "texture": "#0"}
			}
		},
		{
			"name": "Cube",
			"from": [4.8, 10, 5.85],
			"to": [9.45, 12.65, 9.8],
			"rotation": {"angle": 45, "axis": "z", "origin": [7, 10.75, 7.55]},
			"faces": {
				"north": {"uv": [0, 0, 4, 1], "texture": "#0"},
				"east": {"uv": [0, 0, 4, 1], "texture": "#0"},
				"south": {"uv": [0, 0, 4, 1], "texture": "#0"},
				"west": {"uv": [0, 0, 4, 1], "texture": "#0"},
				"up": {"uv": [0, 0, 4, 4], "texture": "#0"},
				"down": {"uv": [0, 0, 4, 4], "texture": "#0"}
			}
		},
		{
			"name": "Cube",
			"from": [5.2, 12, 6.15],
			"to": [9.05, 13.35, 9.5],
			"rotation": {"angle": 45, "axis": "z", "origin": [7, 10.75, 7.55]},
			"faces": {
				"north": {"uv": [0, 0, 4, 1], "texture": "#0"},
				"east": {"uv": [0, 0, 4, 1], "texture": "#0"},
				"south": {"uv": [0, 0, 4, 1], "texture": "#0"},
				"west": {"uv": [0, 0, 4, 1], "texture": "#0"},
				"up": {"uv": [0, 0, 4, 4], "texture": "#0"},
				"down": {"uv": [0, 0, 4, 4], "texture": "#0"}
			}
		},
		{
			"name": "Cube",
			"from": [3.56831, 10.24015, 6.35],
			"to": [5.36831, 13.09015, 9.3],
			"rotation": {"angle": -22.5, "axis": "z", "origin": [7.61831, 10.59015, 7.55]},
			"faces": {
				"north": {"uv": [0, 0, 4, 1], "rotation": 90, "texture": "#0"},
				"east": {"uv": [0, 0, 4, 4], "rotation": 270, "texture": "#0"},
				"south": {"uv": [0, 0, 4, 1], "rotation": 270, "texture": "#0"},
				"west": {"uv": [0, 0, 4, 4], "rotation": 270, "texture": "#0"},
				"up": {"uv": [0, 0, 4, 1], "rotation": 270, "texture": "#0"},
				"down": {"uv": [0, 0, 4, 1], "rotation": 270, "texture": "#0"}
			}
		},
		{
			"name": "Cube",
			"from": [3.51831, 12.09015, 6.75],
			"to": [5.01831, 14.24015, 9],
			"rotation": {"angle": 0, "axis": "z", "origin": [7.36831, 11.84015, 7.55]},
			"faces": {
				"north": {"uv": [0, 0, 4, 1], "rotation": 90, "texture": "#0"},
				"east": {"uv": [0, 0, 4, 4], "rotation": 270, "texture": "#0"},
				"south": {"uv": [0, 0, 4, 1], "rotation": 270, "texture": "#0"},
				"west": {"uv": [0, 0, 4, 4], "rotation": 270, "texture": "#0"},
				"up": {"uv": [0, 0, 4, 1], "rotation": 270, "texture": "#0"},
				"down": {"uv": [0, 0, 4, 1], "rotation": 270, "texture": "#0"}
			}
		},
		{
			"name": "Cube",
			"from": [3.16831, 13.44015, 7],
			"to": [4.26831, 15.14015, 8.75],
			"rotation": {"angle": 22.5, "axis": "z", "origin": [6.61831, 12.84015, 7.55]},
			"faces": {
				"north": {"uv": [0, 0, 4, 1], "rotation": 90, "texture": "#0"},
				"east": {"uv": [0, 0, 4, 4], "rotation": 270, "texture": "#0"},
				"south": {"uv": [0, 0, 4, 1], "rotation": 270, "texture": "#0"},
				"west": {"uv": [0, 0, 4, 4], "rotation": 270, "texture": "#0"},
				"up": {"uv": [0, 0, 4, 1], "rotation": 270, "texture": "#0"},
				"down": {"uv": [0, 0, 4, 1], "rotation": 270, "texture": "#0"}
			}
		},
		{
			"name": "Cube",
			"from": [2.31831, 13.69015, 7.25],
			"to": [3.51831, 14.89015, 8.5],
			"rotation": {"angle": 22.5, "axis": "z", "origin": [6.61831, 12.84015, 7.55]},
			"faces": {
				"north": {"uv": [0, 0, 4, 1], "rotation": 90, "texture": "#0"},
				"east": {"uv": [0, 0, 4, 4], "rotation": 270, "texture": "#0"},
				"south": {"uv": [0, 0, 4, 1], "rotation": 270, "texture": "#0"},
				"west": {"uv": [0, 0, 4, 4], "rotation": 270, "texture": "#0"},
				"up": {"uv": [0, 0, 4, 1], "rotation": 270, "texture": "#0"},
				"down": {"uv": [0, 0, 4, 1], "rotation": 270, "texture": "#0"}
			}
		},
		{
			"name": "Cube",
			"from": [1.51831, 13.94015, 7.5],
			"to": [3.01831, 14.64015, 8.25],
			"rotation": {"angle": 22.5, "axis": "z", "origin": [6.61831, 12.84015, 7.55]},
			"faces": {
				"north": {"uv": [0, 0, 4, 1], "rotation": 90, "texture": "#0"},
				"east": {"uv": [0, 0, 4, 4], "rotation": 270, "texture": "#0"},
				"south": {"uv": [0, 0, 4, 1], "rotation": 270, "texture": "#0"},
				"west": {"uv": [0, 0, 4, 4], "rotation": 270, "texture": "#0"},
				"up": {"uv": [0, 0, 4, 1], "rotation": 270, "texture": "#0"},
				"down": {"uv": [0, 0, 4, 1], "rotation": 270, "texture": "#0"}
			}
		},
		{
			"name": "Cube",
			"from": [1.51831, 13.94015, 7.5],
			"to": [3.01831, 14.64015, 8.25],
			"rotation": {"angle": 22.5, "axis": "z", "origin": [6.61831, 12.84015, 7.55]},
			"faces": {
				"north": {"uv": [0, 0, 4, 1], "rotation": 90, "texture": "#0"},
				"east": {"uv": [0, 0, 4, 4], "rotation": 270, "texture": "#0"},
				"south": {"uv": [0, 0, 4, 1], "rotation": 270, "texture": "#0"},
				"west": {"uv": [0, 0, 4, 4], "rotation": 270, "texture": "#0"},
				"up": {"uv": [0, 0, 4, 1], "rotation": 270, "texture": "#0"},
				"down": {"uv": [0, 0, 4, 1], "rotation": 270, "texture": "#0"}
			}
		},
		{
			"name": "Cube",
			"from": [1.51831, 13.94015, 7.5],
			"to": [3.01831, 14.64015, 8.25],
			"rotation": {"angle": 22.5, "axis": "z", "origin": [6.61831, 12.84015, 7.55]},
			"faces": {
				"north": {"uv": [0, 0, 4, 1], "rotation": 90, "texture": "#0"},
				"east": {"uv": [0, 0, 4, 4], "rotation": 270, "texture": "#0"},
				"south": {"uv": [0, 0, 4, 1], "rotation": 270, "texture": "#0"},
				"west": {"uv": [0, 0, 4, 4], "rotation": 270, "texture": "#0"},
				"up": {"uv": [0, 0, 4, 1], "rotation": 270, "texture": "#0"},
				"down": {"uv": [0, 0, 4, 1], "rotation": 270, "texture": "#0"}
			}
		},
		{
			"name": "Cube",
			"from": [1.51831, 13.94015, 7.5],
			"to": [3.01831, 14.64015, 8.25],
			"rotation": {"angle": 22.5, "axis": "z", "origin": [6.61831, 12.84015, 7.55]},
			"faces": {
				"north": {"uv": [0, 0, 4, 1], "rotation": 90, "texture": "#0"},
				"east": {"uv": [0, 0, 4, 4], "rotation": 270, "texture": "#0"},
				"south": {"uv": [0, 0, 4, 1], "rotation": 270, "texture": "#0"},
				"west": {"uv": [0, 0, 4, 4], "rotation": 270, "texture": "#0"},
				"up": {"uv": [0, 0, 4, 1], "rotation": 270, "texture": "#0"},
				"down": {"uv": [0, 0, 4, 1], "rotation": 270, "texture": "#0"}
			}
		},
		{
			"name": "Cube",
			"from": [0.91831, 14.225, 7.8],
			"to": [2.51831, 14.375, 8.1],
			"rotation": {"angle": 22.5, "axis": "z", "origin": [6.61831, 12.84015, 7.6]},
			"faces": {
				"north": {"uv": [0, 0, 4, 1], "rotation": 90, "texture": "#1"},
				"east": {"uv": [0, 0, 4, 4], "rotation": 270, "texture": "#1"},
				"south": {"uv": [0, 0, 4, 1], "rotation": 270, "texture": "#1"},
				"west": {"uv": [0, 0, 4, 4], "rotation": 270, "texture": "#1"},
				"up": {"uv": [0, 0, 4, 1], "rotation": 270, "texture": "#1"},
				"down": {"uv": [0, 0, 4, 1], "rotation": 270, "texture": "#1"}
			}
		},
		{
			"name": "Cube",
			"from": [1.46831, 14.225, 8.05],
			"to": [3.01831, 14.375, 8.3],
			"rotation": {"angle": 22.5, "axis": "z", "origin": [6.61831, 12.84015, 7.6]},
			"faces": {
				"north": {"uv": [0, 0, 4, 1], "rotation": 90, "texture": "#1"},
				"east": {"uv": [0, 0, 4, 4], "rotation": 270, "texture": "#1"},
				"south": {"uv": [0, 0, 4, 1], "rotation": 270, "texture": "#1"},
				"west": {"uv": [0, 0, 4, 4], "rotation": 270, "texture": "#1"},
				"up": {"uv": [0, 0, 4, 1], "rotation": 270, "texture": "#1"},
				"down": {"uv": [0, 0, 4, 1], "rotation": 270, "texture": "#1"}
			}
		},
		{
			"name": "Cube",
			"from": [2.00316, 10.24015, 8.05],
			"to": [2.15316, 10.79015, 8.3],
			"rotation": {"angle": -22.5, "axis": "z", "origin": [6.61831, 12.34015, 7.6]},
			"faces": {
				"north": {"uv": [0, 0, 4, 1], "texture": "#1"},
				"east": {"uv": [0, 0, 4, 1], "texture": "#1"},
				"south": {"uv": [0, 0, 4, 1], "texture": "#1"},
				"west": {"uv": [0, 0, 4, 1], "texture": "#1"},
				"up": {"uv": [0, 0, 4, 4], "texture": "#1"},
				"down": {"uv": [0, 0, 4, 4], "texture": "#1"}
			}
		},
		{
			"name": "Cube",
			"from": [2.25316, 12.39015, 8.3],
			"to": [2.40316, 12.94015, 8.55],
			"rotation": {"angle": 0, "axis": "z", "origin": [6.86831, 14.49015, 7.85]},
			"faces": {
				"north": {"uv": [0, 0, 4, 1], "texture": "#1"},
				"east": {"uv": [0, 0, 4, 1], "texture": "#1"},
				"south": {"uv": [0, 0, 4, 1], "texture": "#1"},
				"west": {"uv": [0, 0, 4, 1], "texture": "#1"},
				"up": {"uv": [0, 0, 4, 4], "texture": "#1"},
				"down": {"uv": [0, 0, 4, 4], "texture": "#1"}
			}
		},
		{
			"name": "Cube",
			"from": [2.05316, 14.34015, 8.55],
			"to": [2.20316, 14.84015, 8.8],
			"rotation": {"angle": 22.5, "axis": "z", "origin": [6.66831, 16.44015, 8.1]},
			"faces": {
				"north": {"uv": [0, 0, 4, 1], "texture": "#1"},
				"east": {"uv": [0, 0, 4, 1], "texture": "#1"},
				"south": {"uv": [0, 0, 4, 1], "texture": "#1"},
				"west": {"uv": [0, 0, 4, 1], "texture": "#1"},
				"up": {"uv": [0, 0, 4, 4], "texture": "#1"},
				"down": {"uv": [0, 0, 4, 4], "texture": "#1"}
			}
		},
		{
			"name": "Cube",
			"from": [2.26831, 14.225, 8.3],
			"to": [3.81831, 14.375, 8.55],
			"rotation": {"angle": 22.5, "axis": "z", "origin": [6.61831, 12.84015, 7.6]},
			"faces": {
				"north": {"uv": [0, 0, 4, 1], "rotation": 90, "texture": "#1"},
				"east": {"uv": [0, 0, 4, 4], "rotation": 270, "texture": "#1"},
				"south": {"uv": [0, 0, 4, 1], "rotation": 270, "texture": "#1"},
				"west": {"uv": [0, 0, 4, 4], "rotation": 270, "texture": "#1"},
				"up": {"uv": [0, 0, 4, 1], "rotation": 270, "texture": "#1"},
				"down": {"uv": [0, 0, 4, 1], "rotation": 270, "texture": "#1"}
			}
		},
		{
			"name": "Cube",
			"from": [3.11831, 14.225, 8.55],
			"to": [3.71831, 14.375, 8.8],
			"rotation": {"angle": 22.5, "axis": "z", "origin": [6.61831, 12.84015, 7.6]},
			"faces": {
				"north": {"uv": [0, 0, 4, 1], "rotation": 90, "texture": "#1"},
				"east": {"uv": [0, 0, 4, 4], "rotation": 270, "texture": "#1"},
				"south": {"uv": [0, 0, 4, 1], "rotation": 270, "texture": "#1"},
				"west": {"uv": [0, 0, 4, 4], "rotation": 270, "texture": "#1"},
				"up": {"uv": [0, 0, 4, 1], "rotation": 270, "texture": "#1"},
				"down": {"uv": [0, 0, 4, 1], "rotation": 270, "texture": "#1"}
			}
		},
		{
			"name": "Cube",
			"from": [0.78016, 9.24981, 7.8],
			"to": [0.93016, 12.04981, 7.95],
			"rotation": {"angle": 0, "axis": "z", "origin": [8.38016, 10.44981, 7.65]},
			"faces": {
				"north": {"uv": [0, 0, 4, 1], "rotation": 90, "texture": "#1"},
				"east": {"uv": [0, 0, 4, 4], "rotation": 270, "texture": "#1"},
				"south": {"uv": [0, 0, 4, 1], "rotation": 270, "texture": "#1"},
				"west": {"uv": [0, 0, 4, 4], "rotation": 270, "texture": "#1"},
				"up": {"uv": [0, 0, 4, 1], "rotation": 270, "texture": "#1"},
				"down": {"uv": [0, 0, 4, 1], "rotation": 270, "texture": "#1"}
			}
		},
		{
			"name": "Cube",
			"from": [1.60699, 9.56102, 7.75],
			"to": [1.95699, 9.81102, 8],
			"rotation": {"angle": 0, "axis": "z", "origin": [0.74787, 9.02448, 7.65]},
			"faces": {
				"north": {"uv": [0, 0, 4, 1], "rotation": 180, "texture": "#1"},
				"east": {"uv": [0, 0, 4, 1], "rotation": 180, "texture": "#1"},
				"south": {"uv": [0, 0, 4, 1], "rotation": 180, "texture": "#1"},
				"west": {"uv": [0, 0, 4, 1], "rotation": 180, "texture": "#1"},
				"up": {"uv": [0, 0, 4, 4], "rotation": 180, "texture": "#1"},
				"down": {"uv": [0, 0, 4, 4], "rotation": 180, "texture": "#1"}
			}
		},
		{
			"name": "Cube",
			"from": [-0.21125, 9.56102, 7.75],
			"to": [0.13875, 9.81102, 8],
			"rotation": {"angle": 0, "axis": "z", "origin": [0.99787, 9.02448, 7.65]},
			"faces": {
				"north": {"uv": [4, 0, 0, 1], "rotation": 180, "texture": "#1"},
				"east": {"uv": [4, 0, 0, 1], "rotation": 180, "texture": "#1"},
				"south": {"uv": [4, 0, 0, 1], "rotation": 180, "texture": "#1"},
				"west": {"uv": [4, 0, 0, 1], "rotation": 180, "texture": "#1"},
				"up": {"uv": [4, 0, 0, 4], "rotation": 180, "texture": "#1"},
				"down": {"uv": [4, 0, 0, 4], "rotation": 180, "texture": "#1"}
			}
		},
		{
			"name": "Cube",
			"from": [1.50699, 9.16102, 7.75],
			"to": [1.85699, 9.41102, 8],
			"rotation": {"angle": 0, "axis": "z", "origin": [0.64787, 8.62448, 7.65]},
			"faces": {
				"north": {"uv": [0, 0, 4, 1], "rotation": 180, "texture": "#1"},
				"east": {"uv": [0, 0, 4, 1], "rotation": 180, "texture": "#1"},
				"south": {"uv": [0, 0, 4, 1], "rotation": 180, "texture": "#1"},
				"west": {"uv": [0, 0, 4, 1], "rotation": 180, "texture": "#1"},
				"up": {"uv": [0, 0, 4, 4], "rotation": 180, "texture": "#1"},
				"down": {"uv": [0, 0, 4, 4], "rotation": 180, "texture": "#1"}
			}
		},
		{
			"name": "Cube",
			"from": [-0.11125, 9.16102, 7.75],
			"to": [0.23875, 9.41102, 8],
			"rotation": {"angle": 0, "axis": "z", "origin": [1.09787, 8.62448, 7.65]},
			"faces": {
				"north": {"uv": [4, 0, 0, 1], "rotation": 180, "texture": "#1"},
				"east": {"uv": [4, 0, 0, 1], "rotation": 180, "texture": "#1"},
				"south": {"uv": [4, 0, 0, 1], "rotation": 180, "texture": "#1"},
				"west": {"uv": [4, 0, 0, 1], "rotation": 180, "texture": "#1"},
				"up": {"uv": [4, 0, 0, 4], "rotation": 180, "texture": "#1"},
				"down": {"uv": [4, 0, 0, 4], "rotation": 180, "texture": "#1"}
			}
		},
		{
			"name": "Cube",
			"from": [1.65002, 9.15818, 7.75],
			"to": [2.00002, 9.40818, 8],
			"rotation": {"angle": 22.5, "axis": "z", "origin": [0.7909, 8.62164, 7.65]},
			"faces": {
				"north": {"uv": [0, 0, 4, 1], "rotation": 180, "texture": "#1"},
				"east": {"uv": [0, 0, 4, 1], "rotation": 180, "texture": "#1"},
				"south": {"uv": [0, 0, 4, 1], "rotation": 180, "texture": "#1"},
				"west": {"uv": [0, 0, 4, 1], "rotation": 180, "texture": "#1"},
				"up": {"uv": [0, 0, 4, 4], "rotation": 180, "texture": "#1"},
				"down": {"uv": [0, 0, 4, 4], "rotation": 180, "texture": "#1"}
			}
		},
		{
			"name": "Cube",
			"from": [-0.25428, 9.15818, 7.75],
			"to": [0.09572, 9.40818, 8],
			"rotation": {"angle": -22.5, "axis": "z", "origin": [0.95484, 8.62164, 7.65]},
			"faces": {
				"north": {"uv": [4, 0, 0, 1], "rotation": 180, "texture": "#1"},
				"east": {"uv": [4, 0, 0, 1], "rotation": 180, "texture": "#1"},
				"south": {"uv": [4, 0, 0, 1], "rotation": 180, "texture": "#1"},
				"west": {"uv": [4, 0, 0, 1], "rotation": 180, "texture": "#1"},
				"up": {"uv": [4, 0, 0, 4], "rotation": 180, "texture": "#1"},
				"down": {"uv": [4, 0, 0, 4], "rotation": 180, "texture": "#1"}
			}
		},
		{
			"name": "Cube",
			"from": [1.55002, 8.75818, 7.75],
			"to": [1.90002, 9.00818, 8],
			"rotation": {"angle": 22.5, "axis": "z", "origin": [0.6909, 8.22164, 7.65]},
			"faces": {
				"north": {"uv": [0, 0, 4, 1], "rotation": 180, "texture": "#1"},
				"east": {"uv": [0, 0, 4, 1], "rotation": 180, "texture": "#1"},
				"south": {"uv": [0, 0, 4, 1], "rotation": 180, "texture": "#1"},
				"west": {"uv": [0, 0, 4, 1], "rotation": 180, "texture": "#1"},
				"up": {"uv": [0, 0, 4, 4], "rotation": 180, "texture": "#1"},
				"down": {"uv": [0, 0, 4, 4], "rotation": 180, "texture": "#1"}
			}
		},
		{
			"name": "Cube",
			"from": [-0.15428, 8.75818, 7.75],
			"to": [0.19572, 9.00818, 8],
			"rotation": {"angle": -22.5, "axis": "z", "origin": [1.05484, 8.22164, 7.65]},
			"faces": {
				"north": {"uv": [4, 0, 0, 1], "rotation": 180, "texture": "#1"},
				"east": {"uv": [4, 0, 0, 1], "rotation": 180, "texture": "#1"},
				"south": {"uv": [4, 0, 0, 1], "rotation": 180, "texture": "#1"},
				"west": {"uv": [4, 0, 0, 1], "rotation": 180, "texture": "#1"},
				"up": {"uv": [4, 0, 0, 4], "rotation": 180, "texture": "#1"},
				"down": {"uv": [4, 0, 0, 4], "rotation": 180, "texture": "#1"}
			}
		},
		{
			"name": "Cube",
			"from": [1.10699, 8.76102, 7.75],
			"to": [1.65699, 9.01102, 8],
			"rotation": {"angle": 0, "axis": "z", "origin": [0.64787, 8.22448, 7.65]},
			"faces": {
				"north": {"uv": [0, 0, 4, 1], "rotation": 180, "texture": "#1"},
				"east": {"uv": [0, 0, 4, 1], "rotation": 180, "texture": "#1"},
				"south": {"uv": [0, 0, 4, 1], "rotation": 180, "texture": "#1"},
				"west": {"uv": [0, 0, 4, 1], "rotation": 180, "texture": "#1"},
				"up": {"uv": [0, 0, 4, 4], "rotation": 180, "texture": "#1"},
				"down": {"uv": [0, 0, 4, 4], "rotation": 180, "texture": "#1"}
			}
		},
		{
			"name": "Cube",
			"from": [0.08875, 8.76102, 7.75],
			"to": [0.63875, 9.01102, 8],
			"rotation": {"angle": 0, "axis": "z", "origin": [1.09787, 8.22448, 7.65]},
			"faces": {
				"north": {"uv": [4, 0, 0, 1], "rotation": 180, "texture": "#1"},
				"east": {"uv": [4, 0, 0, 1], "rotation": 180, "texture": "#1"},
				"south": {"uv": [4, 0, 0, 1], "rotation": 180, "texture": "#1"},
				"west": {"uv": [4, 0, 0, 1], "rotation": 180, "texture": "#1"},
				"up": {"uv": [4, 0, 0, 4], "rotation": 180, "texture": "#1"},
				"down": {"uv": [4, 0, 0, 4], "rotation": 180, "texture": "#1"}
			}
		},
		{
			"name": "Cube",
			"from": [1.69095, 9.79659, 7.75],
			"to": [2.34095, 10.04659, 8],
			"rotation": {"angle": -22.5, "axis": "z", "origin": [1.23183, 9.26005, 7.65]},
			"faces": {
				"north": {"uv": [0, 0, 4, 1], "rotation": 180, "texture": "#1"},
				"east": {"uv": [0, 0, 4, 1], "rotation": 180, "texture": "#1"},
				"south": {"uv": [0, 0, 4, 1], "rotation": 180, "texture": "#1"},
				"west": {"uv": [0, 0, 4, 1], "rotation": 180, "texture": "#1"},
				"up": {"uv": [0, 0, 4, 4], "rotation": 180, "texture": "#1"},
				"down": {"uv": [0, 0, 4, 4], "rotation": 180, "texture": "#1"}
			}
		},
		{
			"name": "Cube",
			"from": [-0.59521, 9.79659, 7.75],
			"to": [0.05479, 10.04659, 8],
			"rotation": {"angle": 22.5, "axis": "z", "origin": [0.51391, 9.26005, 7.65]},
			"faces": {
				"north": {"uv": [4, 0, 0, 1], "rotation": 180, "texture": "#1"},
				"east": {"uv": [4, 0, 0, 1], "rotation": 180, "texture": "#1"},
				"south": {"uv": [4, 0, 0, 1], "rotation": 180, "texture": "#1"},
				"west": {"uv": [4, 0, 0, 1], "rotation": 180, "texture": "#1"},
				"up": {"uv": [4, 0, 0, 4], "rotation": 180, "texture": "#1"},
				"down": {"uv": [4, 0, 0, 4], "rotation": 180, "texture": "#1"}
			}
		},
		{
			"name": "Cube",
			"from": [1.59095, 9.39659, 7.75],
			"to": [1.94095, 9.64659, 8],
			"rotation": {"angle": -22.5, "axis": "z", "origin": [1.13183, 8.86005, 7.65]},
			"faces": {
				"north": {"uv": [0, 0, 4, 1], "rotation": 180, "texture": "#1"},
				"east": {"uv": [0, 0, 4, 1], "rotation": 180, "texture": "#1"},
				"south": {"uv": [0, 0, 4, 1], "rotation": 180, "texture": "#1"},
				"west": {"uv": [0, 0, 4, 1], "rotation": 180, "texture": "#1"},
				"up": {"uv": [0, 0, 4, 4], "rotation": 180, "texture": "#1"},
				"down": {"uv": [0, 0, 4, 4], "rotation": 180, "texture": "#1"}
			}
		},
		{
			"name": "Cube",
			"from": [-0.19521, 9.39659, 7.75],
			"to": [0.15479, 9.64659, 8],
			"rotation": {"angle": 22.5, "axis": "z", "origin": [0.61391, 8.86005, 7.65]},
			"faces": {
				"north": {"uv": [4, 0, 0, 1], "rotation": 180, "texture": "#1"},
				"east": {"uv": [4, 0, 0, 1], "rotation": 180, "texture": "#1"},
				"south": {"uv": [4, 0, 0, 1], "rotation": 180, "texture": "#1"},
				"west": {"uv": [4, 0, 0, 1], "rotation": 180, "texture": "#1"},
				"up": {"uv": [4, 0, 0, 4], "rotation": 180, "texture": "#1"},
				"down": {"uv": [4, 0, 0, 4], "rotation": 180, "texture": "#1"}
			}
		},
		{
			"name": "Cube",
			"from": [1.75866, 9.58209, 7.75],
			"to": [2.20866, 9.83209, 8],
			"rotation": {"angle": -45, "axis": "z", "origin": [1.29954, 9.04556, 7.65]},
			"faces": {
				"north": {"uv": [0, 0, 4, 1], "rotation": 180, "texture": "#1"},
				"east": {"uv": [0, 0, 4, 1], "rotation": 180, "texture": "#1"},
				"south": {"uv": [0, 0, 4, 1], "rotation": 180, "texture": "#1"},
				"west": {"uv": [0, 0, 4, 1], "rotation": 180, "texture": "#1"},
				"up": {"uv": [0, 0, 4, 4], "rotation": 180, "texture": "#1"},
				"down": {"uv": [0, 0, 4, 4], "rotation": 180, "texture": "#1"}
			}
		},
		{
			"name": "Cube",
			"from": [-0.46292, 9.58209, 7.75],
			"to": [-0.01292, 9.83209, 8],
			"rotation": {"angle": 45, "axis": "z", "origin": [0.4462, 9.04556, 7.65]},
			"faces": {
				"north": {"uv": [4, 0, 0, 1], "rotation": 180, "texture": "#1"},
				"east": {"uv": [4, 0, 0, 1], "rotation": 180, "texture": "#1"},
				"south": {"uv": [4, 0, 0, 1], "rotation": 180, "texture": "#1"},
				"west": {"uv": [4, 0, 0, 1], "rotation": 180, "texture": "#1"},
				"up": {"uv": [4, 0, 0, 4], "rotation": 180, "texture": "#1"},
				"down": {"uv": [4, 0, 0, 4], "rotation": 180, "texture": "#1"}
			}
		},
		{
			"name": "Cube",
			"from": [1.39095, 8.99659, 7.75],
			"to": [1.74095, 9.24659, 8],
			"rotation": {"angle": -22.5, "axis": "z", "origin": [0.93183, 8.46005, 7.65]},
			"faces": {
				"north": {"uv": [0, 0, 4, 1], "rotation": 180, "texture": "#1"},
				"east": {"uv": [0, 0, 4, 1], "rotation": 180, "texture": "#1"},
				"south": {"uv": [0, 0, 4, 1], "rotation": 180, "texture": "#1"},
				"west": {"uv": [0, 0, 4, 1], "rotation": 180, "texture": "#1"},
				"up": {"uv": [0, 0, 4, 4], "rotation": 180, "texture": "#1"},
				"down": {"uv": [0, 0, 4, 4], "rotation": 180, "texture": "#1"}
			}
		},
		{
			"name": "Cube",
			"from": [0.00479, 8.99659, 7.75],
			"to": [0.35479, 9.24659, 8],
			"rotation": {"angle": 22.5, "axis": "z", "origin": [0.81391, 8.46005, 7.65]},
			"faces": {
				"north": {"uv": [4, 0, 0, 1], "rotation": 180, "texture": "#1"},
				"east": {"uv": [4, 0, 0, 1], "rotation": 180, "texture": "#1"},
				"south": {"uv": [4, 0, 0, 1], "rotation": 180, "texture": "#1"},
				"west": {"uv": [4, 0, 0, 1], "rotation": 180, "texture": "#1"},
				"up": {"uv": [4, 0, 0, 4], "rotation": 180, "texture": "#1"},
				"down": {"uv": [4, 0, 0, 4], "rotation": 180, "texture": "#1"}
			}
		},
		{
			"name": "Cube",
			"from": [1.04095, 8.64659, 7.75],
			"to": [1.49095, 8.89659, 8],
			"rotation": {"angle": -22.5, "axis": "z", "origin": [0.58183, 8.11005, 7.65]},
			"faces": {
				"north": {"uv": [0, 0, 4, 1], "rotation": 180, "texture": "#1"},
				"east": {"uv": [0, 0, 4, 1], "rotation": 180, "texture": "#1"},
				"south": {"uv": [0, 0, 4, 1], "rotation": 180, "texture": "#1"},
				"west": {"uv": [0, 0, 4, 1], "rotation": 180, "texture": "#1"},
				"up": {"uv": [0, 0, 4, 4], "rotation": 180, "texture": "#1"},
				"down": {"uv": [0, 0, 4, 4], "rotation": 180, "texture": "#1"}
			}
		},
		{
			"name": "Cube",
			"from": [0.25479, 8.64659, 7.75],
			"to": [0.70479, 8.89659, 8],
			"rotation": {"angle": 22.5, "axis": "z", "origin": [1.16391, 8.11005, 7.65]},
			"faces": {
				"north": {"uv": [4, 0, 0, 1], "rotation": 180, "texture": "#1"},
				"east": {"uv": [4, 0, 0, 1], "rotation": 180, "texture": "#1"},
				"south": {"uv": [4, 0, 0, 1], "rotation": 180, "texture": "#1"},
				"west": {"uv": [4, 0, 0, 1], "rotation": 180, "texture": "#1"},
				"up": {"uv": [4, 0, 0, 4], "rotation": 180, "texture": "#1"},
				"down": {"uv": [4, 0, 0, 4], "rotation": 180, "texture": "#1"}
			}
		},
		{
			"name": "Cube",
			"from": [1.55866, 9.18209, 7.75],
			"to": [2.00866, 9.43209, 8],
			"rotation": {"angle": -45, "axis": "z", "origin": [1.09954, 8.64556, 7.65]},
			"faces": {
				"north": {"uv": [0, 0, 4, 1], "rotation": 180, "texture": "#1"},
				"east": {"uv": [0, 0, 4, 1], "rotation": 180, "texture": "#1"},
				"south": {"uv": [0, 0, 4, 1], "rotation": 180, "texture": "#1"},
				"west": {"uv": [0, 0, 4, 1], "rotation": 180, "texture": "#1"},
				"up": {"uv": [0, 0, 4, 4], "rotation": 180, "texture": "#1"},
				"down": {"uv": [0, 0, 4, 4], "rotation": 180, "texture": "#1"}
			}
		},
		{
			"name": "Cube",
			"from": [-0.26292, 9.18209, 7.75],
			"to": [0.18708, 9.43209, 8],
			"rotation": {"angle": 45, "axis": "z", "origin": [0.6462, 8.64556, 7.65]},
			"faces": {
				"north": {"uv": [4, 0, 0, 1], "rotation": 180, "texture": "#1"},
				"east": {"uv": [4, 0, 0, 1], "rotation": 180, "texture": "#1"},
				"south": {"uv": [4, 0, 0, 1], "rotation": 180, "texture": "#1"},
				"west": {"uv": [4, 0, 0, 1], "rotation": 180, "texture": "#1"},
				"up": {"uv": [4, 0, 0, 4], "rotation": 180, "texture": "#1"},
				"down": {"uv": [4, 0, 0, 4], "rotation": 180, "texture": "#1"}
			}
		},
		{
			"name": "Cube",
			"from": [1.30105, 8.79383, 7.75],
			"to": [1.65105, 9.04383, 8],
			"rotation": {"angle": -45, "axis": "z", "origin": [0.84193, 8.2573, 7.65]},
			"faces": {
				"north": {"uv": [0, 0, 4, 1], "rotation": 180, "texture": "#1"},
				"east": {"uv": [0, 0, 4, 1], "rotation": 180, "texture": "#1"},
				"south": {"uv": [0, 0, 4, 1], "rotation": 180, "texture": "#1"},
				"west": {"uv": [0, 0, 4, 1], "rotation": 180, "texture": "#1"},
				"up": {"uv": [0, 0, 4, 4], "rotation": 180, "texture": "#1"},
				"down": {"uv": [0, 0, 4, 4], "rotation": 180, "texture": "#1"}
			}
		},
		{
			"name": "Cube",
			"from": [0.09469, 8.79383, 7.75],
			"to": [0.44469, 9.04383, 8],
			"rotation": {"angle": 45, "axis": "z", "origin": [0.90381, 8.2573, 7.65]},
			"faces": {
				"north": {"uv": [4, 0, 0, 1], "rotation": 180, "texture": "#1"},
				"east": {"uv": [4, 0, 0, 1], "rotation": 180, "texture": "#1"},
				"south": {"uv": [4, 0, 0, 1], "rotation": 180, "texture": "#1"},
				"west": {"uv": [4, 0, 0, 1], "rotation": 180, "texture": "#1"},
				"up": {"uv": [4, 0, 0, 4], "rotation": 180, "texture": "#1"},
				"down": {"uv": [4, 0, 0, 4], "rotation": 180, "texture": "#1"}
			}
		},
		{
			"name": "Cube",
			"from": [1.6044, 7.55538, 7.75],
			"to": [1.8544, 7.90538, 8],
			"rotation": {"angle": 22.5, "axis": "z", "origin": [1.06787, 8.3645, 7.65]},
			"faces": {
				"north": {"uv": [0, 0, 4, 1], "rotation": 90, "texture": "#1"},
				"east": {"uv": [0, 0, 4, 4], "rotation": 270, "texture": "#1"},
				"south": {"uv": [0, 0, 4, 1], "rotation": 270, "texture": "#1"},
				"west": {"uv": [0, 0, 4, 4], "rotation": 270, "texture": "#1"},
				"up": {"uv": [0, 0, 4, 1], "rotation": 270, "texture": "#1"},
				"down": {"uv": [0, 0, 4, 1], "rotation": 270, "texture": "#1"}
			}
		},
		{
			"name": "Cube",
			"from": [-0.10866, 7.55538, 7.75],
			"to": [0.14134, 7.90538, 8],
			"rotation": {"angle": -22.5, "axis": "z", "origin": [0.67787, 8.3645, 7.65]},
			"faces": {
				"north": {"uv": [0, 1, 4, 0], "rotation": 90, "texture": "#1"},
				"east": {"uv": [0, 4, 4, 0], "rotation": 270, "texture": "#1"},
				"south": {"uv": [0, 1, 4, 0], "rotation": 270, "texture": "#1"},
				"west": {"uv": [0, 4, 4, 0], "rotation": 270, "texture": "#1"},
				"up": {"uv": [0, 1, 4, 0], "rotation": 270, "texture": "#1"},
				"down": {"uv": [0, 1, 4, 0], "rotation": 270, "texture": "#1"}
			}
		},
		{
			"name": "Cube",
			"from": [0.33016, 8.04981, 7.55],
			"to": [1.38016, 9.74981, 8.2],
			"rotation": {"angle": 0, "axis": "z", "origin": [8.33016, 10.44981, 7.65]},
			"faces": {
				"north": {"uv": [0, 0, 4, 1], "rotation": 90, "texture": "#1"},
				"east": {"uv": [0, 0, 4, 4], "rotation": 270, "texture": "#1"},
				"south": {"uv": [0, 0, 4, 1], "rotation": 270, "texture": "#1"},
				"west": {"uv": [0, 0, 4, 4], "rotation": 270, "texture": "#1"},
				"up": {"uv": [0, 0, 4, 1], "rotation": 270, "texture": "#1"},
				"down": {"uv": [0, 0, 4, 1], "rotation": 270, "texture": "#1"}
			}
		},
		{
			"name": "Cube",
			"from": [0.43016, 7.94981, 7.65],
			"to": [1.28016, 9.84981, 8.1],
			"rotation": {"angle": 0, "axis": "z", "origin": [8.33016, 10.44981, 7.65]},
			"faces": {
				"north": {"uv": [0, 0, 4, 1], "rotation": 90, "texture": "#1"},
				"east": {"uv": [0, 0, 4, 4], "rotation": 270, "texture": "#1"},
				"south": {"uv": [0, 0, 4, 1], "rotation": 270, "texture": "#1"},
				"west": {"uv": [0, 0, 4, 4], "rotation": 270, "texture": "#1"},
				"up": {"uv": [0, 0, 4, 1], "rotation": 270, "texture": "#1"},
				"down": {"uv": [0, 0, 4, 1], "rotation": 270, "texture": "#1"}
			}
		},
		{
			"name": "Cube",
			"from": [5.25, 1.65, 12.9],
			"to": [10.55, 2.65, 13.1],
			"rotation": {"angle": 0, "axis": "y", "origin": [10.7, 4.45, 9]},
			"faces": {
				"north": {"uv": [0, 0, 4, 1], "texture": "#1"},
				"east": {"uv": [0, 0, 4, 1], "texture": "#1"},
				"south": {"uv": [0, 0, 4, 1], "texture": "#1"},
				"west": {"uv": [0, 0, 4, 1], "texture": "#1"},
				"up": {"uv": [0, 0, 4, 4], "texture": "#1"},
				"down": {"uv": [0, 0, 4, 4], "texture": "#1"}
			}
		},
		{
			"name": "Cube",
			"from": [5.4, -0.75, 12.9],
			"to": [5.7, 1.55, 13.1],
			"rotation": {"angle": -22.5, "axis": "z", "origin": [10.85, 1.95, 9]},
			"faces": {
				"north": {"uv": [0, 0, 4, 1], "texture": "#1"},
				"east": {"uv": [0, 0, 4, 1], "texture": "#1"},
				"south": {"uv": [0, 0, 4, 1], "texture": "#1"},
				"west": {"uv": [0, 0, 4, 1], "texture": "#1"},
				"up": {"uv": [0, 0, 4, 4], "texture": "#1"},
				"down": {"uv": [0, 0, 4, 4], "texture": "#1"}
			}
		},
		{
			"name": "Cube",
			"from": [9.66427, 1.43407, 12.9],
			"to": [10.91427, 1.68407, 13.1],
			"rotation": {"angle": 0, "axis": "y", "origin": [15.11427, 4.23407, 9]},
			"faces": {
				"north": {"uv": [0, 0, 4, 1], "texture": "#1"},
				"east": {"uv": [0, 0, 4, 1], "texture": "#1"},
				"south": {"uv": [0, 0, 4, 1], "texture": "#1"},
				"west": {"uv": [0, 0, 4, 1], "texture": "#1"},
				"up": {"uv": [0, 0, 4, 4], "texture": "#1"},
				"down": {"uv": [0, 0, 4, 4], "texture": "#1"}
			}
		},
		{
			"name": "Cube",
			"from": [5.6131, 1.19673, 12.9],
			"to": [6.3631, 3.14673, 13.1],
			"rotation": {"angle": 0, "axis": "y", "origin": [11.0631, 3.89673, 9]},
			"faces": {
				"north": {"uv": [0, 0, 4, 1], "texture": "#1"},
				"east": {"uv": [0, 0, 4, 1], "texture": "#1"},
				"south": {"uv": [0, 0, 4, 1], "texture": "#1"},
				"west": {"uv": [0, 0, 4, 1], "texture": "#1"},
				"up": {"uv": [0, 0, 4, 4], "texture": "#1"},
				"down": {"uv": [0, 0, 4, 4], "texture": "#1"}
			}
		},
		{
			"name": "Cube",
			"from": [5.35564, 2.27697, 12.9],
			"to": [6.60564, 2.92697, 13.1],
			"rotation": {"angle": 0, "axis": "y", "origin": [10.80564, 5.47697, 9]},
			"faces": {
				"north": {"uv": [0, 0, 4, 1], "texture": "#1"},
				"east": {"uv": [0, 0, 4, 1], "texture": "#1"},
				"south": {"uv": [0, 0, 4, 1], "texture": "#1"},
				"west": {"uv": [0, 0, 4, 1], "texture": "#1"},
				"up": {"uv": [0, 0, 4, 4], "texture": "#1"},
				"down": {"uv": [0, 0, 4, 4], "texture": "#1"}
			}
		},
		{
			"name": "Cube",
			"from": [10.66427, 0.98407, 12.9],
			"to": [10.81427, 1.53407, 13.1],
			"rotation": {"angle": 0, "axis": "z", "origin": [13.46427, -3.51593, 9]},
			"faces": {
				"north": {"uv": [0, 0, 4, 1], "rotation": 270, "texture": "#1"},
				"east": {"uv": [0, 0, 4, 4], "rotation": 90, "texture": "#1"},
				"south": {"uv": [0, 0, 4, 1], "rotation": 90, "texture": "#1"},
				"west": {"uv": [0, 0, 4, 4], "rotation": 90, "texture": "#1"},
				"up": {"uv": [0, 0, 4, 1], "rotation": 90, "texture": "#1"},
				"down": {"uv": [0, 0, 4, 1], "rotation": 90, "texture": "#1"}
			}
		},
		{
			"name": "Cube",
			"from": [10.21427, 0.98407, 12.9],
			"to": [10.36427, 1.53407, 13.1],
			"rotation": {"angle": 0, "axis": "z", "origin": [13.01427, -3.51593, 9]},
			"faces": {
				"north": {"uv": [0, 0, 4, 1], "rotation": 270, "texture": "#1"},
				"east": {"uv": [0, 0, 4, 4], "rotation": 90, "texture": "#1"},
				"south": {"uv": [0, 0, 4, 1], "rotation": 90, "texture": "#1"},
				"west": {"uv": [0, 0, 4, 4], "rotation": 90, "texture": "#1"},
				"up": {"uv": [0, 0, 4, 1], "rotation": 90, "texture": "#1"},
				"down": {"uv": [0, 0, 4, 1], "rotation": 90, "texture": "#1"}
			}
		},
		{
			"name": "Cube",
			"from": [9.21427, 1.23407, 12.9],
			"to": [9.36427, 1.78407, 13.1],
			"rotation": {"angle": 0, "axis": "z", "origin": [12.01427, -3.26593, 9]},
			"faces": {
				"north": {"uv": [0, 0, 4, 1], "rotation": 270, "texture": "#1"},
				"east": {"uv": [0, 0, 4, 4], "rotation": 90, "texture": "#1"},
				"south": {"uv": [0, 0, 4, 1], "rotation": 90, "texture": "#1"},
				"west": {"uv": [0, 0, 4, 4], "rotation": 90, "texture": "#1"},
				"up": {"uv": [0, 0, 4, 1], "rotation": 90, "texture": "#1"},
				"down": {"uv": [0, 0, 4, 1], "rotation": 90, "texture": "#1"}
			}
		},
		{
			"name": "Cube",
			"from": [7.56427, 1.23407, 12.9],
			"to": [7.71427, 1.78407, 13.1],
			"rotation": {"angle": 0, "axis": "z", "origin": [10.36427, -3.26593, 9]},
			"faces": {
				"north": {"uv": [0, 0, 4, 1], "rotation": 270, "texture": "#1"},
				"east": {"uv": [0, 0, 4, 4], "rotation": 90, "texture": "#1"},
				"south": {"uv": [0, 0, 4, 1], "rotation": 90, "texture": "#1"},
				"west": {"uv": [0, 0, 4, 4], "rotation": 90, "texture": "#1"},
				"up": {"uv": [0, 0, 4, 1], "rotation": 90, "texture": "#1"},
				"down": {"uv": [0, 0, 4, 1], "rotation": 90, "texture": "#1"}
			}
		},
		{
			"name": "Cube",
			"from": [6.06427, 0.53407, 12.9],
			"to": [6.21427, 1.28407, 13.1],
			"rotation": {"angle": 0, "axis": "z", "origin": [8.86427, -3.76593, 9]},
			"faces": {
				"north": {"uv": [0, 0, 4, 1], "rotation": 270, "texture": "#1"},
				"east": {"uv": [0, 0, 4, 4], "rotation": 90, "texture": "#1"},
				"south": {"uv": [0, 0, 4, 1], "rotation": 90, "texture": "#1"},
				"west": {"uv": [0, 0, 4, 4], "rotation": 90, "texture": "#1"},
				"up": {"uv": [0, 0, 4, 1], "rotation": 90, "texture": "#1"},
				"down": {"uv": [0, 0, 4, 1], "rotation": 90, "texture": "#1"}
			}
		},
		{
			"name": "Cube",
			"from": [9.21427, 2.48407, 12.9],
			"to": [9.36427, 3.03407, 13.1],
			"rotation": {"angle": 0, "axis": "z", "origin": [12.01427, -2.01593, 9]},
			"faces": {
				"north": {"uv": [0, 0, 4, 1], "rotation": 270, "texture": "#1"},
				"east": {"uv": [0, 0, 4, 4], "rotation": 90, "texture": "#1"},
				"south": {"uv": [0, 0, 4, 1], "rotation": 90, "texture": "#1"},
				"west": {"uv": [0, 0, 4, 4], "rotation": 90, "texture": "#1"},
				"up": {"uv": [0, 0, 4, 1], "rotation": 90, "texture": "#1"},
				"down": {"uv": [0, 0, 4, 1], "rotation": 90, "texture": "#1"}
			}
		},
		{
			"name": "Cube",
			"from": [11.71427, 4.53407, 12.9],
			"to": [11.86427, 5.08407, 13.1],
			"rotation": {"angle": 22.5, "axis": "z", "origin": [14.51427, 0.03407, 9]},
			"faces": {
				"north": {"uv": [0, 0, 4, 1], "rotation": 270, "texture": "#1"},
				"east": {"uv": [0, 0, 4, 4], "rotation": 90, "texture": "#1"},
				"south": {"uv": [0, 0, 4, 1], "rotation": 90, "texture": "#1"},
				"west": {"uv": [0, 0, 4, 4], "rotation": 90, "texture": "#1"},
				"up": {"uv": [0, 0, 4, 1], "rotation": 90, "texture": "#1"},
				"down": {"uv": [0, 0, 4, 1], "rotation": 90, "texture": "#1"}
			}
		},
		{
			"name": "Cube",
			"from": [10.73463, 4.39072, 12.9],
			"to": [10.88463, 4.74072, 13.1],
			"rotation": {"angle": 22.5, "axis": "z", "origin": [13.53463, -0.10928, 9]},
			"faces": {
				"north": {"uv": [0, 0, 4, 1], "rotation": 270, "texture": "#1"},
				"east": {"uv": [0, 0, 4, 4], "rotation": 90, "texture": "#1"},
				"south": {"uv": [0, 0, 4, 1], "rotation": 90, "texture": "#1"},
				"west": {"uv": [0, 0, 4, 4], "rotation": 90, "texture": "#1"},
				"up": {"uv": [0, 0, 4, 1], "rotation": 90, "texture": "#1"},
				"down": {"uv": [0, 0, 4, 1], "rotation": 90, "texture": "#1"}
			}
		},
		{
			"name": "Cube",
			"from": [13.31427, 7.13407, 12.9],
			"to": [13.46427, 7.68407, 13.1],
			"rotation": {"angle": 45, "axis": "z", "origin": [16.01427, 2.63407, 9]},
			"faces": {
				"north": {"uv": [0, 0, 4, 1], "rotation": 270, "texture": "#1"},
				"east": {"uv": [0, 0, 4, 4], "rotation": 90, "texture": "#1"},
				"south": {"uv": [0, 0, 4, 1], "rotation": 90, "texture": "#1"},
				"west": {"uv": [0, 0, 4, 4], "rotation": 90, "texture": "#1"},
				"up": {"uv": [0, 0, 4, 1], "rotation": 90, "texture": "#1"},
				"down": {"uv": [0, 0, 4, 1], "rotation": 90, "texture": "#1"}
			}
		},
		{
			"name": "Cube",
			"from": [7.08, 0.15436, 12.9],
			"to": [7.23, 0.60436, 13.1],
			"rotation": {"angle": -22.5, "axis": "z", "origin": [9.88, -4.44564, 9]},
			"faces": {
				"north": {"uv": [0, 0, 4, 1], "rotation": 270, "texture": "#1"},
				"east": {"uv": [0, 0, 4, 4], "rotation": 90, "texture": "#1"},
				"south": {"uv": [0, 0, 4, 1], "rotation": 90, "texture": "#1"},
				"west": {"uv": [0, 0, 4, 4], "rotation": 90, "texture": "#1"},
				"up": {"uv": [0, 0, 4, 1], "rotation": 90, "texture": "#1"},
				"down": {"uv": [0, 0, 4, 1], "rotation": 90, "texture": "#1"}
			}
		},
		{
			"name": "Cube",
			"from": [6.08, 1.90436, 12.9],
			"to": [6.23, 2.55436, 13.1],
			"rotation": {"angle": -22.5, "axis": "z", "origin": [8.88, -2.69564, 9]},
			"faces": {
				"north": {"uv": [0, 0, 4, 1], "rotation": 270, "texture": "#1"},
				"east": {"uv": [0, 0, 4, 4], "rotation": 90, "texture": "#1"},
				"south": {"uv": [0, 0, 4, 1], "rotation": 90, "texture": "#1"},
				"west": {"uv": [0, 0, 4, 4], "rotation": 90, "texture": "#1"},
				"up": {"uv": [0, 0, 4, 1], "rotation": 90, "texture": "#1"},
				"down": {"uv": [0, 0, 4, 1], "rotation": 90, "texture": "#1"}
			}
		},
		{
			"name": "Cube",
			"from": [3.73, 2.85436, 12.9],
			"to": [3.88, 3.50436, 13.1],
			"rotation": {"angle": -22.5, "axis": "z", "origin": [6.53, -1.74564, 9]},
			"faces": {
				"north": {"uv": [0, 0, 4, 1], "rotation": 270, "texture": "#1"},
				"east": {"uv": [0, 0, 4, 4], "rotation": 90, "texture": "#1"},
				"south": {"uv": [0, 0, 4, 1], "rotation": 90, "texture": "#1"},
				"west": {"uv": [0, 0, 4, 4], "rotation": 90, "texture": "#1"},
				"up": {"uv": [0, 0, 4, 1], "rotation": 90, "texture": "#1"},
				"down": {"uv": [0, 0, 4, 1], "rotation": 90, "texture": "#1"}
			}
		},
		{
			"name": "Cube",
			"from": [1.13, 3.40436, 12.9],
			"to": [1.28, 3.95436, 13.1],
			"rotation": {"angle": -45, "axis": "z", "origin": [3.93, -1.19564, 9]},
			"faces": {
				"north": {"uv": [0, 0, 4, 1], "rotation": 270, "texture": "#1"},
				"east": {"uv": [0, 0, 4, 4], "rotation": 90, "texture": "#1"},
				"south": {"uv": [0, 0, 4, 1], "rotation": 90, "texture": "#1"},
				"west": {"uv": [0, 0, 4, 4], "rotation": 90, "texture": "#1"},
				"up": {"uv": [0, 0, 4, 1], "rotation": 90, "texture": "#1"},
				"down": {"uv": [0, 0, 4, 1], "rotation": 90, "texture": "#1"}
			}
		},
		{
			"name": "Cube",
			"from": [4.83, 2.05436, 12.9],
			"to": [4.98, 2.80436, 13.1],
			"rotation": {"angle": -22.5, "axis": "z", "origin": [7.63, -2.54564, 9]},
			"faces": {
				"north": {"uv": [0, 0, 4, 1], "rotation": 270, "texture": "#1"},
				"east": {"uv": [0, 0, 4, 4], "rotation": 90, "texture": "#1"},
				"south": {"uv": [0, 0, 4, 1], "rotation": 90, "texture": "#1"},
				"west": {"uv": [0, 0, 4, 4], "rotation": 90, "texture": "#1"},
				"up": {"uv": [0, 0, 4, 1], "rotation": 90, "texture": "#1"},
				"down": {"uv": [0, 0, 4, 1], "rotation": 90, "texture": "#1"}
			}
		},
		{
			"name": "Cube",
			"from": [2.68, 0.25436, 12.9],
			"to": [2.83, 0.90436, 13.1],
			"rotation": {"angle": -22.5, "axis": "z", "origin": [5.48, -4.44564, 9]},
			"faces": {
				"north": {"uv": [0, 0, 4, 1], "rotation": 270, "texture": "#1"},
				"east": {"uv": [0, 0, 4, 4], "rotation": 90, "texture": "#1"},
				"south": {"uv": [0, 0, 4, 1], "rotation": 90, "texture": "#1"},
				"west": {"uv": [0, 0, 4, 4], "rotation": 90, "texture": "#1"},
				"up": {"uv": [0, 0, 4, 1], "rotation": 90, "texture": "#1"},
				"down": {"uv": [0, 0, 4, 1], "rotation": 90, "texture": "#1"}
			}
		},
		{
			"name": "Cube",
			"from": [3.08, 0.05436, 12.9],
			"to": [3.23, 0.70436, 13.1],
			"rotation": {"angle": -22.5, "axis": "z", "origin": [5.88, -4.64564, 9]},
			"faces": {
				"north": {"uv": [0, 0, 4, 1], "rotation": 270, "texture": "#1"},
				"east": {"uv": [0, 0, 4, 4], "rotation": 90, "texture": "#1"},
				"south": {"uv": [0, 0, 4, 1], "rotation": 90, "texture": "#1"},
				"west": {"uv": [0, 0, 4, 4], "rotation": 90, "texture": "#1"},
				"up": {"uv": [0, 0, 4, 1], "rotation": 90, "texture": "#1"},
				"down": {"uv": [0, 0, 4, 1], "rotation": 90, "texture": "#1"}
			}
		},
		{
			"name": "Cube",
			"from": [9.28369, 2.33999, 12.9],
			"to": [9.43369, 2.68999, 13.1],
			"rotation": {"angle": 22.5, "axis": "z", "origin": [12.08369, -2.36001, 9]},
			"faces": {
				"north": {"uv": [0, 0, 4, 1], "rotation": 270, "texture": "#1"},
				"east": {"uv": [0, 0, 4, 4], "rotation": 90, "texture": "#1"},
				"south": {"uv": [0, 0, 4, 1], "rotation": 90, "texture": "#1"},
				"west": {"uv": [0, 0, 4, 4], "rotation": 90, "texture": "#1"},
				"up": {"uv": [0, 0, 4, 1], "rotation": 90, "texture": "#1"},
				"down": {"uv": [0, 0, 4, 1], "rotation": 90, "texture": "#1"}
			}
		},
		{
			"name": "Cube",
			"from": [7.75, 2.4, 12.9],
			"to": [9.55, 3.15, 13.1],
			"rotation": {"angle": 22.5, "axis": "z", "origin": [9.7, 4.95, 9]},
			"faces": {
				"north": {"uv": [0, 0, 4, 1], "texture": "#1"},
				"east": {"uv": [0, 0, 4, 1], "texture": "#1"},
				"south": {"uv": [0, 0, 4, 1], "texture": "#1"},
				"west": {"uv": [0, 0, 4, 1], "texture": "#1"},
				"up": {"uv": [0, 0, 4, 4], "texture": "#1"},
				"down": {"uv": [0, 0, 4, 4], "texture": "#1"}
			}
		},
		{
			"name": "Cube",
			"from": [8.5, 3, 12.9],
			"to": [9.6, 3.35, 13.1],
			"rotation": {"angle": 22.5, "axis": "z", "origin": [10.45, 5.45, 9]},
			"faces": {
				"north": {"uv": [0, 0, 4, 1], "texture": "#1"},
				"east": {"uv": [0, 0, 4, 1], "texture": "#1"},
				"south": {"uv": [0, 0, 4, 1], "texture": "#1"},
				"west": {"uv": [0, 0, 4, 1], "texture": "#1"},
				"up": {"uv": [0, 0, 4, 4], "texture": "#1"},
				"down": {"uv": [0, 0, 4, 4], "texture": "#1"}
			}
		},
		{
			"name": "Cube",
			"from": [7.65, 3.15, 12.9],
			"to": [9.45, 3.4, 13.1],
			"rotation": {"angle": 45, "axis": "z", "origin": [9.6, 5.2, 9]},
			"faces": {
				"north": {"uv": [0, 0, 4, 1], "texture": "#1"},
				"east": {"uv": [0, 0, 4, 1], "texture": "#1"},
				"south": {"uv": [0, 0, 4, 1], "texture": "#1"},
				"west": {"uv": [0, 0, 4, 1], "texture": "#1"},
				"up": {"uv": [0, 0, 4, 4], "texture": "#1"},
				"down": {"uv": [0, 0, 4, 4], "texture": "#1"}
			}
		},
		{
			"name": "Cube",
			"from": [11.15, 2.85, 12.9],
			"to": [11.5, 5.05, 13.1],
			"rotation": {"angle": -22.5, "axis": "z", "origin": [9.35, 5.2, 9]},
			"faces": {
				"north": {"uv": [0, 0, 4, 1], "rotation": 90, "texture": "#1"},
				"east": {"uv": [0, 0, 4, 4], "rotation": 270, "texture": "#1"},
				"south": {"uv": [0, 0, 4, 1], "rotation": 270, "texture": "#1"},
				"west": {"uv": [0, 0, 4, 4], "rotation": 270, "texture": "#1"},
				"up": {"uv": [0, 0, 4, 1], "rotation": 270, "texture": "#1"},
				"down": {"uv": [0, 0, 4, 1], "rotation": 270, "texture": "#1"}
			}
		},
		{
			"name": "Cube",
			"from": [7.9, 2.7, 12.9],
			"to": [9.2, 3.05, 13.1],
			"rotation": {"angle": -22.5, "axis": "z", "origin": [6.25, 0.9, 9]},
			"faces": {
				"north": {"uv": [0, 0, 4, 1], "rotation": 180, "texture": "#1"},
				"east": {"uv": [0, 0, 4, 1], "rotation": 180, "texture": "#1"},
				"south": {"uv": [0, 0, 4, 1], "rotation": 180, "texture": "#1"},
				"west": {"uv": [0, 0, 4, 1], "rotation": 180, "texture": "#1"},
				"up": {"uv": [0, 0, 4, 4], "rotation": 180, "texture": "#1"},
				"down": {"uv": [0, 0, 4, 4], "rotation": 180, "texture": "#1"}
			}
		},
		{
			"name": "Cube",
			"from": [5.90847, 3.37206, 12.9],
			"to": [7.20847, 3.72206, 13.1],
			"rotation": {"angle": -22.5, "axis": "z", "origin": [4.25847, 1.57206, 9]},
			"faces": {
				"north": {"uv": [0, 0, 4, 1], "rotation": 180, "texture": "#1"},
				"east": {"uv": [0, 0, 4, 1], "rotation": 180, "texture": "#1"},
				"south": {"uv": [0, 0, 4, 1], "rotation": 180, "texture": "#1"},
				"west": {"uv": [0, 0, 4, 1], "rotation": 180, "texture": "#1"},
				"up": {"uv": [0, 0, 4, 4], "rotation": 180, "texture": "#1"},
				"down": {"uv": [0, 0, 4, 4], "rotation": 180, "texture": "#1"}
			}
		},
		{
			"name": "Cube",
			"from": [3.80847, 5.32206, 12.9],
			"to": [6.10847, 5.47206, 13.1],
			"rotation": {"angle": -45, "axis": "z", "origin": [3.15847, 3.32206, 9]},
			"faces": {
				"north": {"uv": [0, 0, 4, 1], "rotation": 180, "texture": "#1"},
				"east": {"uv": [0, 0, 4, 1], "rotation": 180, "texture": "#1"},
				"south": {"uv": [0, 0, 4, 1], "rotation": 180, "texture": "#1"},
				"west": {"uv": [0, 0, 4, 1], "rotation": 180, "texture": "#1"},
				"up": {"uv": [0, 0, 4, 4], "rotation": 180, "texture": "#1"},
				"down": {"uv": [0, 0, 4, 4], "rotation": 180, "texture": "#1"}
			}
		},
		{
			"name": "Cube",
			"from": [4.10847, 5.22206, 12.9],
			"to": [6.10847, 5.47206, 13.1],
			"rotation": {"angle": -45, "axis": "z", "origin": [3.15847, 3.32206, 9]},
			"faces": {
				"north": {"uv": [0, 0, 4, 1], "rotation": 180, "texture": "#1"},
				"east": {"uv": [0, 0, 4, 1], "rotation": 180, "texture": "#1"},
				"south": {"uv": [0, 0, 4, 1], "rotation": 180, "texture": "#1"},
				"west": {"uv": [0, 0, 4, 1], "rotation": 180, "texture": "#1"},
				"up": {"uv": [0, 0, 4, 4], "rotation": 180, "texture": "#1"},
				"down": {"uv": [0, 0, 4, 4], "rotation": 180, "texture": "#1"}
			}
		},
		{
			"name": "Cube",
			"from": [5.10847, 4.82206, 12.9],
			"to": [6.10847, 5.47206, 13.1],
			"rotation": {"angle": -45, "axis": "z", "origin": [3.15847, 3.32206, 9]},
			"faces": {
				"north": {"uv": [0, 0, 4, 1], "rotation": 180, "texture": "#1"},
				"east": {"uv": [0, 0, 4, 1], "rotation": 180, "texture": "#1"},
				"south": {"uv": [0, 0, 4, 1], "rotation": 180, "texture": "#1"},
				"west": {"uv": [0, 0, 4, 1], "rotation": 180, "texture": "#1"},
				"up": {"uv": [0, 0, 4, 4], "rotation": 180, "texture": "#1"},
				"down": {"uv": [0, 0, 4, 4], "rotation": 180, "texture": "#1"}
			}
		},
		{
			"name": "Cube",
			"from": [4.9358, 1.1618, 12.9],
			"to": [5.0858, 3.4618, 13.1],
			"rotation": {"angle": 22.5, "axis": "z", "origin": [2.9358, 4.1118, 9]},
			"faces": {
				"north": {"uv": [0, 0, 4, 1], "rotation": 90, "texture": "#1"},
				"east": {"uv": [0, 0, 4, 4], "rotation": 270, "texture": "#1"},
				"south": {"uv": [0, 0, 4, 1], "rotation": 270, "texture": "#1"},
				"west": {"uv": [0, 0, 4, 4], "rotation": 270, "texture": "#1"},
				"up": {"uv": [0, 0, 4, 1], "rotation": 270, "texture": "#1"},
				"down": {"uv": [0, 0, 4, 1], "rotation": 270, "texture": "#1"}
			}
		},
		{
			"name": "Cube",
			"from": [5.0858, 1.8618, 12.9],
			"to": [5.3358, 3.0618, 13.1],
			"rotation": {"angle": 22.5, "axis": "z", "origin": [3.0858, 3.9118, 9]},
			"faces": {
				"north": {"uv": [0, 0, 4, 1], "rotation": 90, "texture": "#1"},
				"east": {"uv": [0, 0, 4, 4], "rotation": 270, "texture": "#1"},
				"south": {"uv": [0, 0, 4, 1], "rotation": 270, "texture": "#1"},
				"west": {"uv": [0, 0, 4, 4], "rotation": 270, "texture": "#1"},
				"up": {"uv": [0, 0, 4, 1], "rotation": 270, "texture": "#1"},
				"down": {"uv": [0, 0, 4, 1], "rotation": 270, "texture": "#1"}
			}
		},
		{
			"name": "Cube",
			"from": [5.3358, 1.3618, 12.9],
			"to": [5.7858, 2.5618, 13.1],
			"rotation": {"angle": 22.5, "axis": "z", "origin": [3.3358, 3.4118, 9]},
			"faces": {
				"north": {"uv": [0, 0, 4, 1], "rotation": 90, "texture": "#1"},
				"east": {"uv": [0, 0, 4, 4], "rotation": 270, "texture": "#1"},
				"south": {"uv": [0, 0, 4, 1], "rotation": 270, "texture": "#1"},
				"west": {"uv": [0, 0, 4, 4], "rotation": 270, "texture": "#1"},
				"up": {"uv": [0, 0, 4, 1], "rotation": 270, "texture": "#1"},
				"down": {"uv": [0, 0, 4, 1], "rotation": 270, "texture": "#1"}
			}
		},
		{
			"name": "Cube",
			"from": [4.18011, 2.31721, 12.9],
			"to": [5.08011, 2.96721, 13.1],
			"rotation": {"angle": -22.5, "axis": "z", "origin": [2.53011, 0.41721, 9]},
			"faces": {
				"north": {"uv": [0, 0, 4, 1], "rotation": 180, "texture": "#1"},
				"east": {"uv": [0, 0, 4, 1], "rotation": 180, "texture": "#1"},
				"south": {"uv": [0, 0, 4, 1], "rotation": 180, "texture": "#1"},
				"west": {"uv": [0, 0, 4, 1], "rotation": 180, "texture": "#1"},
				"up": {"uv": [0, 0, 4, 4], "rotation": 180, "texture": "#1"},
				"down": {"uv": [0, 0, 4, 4], "rotation": 180, "texture": "#1"}
			}
		},
		{
			"name": "Cube",
			"from": [7.2158, 0.70994, 12.9],
			"to": [8.5158, 1.35994, 13.1],
			"rotation": {"angle": 22.5, "axis": "z", "origin": [5.5658, -1.19006, 9]},
			"faces": {
				"north": {"uv": [0, 0, 4, 1], "rotation": 180, "texture": "#1"},
				"east": {"uv": [0, 0, 4, 1], "rotation": 180, "texture": "#1"},
				"south": {"uv": [0, 0, 4, 1], "rotation": 180, "texture": "#1"},
				"west": {"uv": [0, 0, 4, 1], "rotation": 180, "texture": "#1"},
				"up": {"uv": [0, 0, 4, 4], "rotation": 180, "texture": "#1"},
				"down": {"uv": [0, 0, 4, 4], "rotation": 180, "texture": "#1"}
			}
		},
		{
			"name": "Cube",
			"from": [5.55939, 6.089, 12.4],
			"to": [6.45939, 6.989, 12.6],
			"rotation": {"angle": -22.5, "axis": "z", "origin": [6.10939, 6.339, 12.5]},
			"faces": {
				"north": {"uv": [0, 0, 4, 1], "texture": "#1"},
				"east": {"uv": [0, 0, 4, 1], "texture": "#1"},
				"south": {"uv": [0, 0, 4, 1], "texture": "#1"},
				"west": {"uv": [0, 0, 4, 1], "texture": "#1"},
				"up": {"uv": [0, 0, 4, 4], "texture": "#1"},
				"down": {"uv": [0, 0, 4, 4], "texture": "#1"}
			}
		},
		{
			"name": "Cube",
			"from": [9.80939, 6.589, 12.4],
			"to": [11.00939, 7.089, 12.6],
			"rotation": {"angle": 45, "axis": "z", "origin": [10.35939, 6.439, 12.5]},
			"faces": {
				"north": {"uv": [0, 0, 4, 1], "texture": "#1"},
				"east": {"uv": [0, 0, 4, 1], "texture": "#1"},
				"south": {"uv": [0, 0, 4, 1], "texture": "#1"},
				"west": {"uv": [0, 0, 4, 1], "texture": "#1"},
				"up": {"uv": [0, 0, 4, 4], "texture": "#1"},
				"down": {"uv": [0, 0, 4, 4], "texture": "#1"}
			}
		},
		{
			"name": "Cube",
			"from": [9.05939, 6.589, 12.4],
			"to": [10.25939, 6.739, 12.6],
			"rotation": {"angle": 45, "axis": "z", "origin": [10.35939, 6.439, 12.5]},
			"faces": {
				"north": {"uv": [0, 0, 4, 1], "texture": "#1"},
				"east": {"uv": [0, 0, 4, 1], "texture": "#1"},
				"south": {"uv": [0, 0, 4, 1], "texture": "#1"},
				"west": {"uv": [0, 0, 4, 1], "texture": "#1"},
				"up": {"uv": [0, 0, 4, 4], "texture": "#1"},
				"down": {"uv": [0, 0, 4, 4], "texture": "#1"}
			}
		},
		{
			"name": "Cube",
			"from": [9.80939, 6.589, 12.4],
			"to": [11.00939, 7.089, 12.6],
			"rotation": {"angle": 45, "axis": "z", "origin": [10.35939, 6.439, 12.5]},
			"faces": {
				"north": {"uv": [0, 0, 4, 1], "texture": "#1"},
				"east": {"uv": [0, 0, 4, 1], "texture": "#1"},
				"south": {"uv": [0, 0, 4, 1], "texture": "#1"},
				"west": {"uv": [0, 0, 4, 1], "texture": "#1"},
				"up": {"uv": [0, 0, 4, 4], "texture": "#1"},
				"down": {"uv": [0, 0, 4, 4], "texture": "#1"}
			}
		},
		{
			"name": "Cube",
			"from": [9.05939, 6.589, 12.4],
			"to": [10.25939, 6.739, 12.6],
			"rotation": {"angle": 45, "axis": "z", "origin": [10.35939, 6.439, 12.5]},
			"faces": {
				"north": {"uv": [0, 0, 4, 1], "texture": "#1"},
				"east": {"uv": [0, 0, 4, 1], "texture": "#1"},
				"south": {"uv": [0, 0, 4, 1], "texture": "#1"},
				"west": {"uv": [0, 0, 4, 1], "texture": "#1"},
				"up": {"uv": [0, 0, 4, 4], "texture": "#1"},
				"down": {"uv": [0, 0, 4, 4], "texture": "#1"}
			}
		},
		{
			"name": "Cube",
			"from": [9.45939, 6.639, 12.4],
			"to": [10.25939, 6.889, 12.6],
			"rotation": {"angle": 45, "axis": "z", "origin": [10.35939, 6.439, 12.5]},
			"faces": {
				"north": {"uv": [0, 0, 4, 1], "texture": "#1"},
				"east": {"uv": [0, 0, 4, 1], "texture": "#1"},
				"south": {"uv": [0, 0, 4, 1], "texture": "#1"},
				"west": {"uv": [0, 0, 4, 1], "texture": "#1"},
				"up": {"uv": [0, 0, 4, 4], "texture": "#1"},
				"down": {"uv": [0, 0, 4, 4], "texture": "#1"}
			}
		},
		{
			"name": "Cube",
			"from": [9.80939, 6.989, 12.4],
			"to": [11.10939, 7.089, 12.6],
			"rotation": {"angle": 45, "axis": "z", "origin": [10.35939, 6.439, 12.5]},
			"faces": {
				"north": {"uv": [0, 0, 4, 1], "texture": "#1"},
				"east": {"uv": [0, 0, 4, 1], "texture": "#1"},
				"south": {"uv": [0, 0, 4, 1], "texture": "#1"},
				"west": {"uv": [0, 0, 4, 1], "texture": "#1"},
				"up": {"uv": [0, 0, 4, 4], "texture": "#1"},
				"down": {"uv": [0, 0, 4, 4], "texture": "#1"}
			}
		},
		{
			"name": "Cube",
			"from": [10.40081, 7.05824, 12.4],
			"to": [10.50081, 7.35824, 12.6],
			"rotation": {"angle": 0, "axis": "z", "origin": [11.05081, 6.60824, 12.5]},
			"faces": {
				"north": {"uv": [0, 0, 4, 1], "rotation": 90, "texture": "#1"},
				"east": {"uv": [0, 0, 4, 4], "rotation": 270, "texture": "#1"},
				"south": {"uv": [0, 0, 4, 1], "rotation": 270, "texture": "#1"},
				"west": {"uv": [0, 0, 4, 4], "rotation": 270, "texture": "#1"},
				"up": {"uv": [0, 0, 4, 1], "rotation": 270, "texture": "#1"},
				"down": {"uv": [0, 0, 4, 1], "rotation": 270, "texture": "#1"}
			}
		},
		{
			"name": "Cube",
			"from": [8.80939, 6.589, 12.4],
			"to": [10.70939, 6.689, 12.6],
			"rotation": {"angle": 45, "axis": "z", "origin": [10.35939, 6.439, 12.5]},
			"faces": {
				"north": {"uv": [0, 0, 4, 1], "texture": "#1"},
				"east": {"uv": [0, 0, 4, 1], "texture": "#1"},
				"south": {"uv": [0, 0, 4, 1], "texture": "#1"},
				"west": {"uv": [0, 0, 4, 1], "texture": "#1"},
				"up": {"uv": [0, 0, 4, 4], "texture": "#1"},
				"down": {"uv": [0, 0, 4, 4], "texture": "#1"}
			}
		},
		{
			"name": "Cube",
			"from": [9.35789, 5.4, 12.4],
			"to": [9.45789, 6.44, 12.6],
			"rotation": {"angle": -22.5, "axis": "z", "origin": [9.60789, 6.09068, 12.5]},
			"faces": {
				"north": {"uv": [0, 0, 4, 1], "rotation": 90, "texture": "#1"},
				"east": {"uv": [0, 0, 4, 4], "rotation": 270, "texture": "#1"},
				"south": {"uv": [0, 0, 4, 1], "rotation": 270, "texture": "#1"},
				"west": {"uv": [0, 0, 4, 4], "rotation": 270, "texture": "#1"},
				"up": {"uv": [0, 0, 4, 1], "rotation": 270, "texture": "#1"},
				"down": {"uv": [0, 0, 4, 1], "rotation": 270, "texture": "#1"}
			}
		},
		{
			"name": "Cube",
			"from": [9.35789, 5.75, 12.4],
			"to": [9.60789, 6.44, 12.6],
			"rotation": {"angle": -22.5, "axis": "z", "origin": [9.60789, 6.09068, 12.5]},
			"faces": {
				"north": {"uv": [0, 0, 4, 1], "rotation": 90, "texture": "#1"},
				"east": {"uv": [0, 0, 4, 4], "rotation": 270, "texture": "#1"},
				"south": {"uv": [0, 0, 4, 1], "rotation": 270, "texture": "#1"},
				"west": {"uv": [0, 0, 4, 4], "rotation": 270, "texture": "#1"},
				"up": {"uv": [0, 0, 4, 1], "rotation": 270, "texture": "#1"},
				"down": {"uv": [0, 0, 4, 1], "rotation": 270, "texture": "#1"}
			}
		},
		{
			"name": "Cube",
			"from": [5.65939, 5.989, 12.4],
			"to": [6.45939, 6.989, 12.6],
			"rotation": {"angle": -22.5, "axis": "z", "origin": [6.10939, 6.339, 12.5]},
			"faces": {
				"north": {"uv": [0, 0, 4, 1], "texture": "#1"},
				"east": {"uv": [0, 0, 4, 1], "texture": "#1"},
				"south": {"uv": [0, 0, 4, 1], "texture": "#1"},
				"west": {"uv": [0, 0, 4, 1], "texture": "#1"},
				"up": {"uv": [0, 0, 4, 4], "texture": "#1"},
				"down": {"uv": [0, 0, 4, 4], "texture": "#1"}
			}
		},
		{
			"name": "Cube",
			"from": [5.63, 5.989, 12.4],
			"to": [6.46, 6.989, 12.6],
			"rotation": {"angle": -22.5, "axis": "z", "origin": [6.40939, 6.339, 12.5]},
			"faces": {
				"north": {"uv": [0, 0, 4, 1], "texture": "#1"},
				"east": {"uv": [0, 0, 4, 1], "texture": "#1"},
				"south": {"uv": [0, 0, 4, 1], "texture": "#1"},
				"west": {"uv": [0, 0, 4, 1], "texture": "#1"},
				"up": {"uv": [0, 0, 4, 4], "texture": "#1"},
				"down": {"uv": [0, 0, 4, 4], "texture": "#1"}
			}
		},
		{
			"name": "Cube",
			"from": [6.86428, 4.96351, 12.4],
			"to": [6.96428, 6.71351, 12.6],
			"rotation": {"angle": 22.5, "axis": "z", "origin": [6.31428, 6.16351, 12.5]},
			"faces": {
				"north": {"uv": [0, 0, 4, 1], "rotation": 270, "texture": "#1"},
				"east": {"uv": [0, 0, 4, 4], "rotation": 90, "texture": "#1"},
				"south": {"uv": [0, 0, 4, 1], "rotation": 90, "texture": "#1"},
				"west": {"uv": [0, 0, 4, 4], "rotation": 90, "texture": "#1"},
				"up": {"uv": [0, 0, 4, 1], "rotation": 90, "texture": "#1"},
				"down": {"uv": [0, 0, 4, 1], "rotation": 90, "texture": "#1"}
			}
		},
		{
			"name": "Cube",
			"from": [6.76428, 5.21351, 12.4],
			"to": [6.96428, 6.71351, 12.6],
			"rotation": {"angle": 22.5, "axis": "z", "origin": [6.31428, 6.16351, 12.5]},
			"faces": {
				"north": {"uv": [0, 0, 4, 1], "rotation": 270, "texture": "#1"},
				"east": {"uv": [0, 0, 4, 4], "rotation": 90, "texture": "#1"},
				"south": {"uv": [0, 0, 4, 1], "rotation": 90, "texture": "#1"},
				"west": {"uv": [0, 0, 4, 4], "rotation": 90, "texture": "#1"},
				"up": {"uv": [0, 0, 4, 1], "rotation": 90, "texture": "#1"},
				"down": {"uv": [0, 0, 4, 1], "rotation": 90, "texture": "#1"}
			}
		},
		{
			"name": "Cube",
			"from": [4.81428, 6.31351, 12.4],
			"to": [5.01428, 7.06351, 12.6],
			"rotation": {"angle": 22.5, "axis": "z", "origin": [4.36428, 7.26351, 12.5]},
			"faces": {
				"north": {"uv": [0, 0, 4, 1], "rotation": 270, "texture": "#1"},
				"east": {"uv": [0, 0, 4, 4], "rotation": 90, "texture": "#1"},
				"south": {"uv": [0, 0, 4, 1], "rotation": 90, "texture": "#1"},
				"west": {"uv": [0, 0, 4, 4], "rotation": 90, "texture": "#1"},
				"up": {"uv": [0, 0, 4, 1], "rotation": 90, "texture": "#1"},
				"down": {"uv": [0, 0, 4, 1], "rotation": 90, "texture": "#1"}
			}
		},
		{
			"name": "Cube",
			"from": [4.85656, 7.25094, 12.4],
			"to": [5.05656, 7.30094, 12.6],
			"rotation": {"angle": 0, "axis": "z", "origin": [4.40656, 8.20094, 12.5]},
			"faces": {
				"north": {"uv": [0, 0, 4, 1], "rotation": 270, "texture": "#1"},
				"east": {"uv": [0, 0, 4, 4], "rotation": 90, "texture": "#1"},
				"south": {"uv": [0, 0, 4, 1], "rotation": 90, "texture": "#1"},
				"west": {"uv": [0, 0, 4, 4], "rotation": 90, "texture": "#1"},
				"up": {"uv": [0, 0, 4, 1], "rotation": 90, "texture": "#1"},
				"down": {"uv": [0, 0, 4, 1], "rotation": 90, "texture": "#1"}
			}
		},
		{
			"name": "Cube",
			"from": [5.25437, 7.40084, 12.4],
			"to": [5.45437, 7.45084, 12.6],
			"rotation": {"angle": -22.5, "axis": "z", "origin": [4.80437, 8.35084, 12.5]},
			"faces": {
				"north": {"uv": [0, 0, 4, 1], "rotation": 270, "texture": "#1"},
				"east": {"uv": [0, 0, 4, 4], "rotation": 90, "texture": "#1"},
				"south": {"uv": [0, 0, 4, 1], "rotation": 90, "texture": "#1"},
				"west": {"uv": [0, 0, 4, 4], "rotation": 90, "texture": "#1"},
				"up": {"uv": [0, 0, 4, 1], "rotation": 90, "texture": "#1"},
				"down": {"uv": [0, 0, 4, 1], "rotation": 90, "texture": "#1"}
			}
		},
		{
			"name": "Cube",
			"from": [5.33828, 8.18354, 12.4],
			"to": [5.43828, 8.38354, 12.6],
			"rotation": {"angle": 22.5, "axis": "z", "origin": [6.28828, 8.83354, 12.5]},
			"faces": {
				"north": {"uv": [0, 0, 4, 1], "rotation": 180, "texture": "#1"},
				"east": {"uv": [0, 0, 4, 1], "rotation": 180, "texture": "#1"},
				"south": {"uv": [0, 0, 4, 1], "rotation": 180, "texture": "#1"},
				"west": {"uv": [0, 0, 4, 1], "rotation": 180, "texture": "#1"},
				"up": {"uv": [0, 0, 4, 4], "rotation": 180, "texture": "#1"},
				"down": {"uv": [0, 0, 4, 4], "rotation": 180, "texture": "#1"}
			}
		},
		{
			"name": "Cube",
			"from": [5.67519, 7.89251, 12.4],
			"to": [5.77519, 8.09251, 12.6],
			"rotation": {"angle": 0, "axis": "z", "origin": [6.62519, 8.54251, 12.5]},
			"faces": {
				"north": {"uv": [0, 0, 4, 1], "rotation": 180, "texture": "#1"},
				"east": {"uv": [0, 0, 4, 1], "rotation": 180, "texture": "#1"},
				"south": {"uv": [0, 0, 4, 1], "rotation": 180, "texture": "#1"},
				"west": {"uv": [0, 0, 4, 1], "rotation": 180, "texture": "#1"},
				"up": {"uv": [0, 0, 4, 4], "rotation": 180, "texture": "#1"},
				"down": {"uv": [0, 0, 4, 4], "rotation": 180, "texture": "#1"}
			}
		},
		{
			"name": "Cube",
			"from": [5.87509, 7.49471, 12.4],
			"to": [7.17509, 7.69471, 12.6],
			"rotation": {"angle": -22.5, "axis": "z", "origin": [6.82509, 8.14471, 12.5]},
			"faces": {
				"north": {"uv": [0, 0, 4, 1], "rotation": 180, "texture": "#1"},
				"east": {"uv": [0, 0, 4, 1], "rotation": 180, "texture": "#1"},
				"south": {"uv": [0, 0, 4, 1], "rotation": 180, "texture": "#1"},
				"west": {"uv": [0, 0, 4, 1], "rotation": 180, "texture": "#1"},
				"up": {"uv": [0, 0, 4, 4], "rotation": 180, "texture": "#1"},
				"down": {"uv": [0, 0, 4, 4], "rotation": 180, "texture": "#1"}
			}
		},
		{
			"name": "Cube",
			"from": [7.01619, 6.59147, 12.4],
			"to": [7.61619, 6.79147, 12.6],
			"rotation": {"angle": -45, "axis": "z", "origin": [7.96619, 7.24147, 12.5]},
			"faces": {
				"north": {"uv": [0, 0, 4, 1], "rotation": 180, "texture": "#1"},
				"east": {"uv": [0, 0, 4, 1], "rotation": 180, "texture": "#1"},
				"south": {"uv": [0, 0, 4, 1], "rotation": 180, "texture": "#1"},
				"west": {"uv": [0, 0, 4, 1], "rotation": 180, "texture": "#1"},
				"up": {"uv": [0, 0, 4, 4], "rotation": 180, "texture": "#1"},
				"down": {"uv": [0, 0, 4, 4], "rotation": 180, "texture": "#1"}
			}
		},
		{
			"name": "Cube",
			"from": [7.5298, 7.01528, 12.4],
			"to": [7.7298, 7.41528, 12.6],
			"rotation": {"angle": 22.5, "axis": "z", "origin": [8.1798, 6.46528, 12.5]},
			"faces": {
				"north": {"uv": [0, 0, 4, 1], "rotation": 90, "texture": "#1"},
				"east": {"uv": [0, 0, 4, 4], "rotation": 270, "texture": "#1"},
				"south": {"uv": [0, 0, 4, 1], "rotation": 270, "texture": "#1"},
				"west": {"uv": [0, 0, 4, 4], "rotation": 270, "texture": "#1"},
				"up": {"uv": [0, 0, 4, 1], "rotation": 270, "texture": "#1"},
				"down": {"uv": [0, 0, 4, 1], "rotation": 270, "texture": "#1"}
			}
		},
		{
			"name": "Cube",
			"from": [5.67925, 7.38709, 12.4],
			"to": [5.87925, 8.38709, 12.6],
			"rotation": {"angle": -45, "axis": "z", "origin": [5.22925, 8.33709, 12.5]},
			"faces": {
				"north": {"uv": [0, 0, 4, 1], "rotation": 270, "texture": "#1"},
				"east": {"uv": [0, 0, 4, 4], "rotation": 90, "texture": "#1"},
				"south": {"uv": [0, 0, 4, 1], "rotation": 90, "texture": "#1"},
				"west": {"uv": [0, 0, 4, 4], "rotation": 90, "texture": "#1"},
				"up": {"uv": [0, 0, 4, 1], "rotation": 90, "texture": "#1"},
				"down": {"uv": [0, 0, 4, 1], "rotation": 90, "texture": "#1"}
			}
		},
		{
			"name": "Cube",
			"from": [10.04448, 7.26055, 12.4],
			"to": [10.24448, 7.76055, 12.6],
			"rotation": {"angle": -45, "axis": "z", "origin": [9.59448, 8.21055, 12.5]},
			"faces": {
				"north": {"uv": [0, 0, 4, 1], "rotation": 270, "texture": "#1"},
				"east": {"uv": [0, 0, 4, 4], "rotation": 90, "texture": "#1"},
				"south": {"uv": [0, 0, 4, 1], "rotation": 90, "texture": "#1"},
				"west": {"uv": [0, 0, 4, 4], "rotation": 90, "texture": "#1"},
				"up": {"uv": [0, 0, 4, 1], "rotation": 90, "texture": "#1"},
				"down": {"uv": [0, 0, 4, 1], "rotation": 90, "texture": "#1"}
			}
		},
		{
			"name": "Cube",
			"from": [9.33473, 7.77999, 12.4],
			"to": [10.03473, 7.97999, 12.6],
			"rotation": {"angle": 22.5, "axis": "z", "origin": [10.48473, 8.42999, 12.5]},
			"faces": {
				"north": {"uv": [0, 0, 4, 1], "rotation": 180, "texture": "#1"},
				"east": {"uv": [0, 0, 4, 1], "rotation": 180, "texture": "#1"},
				"south": {"uv": [0, 0, 4, 1], "rotation": 180, "texture": "#1"},
				"west": {"uv": [0, 0, 4, 1], "rotation": 180, "texture": "#1"},
				"up": {"uv": [0, 0, 4, 4], "rotation": 180, "texture": "#1"},
				"down": {"uv": [0, 0, 4, 4], "rotation": 180, "texture": "#1"}
			}
		},
		{
			"name": "Cube",
			"from": [10.24119, 7.64203, 12.4],
			"to": [10.44119, 7.84203, 12.6],
			"rotation": {"angle": 0, "axis": "z", "origin": [11.39119, 8.29203, 12.5]},
			"faces": {
				"north": {"uv": [0, 0, 4, 1], "rotation": 180, "texture": "#1"},
				"east": {"uv": [0, 0, 4, 1], "rotation": 180, "texture": "#1"},
				"south": {"uv": [0, 0, 4, 1], "rotation": 180, "texture": "#1"},
				"west": {"uv": [0, 0, 4, 1], "rotation": 180, "texture": "#1"},
				"up": {"uv": [0, 0, 4, 4], "rotation": 180, "texture": "#1"},
				"down": {"uv": [0, 0, 4, 4], "rotation": 180, "texture": "#1"}
			}
		},
		{
			"name": "Cube",
			"from": [10.52586, 7.16769, 12.4],
			"to": [10.72586, 7.36769, 12.6],
			"rotation": {"angle": -22.5, "axis": "z", "origin": [11.67586, 7.81769, 12.5]},
			"faces": {
				"north": {"uv": [0, 0, 4, 1], "rotation": 180, "texture": "#1"},
				"east": {"uv": [0, 0, 4, 1], "rotation": 180, "texture": "#1"},
				"south": {"uv": [0, 0, 4, 1], "rotation": 180, "texture": "#1"},
				"west": {"uv": [0, 0, 4, 1], "rotation": 180, "texture": "#1"},
				"up": {"uv": [0, 0, 4, 4], "rotation": 180, "texture": "#1"},
				"down": {"uv": [0, 0, 4, 4], "rotation": 180, "texture": "#1"}
			}
		},
		{
			"name": "Cube",
			"from": [10.60734, 6.62052, 12.4],
			"to": [11.40734, 6.82052, 12.6],
			"rotation": {"angle": -45, "axis": "z", "origin": [11.75734, 7.27052, 12.5]},
			"faces": {
				"north": {"uv": [0, 0, 4, 1], "rotation": 180, "texture": "#1"},
				"east": {"uv": [0, 0, 4, 1], "rotation": 180, "texture": "#1"},
				"south": {"uv": [0, 0, 4, 1], "rotation": 180, "texture": "#1"},
				"west": {"uv": [0, 0, 4, 1], "rotation": 180, "texture": "#1"},
				"up": {"uv": [0, 0, 4, 4], "rotation": 180, "texture": "#1"},
				"down": {"uv": [0, 0, 4, 4], "rotation": 180, "texture": "#1"}
			}
		},
		{
			"name": "Cube",
			"from": [11.39748, 7.35956, 12.4],
			"to": [11.59748, 7.45956, 12.6],
			"rotation": {"angle": 22.5, "axis": "z", "origin": [12.04748, 6.30956, 12.5]},
			"faces": {
				"north": {"uv": [0, 0, 4, 1], "rotation": 90, "texture": "#1"},
				"east": {"uv": [0, 0, 4, 4], "rotation": 270, "texture": "#1"},
				"south": {"uv": [0, 0, 4, 1], "rotation": 270, "texture": "#1"},
				"west": {"uv": [0, 0, 4, 4], "rotation": 270, "texture": "#1"},
				"up": {"uv": [0, 0, 4, 1], "rotation": 270, "texture": "#1"},
				"down": {"uv": [0, 0, 4, 1], "rotation": 270, "texture": "#1"}
			}
		},
		{
			"name": "Cube",
			"from": [11.02992, 7.00742, 12.4],
			"to": [11.22992, 7.10742, 12.6],
			"rotation": {"angle": 0, "axis": "z", "origin": [11.67992, 5.95742, 12.5]},
			"faces": {
				"north": {"uv": [0, 0, 4, 1], "rotation": 90, "texture": "#1"},
				"east": {"uv": [0, 0, 4, 4], "rotation": 270, "texture": "#1"},
				"south": {"uv": [0, 0, 4, 1], "rotation": 270, "texture": "#1"},
				"west": {"uv": [0, 0, 4, 4], "rotation": 270, "texture": "#1"},
				"up": {"uv": [0, 0, 4, 1], "rotation": 270, "texture": "#1"},
				"down": {"uv": [0, 0, 4, 1], "rotation": 270, "texture": "#1"}
			}
		},
		{
			"name": "Cube",
			"from": [10.55558, 6.22275, 12.4],
			"to": [10.75558, 6.92275, 12.6],
			"rotation": {"angle": -22.5, "axis": "z", "origin": [11.20558, 5.77275, 12.5]},
			"faces": {
				"north": {"uv": [0, 0, 4, 1], "rotation": 90, "texture": "#1"},
				"east": {"uv": [0, 0, 4, 4], "rotation": 270, "texture": "#1"},
				"south": {"uv": [0, 0, 4, 1], "rotation": 270, "texture": "#1"},
				"west": {"uv": [0, 0, 4, 4], "rotation": 270, "texture": "#1"},
				"up": {"uv": [0, 0, 4, 1], "rotation": 270, "texture": "#1"},
				"down": {"uv": [0, 0, 4, 1], "rotation": 270, "texture": "#1"}
			}
		},
		{
			"name": "Cube",
			"from": [5.74703, 6.04609, 12.4],
			"to": [5.94703, 6.18609, 12.6],
			"rotation": {"angle": 22.5, "axis": "z", "origin": [5.29703, 5.64609, 12.5]},
			"faces": {
				"north": {"uv": [0, 0, 4, 1], "rotation": 270, "texture": "#1"},
				"east": {"uv": [0, 0, 4, 4], "rotation": 90, "texture": "#1"},
				"south": {"uv": [0, 0, 4, 1], "rotation": 90, "texture": "#1"},
				"west": {"uv": [0, 0, 4, 4], "rotation": 90, "texture": "#1"},
				"up": {"uv": [0, 0, 4, 1], "rotation": 90, "texture": "#1"},
				"down": {"uv": [0, 0, 4, 1], "rotation": 90, "texture": "#1"}
			}
		},
		{
			"name": "Cube",
			"from": [6.66428, 5.46351, 12.4],
			"to": [6.96428, 6.71351, 12.6],
			"rotation": {"angle": 22.5, "axis": "z", "origin": [6.31428, 6.16351, 12.5]},
			"faces": {
				"north": {"uv": [0, 0, 4, 1], "rotation": 270, "texture": "#1"},
				"east": {"uv": [0, 0, 4, 4], "rotation": 90, "texture": "#1"},
				"south": {"uv": [0, 0, 4, 1], "rotation": 90, "texture": "#1"},
				"west": {"uv": [0, 0, 4, 4], "rotation": 90, "texture": "#1"},
				"up": {"uv": [0, 0, 4, 1], "rotation": 90, "texture": "#1"},
				"down": {"uv": [0, 0, 4, 1], "rotation": 90, "texture": "#1"}
			}
		},
		{
			"name": "Cube",
			"from": [6.36428, 5.76351, 12.4],
			"to": [6.96428, 6.71351, 12.6],
			"rotation": {"angle": 22.5, "axis": "z", "origin": [6.31428, 6.16351, 12.5]},
			"faces": {
				"north": {"uv": [0, 0, 4, 1], "rotation": 270, "texture": "#1"},
				"east": {"uv": [0, 0, 4, 4], "rotation": 90, "texture": "#1"},
				"south": {"uv": [0, 0, 4, 1], "rotation": 90, "texture": "#1"},
				"west": {"uv": [0, 0, 4, 4], "rotation": 90, "texture": "#1"},
				"up": {"uv": [0, 0, 4, 1], "rotation": 90, "texture": "#1"},
				"down": {"uv": [0, 0, 4, 1], "rotation": 90, "texture": "#1"}
			}
		},
		{
			"name": "Cube",
			"from": [6.25355, 7.12574, 12.4],
			"to": [6.37855, 7.27574, 12.6],
			"rotation": {"angle": 45, "axis": "z", "origin": [6.20355, 6.72574, 12.5]},
			"faces": {
				"north": {"uv": [0, 0, 4, 1], "rotation": 270, "texture": "#1"},
				"east": {"uv": [0, 0, 4, 4], "rotation": 90, "texture": "#1"},
				"south": {"uv": [0, 0, 4, 1], "rotation": 90, "texture": "#1"},
				"west": {"uv": [0, 0, 4, 4], "rotation": 90, "texture": "#1"},
				"up": {"uv": [0, 0, 4, 1], "rotation": 90, "texture": "#1"},
				"down": {"uv": [0, 0, 4, 1], "rotation": 90, "texture": "#1"}
			}
		},
		{
			"name": "Cube",
			"from": [5.65939, 5.989, 12.4],
			"to": [7.15939, 6.339, 12.6],
			"rotation": {"angle": -22.5, "axis": "z", "origin": [6.10939, 6.339, 12.5]},
			"faces": {
				"north": {"uv": [0, 0, 4, 1], "texture": "#1"},
				"east": {"uv": [0, 0, 4, 1], "texture": "#1"},
				"south": {"uv": [0, 0, 4, 1], "texture": "#1"},
				"west": {"uv": [0, 0, 4, 1], "texture": "#1"},
				"up": {"uv": [0, 0, 4, 4], "texture": "#1"},
				"down": {"uv": [0, 0, 4, 4], "texture": "#1"}
			}
		},
		{
			"name": "Cube",
			"from": [6.99948, 5.14408, 12.4],
			"to": [7.79948, 5.24408, 12.6],
			"rotation": {"angle": -45, "axis": "z", "origin": [7.54948, 5.49408, 12.5]},
			"faces": {
				"north": {"uv": [0, 0, 4, 1], "texture": "#1"},
				"east": {"uv": [0, 0, 4, 1], "texture": "#1"},
				"south": {"uv": [0, 0, 4, 1], "texture": "#1"},
				"west": {"uv": [0, 0, 4, 1], "texture": "#1"},
				"up": {"uv": [0, 0, 4, 4], "texture": "#1"},
				"down": {"uv": [0, 0, 4, 4], "texture": "#1"}
			}
		}
	],
	"display": {
		"thirdperson_righthand": {
			"rotation": [0, 144, 0],
			"translation": [-2.78, 2.086, 0],
			"scale": [0.547, 0.486, 0.408]
		},
		"thirdperson_lefthand": {
			"rotation": [0, 144, 0],
			"translation": [-2.782, 2.0869, 0],
			"scale": [0.5478, 0.4869, 0.4086]
		},
		"firstperson_righthand": {
			"rotation": [-19, -61, 5],
			"translation": [-1.391, -2.086, -0.695]
		},
		"firstperson_lefthand": {
			"rotation": [-19, 108, -3],
			"translation": [0, -2.086, 0]
		},
		"ground": {
			"rotation": [0, 0, -17],
			"translation": [0, 3.4782, 0],
			"scale": [0.7565, 0.7565, 0.7217]
		},
		"gui": {
			"translation": [1.055, 1.3912, 0]
		},
		"head": {
			"rotation": [0, -180, 0],
			"translation": [0, 7, -0.5],
			"scale": [1.68, 1.68, 1.68]
		},
		"fixed": {
			"rotation": [0, -180, 0],
			"translation": [-1.141, 1.3913, -0.4131],
			"scale": [0.8608, 1, 1]
		}
	},
	"groups": [
		{
			"name": "Head",
			"origin": [6.61831, 12.84015, 7.55],
			"children": [0, 1, 2, 3, 4, 5, 6, 7, 8, 9, 10, 11, 12, 13, 14, 15]
		},
		{
			"name": "Spider",
			"origin": [8.33016, 10.44981, 7.65],
			"children": [16, 17, 18, 19, 20, 21, 22, 23, 24, 25, 26, 27, 28, 29, 30, 31, 32, 33, 34, 35, 36, 37, 38, 39, 40, 41, 42, 43, 44, 45, 46, 47, 48, 49, 50, 51]
		},
		{
			"name": "Mouth",
			"origin": [5.5658, 0.30994, 9],
			"children": [52, 53, 54, 55, 56, 57, 58, 59, 60, 61, 62, 63, 64, 65, 66, 67, 68, 69, 70, 71, 72, 73, 74, 75, 76, 77, 78, 79, 80, 81, 82, 83, 84, 85, 86, 87]
		},
		{
			"name": "Eyes",
			"origin": [10.7, 4.35, 9],
			"children": [88, 89, 90, 91, 92, 93, 94, 95, 96, 97, 98, 99, 100, 101, 102, 103, 104, 105, 106, 107, 108, 109, 110, 111, 112, 113, 114, 115, 116, 117, 118, 119, 120, 121, 122, 123, 124, 125]
		}
	]
}
