{
	"credit": "Made with Blockbench",
	"textures": {
		"0": "blocks/wool_colored_red",
		"1": "blocks/wool_colored_silver",
		"3": "blocks/wool_colored_black",
		"5": "blocks/wool_colored_white",
		"6": "blocks/wool_colored_blue",
		"8": "blocks/furnace_side",
		"9": "blocks/planks_oak",
		"voxels_palette": "textures/r2d2_hat"
	},
	"elements": [
		{
			"name": "Element",
			"from": [6, 0, 1.5],
			"to": [10, 1, 2],
			"faces": {
				"north": {"uv": [0, 5, 1, 6], "texture": "#6"},
				"east": {"uv": [0, 5, 1, 6], "texture": "#6"},
				"south": {"uv": [0, 5, 1, 6], "texture": "#6"},
				"west": {"uv": [0, 5, 1, 6], "texture": "#6"},
				"up": {"uv": [0, 5, 1, 6], "texture": "#1"},
				"down": {"uv": [0, 5, 1, 6], "texture": "#6"}
			}
		},
		{
			"name": "Element",
			"from": [1.375, 0, 6],
			"to": [13.875, 1.125, 10],
			"faces": {
				"north": {"uv": [0, 5, 1, 6], "texture": "#6"},
				"east": {"uv": [0, 5, 1, 6], "texture": "#6"},
				"south": {"uv": [0, 5, 1, 6], "texture": "#6"},
				"west": {"uv": [0, 5, 1, 6], "texture": "#6"},
				"up": {"uv": [0, 5, 1, 6], "texture": "#6"},
				"down": {"uv": [0, 5, 1, 6], "texture": "#6"}
			}
		},
		{
			"name": "Element",
			"from": [6, 0, 2],
			"to": [10, 1, 14.5],
			"faces": {
				"north": {"uv": [0, 5, 1, 6], "texture": "#6"},
				"east": {"uv": [0, 5, 1, 6], "texture": "#6"},
				"south": {"uv": [0, 5, 1, 6], "texture": "#6"},
				"west": {"uv": [0, 5, 1, 6], "texture": "#6"},
				"up": {"uv": [0, 5, 1, 6], "texture": "#1"},
				"down": {"uv": [0, 5, 1, 6], "texture": "#6"}
			}
		},
		{
			"name": "Element",
			"from": [14, 0, 6],
			"to": [14.5, 1, 10],
			"faces": {
				"north": {"uv": [0, 6, 1, 7], "texture": "#6"},
				"east": {"uv": [0, 6, 1, 7], "texture": "#6"},
				"south": {"uv": [0, 6, 1, 7], "texture": "#6"},
				"west": {"uv": [0, 6, 1, 7], "texture": "#6"},
				"up": {"uv": [0, 6, 1, 7], "texture": "#1"},
				"down": {"uv": [0, 6, 1, 7], "texture": "#6"}
			}
		},
		{
			"name": "Element",
			"from": [2, 0, 4],
			"to": [13, 1, 6],
			"faces": {
				"north": {"uv": [0, 5, 1, 6], "texture": "#6"},
				"east": {"uv": [0, 5, 1, 6], "texture": "#6"},
				"south": {"uv": [0, 5, 1, 6], "texture": "#6"},
				"west": {"uv": [0, 5, 1, 6], "texture": "#6"},
				"up": {"uv": [0, 5, 1, 6], "texture": "#1"},
				"down": {"uv": [0, 5, 1, 6], "texture": "#6"}
			}
		},
		{
			"name": "Element",
			"from": [2, 0, 10],
			"to": [3, 1, 12],
			"faces": {
				"north": {"uv": [0, 5, 1, 6], "texture": "#6"},
				"east": {"uv": [0, 5, 1, 6], "texture": "#6"},
				"south": {"uv": [0, 5, 1, 6], "texture": "#6"},
				"west": {"uv": [0, 5, 1, 6], "texture": "#6"},
				"up": {"uv": [0, 5, 1, 6], "texture": "#1"},
				"down": {"uv": [0, 5, 1, 6], "texture": "#6"}
			}
		},
		{
			"name": "Element",
			"from": [3, 0, 10],
			"to": [14, 1, 12],
			"faces": {
				"north": {"uv": [0, 5, 1, 6], "texture": "#6"},
				"east": {"uv": [0, 5, 1, 6], "texture": "#6"},
				"south": {"uv": [0, 5, 1, 6], "texture": "#6"},
				"west": {"uv": [0, 5, 1, 6], "texture": "#6"},
				"up": {"uv": [0, 5, 1, 6], "texture": "#1"},
				"down": {"uv": [0, 5, 1, 6], "texture": "#6"}
			}
		},
		{
			"name": "Element",
			"from": [13, 0, 4],
			"to": [14, 1, 6],
			"faces": {
				"north": {"uv": [0, 5, 1, 6], "texture": "#6"},
				"east": {"uv": [0, 5, 1, 6], "texture": "#6"},
				"south": {"uv": [0, 5, 1, 6], "texture": "#6"},
				"west": {"uv": [0, 5, 1, 6], "texture": "#6"},
				"up": {"uv": [0, 5, 1, 6], "texture": "#1"},
				"down": {"uv": [0, 5, 1, 6], "texture": "#6"}
			}
		},
		{
			"name": "Element",
			"from": [10, 0, 2],
			"to": [12, 1, 4],
			"faces": {
				"north": {"uv": [0, 5, 1, 6], "texture": "#6"},
				"east": {"uv": [0, 5, 1, 6], "texture": "#6"},
				"south": {"uv": [0, 5, 1, 6], "texture": "#6"},
				"west": {"uv": [0, 5, 1, 6], "texture": "#6"},
				"up": {"uv": [0, 5, 1, 6], "texture": "#1"},
				"down": {"uv": [0, 5, 1, 6], "texture": "#6"}
			}
		},
		{
			"name": "Element",
			"from": [4, 0, 2],
			"to": [6, 1, 4],
			"faces": {
				"north": {"uv": [0, 5, 1, 6], "texture": "#6"},
				"east": {"uv": [0, 5, 1, 6], "texture": "#6"},
				"south": {"uv": [0, 5, 1, 6], "texture": "#6"},
				"west": {"uv": [0, 5, 1, 6], "texture": "#6"},
				"up": {"uv": [0, 5, 1, 6], "texture": "#1"},
				"down": {"uv": [0, 5, 1, 6], "texture": "#6"}
			}
		},
		{
			"name": "Element",
			"from": [4, 0, 12],
			"to": [6, 1, 14],
			"faces": {
				"north": {"uv": [0, 5, 1, 6], "texture": "#6"},
				"east": {"uv": [0, 5, 1, 6], "texture": "#6"},
				"south": {"uv": [0, 5, 1, 6], "texture": "#6"},
				"west": {"uv": [0, 5, 1, 6], "texture": "#6"},
				"up": {"uv": [0, 5, 1, 6], "texture": "#1"},
				"down": {"uv": [0, 5, 1, 6], "texture": "#6"}
			}
		},
		{
			"name": "Element",
			"from": [10, 0, 12],
			"to": [12, 1, 14],
			"faces": {
				"north": {"uv": [0, 5, 1, 6], "texture": "#6"},
				"east": {"uv": [0, 5, 1, 6], "texture": "#6"},
				"south": {"uv": [0, 5, 1, 6], "texture": "#6"},
				"west": {"uv": [0, 5, 1, 6], "texture": "#6"},
				"up": {"uv": [0, 5, 1, 6], "texture": "#1"},
				"down": {"uv": [0, 5, 1, 6], "texture": "#6"}
			}
		},
		{
			"name": "Element",
			"from": [3, 0, 3],
			"to": [4, 1, 4],
			"faces": {
				"north": {"uv": [0, 5, 1, 6], "texture": "#6"},
				"east": {"uv": [0, 5, 1, 6], "texture": "#6"},
				"south": {"uv": [0, 5, 1, 6], "texture": "#6"},
				"west": {"uv": [0, 5, 1, 6], "texture": "#6"},
				"up": {"uv": [0, 5, 1, 6], "texture": "#1"},
				"down": {"uv": [0, 5, 1, 6], "texture": "#6"}
			}
		},
		{
			"name": "Element",
			"from": [3, 0, 12],
			"to": [4, 1, 13],
			"faces": {
				"north": {"uv": [0, 5, 1, 6], "texture": "#6"},
				"east": {"uv": [0, 5, 1, 6], "texture": "#6"},
				"south": {"uv": [0, 5, 1, 6], "texture": "#6"},
				"west": {"uv": [0, 5, 1, 6], "texture": "#6"},
				"up": {"uv": [0, 5, 1, 6], "texture": "#1"},
				"down": {"uv": [0, 5, 1, 6], "texture": "#6"}
			}
		},
		{
			"name": "Element",
			"from": [12, 0, 12],
			"to": [13, 1, 13],
			"faces": {
				"north": {"uv": [0, 5, 1, 6], "texture": "#6"},
				"east": {"uv": [0, 5, 1, 6], "texture": "#6"},
				"south": {"uv": [0, 5, 1, 6], "texture": "#6"},
				"west": {"uv": [0, 5, 1, 6], "texture": "#6"},
				"up": {"uv": [0, 5, 1, 6], "texture": "#1"},
				"down": {"uv": [0, 5, 1, 6], "texture": "#6"}
			}
		},
		{
			"name": "Element",
			"from": [12, 0, 3],
			"to": [13, 1, 4],
			"faces": {
				"north": {"uv": [0, 5, 1, 6], "texture": "#6"},
				"east": {"uv": [0, 5, 1, 6], "texture": "#6"},
				"south": {"uv": [0, 5, 1, 6], "texture": "#6"},
				"west": {"uv": [0, 5, 1, 6], "texture": "#6"},
				"up": {"uv": [0, 5, 1, 6], "texture": "#1"},
				"down": {"uv": [0, 5, 1, 6], "texture": "#6"}
			}
		},
		{
			"name": "Element",
			"from": [2, 1, 6],
			"to": [3, 2, 11],
			"faces": {
				"north": {"uv": [0, 0, 1, 1], "texture": "#1"},
				"east": {"uv": [0, 0, 6, 1], "texture": "#1"},
				"south": {"uv": [0, 0, 1, 1], "texture": "#1"},
				"west": {"uv": [0, 0, 0, 1], "texture": "#1"},
				"up": {"uv": [0, 0, 1, 6], "texture": "#1"},
				"down": {"uv": [0, 0, 1, 6], "texture": "#1"}
			}
		},
		{
			"name": "Element",
			"from": [13, 1, 5],
			"to": [14, 2, 7],
			"faces": {
				"north": {"uv": [0, 0, 6, 1], "texture": "#6"},
				"east": {"uv": [0, 0, 6, 1], "texture": "#6"},
				"south": {"uv": [0, 0, 6, 1], "texture": "#6"},
				"west": {"uv": [0, 0, 6, 1], "texture": "#6"},
				"up": {"uv": [0, 0, 6, 1], "texture": "#6"},
				"down": {"uv": [0, 0, 6, 1], "texture": "#6"}
			}
		},
		{
			"name": "Element",
			"from": [13, 1, 7],
			"to": [14, 2, 11],
			"faces": {
				"north": {"uv": [0, 0, 1, 1], "texture": "#1"},
				"east": {"uv": [0, 0, 1, 1], "texture": "#1"},
				"south": {"uv": [0, 0, 1, 1], "texture": "#1"},
				"west": {"uv": [0, 0, 1, 1], "texture": "#1"},
				"up": {"uv": [0, 0, 1, 1], "texture": "#1"},
				"down": {"uv": [0, 0, 1, 1], "texture": "#1"}
			}
		},
		{
			"name": "Element",
			"from": [5, 1, 13],
			"to": [11, 2, 14],
			"faces": {
				"north": {"uv": [0, 0, 6, 1], "texture": "#1"},
				"east": {"uv": [0, 0, 1, 1], "texture": "#1"},
				"south": {"uv": [0, 0, 6, 1], "texture": "#1"},
				"west": {"uv": [0, 0, 1, 1], "texture": "#6"},
				"up": {"uv": [0, 0, 6, 1], "texture": "#1"},
				"down": {"uv": [0, 0, 6, 1], "texture": "#1"}
			}
		},
		{
			"name": "Element",
			"from": [5, 1, 2],
			"to": [11, 2, 3],
			"faces": {
				"north": {"uv": [0, 0, 2, 1], "texture": "#6"},
				"east": {"uv": [0, 0, 2, 1], "texture": "#6"},
				"south": {"uv": [0, 0, 2, 1], "texture": "#6"},
				"west": {"uv": [0, 0, 2, 1], "texture": "#6"},
				"up": {"uv": [0, 0, 2, 1], "texture": "#6"},
				"down": {"uv": [0, 0, 2, 1], "texture": "#6"}
			}
		},
		{
			"name": "Element",
			"from": [7, 2, 2.4],
			"to": [9, 3, 3.4],
			"faces": {
				"north": {"uv": [0, 0, 2, 1], "texture": "#1"},
				"east": {"uv": [0, 0, 1, 1], "texture": "#1"},
				"south": {"uv": [0, 0, 2, 1], "texture": "#1"},
				"west": {"uv": [0, 0, 1, 1], "texture": "#1"},
				"up": {"uv": [0, 0, 2, 1], "texture": "#1"},
				"down": {"uv": [0, 0, 2, 1], "texture": "#1"}
			}
		},
		{
			"name": "Element",
			"from": [7, 2, 12],
			"to": [9, 3, 13.6],
			"faces": {
				"north": {"uv": [0, 0, 2, 1], "texture": "#1"},
				"east": {"uv": [0, 0, 1, 1], "texture": "#1"},
				"south": {"uv": [0, 0, 2, 1], "texture": "#1"},
				"west": {"uv": [0, 0, 1, 1], "texture": "#1"},
				"up": {"uv": [0, 0, 2, 1], "texture": "#1"},
				"down": {"uv": [0, 0, 2, 1], "texture": "#1"}
			}
		},
		{
			"name": "Element",
			"from": [2.4, 2, 7],
			"to": [3.275, 3, 9],
			"faces": {
				"north": {"uv": [0, 0, 1, 1], "texture": "#1"},
				"south": {"uv": [0, 0, 1, 1], "texture": "#1"},
				"west": {"uv": [0, 0, 2, 1], "texture": "#1"},
				"up": {"uv": [0, 0, 1, 2], "texture": "#1"},
				"down": {"uv": [0, 0, 1, 2], "texture": "#1"}
			}
		},
		{
			"name": "Element",
			"from": [13, 2, 7],
			"to": [13.6, 3, 9],
			"faces": {
				"north": {"uv": [0, 0, 1, 1], "texture": "#1"},
				"east": {"uv": [0, 0, 1, 1], "texture": "#1"},
				"south": {"uv": [0, 0, 1, 1], "texture": "#1"},
				"west": {"uv": [0, 0, 1, 1], "texture": "#1"},
				"up": {"uv": [0, 0, 1, 1], "texture": "#1"},
				"down": {"uv": [0, 0, 1, 1], "texture": "#1"}
			}
		},
		{
			"name": "Element",
			"from": [4, 1, 3],
			"to": [6, 2, 4],
			"faces": {
				"north": {"uv": [0, 0, 2, 1], "texture": "#6"},
				"east": {"uv": [0, 0, 1, 1], "texture": "#1"},
				"south": {"uv": [0, 0, 2, 1], "texture": "#1"},
				"west": {"uv": [0, 0, 1, 1], "texture": "#6"},
				"up": {"uv": [0, 0, 2, 1], "texture": "#6"},
				"down": {"uv": [0, 0, 2, 1], "texture": "#1"}
			}
		},
		{
			"name": "Element",
			"from": [4, 1, 12],
			"to": [6, 2, 13],
			"faces": {
				"north": {"uv": [0, 0, 2, 1], "texture": "#1"},
				"east": {"uv": [0, 0, 1, 1], "texture": "#1"},
				"south": {"uv": [0, 0, 2, 1], "texture": "#1"},
				"west": {"uv": [0, 0, 1, 1], "texture": "#6"},
				"up": {"uv": [0, 0, 2, 1], "texture": "#1"},
				"down": {"uv": [0, 0, 2, 1], "texture": "#1"}
			}
		},
		{
			"name": "Element",
			"from": [10, 1, 12],
			"to": [12, 2, 13],
			"faces": {
				"north": {"uv": [0, 0, 1, 1], "texture": "#1"},
				"east": {"uv": [0, 0, 1, 1], "texture": "#1"},
				"south": {"uv": [0, 0, 1, 1], "texture": "#1"},
				"west": {"uv": [0, 0, 1, 1], "texture": "#1"},
				"up": {"uv": [0, 0, 1, 1], "texture": "#1"},
				"down": {"uv": [0, 0, 1, 1], "texture": "#1"}
			}
		},
		{
			"name": "Element",
			"from": [10, 1, 3],
			"to": [12, 2, 4],
			"faces": {
				"north": {"uv": [0, 0, 1, 1], "texture": "#6"},
				"east": {"uv": [0, 0, 1, 1], "texture": "#6"},
				"south": {"uv": [0, 0, 1, 1], "texture": "#6"},
				"west": {"uv": [0, 0, 1, 1], "texture": "#6"},
				"up": {"uv": [0, 0, 1, 1], "texture": "#6"},
				"down": {"uv": [0, 0, 1, 1], "texture": "#6"}
			}
		},
		{
			"name": "Element",
			"from": [12, 1, 4],
			"to": [13, 2, 6],
			"faces": {
				"north": {"uv": [0, 0, 2, 1], "texture": "#6"},
				"east": {"uv": [0, 0, 2, 1], "texture": "#6"},
				"south": {"uv": [0, 0, 2, 1], "texture": "#6"},
				"west": {"uv": [0, 0, 2, 1], "texture": "#6"},
				"up": {"uv": [0, 0, 2, 1], "texture": "#6"},
				"down": {"uv": [0, 0, 2, 1], "texture": "#6"}
			}
		},
		{
			"name": "Element",
			"from": [12, 1, 10],
			"to": [13, 2, 12],
			"faces": {
				"north": {"uv": [0, 0, 1, 1], "texture": "#1"},
				"east": {"uv": [0, 0, 1, 1], "texture": "#1"},
				"south": {"uv": [0, 0, 1, 1], "texture": "#1"},
				"west": {"uv": [0, 0, 1, 1], "texture": "#1"},
				"up": {"uv": [0, 0, 1, 1], "texture": "#1"},
				"down": {"uv": [0, 0, 1, 1], "texture": "#1"}
			}
		},
		{
			"name": "Element",
			"from": [3, 1, 4],
			"to": [4, 2, 6],
			"faces": {
				"north": {"uv": [0, 0, 1, 1], "texture": "#6"},
				"east": {"uv": [0, 0, 2, 1], "texture": "#1"},
				"south": {"uv": [0, 0, 1, 1], "texture": "#1"},
				"west": {"uv": [0, 0, 2, 1], "texture": "#1"},
				"up": {"uv": [0, 0, 1, 2], "texture": "#1"},
				"down": {"uv": [0, 0, 1, 2], "texture": "#1"}
			}
		},
		{
			"name": "Element",
			"from": [2.9, 2, 5.13],
			"to": [3.9, 2.4, 5.88],
			"faces": {
				"north": {"uv": [3.375, 2, 3.75, 2.125], "texture": "#9"},
				"east": {"uv": [3.375, 2, 3.75, 2.125], "texture": "#9"},
				"south": {"uv": [3.375, 2, 3.75, 2.125], "texture": "#9"},
				"west": {"uv": [3.375, 2, 3.75, 2.125], "texture": "#9"},
				"up": {"uv": [3.375, 2, 3.75, 2.125], "texture": "#9"},
				"down": {"uv": [3.375, 2, 3.75, 2.125], "texture": "#9"}
			}
		},
		{
			"name": "Element",
			"from": [1.9, 1.2, 5.13],
			"to": [2.9, 1.8, 5.88],
			"faces": {
				"north": {"uv": [3.375, 2, 3.75, 2.125], "texture": "#9"},
				"east": {"uv": [3.375, 2, 3.75, 2.125], "texture": "#9"},
				"south": {"uv": [3.375, 2, 3.75, 2.125], "texture": "#9"},
				"west": {"uv": [3.375, 2, 3.75, 2.125], "texture": "#9"},
				"up": {"uv": [3.375, 2, 3.75, 2.125], "texture": "#9"},
				"down": {"uv": [3.375, 2, 3.75, 2.125], "texture": "#9"}
			}
		},
		{
			"name": "Element",
			"from": [2, 1, 5],
			"to": [3, 2, 6],
			"faces": {
				"north": {"uv": [0, 0, 1, 1], "texture": "#1"},
				"east": {"uv": [0, 0, 2, 1], "texture": "#1"},
				"south": {"uv": [0, 0, 1, 1], "texture": "#1"},
				"west": {"uv": [0, 0, 2, 1], "texture": "#6"},
				"up": {"uv": [0, 0, 1, 2], "texture": "#6"},
				"down": {"uv": [0, 0, 1, 2], "texture": "#1"}
			}
		},
		{
			"name": "Element",
			"from": [3, 2, 6],
			"to": [4, 3, 7],
			"faces": {
				"north": {"uv": [0, 0, 1, 1], "texture": "#1"},
				"east": {"uv": [0, 0, 1, 1], "texture": "#1"},
				"west": {"uv": [0, 0, 1, 1], "texture": "#1"},
				"down": {"uv": [0, 0, 1, 1], "texture": "#1"}
			}
		},
		{
			"name": "Element",
			"from": [12, 2, 6],
			"to": [13, 3, 7],
			"faces": {
				"north": {"uv": [0, 0, 1, 1], "texture": "#6"},
				"east": {"uv": [0, 0, 1, 1], "texture": "#6"},
				"south": {"uv": [0, 0, 1, 1], "texture": "#6"},
				"west": {"uv": [0, 0, 1, 1], "texture": "#6"},
				"up": {"uv": [0, 0, 1, 1], "texture": "#6"},
				"down": {"uv": [0, 0, 1, 1], "texture": "#6"}
			}
		},
		{
			"name": "Element",
			"from": [12, 2, 9],
			"to": [13, 3, 10],
			"faces": {
				"north": {"uv": [0, 0, 1, 1], "texture": "#1"},
				"east": {"uv": [0, 0, 1, 1], "texture": "#1"},
				"south": {"uv": [0, 0, 1, 1], "texture": "#1"},
				"west": {"uv": [0, 0, 1, 1], "texture": "#1"},
				"down": {"uv": [0, 0, 1, 1], "texture": "#1"}
			}
		},
		{
			"name": "Element",
			"from": [3, 2, 9],
			"to": [4, 3, 10],
			"faces": {
				"east": {"uv": [0, 0, 1, 1], "texture": "#1"},
				"west": {"uv": [0, 0, 1, 1], "texture": "#1"},
				"down": {"uv": [0, 0, 1, 1], "texture": "#1"}
			}
		},
		{
			"name": "Element",
			"from": [6, 2, 12],
			"to": [7, 3, 13],
			"faces": {
				"north": {"uv": [0, 0, 1, 1], "texture": "#1"},
				"south": {"uv": [0, 0, 1, 1], "texture": "#1"},
				"west": {"uv": [0, 0, 1, 1], "texture": "#1"},
				"down": {"uv": [0, 0, 1, 1], "texture": "#1"}
			}
		},
		{
			"name": "Element",
			"from": [9, 2, 12],
			"to": [10, 3, 13],
			"faces": {
				"north": {"uv": [0, 0, 1, 1], "texture": "#1"},
				"east": {"uv": [0, 0, 1, 1], "texture": "#1"},
				"south": {"uv": [0, 0, 1, 1], "texture": "#1"},
				"down": {"uv": [0, 0, 1, 1], "texture": "#1"}
			}
		},
		{
			"name": "Element",
			"from": [9, 2, 3],
			"to": [10, 3, 4],
			"faces": {
				"north": {"uv": [0, 0, 1, 1], "texture": "#1"},
				"east": {"uv": [0, 0, 1, 1], "texture": "#1"},
				"south": {"uv": [0, 0, 1, 1], "texture": "#1"},
				"west": {"uv": [0, 0, 1, 1], "texture": "#1"},
				"down": {"uv": [0, 0, 1, 1], "texture": "#1"}
			}
		},
		{
			"name": "Element",
			"from": [6, 2, 3],
			"to": [7, 3, 4],
			"faces": {
				"north": {"uv": [0, 0, 1, 1], "texture": "#1"},
				"east": {"uv": [0, 0, 1, 1], "texture": "#1"},
				"south": {"uv": [0, 0, 1, 1], "texture": "#1"},
				"west": {"uv": [0, 0, 1, 1], "texture": "#1"},
				"down": {"uv": [0, 0, 1, 1], "texture": "#1"}
			}
		},
		{
			"name": "Element",
			"from": [4, 2, 4],
			"to": [5, 3, 6],
			"faces": {
				"north": {"uv": [0, 0, 1, 1], "texture": "#1"},
				"east": {"uv": [0, 0, 2, 1], "texture": "#1"},
				"south": {"uv": [0, 0, 1, 1], "texture": "#1"},
				"west": {"uv": [0, 0, 2, 1], "texture": "#1"},
				"up": {"uv": [0, 0, 1, 2], "texture": "#1"},
				"down": {"uv": [0, 0, 1, 2], "texture": "#1"}
			}
		},
		{
			"name": "Element",
			"from": [4, 2, 10],
			"to": [5, 3, 12],
			"faces": {
				"north": {"uv": [0, 0, 1, 1], "texture": "#1"},
				"east": {"uv": [0, 0, 2, 1], "texture": "#1"},
				"south": {"uv": [0, 0, 1, 1], "texture": "#1"},
				"west": {"uv": [0, 0, 2, 1], "texture": "#1"},
				"up": {"uv": [0, 0, 1, 2], "texture": "#1"},
				"down": {"uv": [0, 0, 1, 2], "texture": "#1"}
			}
		},
		{
			"name": "Element",
			"from": [11, 2, 10],
			"to": [12, 3, 12],
			"faces": {
				"north": {"uv": [0, 0, 2, 1], "texture": "#6"},
				"east": {"uv": [0, 0, 2, 1], "texture": "#6"},
				"south": {"uv": [0, 0, 2, 1], "texture": "#6"},
				"west": {"uv": [0, 0, 2, 1], "texture": "#6"},
				"up": {"uv": [0, 0, 2, 1], "texture": "#6"},
				"down": {"uv": [0, 0, 2, 1], "texture": "#6"}
			}
		},
		{
			"name": "Element",
			"from": [11, 2, 4],
			"to": [12, 3, 6],
			"faces": {
				"north": {"uv": [0, 0, 1, 1], "texture": "#0"},
				"east": {"uv": [0, 0, 2, 1], "texture": "#0"},
				"south": {"uv": [0, 0, 1, 1], "texture": "#0"},
				"west": {"uv": [0, 0, 2, 1], "texture": "#0"},
				"up": {"uv": [0, 0, 1, 2], "texture": "#0"},
				"down": {"uv": [0, 0, 1, 2], "texture": "#0"}
			}
		},
		{
			"name": "Element",
			"from": [10, 2, 4],
			"to": [11, 3, 5],
			"faces": {
				"north": {"uv": [0, 0, 1, 1], "texture": "#6"},
				"east": {"uv": [0, 0, 1, 1], "texture": "#6"},
				"south": {"uv": [0, 0, 1, 1], "texture": "#6"},
				"west": {"uv": [0, 0, 1, 1], "texture": "#6"},
				"up": {"uv": [0, 0, 1, 1], "texture": "#6"},
				"down": {"uv": [0, 0, 1, 1], "texture": "#6"}
			}
		},
		{
			"name": "Element",
			"from": [5, 2, 4],
			"to": [6, 3, 5],
			"faces": {
				"north": {"uv": [0, 0, 1, 1], "texture": "#1"},
				"east": {"uv": [0, 0, 1, 1], "texture": "#1"},
				"south": {"uv": [0, 0, 1, 1], "texture": "#1"},
				"down": {"uv": [0, 0, 1, 1], "texture": "#1"}
			}
		},
		{
			"name": "Element",
			"from": [5, 2, 11],
			"to": [6, 3, 12],
			"faces": {
				"north": {"uv": [0, 0, 1, 1], "texture": "#1"},
				"east": {"uv": [0, 0, 1, 1], "texture": "#1"},
				"south": {"uv": [0, 0, 1, 1], "texture": "#1"},
				"down": {"uv": [0, 0, 1, 1], "texture": "#1"}
			}
		},
		{
			"name": "Element",
			"from": [10, 2, 11],
			"to": [11, 3, 12],
			"faces": {
				"north": {"uv": [0, 0, 1, 1], "texture": "#1"},
				"south": {"uv": [0, 0, 1, 1], "texture": "#1"},
				"west": {"uv": [0, 0, 1, 1], "texture": "#1"},
				"down": {"uv": [0, 0, 1, 1], "texture": "#1"}
			}
		},
		{
			"name": "Element",
			"from": [3, 3, 7],
			"to": [4, 4.7, 9],
			"faces": {
				"north": {"uv": [0, 0, 1, 1.7], "texture": "#1"},
				"east": {"uv": [0, 0, 2, 1.7], "texture": "#1"},
				"south": {"uv": [0, 0, 1, 1.7], "texture": "#1"},
				"west": {"uv": [0, 0, 2, 1.7], "texture": "#6"},
				"up": {"uv": [0, 0, 1, 2], "texture": "#1"}
			}
		},
		{
			"name": "Element",
			"from": [12, 3, 7],
			"to": [13, 4.7, 9],
			"faces": {
				"north": {"uv": [0, 0, 1, 1.7], "texture": "#1"},
				"east": {"uv": [0, 0, 2, 1.7], "texture": "#1"},
				"south": {"uv": [0, 0, 1, 1.7], "texture": "#1"},
				"west": {"uv": [0, 0, 2, 1.7], "texture": "#1"},
				"up": {"uv": [0, 0, 1, 2], "texture": "#1"},
				"down": {"uv": [0, 0, 1, 2], "texture": "#1"}
			}
		},
		{
			"name": "Element",
			"from": [7, 3, 12],
			"to": [9, 4.7, 13],
			"faces": {
				"north": {"uv": [0, 0, 2, 1.7], "texture": "#1"},
				"east": {"uv": [0, 0, 1, 1.7], "texture": "#1"},
				"south": {"uv": [0, 0, 2, 1.7], "texture": "#1"},
				"west": {"uv": [0, 0, 1, 1.7], "texture": "#1"},
				"up": {"uv": [0, 0, 2, 1], "texture": "#1"}
			}
		},
		{
			"name": "Element",
			"from": [7, 3, 3],
			"to": [9, 4.7, 4],
			"faces": {
				"north": {"uv": [0, 0, 2, 1.7], "texture": "#1"},
				"east": {"uv": [0, 0, 1, 1.7], "texture": "#1"},
				"south": {"uv": [0, 0, 2, 1.7], "texture": "#1"},
				"west": {"uv": [0, 0, 1, 1.7], "texture": "#1"},
				"up": {"uv": [0, 0, 2, 1], "texture": "#1"},
				"down": {"uv": [0, 0, 2, 1], "texture": "#1"}
			}
		},
		{
			"name": "Element",
			"from": [6, 3, 4],
			"to": [7, 5, 5],
			"faces": {
				"north": {"uv": [0, 0, 1, 2], "texture": "#1"},
				"east": {"uv": [0, 0, 1, 2], "texture": "#1"},
				"south": {"uv": [0, 0, 1, 2], "texture": "#1"},
				"west": {"uv": [0, 0, 1, 2], "texture": "#1"},
				"up": {"uv": [0, 0, 1, 1], "texture": "#1"},
				"down": {"uv": [0, 0, 1, 1], "texture": "#1"}
			}
		},
		{
			"name": "Element",
			"from": [5, 3, 4],
			"to": [6, 4, 5],
			"faces": {
				"north": {"uv": [0, 0, 1, 1], "texture": "#1"},
				"west": {"uv": [0, 0, 1, 1], "texture": "#1"},
				"up": {"uv": [0, 0, 1, 1], "texture": "#1"}
			}
		},
		{
			"name": "Element",
			"from": [4, 3, 5],
			"to": [5, 4, 6],
			"faces": {
				"north": {"uv": [0, 0, 1, 1], "texture": "#1"},
				"west": {"uv": [0, 0, 1, 1], "texture": "#1"},
				"up": {"uv": [0, 0, 1, 1], "texture": "#1"}
			}
		},
		{
			"name": "Element",
			"from": [4, 3, 6],
			"to": [5, 5, 7],
			"faces": {
				"north": {"uv": [0, 0, 1, 2], "texture": "#1"},
				"east": {"uv": [0, 0, 1, 2], "texture": "#1"},
				"south": {"uv": [0, 0, 1, 2], "texture": "#1"},
				"west": {"uv": [0, 0, 1, 2], "texture": "#1"},
				"up": {"uv": [0, 0, 1, 1], "texture": "#1"},
				"down": {"uv": [0, 0, 1, 1], "texture": "#1"}
			}
		},
		{
			"name": "Element",
			"from": [4, 3, 9],
			"to": [5, 5, 10],
			"faces": {
				"north": {"uv": [0, 0, 1, 2], "texture": "#1"},
				"east": {"uv": [0, 0, 1, 2], "texture": "#1"},
				"south": {"uv": [0, 0, 1, 2], "texture": "#1"},
				"west": {"uv": [0, 0, 1, 2], "texture": "#1"},
				"up": {"uv": [0, 0, 1, 1], "texture": "#1"},
				"down": {"uv": [0, 0, 1, 1], "texture": "#1"}
			}
		},
		{
			"name": "Element",
			"from": [4, 3, 10],
			"to": [5, 4, 11],
			"faces": {
				"south": {"uv": [0, 0, 1, 1], "texture": "#1"},
				"west": {"uv": [0, 0, 1, 1], "texture": "#1"},
				"up": {"uv": [0, 0, 1, 1], "texture": "#1"}
			}
		},
		{
			"name": "Element",
			"from": [6, 3, 11],
			"to": [7, 5, 12],
			"faces": {
				"north": {"uv": [0, 0, 1, 2], "texture": "#1"},
				"east": {"uv": [0, 0, 1, 2], "texture": "#1"},
				"south": {"uv": [0, 0, 1, 2], "texture": "#1"},
				"west": {"uv": [0, 0, 1, 2], "texture": "#1"},
				"up": {"uv": [0, 0, 1, 1], "texture": "#1"},
				"down": {"uv": [0, 0, 1, 1], "texture": "#1"}
			}
		},
		{
			"name": "Element",
			"from": [5, 3, 11],
			"to": [6, 4, 12],
			"faces": {
				"south": {"uv": [0, 0, 1, 1], "texture": "#1"},
				"west": {"uv": [0, 0, 1, 1], "texture": "#1"},
				"up": {"uv": [0, 0, 1, 1], "texture": "#1"}
			}
		},
		{
			"name": "Element",
			"from": [9, 3, 11],
			"to": [10, 5, 12],
			"faces": {
				"north": {"uv": [0, 0, 1, 2], "texture": "#1"},
				"east": {"uv": [0, 0, 1, 2], "texture": "#1"},
				"south": {"uv": [0, 0, 1, 2], "texture": "#1"},
				"west": {"uv": [0, 0, 1, 2], "texture": "#1"},
				"up": {"uv": [0, 0, 1, 1], "texture": "#1"},
				"down": {"uv": [0, 0, 1, 1], "texture": "#1"}
			}
		},
		{
			"name": "Element",
			"from": [10, 3, 11],
			"to": [11, 4, 12],
			"faces": {
				"east": {"uv": [0, 0, 1, 1], "texture": "#1"},
				"south": {"uv": [0, 0, 1, 1], "texture": "#1"},
				"up": {"uv": [0, 0, 1, 1], "texture": "#1"}
			}
		},
		{
			"name": "Element",
			"from": [11, 3, 10],
			"to": [12, 4, 11],
			"faces": {
				"east": {"uv": [0, 0, 1, 1], "texture": "#1"},
				"south": {"uv": [0, 0, 1, 1], "texture": "#1"},
				"up": {"uv": [0, 0, 1, 1], "texture": "#1"}
			}
		},
		{
			"name": "Element",
			"from": [11, 3, 9],
			"to": [12, 5, 10],
			"faces": {
				"north": {"uv": [0, 0, 1, 2], "texture": "#1"},
				"east": {"uv": [0, 0, 1, 2], "texture": "#1"},
				"south": {"uv": [0, 0, 1, 2], "texture": "#1"},
				"west": {"uv": [0, 0, 1, 2], "texture": "#1"},
				"up": {"uv": [0, 0, 1, 1], "texture": "#1"},
				"down": {"uv": [0, 0, 1, 1], "texture": "#1"}
			}
		},
		{
			"name": "Element",
			"from": [11, 3, 6],
			"to": [12, 5, 7],
			"faces": {
				"north": {"uv": [0, 0, 1, 2], "texture": "#1"},
				"east": {"uv": [0, 0, 1, 2], "texture": "#1"},
				"south": {"uv": [0, 0, 1, 2], "texture": "#1"},
				"west": {"uv": [0, 0, 1, 2], "texture": "#1"},
				"up": {"uv": [0, 0, 1, 1], "texture": "#1"},
				"down": {"uv": [0, 0, 1, 1], "texture": "#1"}
			}
		},
		{
			"name": "Element",
			"from": [11, 3, 5],
			"to": [12, 4, 6],
			"faces": {
				"north": {"uv": [0, 0, 1, 1], "texture": "#6"},
				"east": {"uv": [0, 0, 1, 1], "texture": "#6"},
				"south": {"uv": [0, 0, 1, 1], "texture": "#6"},
				"west": {"uv": [0, 0, 1, 1], "texture": "#6"},
				"up": {"uv": [0, 0, 1, 1], "texture": "#6"},
				"down": {"uv": [0, 0, 1, 1], "texture": "#6"}
			}
		},
		{
			"name": "Element",
			"from": [10, 3, 4],
			"to": [11, 4, 5],
			"faces": {
				"north": {"uv": [0, 0, 1, 1], "texture": "#6"},
				"east": {"uv": [0, 0, 1, 1], "texture": "#6"},
				"south": {"uv": [0, 0, 1, 1], "texture": "#6"},
				"west": {"uv": [0, 0, 1, 1], "texture": "#6"},
				"up": {"uv": [0, 0, 1, 1], "texture": "#6"},
				"down": {"uv": [0, 0, 1, 1], "texture": "#6"}
			}
		},
		{
			"name": "Element",
			"from": [9, 3, 4],
			"to": [10, 5, 5],
			"faces": {
				"north": {"uv": [0, 0, 1, 2], "texture": "#1"},
				"east": {"uv": [0, 0, 1, 2], "texture": "#1"},
				"south": {"uv": [0, 0, 1, 2], "texture": "#1"},
				"west": {"uv": [0, 0, 1, 2], "texture": "#1"},
				"up": {"uv": [0, 0, 1, 1], "texture": "#1"},
				"down": {"uv": [0, 0, 1, 1], "texture": "#1"}
			}
		},
		{
			"name": "Element",
			"from": [3, 3, 6],
			"to": [4, 4, 7],
			"faces": {
				"north": {"uv": [0, 0, 1, 1], "texture": "#1"},
				"west": {"uv": [0, 0, 1, 1], "texture": "#1"},
				"up": {"uv": [0, 0, 1, 1], "texture": "#1"}
			}
		},
		{
			"name": "Element",
			"from": [3, 3, 9],
			"to": [4, 4, 10],
			"faces": {
				"south": {"uv": [0, 0, 1, 1], "texture": "#1"},
				"west": {"uv": [0, 0, 1, 1], "texture": "#1"},
				"up": {"uv": [0, 0, 1, 1], "texture": "#1"}
			}
		},
		{
			"name": "Element",
			"from": [6, 3, 12],
			"to": [7, 4, 13],
			"faces": {
				"south": {"uv": [0, 0, 1, 1], "texture": "#1"},
				"west": {"uv": [0, 0, 1, 1], "texture": "#1"},
				"up": {"uv": [0, 0, 1, 1], "texture": "#1"}
			}
		},
		{
			"name": "Element",
			"from": [9, 3, 12],
			"to": [10, 4, 13],
			"faces": {
				"east": {"uv": [0, 0, 1, 1], "texture": "#1"},
				"south": {"uv": [0, 0, 1, 1], "texture": "#1"},
				"up": {"uv": [0, 0, 1, 1], "texture": "#1"}
			}
		},
		{
			"name": "Element",
			"from": [12, 3, 9],
			"to": [13, 4, 10],
			"faces": {
				"east": {"uv": [0, 0, 1, 1], "texture": "#1"},
				"south": {"uv": [0, 0, 1, 1], "texture": "#1"},
				"up": {"uv": [0, 0, 1, 1], "texture": "#1"}
			}
		},
		{
			"name": "Element",
			"from": [12, 3, 6],
			"to": [13, 4, 7],
			"faces": {
				"north": {"uv": [0, 0, 1, 1], "texture": "#6"},
				"east": {"uv": [0, 0, 1, 1], "texture": "#6"},
				"south": {"uv": [0, 0, 1, 1], "texture": "#6"},
				"west": {"uv": [0, 0, 1, 1], "texture": "#6"},
				"up": {"uv": [0, 0, 1, 1], "texture": "#6"},
				"down": {"uv": [0, 0, 1, 1], "texture": "#6"}
			}
		},
		{
			"name": "Element",
			"from": [9, 3, 3],
			"to": [10, 4, 4],
			"faces": {
				"north": {"uv": [0, 0, 1, 1], "texture": "#1"},
				"east": {"uv": [0, 0, 1, 1], "texture": "#1"},
				"up": {"uv": [0, 0, 1, 1], "texture": "#1"}
			}
		},
		{
			"name": "Element",
			"from": [6, 3, 3],
			"to": [7, 4, 4],
			"faces": {
				"north": {"uv": [0, 0, 1, 1], "texture": "#1"},
				"west": {"uv": [0, 0, 1, 1], "texture": "#1"},
				"up": {"uv": [0, 0, 1, 1], "texture": "#1"}
			}
		},
		{
			"name": "Element",
			"from": [6, 4, 5],
			"to": [7, 5, 6],
			"faces": {
				"east": {"uv": [0, 0, 1, 1], "texture": "#1"},
				"south": {"uv": [0, 0, 1, 1], "texture": "#1"},
				"west": {"uv": [0, 0, 1, 1], "texture": "#1"},
				"down": {"uv": [0, 0, 1, 1], "texture": "#1"}
			}
		},
		{
			"name": "Element",
			"from": [5, 4, 6],
			"to": [6, 5, 7],
			"faces": {
				"north": {"uv": [0, 0, 1, 1], "texture": "#1"},
				"east": {"uv": [0, 0, 1, 1], "texture": "#1"},
				"south": {"uv": [0, 0, 1, 1], "texture": "#1"},
				"down": {"uv": [0, 0, 1, 1], "texture": "#1"}
			}
		},
		{
			"name": "Element",
			"from": [10, 4, 6],
			"to": [11, 5, 7],
			"faces": {
				"north": {"uv": [0, 0, 1, 1], "texture": "#1"},
				"south": {"uv": [0, 0, 1, 1], "texture": "#1"},
				"west": {"uv": [0, 0, 1, 1], "texture": "#1"},
				"down": {"uv": [0, 0, 1, 1], "texture": "#1"}
			}
		},
		{
			"name": "Element",
			"from": [10, 4, 9],
			"to": [11, 5, 10],
			"faces": {
				"north": {"uv": [0, 0, 1, 1], "texture": "#1"},
				"south": {"uv": [0, 0, 1, 1], "texture": "#1"},
				"west": {"uv": [0, 0, 1, 1], "texture": "#1"},
				"down": {"uv": [0, 0, 1, 1], "texture": "#1"}
			}
		},
		{
			"name": "Element",
			"from": [9, 4, 5],
			"to": [10, 5, 6],
			"faces": {
				"east": {"uv": [0, 0, 1, 1], "texture": "#1"},
				"south": {"uv": [0, 0, 1, 1], "texture": "#1"},
				"west": {"uv": [0, 0, 1, 1], "texture": "#1"},
				"down": {"uv": [0, 0, 1, 1], "texture": "#1"}
			}
		},
		{
			"name": "Element",
			"from": [9, 4, 10],
			"to": [10, 5, 11],
			"faces": {
				"north": {"uv": [0, 0, 1, 1], "texture": "#1"},
				"east": {"uv": [0, 0, 1, 1], "texture": "#1"},
				"west": {"uv": [0, 0, 1, 1], "texture": "#1"},
				"down": {"uv": [0, 0, 1, 1], "texture": "#1"}
			}
		},
		{
			"name": "Element",
			"from": [6, 4, 10],
			"to": [7, 5, 11],
			"faces": {
				"north": {"uv": [0, 0, 1, 1], "texture": "#1"},
				"east": {"uv": [0, 0, 1, 1], "texture": "#1"},
				"down": {"uv": [0, 0, 1, 1], "texture": "#1"}
			}
		},
		{
			"name": "Element",
			"from": [5, 4, 9],
			"to": [6, 5, 10],
			"faces": {
				"north": {"uv": [0, 0, 1, 1], "texture": "#1"},
				"east": {"uv": [0, 0, 1, 1], "texture": "#1"},
				"down": {"uv": [0, 0, 1, 1], "texture": "#1"}
			}
		},
		{
			"name": "Element",
			"from": [5, 3, 5],
			"to": [6, 4, 6],
			"faces": {
				"east": {"uv": [0, 0, 1, 1], "texture": "#1"},
				"south": {"uv": [0, 0, 1, 1], "texture": "#1"},
				"down": {"uv": [0, 0, 1, 1], "texture": "#1"}
			}
		},
		{
			"name": "Element",
			"from": [5, 3, 10],
			"to": [6, 5, 11],
			"faces": {
				"north": {"uv": [0, 0, 1, 2], "texture": "#1"},
				"east": {"uv": [0, 0, 1, 2], "texture": "#1"},
				"south": {"uv": [0, 0, 1, 2], "texture": "#1"},
				"west": {"uv": [0, 0, 1, 2], "texture": "#1"},
				"up": {"uv": [0, 0, 1, 1], "texture": "#1"},
				"down": {"uv": [0, 0, 1, 1], "texture": "#1"}
			}
		},
		{
			"name": "Element",
			"from": [10, 3, 10],
			"to": [11, 4, 11],
			"faces": {
				"north": {"uv": [0, 0, 1, 1], "texture": "#1"},
				"west": {"uv": [0, 0, 1, 1], "texture": "#1"},
				"down": {"uv": [0, 0, 1, 1], "texture": "#1"}
			}
		},
		{
			"name": "Element",
			"from": [10, 3, 5],
			"to": [11, 4, 6],
			"faces": {
				"south": {"uv": [0, 0, 1, 1], "texture": "#1"},
				"west": {"uv": [0, 0, 1, 1], "texture": "#1"},
				"down": {"uv": [0, 0, 1, 1], "texture": "#1"}
			}
		},
		{
			"name": "Element",
			"from": [10, 4, 5],
			"to": [11, 4.7, 6],
			"faces": {
				"north": {"uv": [0, 0, 1, 0.7], "texture": "#1"},
				"east": {"uv": [0, 0, 1, 0.7], "texture": "#1"},
				"up": {"uv": [0, 0, 1, 1], "texture": "#1"}
			}
		},
		{
			"name": "Element",
			"from": [5, 4, 5],
			"to": [6, 4.7, 6],
			"faces": {
				"north": {"uv": [0, 0, 1, 0.7], "texture": "#1"},
				"west": {"uv": [0, 0, 1, 0.7], "texture": "#1"},
				"up": {"uv": [0, 0, 1, 1], "texture": "#1"}
			}
		},
		{
			"name": "Element",
			"from": [10, 4, 10],
			"to": [11, 4.7, 11],
			"faces": {
				"east": {"uv": [0, 0, 1, 0.7], "texture": "#1"},
				"south": {"uv": [0, 0, 1, 0.7], "texture": "#1"},
				"up": {"uv": [0, 0, 1, 1], "texture": "#1"}
			}
		},
		{
			"name": "Element",
			"from": [3, 1, 10],
			"to": [4, 2, 12],
			"faces": {
				"north": {"uv": [0, 0, 1, 1], "texture": "#1"},
				"east": {"uv": [0, 0, 2, 1], "texture": "#1"},
				"south": {"uv": [0, 0, 1, 1], "texture": "#1"},
				"west": {"uv": [0, 0, 2, 1], "texture": "#6"},
				"up": {"uv": [0, 0, 1, 2], "texture": "#1"},
				"down": {"uv": [0, 0, 1, 2], "texture": "#1"}
			}
		},
		{
			"name": "Element",
			"from": [4, 4, 7],
			"to": [5, 5, 9],
			"faces": {
				"east": {"uv": [0, 0, 2, 1], "texture": "#1"},
				"west": {"uv": [0, 0, 2, 1], "texture": "#1"},
				"down": {"uv": [0, 0, 1, 2], "texture": "#1"}
			}
		},
		{
			"name": "Element",
			"from": [11, 4, 7],
			"to": [12, 5, 9],
			"faces": {
				"east": {"uv": [0, 0, 2, 1], "texture": "#1"},
				"west": {"uv": [0, 0, 2, 1], "texture": "#1"},
				"down": {"uv": [0, 0, 1, 2], "texture": "#1"}
			}
		},
		{
			"name": "Element",
			"from": [7, 4, 11],
			"to": [9, 5, 12],
			"faces": {
				"north": {"uv": [0, 0, 2, 1], "texture": "#1"},
				"south": {"uv": [0, 0, 2, 1], "texture": "#1"},
				"down": {"uv": [0, 0, 2, 1], "texture": "#1"}
			}
		},
		{
			"name": "Element",
			"from": [7, 4, 4],
			"to": [9, 5, 5],
			"faces": {
				"north": {"uv": [0, 0, 2, 1], "texture": "#1"},
				"south": {"uv": [0, 0, 2, 1], "texture": "#1"},
				"down": {"uv": [0, 0, 2, 1], "texture": "#1"}
			}
		},
		{
			"name": "Element",
			"from": [5, 5, 7],
			"to": [6, 6, 9],
			"faces": {
				"north": {"uv": [0, 0, 1, 1], "texture": "#6"},
				"south": {"uv": [0, 0, 1, 1], "texture": "#6"},
				"west": {"uv": [0, 0, 2, 1], "texture": "#1"},
				"up": {"uv": [0, 0, 1, 2], "texture": "#6"},
				"down": {"uv": [0, 0, 1, 2], "texture": "#1"}
			}
		},
		{
			"name": "Element",
			"from": [10, 5, 7],
			"to": [11, 6, 9],
			"faces": {
				"north": {"uv": [0, 0, 1, 1], "texture": "#6"},
				"east": {"uv": [0, 0, 2, 1], "texture": "#1"},
				"south": {"uv": [0, 0, 1, 1], "texture": "#6"},
				"up": {"uv": [0, 0, 1, 2], "texture": "#6"},
				"down": {"uv": [0, 0, 1, 2], "texture": "#1"}
			}
		},
		{
			"name": "Element",
			"from": [7, 5, 10],
			"to": [9, 6, 11],
			"faces": {
				"east": {"uv": [0, 0, 1, 1], "texture": "#6"},
				"south": {"uv": [0, 0, 2, 1], "texture": "#1"},
				"west": {"uv": [0, 0, 1, 1], "texture": "#6"},
				"up": {"uv": [0, 0, 2, 1], "texture": "#6"},
				"down": {"uv": [0, 0, 2, 1], "texture": "#1"}
			}
		},
		{
			"name": "Element",
			"from": [7, 5, 5],
			"to": [9, 6, 6],
			"faces": {
				"north": {"uv": [0, 0, 2, 1], "texture": "#1"},
				"east": {"uv": [0, 0, 1, 1], "texture": "#6"},
				"west": {"uv": [0, 0, 1, 1], "texture": "#6"},
				"up": {"uv": [0, 0, 2, 1], "texture": "#6"},
				"down": {"uv": [0, 0, 2, 1], "texture": "#1"}
			}
		},
		{
			"name": "Element",
			"from": [6, 5, 6],
			"to": [10, 6, 10],
			"faces": {
				"north": {"uv": [0, 0, 4, 4], "texture": "#6"},
				"east": {"uv": [0, 0, 4, 4], "texture": "#6"},
				"south": {"uv": [0, 0, 4, 4], "texture": "#6"},
				"west": {"uv": [0, 0, 4, 4], "texture": "#6"},
				"up": {"uv": [0, 0, 4, 4], "texture": "#6"},
				"down": {"uv": [0, 0, 4, 4], "texture": "#6"}
			}
		},
		{
			"name": "Element",
			"from": [6, 4.7, 5],
			"to": [7, 5.7, 6],
			"faces": {
				"north": {"uv": [0, 0, 1, 1], "texture": "#1"},
				"east": {"uv": [0, 0, 1, 1], "texture": "#1"},
				"south": {"uv": [0, 0, 1, 1], "texture": "#1"},
				"west": {"uv": [0, 0, 1, 1], "texture": "#1"},
				"up": {"uv": [0, 0, 1, 1], "texture": "#1"}
			}
		},
		{
			"name": "Element",
			"from": [6, 4.7, 10],
			"to": [7, 5.7, 11],
			"faces": {
				"north": {"uv": [0, 0, 1, 1], "texture": "#1"},
				"east": {"uv": [0, 0, 1, 1], "texture": "#1"},
				"south": {"uv": [0, 0, 1, 1], "texture": "#1"},
				"west": {"uv": [0, 0, 1, 1], "texture": "#1"},
				"up": {"uv": [0, 0, 1, 1], "texture": "#1"}
			}
		},
		{
			"name": "Element",
			"from": [5, 4.7, 9],
			"to": [6, 5.7, 10],
			"faces": {
				"north": {"uv": [0, 0, 1, 1], "texture": "#1"},
				"east": {"uv": [0, 0, 1, 1], "texture": "#1"},
				"south": {"uv": [0, 0, 1, 1], "texture": "#1"},
				"west": {"uv": [0, 0, 1, 1], "texture": "#1"},
				"up": {"uv": [0, 0, 1, 1], "texture": "#1"}
			}
		},
		{
			"name": "Element",
			"from": [10, 4.7, 9],
			"to": [11, 5.7, 10],
			"faces": {
				"north": {"uv": [0, 0, 1, 1], "texture": "#1"},
				"east": {"uv": [0, 0, 1, 1], "texture": "#1"},
				"south": {"uv": [0, 0, 1, 1], "texture": "#1"},
				"west": {"uv": [0, 0, 1, 1], "texture": "#1"},
				"up": {"uv": [0, 0, 1, 1], "texture": "#1"}
			}
		},
		{
			"name": "Element",
			"from": [9, 4.7, 10],
			"to": [10, 5.7, 11],
			"faces": {
				"north": {"uv": [0, 0, 1, 1], "texture": "#1"},
				"east": {"uv": [0, 0, 1, 1], "texture": "#1"},
				"south": {"uv": [0, 0, 1, 1], "texture": "#1"},
				"west": {"uv": [0, 0, 1, 1], "texture": "#1"},
				"up": {"uv": [0, 0, 1, 1], "texture": "#1"}
			}
		},
		{
			"name": "Element",
			"from": [9, 4.7, 5],
			"to": [10, 5.7, 6],
			"faces": {
				"north": {"uv": [0, 0, 1, 1], "texture": "#1"},
				"east": {"uv": [0, 0, 1, 1], "texture": "#1"},
				"south": {"uv": [0, 0, 1, 1], "texture": "#1"},
				"west": {"uv": [0, 0, 1, 1], "texture": "#1"},
				"up": {"uv": [0, 0, 1, 1], "texture": "#1"}
			}
		},
		{
			"name": "Element",
			"from": [10, 4.7, 6],
			"to": [11, 5.7, 7],
			"faces": {
				"north": {"uv": [0, 0, 1, 1], "texture": "#1"},
				"east": {"uv": [0, 0, 1, 1], "texture": "#1"},
				"south": {"uv": [0, 0, 1, 1], "texture": "#1"},
				"west": {"uv": [0, 0, 1, 1], "texture": "#1"},
				"up": {"uv": [0, 0, 1, 1], "texture": "#1"}
			}
		},
		{
			"name": "Element",
			"from": [5, 4.7, 6],
			"to": [6, 5.7, 7],
			"faces": {
				"north": {"uv": [0, 0, 1, 1], "texture": "#1"},
				"east": {"uv": [0, 0, 1, 1], "texture": "#1"},
				"south": {"uv": [0, 0, 1, 1], "texture": "#1"},
				"west": {"uv": [0, 0, 1, 1], "texture": "#1"},
				"up": {"uv": [0, 0, 1, 1], "texture": "#1"}
			}
		},
		{
			"name": "Element",
			"from": [4, 5, 7],
			"to": [5, 5.5, 9],
			"faces": {
				"north": {"uv": [0, 0, 1, 0.5], "texture": "#1"},
				"south": {"uv": [0, 0, 1, 0.5], "texture": "#1"},
				"west": {"uv": [0, 0, 2, 0.5], "texture": "#1"},
				"up": {"uv": [0, 0, 1, 2], "texture": "#1"}
			}
		},
		{
			"name": "Element",
			"from": [11, 5, 7],
			"to": [12, 5.5, 9],
			"faces": {
				"north": {"uv": [0, 0, 1, 0.5], "texture": "#1"},
				"east": {"uv": [0, 0, 2, 0.5], "texture": "#1"},
				"south": {"uv": [0, 0, 1, 0.5], "texture": "#1"},
				"up": {"uv": [0, 0, 1, 2], "texture": "#1"}
			}
		},
		{
			"name": "Element",
			"from": [7, 5, 4],
			"to": [9, 5.5, 5],
			"faces": {
				"north": {"uv": [0, 0, 2, 0.5], "texture": "#1"},
				"east": {"uv": [0, 0, 1, 0.5], "texture": "#1"},
				"west": {"uv": [0, 0, 1, 0.5], "texture": "#1"},
				"up": {"uv": [0, 0, 2, 1], "texture": "#1"}
			}
		},
		{
			"name": "Element",
			"from": [7, 5, 11],
			"to": [9, 5.5, 12],
			"faces": {
				"east": {"uv": [0, 0, 1, 0.5], "texture": "#1"},
				"south": {"uv": [0, 0, 2, 0.5], "texture": "#1"},
				"west": {"uv": [0, 0, 1, 0.5], "texture": "#1"},
				"up": {"uv": [0, 0, 2, 1], "texture": "#1"}
			}
		},
		{
			"name": "Element",
			"from": [7.5, 2.6, 12.5],
			"to": [8.5, 3.6, 15.5],
			"faces": {
				"north": {"uv": [0, 5, 1, 6], "texture": "#3"},
				"east": {"uv": [0, 5, 1, 6], "texture": "#3"},
				"south": {"uv": [0, 5, 1, 6], "texture": "#3"},
				"west": {"uv": [0, 5, 1, 6], "texture": "#3"},
				"down": {"uv": [0, 5, 1, 6], "texture": "#3"}
			}
		},
		{
			"name": "Element",
			"from": [7.5, 3.5, 10.5],
			"to": [8.5, 7.5, 16.5],
			"faces": {
				"north": {"uv": [0, 5, 1, 6], "texture": "#3", "cullface": "south"},
				"east": {"uv": [0, 6, 1, 7], "texture": "#3", "cullface": "south"},
				"south": {"uv": [0, 5, 1, 6], "texture": "#3", "cullface": "south"},
				"west": {"uv": [0, 5, 1, 6], "texture": "#3", "cullface": "south"},
				"up": {"uv": [0, 5, 1, 6], "texture": "#3", "cullface": "south"},
				"down": {"uv": [0, 5, 1, 6], "texture": "#3", "cullface": "south"}
			}
		},
		{
			"name": "Element",
			"from": [12, 2, 5],
			"to": [13, 2.5, 6],
			"faces": {
				"north": {"uv": [0, 0, 1, 0.5], "texture": "#0"},
				"east": {"uv": [0, 0, 1, 0.5], "texture": "#0"},
				"up": {"uv": [0, 0, 1, 1], "texture": "#0"}
			}
		},
		{
			"name": "Element",
			"from": [12, 2, 10],
			"to": [13, 2.5, 11],
			"faces": {
				"east": {"uv": [0, 0, 1, 0.5], "texture": "#1"},
				"south": {"uv": [0, 0, 1, 0.5], "texture": "#1"},
				"up": {"uv": [0, 0, 1, 1], "texture": "#1"}
			}
		},
		{
			"name": "Element",
			"from": [3, 2, 10],
			"to": [4, 3, 11],
			"faces": {
				"south": {"uv": [0, 0, 1, 0.5], "texture": "#1"},
				"west": {"uv": [0, 0, 1, 0.5], "texture": "#1"},
				"up": {"uv": [0, 0, 1, 1], "texture": "#1"}
			}
		},
		{
			"name": "Element",
			"from": [5, 2, 12],
			"to": [6, 2.5, 13],
			"faces": {
				"south": {"uv": [0, 0, 1, 0.5], "texture": "#1"},
				"west": {"uv": [0, 0, 1, 0.5], "texture": "#1"},
				"up": {"uv": [0, 0, 1, 1], "texture": "#1"}
			}
		},
		{
			"name": "Element",
			"from": [10, 2, 12],
			"to": [11, 2.5, 13],
			"faces": {
				"north": {"uv": [0, 0, 1, 0.5], "texture": "#6"},
				"east": {"uv": [0, 0, 1, 0.5], "texture": "#6"},
				"south": {"uv": [0, 0, 1, 0.5], "texture": "#6"},
				"west": {"uv": [0, 0, 1, 0.5], "texture": "#6"},
				"up": {"uv": [0, 0, 1, 0.5], "texture": "#6"},
				"down": {"uv": [0, 0, 1, 0.5], "texture": "#6"}
			}
		},
		{
			"name": "Element",
			"from": [10, 2, 3],
			"to": [11, 2.5, 4],
			"faces": {
				"north": {"uv": [0, 0, 1, 0.5], "texture": "#6"},
				"east": {"uv": [0, 0, 1, 0.5], "texture": "#6"},
				"south": {"uv": [0, 0, 1, 0.5], "texture": "#6"},
				"west": {"uv": [0, 0, 1, 0.5], "texture": "#6"},
				"up": {"uv": [0, 0, 1, 0.5], "texture": "#6"},
				"down": {"uv": [0, 0, 1, 0.5], "texture": "#6"}
			}
		},
		{
			"name": "Element",
			"from": [5, 2, 3],
			"to": [6, 2.5, 4],
			"faces": {
				"north": {"uv": [0, 0, 1, 0.5], "texture": "#6"},
				"west": {"uv": [0, 0, 1, 0.5], "texture": "#6"},
				"up": {"uv": [0, 0, 1, 1], "texture": "#1"}
			}
		},
		{
			"name": "Element",
			"from": [3, 2, 5],
			"to": [4, 2.5, 6],
			"faces": {
				"north": {"uv": [0, 0, 1, 0.5], "texture": "#1"},
				"west": {"uv": [0, 0, 1, 0.5], "texture": "#6"},
				"up": {"uv": [0, 0, 1, 1], "texture": "#1"}
			}
		},
		{
			"name": "Element",
			"from": [9, 2, 2.6],
			"to": [10, 2.7, 3.6],
			"faces": {
				"north": {"uv": [0, 0, 1, 0.7], "texture": "#1"},
				"east": {"uv": [0, 0, 1, 0.7], "texture": "#1"},
				"west": {"uv": [0, 0, 1, 0.7], "texture": "#1"},
				"up": {"uv": [0, 0, 1, 1], "texture": "#1"},
				"down": {"uv": [0, 0, 1, 1], "texture": "#1"}
			}
		},
		{
			"name": "Element",
			"from": [6, 2, 2.6],
			"to": [7, 2.7, 3.6],
			"faces": {
				"north": {"uv": [0, 0, 1, 0.7], "texture": "#1"},
				"east": {"uv": [0, 0, 1, 0.7], "texture": "#1"},
				"west": {"uv": [0, 0, 1, 0.7], "texture": "#1"},
				"up": {"uv": [0, 0, 1, 1], "texture": "#1"},
				"down": {"uv": [0, 0, 1, 1], "texture": "#1"}
			}
		},
		{
			"name": "Element",
			"from": [9, 2, 12.6],
			"to": [10, 2.7, 13.4],
			"faces": {
				"east": {"uv": [0, 0, 0.8, 0.7], "texture": "#1"},
				"south": {"uv": [0, 0, 1, 0.7], "texture": "#1"},
				"up": {"uv": [0, 0, 1, 0.8], "texture": "#1"},
				"down": {"uv": [0, 0, 1, 0.8], "texture": "#1"}
			}
		},
		{
			"name": "Element",
			"from": [2.6, 2, 9],
			"to": [3.6, 2.5, 10],
			"faces": {
				"south": {"uv": [0, 0, 1, 0.7], "texture": "#1"},
				"west": {"uv": [0, 0, 1, 0.7], "texture": "#1"},
				"up": {"uv": [0, 0, 1, 1], "texture": "#1"},
				"down": {"uv": [0, 0, 1, 1], "texture": "#1"}
			}
		},
		{
			"name": "Element",
			"from": [6, 2, 12.6],
			"to": [7, 2.7, 13.4],
			"faces": {
				"south": {"uv": [0, 0, 1, 0.7], "texture": "#1"},
				"west": {"uv": [0, 0, 0.8, 0.7], "texture": "#1"},
				"up": {"uv": [0, 0, 1, 0.8], "texture": "#1"},
				"down": {"uv": [0, 0, 1, 0.8], "texture": "#1"}
			}
		},
		{
			"name": "Element",
			"from": [2.5, 2, 6],
			"to": [3.5, 2.5, 7.375],
			"faces": {
				"north": {"uv": [0, 0, 1, 0.7], "texture": "#1"},
				"east": {"uv": [0, 0, 1, 0.7], "texture": "#1"},
				"south": {"uv": [0, 0, 1, 0.7], "texture": "#1"},
				"west": {"uv": [0, 0, 1, 0.7], "texture": "#1"},
				"up": {"uv": [0, 0, 1, 1], "texture": "#1"},
				"down": {"uv": [0, 0, 1, 1], "texture": "#1"}
			}
		},
		{
			"name": "Element",
			"from": [7.2, 3, 2.7],
			"to": [8.8, 3.8, 3.7],
			"faces": {
				"north": {"uv": [0, 0, 1.6, 0.8], "texture": "#1"},
				"east": {"uv": [0, 0, 1, 0.8], "texture": "#1"},
				"west": {"uv": [0, 0, 1, 0.8], "texture": "#1"},
				"up": {"uv": [0, 0, 1.6, 1], "texture": "#1"},
				"down": {"uv": [0, 0, 1.6, 1], "texture": "#1"}
			}
		},
		{
			"name": "Element",
			"from": [7.2, 3, 12.3],
			"to": [8.8, 3.8, 13.3],
			"faces": {
				"east": {"uv": [0, 0, 1, 0.8], "texture": "#1"},
				"south": {"uv": [0, 0, 1.6, 0.8], "texture": "#1"},
				"west": {"uv": [0, 0, 1, 0.8], "texture": "#1"},
				"up": {"uv": [0, 0, 1.6, 1], "texture": "#1"}
			}
		},
		{
			"name": "Element",
			"from": [12.2, 3, 7.2],
			"to": [13.3, 3.8, 8.8],
			"faces": {
				"north": {"uv": [0, 0, 1.1, 0.8], "texture": "#1"},
				"east": {"uv": [0, 0, 1.6, 0.8], "texture": "#1"},
				"south": {"uv": [0, 0, 1.1, 0.8], "texture": "#1"},
				"up": {"uv": [0, 0, 1.1, 1.6], "texture": "#1"},
				"down": {"uv": [0, 0, 1.1, 1.6], "texture": "#1"}
			}
		},
		{
			"name": "Element",
			"from": [12.4, 2, 9],
			"to": [13.4, 2.7, 10],
			"faces": {
				"north": {"uv": [0, 0, 1, 0.7], "texture": "#1"},
				"east": {"uv": [0, 0, 1, 0.7], "texture": "#1"},
				"south": {"uv": [0, 0, 1, 0.7], "texture": "#1"},
				"up": {"uv": [0, 0, 1, 1], "texture": "#1"},
				"down": {"uv": [0, 0, 1, 1], "texture": "#1"}
			}
		},
		{
			"name": "Element",
			"from": [12.4, 2, 6],
			"to": [13.4, 2.7, 7],
			"faces": {
				"north": {"uv": [0, 0, 1, 0.7], "texture": "#0"},
				"east": {"uv": [0, 0, 1, 0.7], "texture": "#0"},
				"south": {"uv": [0, 0, 1, 0.7], "texture": "#0"},
				"up": {"uv": [0, 0, 1, 1], "texture": "#0"},
				"down": {"uv": [0, 0, 1, 1], "texture": "#0"}
			}
		},
		{
			"name": "Element",
			"from": [7.5, 7.5, 11.5],
			"to": [8.5, 8.5, 15.5],
			"faces": {
				"north": {"uv": [0, 5, 1, 6], "texture": "#3"},
				"east": {"uv": [0, 5, 1, 6], "texture": "#3"},
				"south": {"uv": [0, 5, 1, 6], "texture": "#3"},
				"west": {"uv": [0, 5, 1, 6], "texture": "#3"},
				"up": {"uv": [0, 5, 1, 6], "texture": "#3"}
			}
		},
		{
			"name": "Element",
			"from": [6.5, 1, 1.7],
			"to": [9.5, 1.7, 2.2],
			"faces": {
				"north": {"uv": [0, 0, 2, 1], "texture": "#6"},
				"east": {"uv": [0, 0, 2, 1], "texture": "#6"},
				"south": {"uv": [0, 0, 2, 1], "texture": "#6"},
				"west": {"uv": [0, 0, 2, 1], "texture": "#6"},
				"up": {"uv": [0, 0, 2, 1], "texture": "#6"},
				"down": {"uv": [0, 0, 2, 1], "texture": "#6"}
			}
		},
		{
			"name": "Element",
			"from": [6.5, 1, 13.8],
			"to": [9.5, 1.7, 14.3],
			"faces": {
				"east": {"uv": [0, 0, 0.5, 0.7], "texture": "#1"},
				"south": {"uv": [0, 0, 3, 0.7], "texture": "#1"},
				"west": {"uv": [0, 0, 0.5, 0.7], "texture": "#1"},
				"up": {"uv": [0, 0, 3, 0.5], "texture": "#1"},
				"down": {"uv": [0, 0, 3, 0.5], "texture": "#1"}
			}
		},
		{
			"name": "Element",
			"from": [13.8, 1, 6.5],
			"to": [14.3, 1.7, 9.5],
			"faces": {
				"north": {"uv": [0, 0, 3, 0.7], "texture": "#6"},
				"east": {"uv": [0, 0, 3, 0.7], "texture": "#6"},
				"south": {"uv": [0, 0, 3, 0.7], "texture": "#6"},
				"west": {"uv": [0, 0, 3, 0.7], "texture": "#6"},
				"up": {"uv": [0, 0, 3, 0.7], "texture": "#6"},
				"down": {"uv": [0, 0, 3, 0.7], "texture": "#6"}
			}
		},
		{
			"name": "Element",
			"from": [13, 2, 7.2],
			"to": [14, 2.8, 8.8],
			"faces": {
				"north": {"uv": [0, 0, 1, 0.8], "texture": "#1"},
				"east": {"uv": [0, 0, 1.6, 0.8], "texture": "#1"},
				"south": {"uv": [0, 0, 1, 0.8], "texture": "#1"},
				"up": {"uv": [0, 0, 1, 1.6], "texture": "#1"}
			}
		},
		{
			"name": "Element",
			"from": [7.2, 2, 12.5],
			"to": [8.8, 2.8, 14],
			"faces": {
				"east": {"uv": [0, 0, 1.5, 0.8], "texture": "#1"},
				"south": {"uv": [0, 0, 1.6, 0.8], "texture": "#1"},
				"west": {"uv": [0, 0, 1.5, 0.8], "texture": "#1"},
				"up": {"uv": [0, 0, 1.6, 1.5], "texture": "#1"},
				"down": {"uv": [0, 0, 1.6, 1.5], "texture": "#1"}
			}
		},
		{
			"name": "Element",
			"from": [7.2, 2, 2],
			"to": [8.8, 2.8, 3.5],
			"faces": {
				"north": {"uv": [0, 0, 1.6, 0.8], "texture": "#1"},
				"east": {"uv": [0, 0, 1.5, 0.8], "texture": "#1"},
				"west": {"uv": [0, 0, 1.5, 0.8], "texture": "#1"},
				"up": {"uv": [0, 0, 1.6, 1.5], "texture": "#1"},
				"down": {"uv": [0, 0, 1.6, 1.5], "texture": "#1"}
			}
		},
		{
			"name": "Element",
			"from": [7.5, 3.6, -0.5],
			"to": [8.5, 7.6, 5.5],
			"faces": {
				"north": {"uv": [0, 5, 1, 6], "texture": "#3", "cullface": "north"},
				"east": {"uv": [0, 5, 1, 6], "texture": "#3", "cullface": "north"},
				"south": {"uv": [0, 5, 1, 6], "texture": "#3", "cullface": "north"},
				"west": {"uv": [0, 5, 1, 6], "texture": "#3", "cullface": "north"},
				"up": {"uv": [0, 5, 1, 6], "texture": "#3", "cullface": "north"},
				"down": {"uv": [0, 5, 1, 6], "texture": "#3", "cullface": "north"}
			}
		},
		{
			"name": "Element",
			"from": [7.5, 2.6, 0.5],
			"to": [8.5, 3.6, 3.5],
			"faces": {
				"north": {"uv": [0, 5, 1, 6], "texture": "#3"},
				"east": {"uv": [0, 5, 1, 6], "texture": "#3"},
				"south": {"uv": [0, 5, 1, 6], "texture": "#3"},
				"west": {"uv": [0, 5, 1, 6], "texture": "#3"},
				"down": {"uv": [0, 5, 1, 6], "texture": "#3"}
			}
		},
		{
			"name": "Element",
			"from": [7.5, 7.5, 0.5],
			"to": [8.5, 8.5, 4.5],
			"faces": {
				"north": {"uv": [0, 5, 1, 6], "texture": "#3"},
				"east": {"uv": [0, 5, 1, 6], "texture": "#3"},
				"south": {"uv": [0, 5, 1, 6], "texture": "#3"},
				"west": {"uv": [0, 5, 1, 6], "texture": "#3"},
				"up": {"uv": [0, 5, 1, 6], "texture": "#3"}
			}
		},
		{
			"name": "Element",
			"from": [1.625, 1.125, 6.375],
			"to": [2.625, 1.625, 9.375],
			"faces": {
				"north": {"uv": [0, 0, 1, 0.7], "texture": "#1"},
				"south": {"uv": [0, 0, 1, 0.7], "texture": "#1"},
				"west": {"uv": [0, 0, 2, 0.7], "texture": "#6"},
				"up": {"uv": [0, 0, 1, 2], "texture": "#1"}
			}
		},
		{
			"name": "Element",
			"from": [2.65, 2, 6.5],
			"to": [4.15, 3.75, 9.5],
			"faces": {
				"north": {"uv": [0, 0, 1.5, 1.8], "texture": "#1"},
				"east": {"uv": [0, 0, 3, 1.8], "texture": "#1"},
				"south": {"uv": [0, 0, 1.5, 1.8], "texture": "#1"},
				"west": {"uv": [0, 0, 3, 1.8], "texture": "#6"},
				"up": {"uv": [0, 0, 1.5, 3], "texture": "#6"},
				"down": {"uv": [0, 0, 1.5, 3], "texture": "#1"}
			}
		},
		{
			"name": "Element",
			"from": [1.875, 1.375, 7.25],
			"to": [3.375, 2.5, 8.75],
			"faces": {
				"north": {"uv": [0, 0, 1, 0.8], "texture": "#1"},
				"east": {"uv": [0, 0, 1.6, 0.8], "texture": "#1"},
				"south": {"uv": [0, 0, 1, 0.8], "texture": "#1"},
				"west": {"uv": [0, 0, 1.6, 0.8], "texture": "#6"},
				"up": {"uv": [0, 0, 1, 1.6], "texture": "#1"},
				"down": {"uv": [0, 0, 1, 1.6], "texture": "#1"}
			}
		},
		{
			"name": "Voxels-000000",
			"from": [1, 1.25, 9.25],
			"to": [2.5, 1.75, 9.75],
			"faces": {
				"north": {"uv": [8.96, 0.96, 11.04, 3.04], "texture": "#3"},
				"east": {"uv": [8.96, 0.96, 11.04, 3.04], "texture": "#3"},
				"south": {"uv": [8.96, 0.96, 11.04, 3.04], "texture": "#3"},
				"west": {"uv": [8.96, 0.96, 11.04, 3.04], "texture": "#3"},
				"up": {"uv": [8.96, 0.96, 11.04, 3.04], "texture": "#3"},
				"down": {"uv": [8.96, 0.96, 11.04, 3.04], "texture": "#3"}
			}
		},
		{
			"name": "Voxels-000000",
			"from": [1, 1.5, 9],
			"to": [1.5, 1.75, 9.25],
			"faces": {
				"north": {"uv": [8.96, 0.96, 11.04, 3.04], "texture": "#3"},
				"east": {"uv": [8.96, 0.96, 11.04, 3.04], "texture": "#3"},
				"south": {"uv": [8.96, 0.96, 11.04, 3.04], "texture": "#3"},
				"west": {"uv": [8.96, 0.96, 11.04, 3.04], "texture": "#3"},
				"up": {"uv": [8.96, 0.96, 11.04, 3.04], "texture": "#3"},
				"down": {"uv": [8.96, 0.96, 11.04, 3.04], "texture": "#3"}
			}
		},
		{
			"name": "Voxels-000000",
			"from": [1, 1.5, 9.75],
			"to": [1.5, 1.75, 10],
			"faces": {
				"north": {"uv": [8.96, 0.96, 11.04, 3.04], "texture": "#3"},
				"east": {"uv": [8.96, 0.96, 11.04, 3.04], "texture": "#3"},
				"south": {"uv": [8.96, 0.96, 11.04, 3.04], "texture": "#3"},
				"west": {"uv": [8.96, 0.96, 11.04, 3.04], "texture": "#3"},
				"up": {"uv": [8.96, 0.96, 11.04, 3.04], "texture": "#3"},
				"down": {"uv": [8.96, 0.96, 11.04, 3.04], "texture": "#3"}
			}
		},
		{
			"name": "Voxels-000000",
			"from": [1, 1.75, 9.25],
			"to": [1.5, 2, 9.75],
			"faces": {
				"north": {"uv": [8.96, 0.96, 11.04, 3.04], "texture": "#3"},
				"east": {"uv": [8.96, 0.96, 11.04, 3.04], "texture": "#3"},
				"south": {"uv": [8.96, 0.96, 11.04, 3.04], "texture": "#3"},
				"west": {"uv": [8.96, 0.96, 11.04, 3.04], "texture": "#3"},
				"up": {"uv": [8.96, 0.96, 11.04, 3.04], "texture": "#3"},
				"down": {"uv": [8.96, 0.96, 11.04, 3.04], "texture": "#3"}
			}
		},
		{
			"name": "Voxels-DE0000",
			"from": [1.25, 1, 7.75],
			"to": [2.25, 2, 8.5],
			"faces": {
				"north": {"uv": [12.96, 0.96, 15.04, 3.04], "texture": "#0"},
				"east": {"uv": [12.96, 0.96, 15.04, 3.04], "texture": "#0"},
				"south": {"uv": [12.96, 0.96, 15.04, 3.04], "texture": "#0"},
				"west": {"uv": [12.96, 0.96, 15.04, 3.04], "texture": "#0"},
				"up": {"uv": [12.96, 0.96, 15.04, 3.04], "texture": "#0"},
				"down": {"uv": [12.96, 0.96, 15.04, 3.04], "texture": "#0"}
			}
		},
		{
			"name": "Voxels-000000",
			"from": [1.25, 1, 9.25],
			"to": [1.5, 1.25, 9.75],
			"faces": {
				"north": {"uv": [8.96, 0.96, 11.04, 3.04], "texture": "#5"},
				"east": {"uv": [8.96, 0.96, 11.04, 3.04], "texture": "#5"},
				"south": {"uv": [8.96, 0.96, 11.04, 3.04], "texture": "#5"},
				"west": {"uv": [8.96, 0.96, 11.04, 3.04], "texture": "#5"},
				"up": {"uv": [8.96, 0.96, 11.04, 3.04], "texture": "#5"},
				"down": {"uv": [8.96, 0.96, 11.04, 3.04], "texture": "#5"}
			}
		},
		{
			"name": "Voxels-DE0000",
			"from": [1.25, 1.25, 7.5],
			"to": [2, 1.5, 7.75],
			"faces": {
				"north": {"uv": [12.96, 0.96, 15.04, 3.04], "texture": "#0"},
				"east": {"uv": [12.96, 0.96, 15.04, 3.04], "texture": "#0"},
				"south": {"uv": [12.96, 0.96, 15.04, 3.04], "texture": "#0"},
				"west": {"uv": [12.96, 0.96, 15.04, 3.04], "texture": "#0"},
				"up": {"uv": [12.96, 0.96, 15.04, 3.04], "texture": "#0"},
				"down": {"uv": [12.96, 0.96, 15.04, 3.04], "texture": "#0"}
			}
		},
		{
			"name": "Voxels-DE0000",
			"from": [1.25, 1.25, 8.5],
			"to": [2, 1.5, 8.75],
			"faces": {
				"north": {"uv": [12.96, 0.96, 15.04, 3.04], "texture": "#0"},
				"east": {"uv": [12.96, 0.96, 15.04, 3.04], "texture": "#0"},
				"south": {"uv": [12.96, 0.96, 15.04, 3.04], "texture": "#0"},
				"west": {"uv": [12.96, 0.96, 15.04, 3.04], "texture": "#0"},
				"up": {"uv": [12.96, 0.96, 15.04, 3.04], "texture": "#0"},
				"down": {"uv": [12.96, 0.96, 15.04, 3.04], "texture": "#0"}
			}
		},
		{
			"name": "Voxels-000000",
			"from": [1.25, 1.25, 9],
			"to": [1.5, 1.5, 9.25],
			"faces": {
				"north": {"uv": [8.96, 0.96, 11.04, 3.04], "texture": "#5"},
				"east": {"uv": [8.96, 0.96, 11.04, 3.04], "texture": "#5"},
				"south": {"uv": [8.96, 0.96, 11.04, 3.04], "texture": "#5"},
				"west": {"uv": [8.96, 0.96, 11.04, 3.04], "texture": "#5"},
				"up": {"uv": [8.96, 0.96, 11.04, 3.04], "texture": "#5"},
				"down": {"uv": [8.96, 0.96, 11.04, 3.04], "texture": "#5"}
			}
		},
		{
			"name": "Voxels-000000",
			"from": [1.25, 1.25, 9.75],
			"to": [1.5, 1.5, 10],
			"faces": {
				"north": {"uv": [9, 0, 11.08, 2.08], "texture": "#5"},
				"east": {"uv": [9, 0, 11.08, 2.08], "texture": "#5"},
				"south": {"uv": [9, 0, 11.08, 2.08], "texture": "#5"},
				"west": {"uv": [9, 0, 11.08, 2.08], "texture": "#5"},
				"up": {"uv": [9, 0, 11.08, 2.08], "texture": "#5"},
				"down": {"uv": [9, 0, 11.08, 2.08], "texture": "#5"}
			}
		},
		{
			"name": "Voxels-808080",
			"from": [1.5, 1, 9],
			"to": [2, 2, 9.25],
			"faces": {
				"north": {"uv": [4.96, 0.96, 7.04, 3.04], "texture": "#5"},
				"east": {"uv": [4.96, 0.96, 7.04, 3.04], "texture": "#5"},
				"south": {"uv": [4.96, 0.96, 7.04, 3.04], "texture": "#5"},
				"west": {"uv": [4.96, 0.96, 7.04, 3.04], "texture": "#5"},
				"up": {"uv": [4.96, 0.96, 7.04, 3.04], "texture": "#5"},
				"down": {"uv": [4.96, 0.96, 7.04, 3.04], "texture": "#5"}
			}
		},
		{
			"name": "Voxels-808080",
			"from": [1.5, 1, 9.25],
			"to": [2.5, 1.25, 10],
			"faces": {
				"north": {"uv": [4.96, 0.96, 7.04, 3.04], "texture": "#5"},
				"east": {"uv": [4.96, 0.96, 7.04, 3.04], "texture": "#5"},
				"south": {"uv": [4.96, 0.96, 7.04, 3.04], "texture": "#5"},
				"west": {"uv": [4.96, 0.96, 7.04, 3.04], "texture": "#5"},
				"up": {"uv": [4.96, 0.96, 7.04, 3.04], "texture": "#5"},
				"down": {"uv": [4.96, 0.96, 7.04, 3.04], "texture": "#5"}
			}
		},
		{
			"name": "Voxels-808080",
			"from": [1.5, 1.25, 9.75],
			"to": [2.75, 1.75, 10],
			"faces": {
				"north": {"uv": [4.96, 0.96, 7.04, 3.04], "texture": "#5"},
				"east": {"uv": [4.96, 0.96, 7.04, 3.04], "texture": "#5"},
				"south": {"uv": [4.96, 0.96, 7.04, 3.04], "texture": "#5"},
				"west": {"uv": [4.96, 0.96, 7.04, 3.04], "texture": "#5"},
				"up": {"uv": [4.96, 0.96, 7.04, 3.04], "texture": "#5"},
				"down": {"uv": [4.96, 0.96, 7.04, 3.04], "texture": "#5"}
			}
		},
		{
			"name": "Voxels-DE0000",
			"from": [1.5, 1.5, 7.5],
			"to": [2, 2, 7.75],
			"faces": {
				"north": {"uv": [12, 0, 14.08, 2.08], "texture": "#0"},
				"east": {"uv": [12, 0, 14.08, 2.08], "texture": "#0"},
				"south": {"uv": [12, 0, 14.08, 2.08], "texture": "#0"},
				"west": {"uv": [12, 0, 14.08, 2.08], "texture": "#0"},
				"up": {"uv": [12, 0, 14.08, 2.08], "texture": "#0"},
				"down": {"uv": [12, 0, 14.08, 2.08], "texture": "#0"}
			}
		},
		{
			"name": "Voxels-DE0000",
			"from": [1.5, 1.5, 8.5],
			"to": [2, 2, 8.75],
			"faces": {
				"north": {"uv": [12, 0, 14.08, 2.08], "texture": "#0"},
				"east": {"uv": [12, 0, 14.08, 2.08], "texture": "#0"},
				"south": {"uv": [12, 0, 14.08, 2.08], "texture": "#0"},
				"west": {"uv": [12, 0, 14.08, 2.08], "texture": "#0"},
				"up": {"uv": [12, 0, 14.08, 2.08], "texture": "#0"},
				"down": {"uv": [12, 0, 14.08, 2.08], "texture": "#0"}
			}
		},
		{
			"name": "Voxels-DE0000",
			"from": [1.5, 1.5, 8.75],
			"to": [1.75, 1.75, 9],
			"faces": {
				"north": {"uv": [12.96, 0.96, 15.04, 3.04], "texture": "#5"},
				"east": {"uv": [12.96, 0.96, 15.04, 3.04], "texture": "#5"},
				"south": {"uv": [12.96, 0.96, 15.04, 3.04], "texture": "#5"},
				"west": {"uv": [12.96, 0.96, 15.04, 3.04], "texture": "#5"},
				"up": {"uv": [12.96, 0.96, 15.04, 3.04], "texture": "#5"},
				"down": {"uv": [12.96, 0.96, 15.04, 3.04], "texture": "#5"}
			}
		},
		{
			"name": "Voxels-808080",
			"from": [1.5, 1.5, 10],
			"to": [2.25, 1.75, 10.25],
			"faces": {
				"north": {"uv": [4.96, 0.96, 7.04, 3.04], "texture": "#5"},
				"east": {"uv": [4.96, 0.96, 7.04, 3.04], "texture": "#5"},
				"south": {"uv": [4.96, 0.96, 7.04, 3.04], "texture": "#5"},
				"west": {"uv": [4.96, 0.96, 7.04, 3.04], "texture": "#5"},
				"up": {"uv": [4.96, 0.96, 7.04, 3.04], "texture": "#5"},
				"down": {"uv": [4.96, 0.96, 7.04, 3.04], "texture": "#5"}
			}
		},
		{
			"name": "Voxels-808080",
			"from": [1.5, 1.75, 9.75],
			"to": [2, 2, 10],
			"faces": {
				"north": {"uv": [4.96, 0.96, 7.04, 3.04], "texture": "#5"},
				"east": {"uv": [4.96, 0.96, 7.04, 3.04], "texture": "#5"},
				"south": {"uv": [4.96, 0.96, 7.04, 3.04], "texture": "#5"},
				"west": {"uv": [4.96, 0.96, 7.04, 3.04], "texture": "#5"},
				"up": {"uv": [4.96, 0.96, 7.04, 3.04], "texture": "#5"},
				"down": {"uv": [4.96, 0.96, 7.04, 3.04], "texture": "#5"}
			}
		},
		{
			"name": "Voxels-DE0000",
			"from": [1.5, 2, 7.75],
			"to": [2, 2.25, 8.5],
			"faces": {
				"north": {"uv": [13, 0, 15.08, 2.08], "texture": "#0"},
				"east": {"uv": [13, 0, 15.08, 2.08], "texture": "#0"},
				"south": {"uv": [13, 0, 15.08, 2.08], "texture": "#0"},
				"west": {"uv": [13, 0, 15.08, 2.08], "texture": "#0"},
				"up": {"uv": [13, 0, 15.08, 2.08], "texture": "#0"},
				"down": {"uv": [13, 0, 15.08, 2.08], "texture": "#0"}
			}
		},
		{
			"name": "Voxels-808080",
			"from": [1.5, 2, 9],
			"to": [2, 2.25, 10],
			"faces": {
				"north": {"uv": [4.96, 0.96, 7.04, 3.04], "texture": "#5"},
				"east": {"uv": [4.96, 0.96, 7.04, 3.04], "texture": "#5"},
				"south": {"uv": [4.96, 0.96, 7.04, 3.04], "texture": "#5"},
				"west": {"uv": [4.96, 0.96, 7.04, 3.04], "texture": "#5"},
				"up": {"uv": [4.96, 0.96, 7.04, 3.04], "texture": "#5"},
				"down": {"uv": [4.96, 0.96, 7.04, 3.04], "texture": "#5"}
			}
		},
		{
			"name": "Voxels-DE0000",
			"from": [1.75, 1, 7.5],
			"to": [2, 1.25, 7.75],
			"faces": {
				"north": {"uv": [12.96, 0.96, 15.04, 3.04], "texture": "#voxels_palette"},
				"west": {"uv": [12.96, 0.96, 15.04, 3.04], "texture": "#voxels_palette"}
			}
		},
		{
			"name": "Voxels-DE0000",
			"from": [1.75, 1, 8.5],
			"to": [2, 1.25, 8.75],
			"faces": {
				"south": {"uv": [12.96, 0.96, 15.04, 3.04], "texture": "#voxels_palette"},
				"west": {"uv": [12.96, 0.96, 15.04, 3.04], "texture": "#voxels_palette"}
			}
		},
		{
			"name": "Voxels-808080",
			"from": [1.75, 1.5, 8.75],
			"to": [2.25, 1.75, 9],
			"faces": {
				"north": {"uv": [4.96, 0.96, 7.04, 3.04], "texture": "#voxels_palette"},
				"up": {"uv": [4.96, 0.96, 7.04, 3.04], "texture": "#voxels_palette"}
			}
		},
		{
			"name": "Voxels-808080",
			"from": [2, 2, 9.25],
			"to": [2.25, 2.25, 9.75],
			"faces": {
				"north": {"uv": [4.96, 0.96, 7.04, 3.04], "texture": "#voxels_palette"},
				"east": {"uv": [4.96, 0.96, 7.04, 3.04], "texture": "#voxels_palette"},
				"south": {"uv": [4.96, 0.96, 7.04, 3.04], "texture": "#voxels_palette"},
				"up": {"uv": [4.96, 0.96, 7.04, 3.04], "texture": "#voxels_palette"}
			}
		},
		{
			"name": "Voxels-000000",
			"from": [2, 2.5, 7.25],
			"to": [3.25, 4, 8.25],
			"faces": {
				"north": {"uv": [8.96, 0.96, 11.04, 3.04], "texture": "#3"},
				"east": {"uv": [8.96, 0.96, 11.04, 3.04], "texture": "#3"},
				"south": {"uv": [8.96, 0.96, 11.04, 3.04], "texture": "#3"},
				"west": {"uv": [8.96, 0.96, 11.04, 3.04], "texture": "#3"},
				"up": {"uv": [8.96, 0.96, 11.04, 3.04], "texture": "#3"},
				"down": {"uv": [8.96, 0.96, 11.04, 3.04], "texture": "#3"}
			}
		},
		{
			"name": "Voxels-000000",
			"from": [2, 2.75, 7],
			"to": [3.25, 3.75, 7.25],
			"faces": {
				"north": {"uv": [8.96, 0.96, 11.04, 3.04], "texture": "#3"},
				"east": {"uv": [8.96, 0.96, 11.04, 3.04], "texture": "#3"},
				"south": {"uv": [8.96, 0.96, 11.04, 3.04], "texture": "#3"},
				"west": {"uv": [8.96, 0.96, 11.04, 3.04], "texture": "#3"},
				"up": {"uv": [8.96, 0.96, 11.04, 3.04], "texture": "#3"},
				"down": {"uv": [8.96, 0.96, 11.04, 3.04], "texture": "#3"}
			}
		},
		{
			"name": "Voxels-000000",
			"from": [2, 2.75, 8.25],
			"to": [3.25, 3.75, 8.5],
			"faces": {
				"north": {"uv": [8.96, 0.96, 11.04, 3.04], "texture": "#3"},
				"east": {"uv": [8.96, 0.96, 11.04, 3.04], "texture": "#3"},
				"south": {"uv": [8.96, 0.96, 11.04, 3.04], "texture": "#3"},
				"west": {"uv": [8.96, 0.96, 11.04, 3.04], "texture": "#3"},
				"up": {"uv": [8.96, 0.96, 11.04, 3.04], "texture": "#3"},
				"down": {"uv": [8.96, 0.96, 11.04, 3.04], "texture": "#3"}
			}
		},
		{
			"name": "Voxels-000000",
			"from": [2.25, 2.5, 7],
			"to": [3.25, 2.75, 7.25],
			"faces": {
				"north": {"uv": [8.96, 0.96, 11.04, 3.04], "texture": "#3"},
				"east": {"uv": [8.96, 0.96, 11.04, 3.04], "texture": "#3"},
				"south": {"uv": [8.96, 0.96, 11.04, 3.04], "texture": "#3"},
				"west": {"uv": [8.96, 0.96, 11.04, 3.04], "texture": "#3"},
				"up": {"uv": [8.96, 0.96, 11.04, 3.04], "texture": "#3"},
				"down": {"uv": [8.96, 0.96, 11.04, 3.04], "texture": "#3"}
			}
		},
		{
			"name": "Voxels-000000",
			"from": [2.25, 2.5, 8.25],
			"to": [3.25, 2.75, 8.5],
			"faces": {
				"north": {"uv": [8.96, 0.96, 11.04, 3.04], "texture": "#3"},
				"east": {"uv": [8.96, 0.96, 11.04, 3.04], "texture": "#3"},
				"south": {"uv": [8.96, 0.96, 11.04, 3.04], "texture": "#3"},
				"west": {"uv": [8.96, 0.96, 11.04, 3.04], "texture": "#3"},
				"up": {"uv": [8.96, 0.96, 11.04, 3.04], "texture": "#3"},
				"down": {"uv": [8.96, 0.96, 11.04, 3.04], "texture": "#3"}
			}
		},
		{
			"name": "Voxels-000000",
			"from": [2.25, 3, 6.75],
			"to": [3.25, 3.25, 7],
			"faces": {
				"north": {"uv": [8.96, 0.96, 11.04, 3.04], "texture": "#3"},
				"east": {"uv": [8.96, 0.96, 11.04, 3.04], "texture": "#3"},
				"south": {"uv": [8.96, 0.96, 11.04, 3.04], "texture": "#3"},
				"west": {"uv": [8.96, 0.96, 11.04, 3.04], "texture": "#3"},
				"up": {"uv": [8.96, 0.96, 11.04, 3.04], "texture": "#3"},
				"down": {"uv": [8.96, 0.96, 11.04, 3.04], "texture": "#3"}
			}
		},
		{
			"name": "Voxels-000000",
			"from": [2.25, 3, 8.5],
			"to": [3.25, 3.25, 8.75],
			"faces": {
				"north": {"uv": [8.96, 0.96, 11.04, 3.04], "texture": "#3"},
				"east": {"uv": [8.96, 0.96, 11.04, 3.04], "texture": "#3"},
				"south": {"uv": [8.96, 0.96, 11.04, 3.04], "texture": "#3"},
				"west": {"uv": [8.96, 0.96, 11.04, 3.04], "texture": "#3"},
				"up": {"uv": [8.96, 0.96, 11.04, 3.04], "texture": "#3"},
				"down": {"uv": [8.96, 0.96, 11.04, 3.04], "texture": "#3"}
			}
		},
		{
			"name": "Voxels-000000",
			"from": [2.25, 3.75, 7],
			"to": [3.25, 4, 7.25],
			"faces": {
				"north": {"uv": [7, 0, 9.08, 2.08], "texture": "#3"},
				"east": {"uv": [7, 0, 9.08, 2.08], "texture": "#3"},
				"south": {"uv": [7, 0, 9.08, 2.08], "texture": "#3"},
				"west": {"uv": [7, 0, 9.08, 2.08], "texture": "#3"},
				"up": {"uv": [7, 0, 9.08, 2.08], "texture": "#3"},
				"down": {"uv": [7, 0, 9.08, 2.08], "texture": "#3"}
			}
		},
		{
			"name": "Voxels-000000",
			"from": [2.25, 3.75, 8.25],
			"to": [3.25, 4, 8.5],
			"faces": {
				"north": {"uv": [8.96, 0.96, 11.04, 3.04], "texture": "#3"},
				"east": {"uv": [8.96, 0.96, 11.04, 3.04], "texture": "#3"},
				"south": {"uv": [8.96, 0.96, 11.04, 3.04], "texture": "#3"},
				"west": {"uv": [8.96, 0.96, 11.04, 3.04], "texture": "#3"},
				"up": {"uv": [8.96, 0.96, 11.04, 3.04], "texture": "#3"},
				"down": {"uv": [8.96, 0.96, 11.04, 3.04], "texture": "#3"}
			}
		},
		{
			"name": "Voxels-000000",
			"from": [8.25, 5.25, 9],
			"to": [8.75, 6.5, 9.25],
			"faces": {
				"north": {"uv": [5.5, 0, 15, 16], "rotation": 180, "texture": "#8"},
				"east": {"uv": [2.5, 0, 9.08, 15.58], "rotation": 180, "texture": "#8"},
				"south": {"uv": [2.5, 0, 9.08, 15.58], "texture": "#8"},
				"west": {"uv": [2.5, 0, 9.08, 15.58], "texture": "#8"},
				"up": {"uv": [2.5, 0, 3, 0.25], "texture": "#3"},
				"down": {"uv": [2.5, 0, 9.08, 15.58], "texture": "#8"}
			}
		},
		{
			"name": "Voxels-111111",
			"from": [9.25, 5.25, 9],
			"to": [9.75, 6.5, 9.25],
			"faces": {
				"north": {"uv": [4, 0, 16, 16], "texture": "#8"},
				"east": {"uv": [2.5, 0, 9.08, 15.58], "rotation": 180, "texture": "#8"},
				"south": {"uv": [2.5, 0, 9.08, 15.58], "texture": "#8"},
				"west": {"uv": [2.5, 0, 9.08, 15.58], "texture": "#8"},
				"up": {"uv": [2.5, 0, 3, 0.25], "texture": "#3"},
				"down": {"uv": [2.5, 0, 9.08, 15.58], "texture": "#8"}
			}
		},
		{
			"name": "Voxels-000000",
			"from": [8.25, 6, 9.25],
			"to": [8.5, 6.5, 9.5],
			"faces": {
				"east": {"uv": [8.96, 0.96, 11.04, 3.04], "texture": "#voxels_palette"},
				"south": {"uv": [2.5, 0, 9.08, 15.58], "texture": "#8"},
				"west": {"uv": [2.5, 0, 9.08, 15.58], "rotation": 180, "texture": "#8"},
				"up": {"uv": [2.5, 0, 3, 0.25], "texture": "#3"}
			}
		},
		{
			"name": "Voxels-111111",
			"from": [9.25, 5.25, 9.25],
			"to": [9.75, 6.5, 9.5],
			"faces": {
				"east": {"uv": [2.5, 0, 9.08, 15.58], "texture": "#8"},
				"south": {"uv": [0, 0, 16, 16], "texture": "#8"},
				"west": {"uv": [2.5, 0, 9.08, 15.58], "rotation": 180, "texture": "#8"},
				"up": {"uv": [2.5, 0, 3, 0.25], "texture": "#3"}
			}
		},
		{
			"name": "Voxels-000000",
			"from": [8.5, 5.25, 8.75],
			"to": [9.5, 6.5, 9],
			"faces": {
				"north": {"uv": [0, 0, 16, 16], "rotation": 180, "texture": "#8"},
				"east": {"uv": [2, 0, 8.58, 15.58], "texture": "#8"},
				"west": {"uv": [0, 0, 11, 16], "texture": "#8"},
				"up": {"uv": [2.5, 0, 3, 0.25], "texture": "#3"}
			}
		},
		{
			"name": "Voxels-000000",
			"from": [8.5, 5.25, 9.5],
			"to": [9.5, 6.5, 9.75],
			"faces": {
				"east": {"uv": [2.5, 0, 9.08, 15.58], "rotation": 180, "texture": "#8"},
				"south": {"uv": [0, 0, 16, 16], "rotation": 180, "texture": "#8"},
				"west": {"uv": [2.5, 0, 9.08, 15.58], "rotation": 180, "texture": "#8"},
				"up": {"uv": [2.5, 0, 3, 0.25], "texture": "#3"}
			}
		},
		{
			"name": "Voxels-000000",
			"from": [8.5, 6.5, 9],
			"to": [9.25, 6.75, 9.5],
			"faces": {
				"north": {"uv": [2.5, 0, 3, 0.25], "texture": "#3"},
				"east": {"uv": [2.5, 0, 3, 0.25], "texture": "#3"},
				"south": {"uv": [2.5, 0, 3, 0.25], "texture": "#3"},
				"west": {"uv": [2.5, 0, 3, 0.25], "texture": "#3"},
				"up": {"uv": [2.5, 0, 3, 0.25], "texture": "#3"},
				"down": {"uv": [2.5, 0, 3, 0.25], "texture": "#3"}
			}
		},
		{
			"name": "Voxels-000000",
			"from": [8.75, 5.25, 8.5],
			"to": [9, 6.5, 8.75],
			"faces": {
				"north": {"uv": [8, 0, 12, 16], "rotation": 180, "texture": "#8"},
				"east": {"uv": [4.5, 0, 12, 16], "texture": "#8"},
				"west": {"uv": [11, 0, 16, 16], "texture": "#8"},
				"up": {"uv": [2.5, 0, 3, 0.25], "texture": "#3"}
			}
		},
		{
			"name": "Voxels-000000",
			"from": [8.75, 6, 9.75],
			"to": [9.25, 6.5, 10],
			"faces": {
				"east": {"uv": [2.5, 0, 9.08, 15.58], "rotation": 180, "texture": "#8"},
				"south": {"uv": [0, 0, 16, 16], "rotation": 180, "texture": "#8"},
				"west": {"uv": [2.5, 0, 9.08, 15.58], "rotation": 180, "texture": "#8"},
				"up": {"uv": [2.5, 0, 3, 0.25], "texture": "#3"}
			}
		},
		{
			"name": "Voxels-000000",
			"from": [8.75, 6.5, 8.75],
			"to": [9, 6.75, 9],
			"faces": {
				"north": {"uv": [2.5, 0, 3, 0.25], "texture": "#3"},
				"east": {"uv": [2.5, 0, 3, 0.25], "texture": "#3"},
				"south": {"uv": [2.5, 0, 3, 0.25], "texture": "#3"},
				"west": {"uv": [2.5, 0, 3, 0.25], "texture": "#3"},
				"up": {"uv": [2.5, 0, 3, 0.25], "texture": "#3"},
				"down": {"uv": [2.5, 0, 3, 0.25], "texture": "#3"}
			}
		},
		{
			"name": "Voxels-000000",
			"from": [8.75, 6.5, 9.5],
			"to": [9, 6.75, 9.75],
			"faces": {
				"north": {"uv": [2.5, 0, 3, 0.25], "texture": "#3"},
				"east": {"uv": [2.5, 0, 3, 0.25], "texture": "#3"},
				"south": {"uv": [2.5, 0, 3, 0.25], "texture": "#3"},
				"west": {"uv": [2.5, 0, 3, 0.25], "texture": "#3"},
				"up": {"uv": [2.5, 0, 3, 0.25], "texture": "#3"},
				"down": {"uv": [2.5, 0, 3, 0.25], "texture": "#3"}
			}
		},
		{
			"name": "Voxels-000000",
			"from": [13, 1.25, 9.75],
			"to": [14.75, 1.5, 10.5],
			"faces": {
				"north": {"uv": [8.96, 0.96, 11.04, 3.04], "texture": "#3"},
				"east": {"uv": [8.96, 0.96, 11.04, 3.04], "texture": "#3"},
				"south": {"uv": [8.96, 0.96, 11.04, 3.04], "texture": "#3"},
				"west": {"uv": [8.96, 0.96, 11.04, 3.04], "texture": "#3"},
				"up": {"uv": [8.96, 0.96, 11.04, 3.04], "texture": "#3"},
				"down": {"uv": [8.96, 0.96, 11.04, 3.04], "texture": "#3"}
			}
		},
		{
			"name": "Voxels-000000",
			"from": [13, 1.5, 10],
			"to": [15, 1.75, 10.25],
			"faces": {
				"north": {"uv": [8.96, 0.96, 11.04, 3.04], "texture": "#3"},
				"east": {"uv": [8.96, 0.96, 11.04, 3.04], "texture": "#3"},
				"south": {"uv": [8.96, 0.96, 11.04, 3.04], "texture": "#3"},
				"west": {"uv": [8.96, 0.96, 11.04, 3.04], "texture": "#3"},
				"up": {"uv": [8.96, 0.96, 11.04, 3.04], "texture": "#3"},
				"down": {"uv": [8.96, 0.96, 11.04, 3.04], "texture": "#3"}
			}
		},
		{
			"name": "Voxels-000000",
			"from": [13.25, 0.75, 9.75],
			"to": [14.50001, 1.25, 10.5],
			"faces": {
				"north": {"uv": [8.96, 0.96, 11.04, 3.04], "texture": "#3"},
				"east": {"uv": [8.96, 0.96, 11.04, 3.04], "texture": "#3"},
				"south": {"uv": [8.96, 0.96, 11.04, 3.04], "texture": "#3"},
				"west": {"uv": [8.96, 0.96, 11.04, 3.04], "texture": "#3"},
				"up": {"uv": [8.96, 0.96, 11.04, 3.04], "texture": "#3"},
				"down": {"uv": [8.96, 0.96, 11.04, 3.04], "texture": "#3"}
			}
		},
		{
			"name": "Voxels-000000",
			"from": [13.25, 1, 9.5],
			"to": [14.5, 1.25, 9.75],
			"faces": {
				"north": {"uv": [8.96, 0.96, 11.04, 3.04], "texture": "#3"},
				"east": {"uv": [8.96, 0.96, 11.04, 3.04], "texture": "#3"},
				"south": {"uv": [8.96, 0.96, 11.04, 3.04], "texture": "#3"},
				"west": {"uv": [8.96, 0.96, 11.04, 3.04], "texture": "#3"},
				"up": {"uv": [8.96, 0.96, 11.04, 3.04], "texture": "#3"},
				"down": {"uv": [8.96, 0.96, 11.04, 3.04], "texture": "#3"}
			}
		},
		{
			"name": "Voxels-000000",
			"from": [13.25, 1, 10.5],
			"to": [14.5, 1.25, 10.75],
			"faces": {
				"north": {"uv": [8.96, 0.96, 11.04, 3.04], "texture": "#3"},
				"east": {"uv": [8.96, 0.96, 11.04, 3.04], "texture": "#3"},
				"south": {"uv": [8.96, 0.96, 11.04, 3.04], "texture": "#3"},
				"west": {"uv": [8.96, 0.96, 11.04, 3.04], "texture": "#3"},
				"up": {"uv": [8.96, 0.96, 11.04, 3.04], "texture": "#3"},
				"down": {"uv": [8.96, 0.96, 11.04, 3.04], "texture": "#3"}
			}
		},
		{
			"name": "Voxels-000000",
			"from": [13.25, 1.25, 9.5],
			"to": [14.25, 1.5, 9.75],
			"faces": {
				"north": {"uv": [8.96, 0.96, 11.04, 3.04], "texture": "#3"},
				"east": {"uv": [8.96, 0.96, 11.04, 3.04], "texture": "#3"},
				"south": {"uv": [8.96, 0.96, 11.04, 3.04], "texture": "#3"},
				"west": {"uv": [8.96, 0.96, 11.04, 3.04], "texture": "#3"},
				"up": {"uv": [8.96, 0.96, 11.04, 3.04], "texture": "#3"},
				"down": {"uv": [8.96, 0.96, 11.04, 3.04], "texture": "#3"}
			}
		},
		{
			"name": "Voxels-000000",
			"from": [13.25, 1.25, 10.5],
			"to": [14.25, 1.5, 10.75],
			"faces": {
				"north": {"uv": [8.96, 0.96, 11.04, 3.04], "texture": "#3"},
				"east": {"uv": [8.96, 0.96, 11.04, 3.04], "texture": "#3"},
				"south": {"uv": [8.96, 0.96, 11.04, 3.04], "texture": "#3"},
				"west": {"uv": [8.96, 0.96, 11.04, 3.04], "texture": "#3"},
				"up": {"uv": [8.96, 0.96, 11.04, 3.04], "texture": "#3"},
				"down": {"uv": [8.96, 0.96, 11.04, 3.04], "texture": "#3"}
			}
		},
		{
			"name": "Voxels-000000",
			"from": [13.25, 1.5, 9.75],
			"to": [14.75, 1.75, 10],
			"faces": {
				"north": {"uv": [8.96, 0.96, 11.04, 3.04], "texture": "#3"},
				"east": {"uv": [8.96, 0.96, 11.04, 3.04], "texture": "#3"},
				"south": {"uv": [8.96, 0.96, 11.04, 3.04], "texture": "#3"},
				"west": {"uv": [8.96, 0.96, 11.04, 3.04], "texture": "#3"},
				"up": {"uv": [8.96, 0.96, 11.04, 3.04], "texture": "#3"},
				"down": {"uv": [8.96, 0.96, 11.04, 3.04], "texture": "#3"}
			}
		},
		{
			"name": "Voxels-000000",
			"from": [13.25, 1.5, 10.25],
			"to": [14.75, 1.75, 10.5],
			"faces": {
				"north": {"uv": [8.96, 0.96, 11.04, 3.04], "texture": "#3"},
				"east": {"uv": [8.96, 0.96, 11.04, 3.04], "texture": "#3"},
				"south": {"uv": [8.96, 0.96, 11.04, 3.04], "texture": "#3"},
				"west": {"uv": [8.96, 0.96, 11.04, 3.04], "texture": "#3"},
				"up": {"uv": [8.96, 0.96, 11.04, 3.04], "texture": "#3"},
				"down": {"uv": [8.96, 0.96, 11.04, 3.04], "texture": "#3"}
			}
		},
		{
			"name": "Voxels-000000",
			"from": [13.5, 0.5, 9.75],
			"to": [14, 0.75, 10.5],
			"faces": {
				"north": {"uv": [8.96, 0.96, 11.04, 3.04], "texture": "#voxels_palette"},
				"east": {"uv": [8.96, 0.96, 11.04, 3.04], "texture": "#voxels_palette"},
				"west": {"uv": [8.96, 0.96, 11.04, 3.04], "texture": "#voxels_palette"},
				"down": {"uv": [8.96, 0.96, 11.04, 3.04], "texture": "#voxels_palette"}
			}
		},
		{
			"name": "Voxels-000000",
			"from": [13.5, 0.75, 9.5],
			"to": [14, 1, 9.75],
			"faces": {
				"north": {"uv": [8.96, 0.96, 11.04, 3.04], "texture": "#voxels_palette"},
				"west": {"uv": [8.96, 0.96, 11.04, 3.04], "texture": "#voxels_palette"},
				"down": {"uv": [8.96, 0.96, 11.04, 3.04], "texture": "#voxels_palette"}
			}
		},
		{
			"name": "Voxels-000000",
			"from": [13.5, 1.5, 9.5],
			"to": [14.25, 1.75, 9.75],
			"faces": {
				"north": {"uv": [8.96, 0.96, 11.04, 3.04], "texture": "#3"},
				"east": {"uv": [8.96, 0.96, 11.04, 3.04], "texture": "#3"},
				"south": {"uv": [8.96, 0.96, 11.04, 3.04], "texture": "#3"},
				"west": {"uv": [8.96, 0.96, 11.04, 3.04], "texture": "#3"},
				"up": {"uv": [8.96, 0.96, 11.04, 3.04], "texture": "#3"},
				"down": {"uv": [8.96, 0.96, 11.04, 3.04], "texture": "#3"}
			}
		},
		{
			"name": "Voxels-000000",
			"from": [13.5, 1.5, 10.5],
			"to": [14.25, 1.75, 10.75],
			"faces": {
				"north": {"uv": [8.96, 0.96, 11.04, 3.04], "texture": "#3"},
				"east": {"uv": [8.96, 0.96, 11.04, 3.04], "texture": "#3"},
				"south": {"uv": [8.96, 0.96, 11.04, 3.04], "texture": "#3"},
				"west": {"uv": [8.96, 0.96, 11.04, 3.04], "texture": "#3"},
				"up": {"uv": [8.96, 0.96, 11.04, 3.04], "texture": "#3"},
				"down": {"uv": [8.96, 0.96, 11.04, 3.04], "texture": "#3"}
			}
		},
		{
			"name": "Voxels-000000",
			"from": [13.5, 1.75, 9.75],
			"to": [14.25, 1.9999, 10.5],
			"faces": {
				"north": {"uv": [8.96, 0.96, 11.04, 3.04], "texture": "#3"},
				"east": {"uv": [8.96, 0.96, 11.04, 3.04], "texture": "#3"},
				"south": {"uv": [8.96, 0.96, 11.04, 3.04], "texture": "#3"},
				"west": {"uv": [8.96, 0.96, 11.04, 3.04], "texture": "#3"},
				"up": {"uv": [8.96, 0.96, 11.04, 3.04], "texture": "#3"},
				"down": {"uv": [8.96, 0.96, 11.04, 3.04], "texture": "#3"}
			}
		},
		{
			"name": "Voxels-000000",
			"from": [14.25, 1.75, 10],
			"to": [14.75, 2, 10.25],
			"faces": {
				"north": {"uv": [8.96, 0.96, 11.04, 3.04], "texture": "#3"},
				"east": {"uv": [8.96, 0.96, 11.04, 3.04], "texture": "#3"},
				"south": {"uv": [8.96, 0.96, 11.04, 3.04], "texture": "#3"},
				"west": {"uv": [8.96, 0.96, 11.04, 3.04], "texture": "#3"},
				"up": {"uv": [8.96, 0.96, 11.04, 3.04], "texture": "#3"},
				"down": {"uv": [8.96, 0.96, 11.04, 3.04], "texture": "#3"}
			}
		},
		{
			"name": "Voxels-000000",
			"from": [14.75, 1.25, 10],
			"to": [15, 1.5, 10.25],
			"faces": {
				"north": {"uv": [8.96, 0.96, 11.04, 3.04], "texture": "#3"},
				"east": {"uv": [8.96, 0.96, 11.04, 3.04], "texture": "#3"},
				"south": {"uv": [8.96, 0.96, 11.04, 3.04], "texture": "#3"},
				"west": {"uv": [8.96, 0.96, 11.04, 3.04], "texture": "#3"},
				"up": {"uv": [8.96, 0.96, 11.04, 3.04], "texture": "#3"},
				"down": {"uv": [8.96, 0.96, 11.04, 3.04], "texture": "#3"}
			}
		}
	],
	"display": {
		"thirdperson_righthand": {
			"rotation": [0, -59, 0],
			"translation": [-0.03, 2.086, 0],
			"scale": [0.547, 0.4512, 0.408]
		},
		"thirdperson_lefthand": {
			"rotation": [0, -59, 0],
			"translation": [-0.03, 2.086, 0],
			"scale": [0.547, 0.4512, 0.408]
		},
		"firstperson_righthand": {
			"rotation": [0, -57, 2],
			"translation": [2.7829, 4.1748, -0.695]
		},
		"firstperson_lefthand": {
			"rotation": [0, -57, 2],
			"translation": [2.7829, 4.1748, -0.695]
		},
		"ground": {
			"rotation": [0, 0, -17],
			"translation": [0, 3.4782, 0],
			"scale": [0.7565, 0.7565, 0.7217]
		},
		"gui": {
			"rotation": [0, 90, 0],
			"translation": [0.055, 3.75, 0],
			"scale": [0.7565, 1, 1]
		},
		"head": {
			"rotation": [0, -90, 0],
			"translation": [0, 15.695, -0.25],
			"scale": [1.22, 1.16, 1.16]
		},
		"fixed": {
			"rotation": [0, -90, 0],
			"translation": [-0.25, 3.5, -0.75],
			"scale": [0.8608, 1, 1]
		}
	}
}
