{
	"credit": "Made with PanicAtTheJedi",
	"textures": {
		"2": "custom/rosegoldtexture",
		"4": "blocks/flower_paeonia",
		"particle": "custom/rosegoldtexture"
	},
	"elements": [
		{
			"from": [13.0284, 1.69962, -5.00256],
			"to": [15.2784, 2.69962, -4.00256],
			"rotation": {"angle": -22.5, "axis": "z", "origin": [20.0284, 9.69962, 2.99744]},
			"faces": {
				"north": {"uv": [1, 1, 3, 2], "texture": "#2"},
				"east": {"uv": [1, 1, 3, 2], "texture": "#2"},
				"south": {"uv": [1, 1, 3, 2], "texture": "#2"},
				"west": {"uv": [1, 1, 3, 2], "texture": "#2"},
				"up": {"uv": [1, 1, 3, 2], "texture": "#2"},
				"down": {"uv": [1, 1, 3, 2], "texture": "#2"}
			}
		},
		{
			"from": [1.25608, 0.85814, -5.00256],
			"to": [3.50608, 1.85814, -4.00256],
			"rotation": {"angle": 22.5, "axis": "z", "origin": [-5.49392, 9.85814, 2.99744]},
			"faces": {
				"north": {"uv": [1, 1, 3, 2], "texture": "#2"},
				"east": {"uv": [1, 1, 3, 2], "texture": "#2"},
				"south": {"uv": [1, 1, 3, 2], "texture": "#2"},
				"west": {"uv": [1, 1, 3, 2], "texture": "#2"},
				"up": {"uv": [1, 1, 3, 2], "texture": "#2"},
				"down": {"uv": [1, 1, 3, 2], "texture": "#2"}
			}
		},
		{
			"from": [5.88246, 4.91125, -5.00256],
			"to": [10.88246, 5.91125, -4.00256],
			"faces": {
				"north": {"uv": [1, 1, 6, 2], "texture": "#2"},
				"east": {"uv": [1, 1, 6, 2], "texture": "#2"},
				"south": {"uv": [1, 1, 6, 2], "texture": "#2"},
				"west": {"uv": [1, 1, 6, 2], "texture": "#2"},
				"up": {"uv": [1, 1, 6, 2], "texture": "#2"},
				"down": {"uv": [1, 1, 6, 2], "texture": "#2"}
			}
		},
		{
			"name": "hexadecagon",
			"from": [7.95163, 6, -5.25],
			"to": [8.54837, 9, -4.25],
			"rotation": {"angle": -45, "axis": "z", "origin": [8.25, 7.5, -4.75]},
			"faces": {
				"north": {"uv": [5, 2.25, 5.75, 3], "texture": "#4"},
				"east": {"uv": [5, 2.25, 5.75, 3], "texture": "#4"},
				"south": {"uv": [5, 2.25, 5.75, 3], "texture": "#4"},
				"west": {"uv": [5, 2.25, 5.75, 3], "texture": "#4"},
				"up": {"uv": [5, 2.25, 5.75, 3], "texture": "#4"},
				"down": {"uv": [5, 2.25, 5.75, 3], "texture": "#4"}
			}
		},
		{
			"name": "hexadecagon",
			"from": [7.95163, 6, -5.25],
			"to": [8.54837, 9, -4.25],
			"rotation": {"angle": -22.5, "axis": "z", "origin": [8.25, 7.5, -4.75]},
			"faces": {
				"north": {"uv": [5, 2.25, 5.75, 3], "texture": "#4"},
				"east": {"uv": [5, 2.25, 5.75, 3], "texture": "#4"},
				"south": {"uv": [5, 2.25, 5.75, 3], "texture": "#4"},
				"west": {"uv": [5, 2.25, 5.75, 3], "texture": "#4"},
				"up": {"uv": [5, 2.25, 5.75, 3], "texture": "#4"},
				"down": {"uv": [5, 2.25, 5.75, 3], "texture": "#4"}
			}
		},
		{
			"name": "hexadecagon",
			"from": [7.95163, 6, -5.25],
			"to": [8.54837, 9, -4.25],
			"faces": {
				"north": {"uv": [5, 2.25, 5.75, 3], "texture": "#4"},
				"east": {"uv": [5, 2.25, 5.75, 3], "texture": "#4"},
				"south": {"uv": [5, 2.25, 5.75, 3], "texture": "#4"},
				"west": {"uv": [5, 2.25, 5.75, 3], "texture": "#4"},
				"up": {"uv": [5, 2.25, 5.75, 3], "texture": "#4"},
				"down": {"uv": [5, 2.25, 5.75, 3], "texture": "#4"}
			}
		},
		{
			"name": "hexadecagon",
			"from": [7.95163, 6, -5.25],
			"to": [8.54837, 9, -4.25],
			"rotation": {"angle": 22.5, "axis": "z", "origin": [8.25, 7.5, -4.75]},
			"faces": {
				"north": {"uv": [5, 2.25, 5.75, 3], "texture": "#4"},
				"east": {"uv": [5, 2.25, 5.75, 3], "texture": "#4"},
				"south": {"uv": [5, 2.25, 5.75, 3], "texture": "#4"},
				"west": {"uv": [5, 2.25, 5.75, 3], "texture": "#4"},
				"up": {"uv": [5, 2.25, 5.75, 3], "texture": "#4"},
				"down": {"uv": [5, 2.25, 5.75, 3], "texture": "#4"}
			}
		},
		{
			"name": "hexadecagon",
			"from": [7.95163, 6, -5.25],
			"to": [8.54837, 9, -4.25],
			"rotation": {"angle": 45, "axis": "z", "origin": [8.25, 7.5, -4.75]},
			"faces": {
				"north": {"uv": [5, 2.25, 5.75, 3], "texture": "#4"},
				"east": {"uv": [5, 2.25, 5.75, 3], "texture": "#4"},
				"south": {"uv": [5, 2.25, 5.75, 3], "texture": "#4"},
				"west": {"uv": [5, 2.25, 5.75, 3], "texture": "#4"},
				"up": {"uv": [5, 2.25, 5.75, 3], "texture": "#4"},
				"down": {"uv": [5, 2.25, 5.75, 3], "texture": "#4"}
			}
		},
		{
			"name": "hexadecagon",
			"from": [6.75, 7.20163, -5.25],
			"to": [9.75, 7.79837, -4.25],
			"rotation": {"angle": -22.5, "axis": "z", "origin": [8.25, 7.5, -4.75]},
			"faces": {
				"north": {"uv": [5, 2.25, 5.75, 3], "texture": "#4"},
				"east": {"uv": [5, 2.25, 5.75, 3], "texture": "#4"},
				"south": {"uv": [5, 2.25, 5.75, 3], "texture": "#4"},
				"west": {"uv": [5, 2.25, 5.75, 3], "texture": "#4"},
				"up": {"uv": [5, 2.25, 5.75, 3], "texture": "#4"},
				"down": {"uv": [5, 2.25, 5.75, 3], "texture": "#4"}
			}
		},
		{
			"name": "hexadecagon",
			"from": [6.75, 7.20163, -5.25],
			"to": [9.75, 7.79837, -4.25],
			"faces": {
				"north": {"uv": [5, 2.25, 5.75, 3], "texture": "#4"},
				"east": {"uv": [5, 2.25, 5.75, 3], "texture": "#4"},
				"south": {"uv": [5, 2.25, 5.75, 3], "texture": "#4"},
				"west": {"uv": [5, 2.25, 5.75, 3], "texture": "#4"},
				"up": {"uv": [5, 2.25, 5.75, 3], "texture": "#4"},
				"down": {"uv": [5, 2.25, 5.75, 3], "texture": "#4"}
			}
		},
		{
			"name": "hexadecagon",
			"from": [9.75, 7.20163, -5.25],
			"to": [11.75, 8.04837, -4.25],
			"faces": {
				"north": {"uv": [5, 2.25, 5.75, 3], "texture": "#4"},
				"east": {"uv": [5, 2.25, 5.75, 3], "texture": "#4"},
				"south": {"uv": [5, 2.25, 5.75, 3], "texture": "#4"},
				"west": {"uv": [5, 2.25, 5.75, 3], "texture": "#4"},
				"up": {"uv": [5, 2.25, 5.75, 3], "texture": "#4"},
				"down": {"uv": [5, 2.25, 5.75, 3], "texture": "#4"}
			}
		},
		{
			"name": "hexadecagon",
			"from": [5, 7.20163, -5.25],
			"to": [7, 8.04837, -4.25],
			"faces": {
				"north": {"uv": [5, 2.25, 5.75, 3], "texture": "#4"},
				"east": {"uv": [5, 2.25, 5.75, 3], "texture": "#4"},
				"south": {"uv": [5, 2.25, 5.75, 3], "texture": "#4"},
				"west": {"uv": [5, 2.25, 5.75, 3], "texture": "#4"},
				"up": {"uv": [5, 2.25, 5.75, 3], "texture": "#4"},
				"down": {"uv": [5, 2.25, 5.75, 3], "texture": "#4"}
			}
		},
		{
			"name": "hexadecagon",
			"from": [9.90224, 6.68626, -5.25],
			"to": [11.90224, 7.783, -4.25],
			"rotation": {"angle": 22.5, "axis": "z", "origin": [8.40224, 6.98463, -4.75]},
			"faces": {
				"north": {"uv": [5, 2.25, 5.75, 3], "texture": "#4"},
				"east": {"uv": [5, 2.25, 5.75, 3], "texture": "#4"},
				"south": {"uv": [5, 2.25, 5.75, 3], "texture": "#4"},
				"west": {"uv": [5, 2.25, 5.75, 3], "texture": "#4"},
				"up": {"uv": [5, 2.25, 5.75, 3], "texture": "#4"},
				"down": {"uv": [5, 2.25, 5.75, 3], "texture": "#4"}
			}
		},
		{
			"name": "hexadecagon",
			"from": [4.84776, 6.68626, -5.25],
			"to": [6.84776, 7.783, -4.25],
			"rotation": {"angle": -22.5, "axis": "z", "origin": [8.34776, 6.98463, -4.75]},
			"faces": {
				"north": {"uv": [5, 2.25, 5.75, 3], "texture": "#4"},
				"east": {"uv": [5, 2.25, 5.75, 3], "texture": "#4"},
				"south": {"uv": [5, 2.25, 5.75, 3], "texture": "#4"},
				"west": {"uv": [5, 2.25, 5.75, 3], "texture": "#4"},
				"up": {"uv": [5, 2.25, 5.75, 3], "texture": "#4"},
				"down": {"uv": [5, 2.25, 5.75, 3], "texture": "#4"}
			}
		},
		{
			"name": "hexadecagon",
			"from": [10.14444, 6.49936, -5.25],
			"to": [12.14444, 7.59609, -4.25],
			"rotation": {"angle": 45, "axis": "z", "origin": [8.64444, 6.79773, -4.75]},
			"faces": {
				"north": {"uv": [5, 2.25, 5.75, 3], "texture": "#4"},
				"east": {"uv": [5, 2.25, 5.75, 3], "texture": "#4"},
				"south": {"uv": [5, 2.25, 5.75, 3], "texture": "#4"},
				"west": {"uv": [5, 2.25, 5.75, 3], "texture": "#4"},
				"up": {"uv": [5, 2.25, 5.75, 3], "texture": "#4"},
				"down": {"uv": [5, 2.25, 5.75, 3], "texture": "#4"}
			}
		},
		{
			"name": "hexadecagon",
			"from": [4.60556, 6.49936, -5.25],
			"to": [6.60556, 7.59609, -4.25],
			"rotation": {"angle": -45, "axis": "z", "origin": [8.10556, 6.79773, -4.75]},
			"faces": {
				"north": {"uv": [5, 2.25, 5.75, 3], "texture": "#4"},
				"east": {"uv": [5, 2.25, 5.75, 3], "texture": "#4"},
				"south": {"uv": [5, 2.25, 5.75, 3], "texture": "#4"},
				"west": {"uv": [5, 2.25, 5.75, 3], "texture": "#4"},
				"up": {"uv": [5, 2.25, 5.75, 3], "texture": "#4"},
				"down": {"uv": [5, 2.25, 5.75, 3], "texture": "#4"}
			}
		},
		{
			"name": "hexadecagon",
			"from": [9.80657, 7.23603, -5.25],
			"to": [11.80657, 8.58277, -4.25],
			"rotation": {"angle": -22.5, "axis": "z", "origin": [8.30657, 8.0344, -4.75]},
			"faces": {
				"north": {"uv": [5, 2.25, 5.75, 3], "texture": "#4"},
				"east": {"uv": [5, 2.25, 5.75, 3], "texture": "#4"},
				"south": {"uv": [5, 2.25, 5.75, 3], "texture": "#4"},
				"west": {"uv": [5, 2.25, 5.75, 3], "texture": "#4"},
				"up": {"uv": [5, 2.25, 5.75, 3], "texture": "#4"},
				"down": {"uv": [5, 2.25, 5.75, 3], "texture": "#4"}
			}
		},
		{
			"name": "hexadecagon",
			"from": [4.94343, 7.23603, -5.25],
			"to": [6.94343, 8.58277, -4.25],
			"rotation": {"angle": 22.5, "axis": "z", "origin": [8.44343, 8.0344, -4.75]},
			"faces": {
				"north": {"uv": [5, 2.25, 5.75, 3], "texture": "#4"},
				"east": {"uv": [5, 2.25, 5.75, 3], "texture": "#4"},
				"south": {"uv": [5, 2.25, 5.75, 3], "texture": "#4"},
				"west": {"uv": [5, 2.25, 5.75, 3], "texture": "#4"},
				"up": {"uv": [5, 2.25, 5.75, 3], "texture": "#4"},
				"down": {"uv": [5, 2.25, 5.75, 3], "texture": "#4"}
			}
		},
		{
			"name": "hexadecagon",
			"from": [6.75, 7.20163, -5.25],
			"to": [9.75, 7.79837, -4.25],
			"rotation": {"angle": 22.5, "axis": "z", "origin": [8.25, 7.5, -4.75]},
			"faces": {
				"north": {"uv": [5, 2.25, 5.75, 3], "texture": "#4"},
				"east": {"uv": [5, 2.25, 5.75, 3], "texture": "#4"},
				"south": {"uv": [5, 2.25, 5.75, 3], "texture": "#4"},
				"west": {"uv": [5, 2.25, 5.75, 3], "texture": "#4"},
				"up": {"uv": [5, 2.25, 5.75, 3], "texture": "#4"},
				"down": {"uv": [5, 2.25, 5.75, 3], "texture": "#4"}
			}
		},
		{
			"name": "hexadecagon",
			"from": [2.90326, 5, -4.25],
			"to": [4.09674, 11, -3.25],
			"rotation": {"angle": -45, "axis": "z", "origin": [3.5, 8, -3.75]},
			"faces": {
				"north": {"uv": [0.5, 7, 1, 10], "texture": "#2"},
				"east": {"uv": [0.5, 7, 1, 10], "texture": "#2"},
				"south": {"uv": [0.5, 7, 1, 10], "texture": "#2"},
				"west": {"uv": [0.5, 7, 1, 10], "texture": "#2"},
				"up": {"uv": [0.5, 7, 1, 10], "texture": "#2"},
				"down": {"uv": [0.5, 7, 1, 10], "texture": "#2"}
			}
		},
		{
			"name": "hexadecagon",
			"from": [2.90326, 5, -4.25],
			"to": [4.09674, 11, -3.25],
			"rotation": {"angle": -22.5, "axis": "z", "origin": [3.5, 8, -3.75]},
			"faces": {
				"north": {"uv": [6.5, 6.5, 7, 9.5], "texture": "#2"},
				"east": {"uv": [6.5, 6.5, 7, 9.5], "texture": "#2"},
				"south": {"uv": [6.5, 6.5, 7, 9.5], "texture": "#2"},
				"west": {"uv": [6.5, 6.5, 7, 9.5], "texture": "#2"},
				"up": {"uv": [6.5, 6.5, 7, 9.5], "texture": "#2"},
				"down": {"uv": [6.5, 6.5, 7, 9.5], "texture": "#2"}
			}
		},
		{
			"name": "hexadecagon",
			"from": [2.90326, 5, -4.25],
			"to": [4.09674, 11, -3.25],
			"faces": {
				"north": {"uv": [4.5, 4.5, 5, 7.5], "texture": "#2"},
				"east": {"uv": [4.5, 4.5, 5, 7.5], "texture": "#2"},
				"south": {"uv": [4.5, 4.5, 5, 7.5], "texture": "#2"},
				"west": {"uv": [4.5, 4.5, 5, 7.5], "texture": "#2"},
				"up": {"uv": [4.5, 4.5, 5, 7.5], "texture": "#2"},
				"down": {"uv": [4.5, 4.5, 5, 7.5], "texture": "#2"}
			}
		},
		{
			"name": "hexadecagon",
			"from": [2.90326, 5, -4.25],
			"to": [4.09674, 11, -3.25],
			"rotation": {"angle": 22.5, "axis": "z", "origin": [3.5, 8, -3.75]},
			"faces": {
				"north": {"uv": [2.5, 3.5, 3, 6.5], "texture": "#2"},
				"east": {"uv": [2.5, 3.5, 3, 6.5], "texture": "#2"},
				"south": {"uv": [2.5, 3.5, 3, 6.5], "texture": "#2"},
				"west": {"uv": [2.5, 3.5, 3, 6.5], "texture": "#2"},
				"up": {"uv": [2.5, 3.5, 3, 6.5], "texture": "#2"},
				"down": {"uv": [2.5, 3.5, 3, 6.5], "texture": "#2"}
			}
		},
		{
			"name": "hexadecagon",
			"from": [2.90326, 5, -4.25],
			"to": [4.09674, 11, -3.25],
			"rotation": {"angle": 45, "axis": "z", "origin": [3.5, 8, -3.75]},
			"faces": {
				"north": {"uv": [0.5, 3.5, 1, 6.5], "texture": "#2"},
				"east": {"uv": [0.5, 3.5, 1, 6.5], "texture": "#2"},
				"south": {"uv": [0.5, 3.5, 1, 6.5], "texture": "#2"},
				"west": {"uv": [0.5, 3.5, 1, 6.5], "texture": "#2"},
				"up": {"uv": [0.5, 3.5, 1, 6.5], "texture": "#2"},
				"down": {"uv": [0.5, 3.5, 1, 6.5], "texture": "#2"}
			}
		},
		{
			"name": "hexadecagon",
			"from": [0.5, 7.40326, -4.25],
			"to": [6.5, 8.59674, -3.25],
			"rotation": {"angle": -22.5, "axis": "z", "origin": [3.5, 8, -3.75]},
			"faces": {
				"north": {"uv": [0.5, 2.5, 3.5, 3], "texture": "#2"},
				"east": {"uv": [0.5, 2.5, 3.5, 3], "texture": "#2"},
				"south": {"uv": [0.5, 2.5, 3.5, 3], "texture": "#2"},
				"west": {"uv": [0.5, 2.5, 3.5, 3], "texture": "#2"},
				"up": {"uv": [0.5, 2.5, 3.5, 3], "texture": "#2"},
				"down": {"uv": [0.5, 2.5, 3.5, 3], "texture": "#2"}
			}
		},
		{
			"name": "hexadecagon",
			"from": [0.5, 7.40326, -4.25],
			"to": [6.5, 8.59674, -3.25],
			"faces": {
				"north": {"uv": [0.5, 1.5, 3.5, 2], "texture": "#2"},
				"east": {"uv": [0.5, 1.5, 3.5, 2], "texture": "#2"},
				"south": {"uv": [0.5, 1.5, 3.5, 2], "texture": "#2"},
				"west": {"uv": [0.5, 1.5, 3.5, 2], "texture": "#2"},
				"up": {"uv": [0.5, 1.5, 3.5, 2], "texture": "#2"},
				"down": {"uv": [0.5, 1.5, 3.5, 2], "texture": "#2"}
			}
		},
		{
			"name": "hexadecagon",
			"from": [0.5, 7.40326, -4.25],
			"to": [6.5, 8.59674, -3.25],
			"rotation": {"angle": 22.5, "axis": "z", "origin": [3.5, 8, -3.75]},
			"faces": {
				"north": {"uv": [0.5, 0.5, 3.5, 1], "texture": "#2"},
				"east": {"uv": [0.5, 0.5, 3.5, 1], "texture": "#2"},
				"south": {"uv": [0.5, 0.5, 3.5, 1], "texture": "#2"},
				"west": {"uv": [0.5, 0.5, 3.5, 1], "texture": "#2"},
				"up": {"uv": [0.5, 0.5, 3.5, 1], "texture": "#2"},
				"down": {"uv": [0.5, 0.5, 3.5, 1], "texture": "#2"}
			}
		},
		{
			"name": "hexadecagon",
			"from": [12.90326, 5, -4.25],
			"to": [14.09674, 11, -3.25],
			"rotation": {"angle": -45, "axis": "z", "origin": [13.5, 8, -3.75]},
			"faces": {
				"north": {"uv": [0.5, 7, 1, 10], "texture": "#2"},
				"east": {"uv": [0.5, 7, 1, 10], "texture": "#2"},
				"south": {"uv": [0.5, 7, 1, 10], "texture": "#2"},
				"west": {"uv": [0.5, 7, 1, 10], "texture": "#2"},
				"up": {"uv": [0.5, 7, 1, 10], "texture": "#2"},
				"down": {"uv": [0.5, 7, 1, 10], "texture": "#2"}
			}
		},
		{
			"name": "hexadecagon",
			"from": [12.90326, 5, -4.25],
			"to": [14.09674, 11, -3.25],
			"rotation": {"angle": -22.5, "axis": "z", "origin": [13.5, 8, -3.75]},
			"faces": {
				"north": {"uv": [6.5, 6.5, 7, 9.5], "texture": "#2"},
				"east": {"uv": [6.5, 6.5, 7, 9.5], "texture": "#2"},
				"south": {"uv": [6.5, 6.5, 7, 9.5], "texture": "#2"},
				"west": {"uv": [6.5, 6.5, 7, 9.5], "texture": "#2"},
				"up": {"uv": [6.5, 6.5, 7, 9.5], "texture": "#2"},
				"down": {"uv": [6.5, 6.5, 7, 9.5], "texture": "#2"}
			}
		},
		{
			"name": "hexadecagon",
			"from": [12.90326, 5, -4.25],
			"to": [14.09674, 11, -3.25],
			"faces": {
				"north": {"uv": [4.5, 4.5, 5, 7.5], "texture": "#2"},
				"east": {"uv": [4.5, 4.5, 5, 7.5], "texture": "#2"},
				"south": {"uv": [4.5, 4.5, 5, 7.5], "texture": "#2"},
				"west": {"uv": [4.5, 4.5, 5, 7.5], "texture": "#2"},
				"up": {"uv": [4.5, 4.5, 5, 7.5], "texture": "#2"},
				"down": {"uv": [4.5, 4.5, 5, 7.5], "texture": "#2"}
			}
		},
		{
			"name": "hexadecagon",
			"from": [12.90326, 5, -4.25],
			"to": [14.09674, 11, -3.25],
			"rotation": {"angle": 22.5, "axis": "z", "origin": [13.5, 8, -3.75]},
			"faces": {
				"north": {"uv": [2.5, 3.5, 3, 6.5], "texture": "#2"},
				"east": {"uv": [2.5, 3.5, 3, 6.5], "texture": "#2"},
				"south": {"uv": [2.5, 3.5, 3, 6.5], "texture": "#2"},
				"west": {"uv": [2.5, 3.5, 3, 6.5], "texture": "#2"},
				"up": {"uv": [2.5, 3.5, 3, 6.5], "texture": "#2"},
				"down": {"uv": [2.5, 3.5, 3, 6.5], "texture": "#2"}
			}
		},
		{
			"name": "hexadecagon",
			"from": [12.90326, 5, -4.25],
			"to": [14.09674, 11, -3.25],
			"rotation": {"angle": 45, "axis": "z", "origin": [13.5, 8, -3.75]},
			"faces": {
				"north": {"uv": [0.5, 3.5, 1, 6.5], "texture": "#2"},
				"east": {"uv": [0.5, 3.5, 1, 6.5], "texture": "#2"},
				"south": {"uv": [0.5, 3.5, 1, 6.5], "texture": "#2"},
				"west": {"uv": [0.5, 3.5, 1, 6.5], "texture": "#2"},
				"up": {"uv": [0.5, 3.5, 1, 6.5], "texture": "#2"},
				"down": {"uv": [0.5, 3.5, 1, 6.5], "texture": "#2"}
			}
		},
		{
			"name": "hexadecagon",
			"from": [10.5, 7.40326, -4.25],
			"to": [16.5, 8.59674, -3.25],
			"rotation": {"angle": -22.5, "axis": "z", "origin": [13.5, 8, -3.75]},
			"faces": {
				"north": {"uv": [0.5, 2.5, 3.5, 3], "texture": "#2"},
				"east": {"uv": [0.5, 2.5, 3.5, 3], "texture": "#2"},
				"south": {"uv": [0.5, 2.5, 3.5, 3], "texture": "#2"},
				"west": {"uv": [0.5, 2.5, 3.5, 3], "texture": "#2"},
				"up": {"uv": [0.5, 2.5, 3.5, 3], "texture": "#2"},
				"down": {"uv": [0.5, 2.5, 3.5, 3], "texture": "#2"}
			}
		},
		{
			"name": "hexadecagon",
			"from": [10.5, 7.40326, -4.25],
			"to": [16.5, 8.59674, -3.25],
			"faces": {
				"north": {"uv": [0.5, 1.5, 3.5, 2], "texture": "#2"},
				"east": {"uv": [0.5, 1.5, 3.5, 2], "texture": "#2"},
				"south": {"uv": [0.5, 1.5, 3.5, 2], "texture": "#2"},
				"west": {"uv": [0.5, 1.5, 3.5, 2], "texture": "#2"},
				"up": {"uv": [0.5, 1.5, 3.5, 2], "texture": "#2"},
				"down": {"uv": [0.5, 1.5, 3.5, 2], "texture": "#2"}
			}
		},
		{
			"name": "hexadecagon",
			"from": [10.5, 7.40326, -4.25],
			"to": [16.5, 8.59674, -3.25],
			"rotation": {"angle": 22.5, "axis": "z", "origin": [13.5, 8, -3.75]},
			"faces": {
				"north": {"uv": [0.5, 0.5, 3.5, 1], "texture": "#2"},
				"east": {"uv": [0.5, 0.5, 3.5, 1], "texture": "#2"},
				"south": {"uv": [0.5, 0.5, 3.5, 1], "texture": "#2"},
				"west": {"uv": [0.5, 0.5, 3.5, 1], "texture": "#2"},
				"up": {"uv": [0.5, 0.5, 3.5, 1], "texture": "#2"},
				"down": {"uv": [0.5, 0.5, 3.5, 1], "texture": "#2"}
			}
		},
		{
			"name": "hexadecagon",
			"from": [1.36, 5.85, -4.32055],
			"to": [5.66, 10.15, -3.22055],
			"rotation": {"angle": 0, "axis": "x", "origin": [8.96, 6.048, 2.816]},
			"faces": {
				"north": {"uv": [9.313, 1.5, 11.188, 4.25], "texture": "#2"},
				"east": {"uv": [0.5, 3.5, 1, 6.5], "texture": "#2"},
				"south": {"uv": [4.5, 4.5, 7, 8.438], "texture": "#2"},
				"west": {"uv": [0.5, 3.5, 1, 6.5], "texture": "#2"},
				"up": {"uv": [0.5, 3.5, 1, 6.5], "texture": "#2"},
				"down": {"uv": [0.5, 3.5, 1, 6.5], "texture": "#2"}
			}
		},
		{
			"name": "hexadecagon",
			"from": [11.36, 5.85, -4.32055],
			"to": [15.66, 10.15, -3.22055],
			"rotation": {"angle": 0, "axis": "x", "origin": [18.96, 6.048, 2.816]},
			"faces": {
				"north": {"uv": [9.313, 1.5, 11.188, 4.25], "texture": "#2"},
				"east": {"uv": [0.5, 3.5, 1, 6.5], "texture": "#2"},
				"south": {"uv": [4.5, 4.5, 7, 8.438], "texture": "#2"},
				"west": {"uv": [0.5, 3.5, 1, 6.5], "texture": "#2"},
				"up": {"uv": [0.5, 3.5, 1, 6.5], "texture": "#2"},
				"down": {"uv": [0.5, 3.5, 1, 6.5], "texture": "#2"}
			}
		}
	],
	"display": {
		"thirdperson_righthand": {
			"translation": [0, 0, 8.25],
			"scale": [0.66, 0.66, 0.65]
		},
		"thirdperson_lefthand": {
			"translation": [0, 0, 8.25],
			"scale": [0.66, 0.66, 0.65]
		},
		"firstperson_righthand": {
			"translation": [0, 1.25, 10]
		},
		"firstperson_lefthand": {
			"translation": [0, 1.25, 10]
		},
		"gui": {
			"rotation": [0, -180, 0],
			"translation": [1, 0, 0]
		},
		"head": {
			"translation": [-0.5, 9.5, 7]
		},
		"fixed": {
			"translation": [0, 0, 13],
			"scale": [1.11, 1.11, 1.11]
		}
	},
	"groups": [0, 1, 2,
		{
			"name": "hexadecagon",
			"origin": [8, 8, 8],
			"children": [3, 4, 5, 6, 7, 8, 9, 10, 11, 12, 13, 14, 15, 16, 17, 18]
		},
		{
			"name": "hexadecagon",
			"origin": [8, 8, 8],
			"children": [19, 20, 21, 22, 23, 24, 25, 26]
		},
		{
			"name": "hexadecagon",
			"origin": [8, 8, 8],
			"children": [27, 28, 29, 30, 31, 32, 33, 34]
		},
		{
			"name": "arendelle_ears",
			"origin": [8, 8, 8],
			"children": [
				{
					"name": "Cruella_Ears",
					"origin": [8, 8, 8],
					"children": [
						{
							"name": "hexadecagon",
							"origin": [8, 8, 8],
							"children": [35, 36,
								{
									"name": "hexadecagon",
									"origin": [8, 8, 8],
									"children": []
								}
							]
						},
						{
							"name": "hexadecagon",
							"origin": [8, 8, 8],
							"children": []
						}
					]
				},
				{
					"name": "hexadecagon",
					"origin": [8, 8, 8],
					"children": []
				},
				{
					"name": "hexadecagon",
					"origin": [8, 8, 8],
					"children": []
				}
			]
		}
	]
}
