{
	"credit": "Made with Blockbench",
	"textures": {
		"0": "blocks/hay_block_side",
		"1": "blocks/hardened_clay_stained_blue",
		"2": "blocks/dispenser_front_horizontal",
		"particle": "blocks/hay_block_side"
	},
	"elements": [
		{
			"name": "hexadecagon",
			"from": [7.20435, -0.1, 4],
			"to": [8.79565, 0.1, 12],
			"rotation": {"angle": -45, "axis": "y", "origin": [8, 0, 8]},
			"faces": {
				"north": {"uv": [14.999, 7.499, 15.997, 8.498], "texture": "#0"},
				"east": {"uv": [14.999, 7.499, 15.997, 8.498], "texture": "#0"},
				"south": {"uv": [14.999, 7.499, 15.997, 8.498], "texture": "#0"},
				"west": {"uv": [14.999, 7.499, 15.997, 8.498], "texture": "#0"},
				"up": {"uv": [14.999, 7.499, 15.997, 8.498], "texture": "#0"},
				"down": {"uv": [10.999, 4.5, 11.997, 5.498], "texture": "#0"}
			}
		},
		{
			"name": "hexadecagon",
			"from": [4.14288, -0.1, 11.39104],
			"to": [4.34288, 0.1, 12.59104],
			"rotation": {"angle": -22.5, "axis": "y", "origin": [4.93853, 0, 15.39104]},
			"faces": {
				"north": {"uv": [8, 0, 8.998, 0.998], "texture": "#0"},
				"east": {"uv": [8, 0, 8.998, 0.998], "texture": "#0"},
				"south": {"uv": [8, 0, 8.998, 0.998], "texture": "#0"},
				"west": {"uv": [8, 0, 8.998, 0.998], "texture": "#0"},
				"up": {"uv": [8, 0, 8.998, 0.998], "texture": "#0"},
				"down": {"uv": [10.999, 4.5, 11.997, 5.498], "texture": "#0"}
			}
		},
		{
			"name": "hexadecagon",
			"from": [7.20435, -0.1, 4],
			"to": [8.79565, 0.1, 12],
			"rotation": {"angle": -22.5, "axis": "y", "origin": [8, 0, 8]},
			"faces": {
				"north": {"uv": [14.999, 7.499, 15.997, 8.498], "texture": "#0"},
				"east": {"uv": [14.999, 7.499, 15.997, 8.498], "texture": "#0"},
				"south": {"uv": [14.999, 7.499, 15.997, 8.498], "texture": "#0"},
				"west": {"uv": [14.999, 7.499, 15.997, 8.498], "texture": "#0"},
				"up": {"uv": [14.999, 7.499, 15.997, 8.498], "texture": "#0"},
				"down": {"uv": [10.999, 4.5, 11.997, 5.498], "texture": "#0"}
			}
		},
		{
			"name": "hexadecagon",
			"from": [7.20435, -0.1, 4],
			"to": [8.79565, 0.1, 12],
			"faces": {
				"north": {"uv": [14.999, 7.499, 15.997, 8.498], "texture": "#0"},
				"east": {"uv": [14.999, 7.499, 15.997, 8.498], "texture": "#0"},
				"south": {"uv": [14.999, 7.499, 15.997, 8.498], "texture": "#0"},
				"west": {"uv": [14.999, 7.499, 15.997, 8.498], "texture": "#0"},
				"up": {"uv": [14.999, 7.499, 15.997, 8.498], "texture": "#0"},
				"down": {"uv": [10.999, 4.5, 11.997, 5.498], "texture": "#0"}
			}
		},
		{
			"name": "hexadecagon",
			"from": [8.20435, -0.1, 4],
			"to": [8.79565, 0.1, 12],
			"faces": {
				"north": {"uv": [14.999, 7.499, 15.997, 8.498], "texture": "#0"},
				"east": {"uv": [14.999, 7.499, 15.997, 8.498], "texture": "#0"},
				"south": {"uv": [14.999, 7.499, 15.997, 8.498], "texture": "#0"},
				"west": {"uv": [14.999, 7.499, 15.997, 8.498], "texture": "#0"},
				"up": {"uv": [14.999, 7.499, 15.997, 8.498], "texture": "#0"},
				"down": {"uv": [10.999, 4.5, 11.997, 5.498], "texture": "#0"}
			}
		},
		{
			"name": "hexadecagon",
			"from": [7.20435, -0.1, 4],
			"to": [8.79565, 0.1, 12],
			"rotation": {"angle": 22.5, "axis": "y", "origin": [8, 0, 8]},
			"faces": {
				"north": {"uv": [14.999, 7.499, 15.997, 8.498], "texture": "#0"},
				"east": {"uv": [14.999, 7.499, 15.997, 8.498], "texture": "#0"},
				"south": {"uv": [14.999, 7.499, 15.997, 8.498], "texture": "#0"},
				"west": {"uv": [14.999, 7.499, 15.997, 8.498], "texture": "#0"},
				"up": {"uv": [14.999, 7.499, 15.997, 8.498], "texture": "#0"},
				"down": {"uv": [10.999, 4.5, 11.997, 5.498], "texture": "#0"}
			}
		},
		{
			"name": "hexadecagon",
			"from": [7.20435, -0.1, 4],
			"to": [8.79565, 0.1, 12],
			"rotation": {"angle": 45, "axis": "y", "origin": [8, 0, 8]},
			"faces": {
				"north": {"uv": [14.999, 7.499, 15.997, 8.498], "texture": "#0"},
				"east": {"uv": [14.999, 7.499, 15.997, 8.498], "texture": "#0"},
				"south": {"uv": [14.999, 7.499, 15.997, 8.498], "texture": "#0"},
				"west": {"uv": [14.999, 7.499, 15.997, 8.498], "texture": "#0"},
				"up": {"uv": [14.999, 7.499, 15.997, 8.498], "texture": "#0"},
				"down": {"uv": [10.999, 4.5, 11.997, 5.498], "texture": "#0"}
			}
		},
		{
			"name": "hexadecagon",
			"from": [4, -0.1, 7.20435],
			"to": [12, 0.1, 8.79565],
			"rotation": {"angle": -22.5, "axis": "y", "origin": [8, 0, 8]},
			"faces": {
				"north": {"uv": [14.999, 7.499, 15.997, 8.498], "texture": "#0"},
				"east": {"uv": [14.999, 7.499, 15.997, 8.498], "texture": "#0"},
				"south": {"uv": [14.999, 7.499, 15.997, 8.498], "texture": "#0"},
				"west": {"uv": [14.999, 7.499, 15.997, 8.498], "texture": "#0"},
				"up": {"uv": [14.999, 7.499, 15.997, 8.498], "texture": "#0"},
				"down": {"uv": [10.999, 4.5, 11.997, 5.498], "texture": "#0"}
			}
		},
		{
			"name": "hexadecagon",
			"from": [4, -0.1, 7.20435],
			"to": [12, 0.1, 8.79565],
			"faces": {
				"north": {"uv": [14.999, 7.499, 15.997, 8.498], "texture": "#0"},
				"east": {"uv": [14.999, 7.499, 15.997, 8.498], "texture": "#0"},
				"south": {"uv": [14.999, 7.499, 15.997, 8.498], "texture": "#0"},
				"west": {"uv": [14.999, 7.499, 15.997, 8.498], "texture": "#0"},
				"up": {"uv": [14.999, 7.499, 15.997, 8.498], "texture": "#0"},
				"down": {"uv": [10.999, 4.5, 11.997, 5.498], "texture": "#0"}
			}
		},
		{
			"name": "hexadecagon",
			"from": [3, -0.1, 7.20435],
			"to": [4.2, 0.1, 7.40435],
			"faces": {
				"north": {"uv": [14.999, 7.499, 15.997, 8.498], "texture": "#0"},
				"east": {"uv": [14.999, 7.499, 15.997, 8.498], "texture": "#0"},
				"south": {"uv": [14.999, 7.499, 15.997, 8.498], "texture": "#0"},
				"west": {"uv": [14.999, 7.499, 15.997, 8.498], "texture": "#0"},
				"up": {"uv": [14.999, 7.499, 15.997, 8.498], "texture": "#0"},
				"down": {"uv": [10.999, 4.5, 11.997, 5.498], "texture": "#0"}
			}
		},
		{
			"name": "hexadecagon",
			"from": [12, -0.1, 8.59565],
			"to": [12.4, 0.1, 8.79565],
			"faces": {
				"north": {"uv": [9.499, 3.499, 10.497, 4.497], "texture": "#0"},
				"east": {"uv": [9.499, 3.499, 10.497, 4.497], "texture": "#0"},
				"south": {"uv": [9.499, 3.499, 10.497, 4.497], "texture": "#0"},
				"west": {"uv": [9.499, 3.499, 10.497, 4.497], "texture": "#0"},
				"up": {"uv": [9.499, 3.499, 10.497, 4.497], "texture": "#0"},
				"down": {"uv": [10.999, 4.5, 11.997, 5.498], "texture": "#0"}
			}
		},
		{
			"name": "hexadecagon",
			"from": [4, -0.1, 7.20435],
			"to": [12, 0.1, 8.79565],
			"rotation": {"angle": 22.5, "axis": "y", "origin": [8, 0, 8]},
			"faces": {
				"north": {"uv": [14.999, 7.499, 15.997, 8.498], "texture": "#0"},
				"east": {"uv": [14.999, 7.499, 15.997, 8.498], "texture": "#0"},
				"south": {"uv": [14.999, 7.499, 15.997, 8.498], "texture": "#0"},
				"west": {"uv": [14.999, 7.499, 15.997, 8.498], "texture": "#0"},
				"up": {"uv": [14.999, 7.499, 15.997, 8.498], "texture": "#0"},
				"down": {"uv": [10.999, 4.5, 11.997, 5.498], "texture": "#0"}
			}
		},
		{
			"name": "hexadecagon",
			"from": [3, -0.1, 7.9],
			"to": [13, 0.1, 8.1],
			"rotation": {"angle": 22.5, "axis": "y", "origin": [8, 0, 9]},
			"faces": {
				"north": {"uv": [14.999, 7.499, 15.997, 8.498], "texture": "#0"},
				"east": {"uv": [14.999, 7.499, 15.997, 8.498], "texture": "#0"},
				"south": {"uv": [14.999, 7.499, 15.997, 8.498], "texture": "#0"},
				"west": {"uv": [14.999, 7.499, 15.997, 8.498], "texture": "#0"},
				"up": {"uv": [14.999, 7.499, 15.997, 8.498], "texture": "#0"},
				"down": {"uv": [10.999, 4.5, 11.997, 5.498], "texture": "#0"}
			}
		},
		{
			"from": [7.20435, -0.1, 2.7],
			"to": [7.50435, 0.1, 13],
			"faces": {
				"north": {"uv": [14.999, 7.499, 15.997, 8.498], "texture": "#0"},
				"east": {"uv": [14.999, 7.499, 15.997, 8.498], "texture": "#0"},
				"south": {"uv": [14.999, 7.499, 15.997, 8.498], "texture": "#0"},
				"west": {"uv": [14.999, 7.499, 15.997, 8.498], "texture": "#0"},
				"up": {"uv": [14.999, 7.499, 15.997, 8.498], "texture": "#0"},
				"down": {"uv": [10.999, 4.5, 11.997, 5.498], "texture": "#0"}
			}
		},
		{
			"from": [8.20435, -0.11, 3.7],
			"to": [8.40435, 0.09, 4.9],
			"faces": {
				"north": {"uv": [10, 3.499, 10.998, 4.497], "texture": "#0"},
				"east": {"uv": [10, 3.499, 10.998, 4.497], "texture": "#0"},
				"south": {"uv": [10, 3.499, 10.998, 4.497], "texture": "#0"},
				"west": {"uv": [10, 3.499, 10.998, 4.497], "texture": "#0"},
				"up": {"uv": [10, 3.499, 10.998, 4.497], "texture": "#0"},
				"down": {"uv": [10.999, 4.5, 11.997, 5.498], "texture": "#0"}
			}
		},
		{
			"name": "hexadecagon",
			"from": [7.40326, 0, 5],
			"to": [8.59674, 0.5, 11],
			"rotation": {"angle": -45, "axis": "y", "origin": [8, 1, 8]},
			"faces": {
				"north": {"uv": [14.999, 7.499, 15.997, 8.498], "texture": "#1"},
				"east": {"uv": [14.999, 7.499, 15.997, 8.498], "texture": "#0"},
				"south": {"uv": [14.999, 7.499, 15.997, 8.498], "texture": "#1"},
				"west": {"uv": [14.999, 7.499, 15.997, 8.498], "texture": "#0"},
				"up": {"uv": [14.999, 7.499, 15.997, 8.498], "texture": "#0"},
				"down": {"uv": [10.999, 4.5, 11.997, 5.498], "texture": "#0"}
			}
		},
		{
			"name": "hexadecagon",
			"from": [7.40326, 0, 5],
			"to": [8.59674, 0.5, 11],
			"rotation": {"angle": -22.5, "axis": "y", "origin": [8, 1, 8]},
			"faces": {
				"north": {"uv": [14.999, 7.499, 15.997, 8.498], "texture": "#1"},
				"east": {"uv": [14.999, 7.499, 15.997, 8.498], "texture": "#0"},
				"south": {"uv": [14.999, 7.499, 15.997, 8.498], "texture": "#1"},
				"west": {"uv": [14.999, 7.499, 15.997, 8.498], "texture": "#0"},
				"up": {"uv": [14.999, 7.499, 15.997, 8.498], "texture": "#0"},
				"down": {"uv": [10.999, 4.5, 11.997, 5.498], "texture": "#0"}
			}
		},
		{
			"name": "hexadecagon",
			"from": [7.40326, 0, 5],
			"to": [8.59674, 0.5, 11],
			"faces": {
				"north": {"uv": [14.999, 7.499, 15.997, 8.498], "texture": "#1"},
				"east": {"uv": [14.999, 7.499, 15.997, 8.498], "texture": "#0"},
				"south": {"uv": [14.999, 7.499, 15.997, 8.498], "texture": "#1"},
				"west": {"uv": [14.999, 7.499, 15.997, 8.498], "texture": "#0"},
				"up": {"uv": [14.999, 7.499, 15.997, 8.498], "texture": "#0"},
				"down": {"uv": [10.999, 4.5, 11.997, 5.498], "texture": "#0"}
			}
		},
		{
			"name": "hexadecagon",
			"from": [7.40326, 0, 5],
			"to": [8.59674, 0.5, 11],
			"rotation": {"angle": 22.5, "axis": "y", "origin": [8, 1, 8]},
			"faces": {
				"north": {"uv": [14.999, 7.499, 15.997, 8.498], "texture": "#1"},
				"east": {"uv": [14.999, 7.499, 15.997, 8.498], "texture": "#0"},
				"south": {"uv": [14.999, 7.499, 15.997, 8.498], "texture": "#1"},
				"west": {"uv": [14.999, 7.499, 15.997, 8.498], "texture": "#0"},
				"up": {"uv": [14.999, 7.499, 15.997, 8.498], "texture": "#0"},
				"down": {"uv": [10.999, 4.5, 11.997, 5.498], "texture": "#0"}
			}
		},
		{
			"name": "hexadecagon",
			"from": [7.40326, 0, 5],
			"to": [8.59674, 0.5, 11],
			"rotation": {"angle": 45, "axis": "y", "origin": [8, 1, 8]},
			"faces": {
				"north": {"uv": [14.999, 7.499, 15.997, 8.498], "texture": "#1"},
				"east": {"uv": [14.999, 7.499, 15.997, 8.498], "texture": "#0"},
				"south": {"uv": [14.999, 7.499, 15.997, 8.498], "texture": "#1"},
				"west": {"uv": [14.999, 7.499, 15.997, 8.498], "texture": "#0"},
				"up": {"uv": [14.999, 7.499, 15.997, 8.498], "texture": "#0"},
				"down": {"uv": [10.999, 4.5, 11.997, 5.498], "texture": "#0"}
			}
		},
		{
			"name": "hexadecagon",
			"from": [5, 0, 7.40326],
			"to": [11, 0.5, 8.59674],
			"rotation": {"angle": -22.5, "axis": "y", "origin": [8, 1, 8]},
			"faces": {
				"north": {"uv": [14.999, 7.499, 15.997, 8.498], "texture": "#0"},
				"east": {"uv": [14.999, 7.499, 15.997, 8.498], "texture": "#1"},
				"south": {"uv": [14.999, 7.499, 15.997, 8.498], "texture": "#0"},
				"west": {"uv": [14.999, 7.499, 15.997, 8.498], "texture": "#1"},
				"up": {"uv": [14.999, 7.499, 15.997, 8.498], "texture": "#0"},
				"down": {"uv": [10.999, 4.5, 11.997, 5.498], "texture": "#0"}
			}
		},
		{
			"name": "hexadecagon",
			"from": [5, 0, 7.40326],
			"to": [11, 0.5, 8.59674],
			"faces": {
				"north": {"uv": [14.999, 7.499, 15.997, 8.498], "texture": "#0"},
				"east": {"uv": [14.999, 7.499, 15.997, 8.498], "texture": "#1"},
				"south": {"uv": [14.999, 7.499, 15.997, 8.498], "texture": "#0"},
				"west": {"uv": [14.999, 7.499, 15.997, 8.498], "texture": "#1"},
				"up": {"uv": [14.999, 7.499, 15.997, 8.498], "texture": "#0"},
				"down": {"uv": [10.999, 4.5, 11.997, 5.498], "texture": "#0"}
			}
		},
		{
			"name": "hexadecagon",
			"from": [5, 0, 7.40326],
			"to": [11, 0.5, 8.59674],
			"rotation": {"angle": 22.5, "axis": "y", "origin": [8, 1, 8]},
			"faces": {
				"north": {"uv": [14.999, 7.499, 15.997, 8.498], "texture": "#0"},
				"east": {"uv": [14.999, 7.499, 15.997, 8.498], "texture": "#1"},
				"south": {"uv": [14.999, 7.499, 15.997, 8.498], "texture": "#0"},
				"west": {"uv": [14.999, 7.499, 15.997, 8.498], "texture": "#1"},
				"up": {"uv": [14.999, 7.499, 15.997, 8.498], "texture": "#0"},
				"down": {"uv": [10.999, 4.5, 11.997, 5.498], "texture": "#0"}
			}
		},
		{
			"name": "hexadecagon",
			"from": [7.50272, 1, 5.5],
			"to": [8.49728, 1.5, 10.5],
			"rotation": {"angle": -45, "axis": "y", "origin": [8, 1, 8]},
			"faces": {
				"north": {"uv": [14.999, 7.499, 15.997, 8.498], "texture": "#0"},
				"east": {"uv": [14.999, 7.499, 15.997, 8.498], "texture": "#0"},
				"south": {"uv": [14.999, 7.499, 15.997, 8.498], "texture": "#0"},
				"west": {"uv": [14.999, 7.499, 15.997, 8.498], "texture": "#0"},
				"up": {"uv": [14.999, 7.499, 15.997, 8.498], "texture": "#0"},
				"down": {"uv": [10.999, 4.5, 11.997, 5.498], "texture": "#0"}
			}
		},
		{
			"name": "hexadecagon",
			"from": [7.50272, 1, 5.5],
			"to": [8.49728, 1.5, 10.5],
			"rotation": {"angle": -22.5, "axis": "y", "origin": [8, 1, 8]},
			"faces": {
				"north": {"uv": [14.999, 7.499, 15.997, 8.498], "texture": "#0"},
				"east": {"uv": [14.999, 7.499, 15.997, 8.498], "texture": "#0"},
				"south": {"uv": [14.999, 7.499, 15.997, 8.498], "texture": "#0"},
				"west": {"uv": [14.999, 7.499, 15.997, 8.498], "texture": "#0"},
				"up": {"uv": [14.999, 7.499, 15.997, 8.498], "texture": "#0"},
				"down": {"uv": [10.999, 4.5, 11.997, 5.498], "texture": "#0"}
			}
		},
		{
			"name": "hexadecagon",
			"from": [7.50272, 1, 5.5],
			"to": [8.49728, 1.5, 10.5],
			"faces": {
				"north": {"uv": [14.999, 7.499, 15.997, 8.498], "texture": "#0"},
				"east": {"uv": [14.999, 7.499, 15.997, 8.498], "texture": "#0"},
				"south": {"uv": [14.999, 7.499, 15.997, 8.498], "texture": "#0"},
				"west": {"uv": [14.999, 7.499, 15.997, 8.498], "texture": "#0"},
				"up": {"uv": [14.999, 7.499, 15.997, 8.498], "texture": "#0"},
				"down": {"uv": [10.999, 4.5, 11.997, 5.498], "texture": "#0"}
			}
		},
		{
			"name": "hexadecagon",
			"from": [7.50272, 1, 5.5],
			"to": [8.49728, 1.5, 10.5],
			"rotation": {"angle": 22.5, "axis": "y", "origin": [8, 1, 8]},
			"faces": {
				"north": {"uv": [14.999, 7.499, 15.997, 8.498], "texture": "#0"},
				"east": {"uv": [14.999, 7.499, 15.997, 8.498], "texture": "#0"},
				"south": {"uv": [14.999, 7.499, 15.997, 8.498], "texture": "#0"},
				"west": {"uv": [14.999, 7.499, 15.997, 8.498], "texture": "#0"},
				"up": {"uv": [14.999, 7.499, 15.997, 8.498], "texture": "#0"},
				"down": {"uv": [10.999, 4.5, 11.997, 5.498], "texture": "#0"}
			}
		},
		{
			"name": "hexadecagon",
			"from": [7.50272, 1, 5.5],
			"to": [8.49728, 1.5, 10.5],
			"rotation": {"angle": 45, "axis": "y", "origin": [8, 1, 8]},
			"faces": {
				"north": {"uv": [14.999, 7.499, 15.997, 8.498], "texture": "#0"},
				"east": {"uv": [14.999, 7.499, 15.997, 8.498], "texture": "#0"},
				"south": {"uv": [14.999, 7.499, 15.997, 8.498], "texture": "#0"},
				"west": {"uv": [14.999, 7.499, 15.997, 8.498], "texture": "#0"},
				"up": {"uv": [14.999, 7.499, 15.997, 8.498], "texture": "#0"},
				"down": {"uv": [10.999, 4.5, 11.997, 5.498], "texture": "#0"}
			}
		},
		{
			"name": "hexadecagon",
			"from": [5.5, 1, 7.50272],
			"to": [10.5, 1.5, 8.49728],
			"rotation": {"angle": -22.5, "axis": "y", "origin": [8, 1, 8]},
			"faces": {
				"north": {"uv": [14.999, 7.499, 15.997, 8.498], "texture": "#0"},
				"east": {"uv": [14.999, 7.499, 15.997, 8.498], "texture": "#0"},
				"south": {"uv": [14.999, 7.499, 15.997, 8.498], "texture": "#0"},
				"west": {"uv": [14.999, 7.499, 15.997, 8.498], "texture": "#0"},
				"up": {"uv": [14.999, 7.499, 15.997, 8.498], "texture": "#0"},
				"down": {"uv": [10.999, 4.5, 11.997, 5.498], "texture": "#0"}
			}
		},
		{
			"name": "hexadecagon",
			"from": [5.5, 1, 7.50272],
			"to": [10.5, 1.5, 8.49728],
			"faces": {
				"north": {"uv": [14.999, 7.499, 15.997, 8.498], "texture": "#0"},
				"east": {"uv": [14.999, 7.499, 15.997, 8.498], "texture": "#0"},
				"south": {"uv": [14.999, 7.499, 15.997, 8.498], "texture": "#0"},
				"west": {"uv": [14.999, 7.499, 15.997, 8.498], "texture": "#0"},
				"up": {"uv": [14.999, 7.499, 15.997, 8.498], "texture": "#0"},
				"down": {"uv": [10.999, 4.5, 11.997, 5.498], "texture": "#0"}
			}
		},
		{
			"name": "hexadecagon",
			"from": [5.5, 1, 7.50272],
			"to": [10.5, 1.5, 8.49728],
			"rotation": {"angle": 22.5, "axis": "y", "origin": [8, 1, 8]},
			"faces": {
				"north": {"uv": [14.999, 7.499, 15.997, 8.498], "texture": "#0"},
				"east": {"uv": [14.999, 7.499, 15.997, 8.498], "texture": "#0"},
				"south": {"uv": [14.999, 7.499, 15.997, 8.498], "texture": "#0"},
				"west": {"uv": [14.999, 7.499, 15.997, 8.498], "texture": "#0"},
				"up": {"uv": [14.999, 7.499, 15.997, 8.498], "texture": "#0"},
				"down": {"uv": [10.999, 4.5, 11.997, 5.498], "texture": "#0"}
			}
		},
		{
			"name": "hexadecagon",
			"from": [7.44305, 0.5, 5.2],
			"to": [8.55695, 1, 10.8],
			"rotation": {"angle": -45, "axis": "y", "origin": [8, 1, 8]},
			"faces": {
				"north": {"uv": [14.999, 7.499, 15.997, 8.498], "texture": "#0"},
				"east": {"uv": [14.999, 7.499, 15.997, 8.498], "texture": "#0"},
				"south": {"uv": [14.999, 7.499, 15.997, 8.498], "texture": "#0"},
				"west": {"uv": [14.999, 7.499, 15.997, 8.498], "texture": "#0"},
				"up": {"uv": [14.999, 7.499, 15.997, 8.498], "texture": "#0"},
				"down": {"uv": [10.999, 4.5, 11.997, 5.498], "texture": "#0"}
			}
		},
		{
			"name": "hexadecagon",
			"from": [7.44305, 0.5, 5.2],
			"to": [8.55695, 1, 10.8],
			"rotation": {"angle": -22.5, "axis": "y", "origin": [8, 1, 8]},
			"faces": {
				"north": {"uv": [14.999, 7.499, 15.997, 8.498], "texture": "#0"},
				"east": {"uv": [14.999, 7.499, 15.997, 8.498], "texture": "#0"},
				"south": {"uv": [14.999, 7.499, 15.997, 8.498], "texture": "#0"},
				"west": {"uv": [14.999, 7.499, 15.997, 8.498], "texture": "#0"},
				"up": {"uv": [14.999, 7.499, 15.997, 8.498], "texture": "#0"},
				"down": {"uv": [10.999, 4.5, 11.997, 5.498], "texture": "#0"}
			}
		},
		{
			"name": "hexadecagon",
			"from": [7.44305, 0.5, 5.2],
			"to": [8.55695, 1, 10.8],
			"faces": {
				"north": {"uv": [14.999, 7.499, 15.997, 8.498], "texture": "#0"},
				"east": {"uv": [14.999, 7.499, 15.997, 8.498], "texture": "#0"},
				"south": {"uv": [14.999, 7.499, 15.997, 8.498], "texture": "#0"},
				"west": {"uv": [14.999, 7.499, 15.997, 8.498], "texture": "#0"},
				"up": {"uv": [14.999, 7.499, 15.997, 8.498], "texture": "#0"},
				"down": {"uv": [10.999, 4.5, 11.997, 5.498], "texture": "#0"}
			}
		},
		{
			"name": "hexadecagon",
			"from": [7.44305, 0.5, 5.2],
			"to": [8.55695, 1, 10.8],
			"rotation": {"angle": 22.5, "axis": "y", "origin": [8, 1, 8]},
			"faces": {
				"north": {"uv": [14.999, 7.499, 15.997, 8.498], "texture": "#0"},
				"east": {"uv": [14.999, 7.499, 15.997, 8.498], "texture": "#0"},
				"south": {"uv": [14.999, 7.499, 15.997, 8.498], "texture": "#0"},
				"west": {"uv": [14.999, 7.499, 15.997, 8.498], "texture": "#0"},
				"up": {"uv": [14.999, 7.499, 15.997, 8.498], "texture": "#0"},
				"down": {"uv": [10.999, 4.5, 11.997, 5.498], "texture": "#0"}
			}
		},
		{
			"name": "hexadecagon",
			"from": [7.44305, 0.5, 5.2],
			"to": [8.55695, 1, 10.8],
			"rotation": {"angle": 45, "axis": "y", "origin": [8, 1, 8]},
			"faces": {
				"north": {"uv": [14.999, 7.499, 15.997, 8.498], "texture": "#0"},
				"east": {"uv": [14.999, 7.499, 15.997, 8.498], "texture": "#0"},
				"south": {"uv": [14.999, 7.499, 15.997, 8.498], "texture": "#0"},
				"west": {"uv": [14.999, 7.499, 15.997, 8.498], "texture": "#0"},
				"up": {"uv": [14.999, 7.499, 15.997, 8.498], "texture": "#0"},
				"down": {"uv": [10.999, 4.5, 11.997, 5.498], "texture": "#0"}
			}
		},
		{
			"name": "hexadecagon",
			"from": [5.2, 0.5, 7.44305],
			"to": [10.8, 1, 8.55695],
			"rotation": {"angle": -22.5, "axis": "y", "origin": [8, 1, 8]},
			"faces": {
				"north": {"uv": [14.999, 7.499, 15.997, 8.498], "texture": "#0"},
				"east": {"uv": [14.999, 7.499, 15.997, 8.498], "texture": "#0"},
				"south": {"uv": [14.999, 7.499, 15.997, 8.498], "texture": "#0"},
				"west": {"uv": [14.999, 7.499, 15.997, 8.498], "texture": "#0"},
				"up": {"uv": [14.999, 7.499, 15.997, 8.498], "texture": "#0"},
				"down": {"uv": [10.999, 4.5, 11.997, 5.498], "texture": "#0"}
			}
		},
		{
			"name": "hexadecagon",
			"from": [5.2, 0.5, 7.44305],
			"to": [10.8, 1, 8.55695],
			"faces": {
				"north": {"uv": [14.999, 7.499, 15.997, 8.498], "texture": "#0"},
				"east": {"uv": [14.999, 7.499, 15.997, 8.498], "texture": "#0"},
				"south": {"uv": [14.999, 7.499, 15.997, 8.498], "texture": "#0"},
				"west": {"uv": [14.999, 7.499, 15.997, 8.498], "texture": "#0"},
				"up": {"uv": [14.999, 7.499, 15.997, 8.498], "texture": "#0"},
				"down": {"uv": [10.999, 4.5, 11.997, 5.498], "texture": "#0"}
			}
		},
		{
			"name": "hexadecagon",
			"from": [5.2, 0.5, 7.44305],
			"to": [10.8, 1, 8.55695],
			"rotation": {"angle": 22.5, "axis": "y", "origin": [8, 1, 8]},
			"faces": {
				"north": {"uv": [14.999, 7.499, 15.997, 8.498], "texture": "#0"},
				"east": {"uv": [14.999, 7.499, 15.997, 8.498], "texture": "#0"},
				"south": {"uv": [14.999, 7.499, 15.997, 8.498], "texture": "#0"},
				"west": {"uv": [14.999, 7.499, 15.997, 8.498], "texture": "#0"},
				"up": {"uv": [14.999, 7.499, 15.997, 8.498], "texture": "#0"},
				"down": {"uv": [10.999, 4.5, 11.997, 5.498], "texture": "#0"}
			}
		},
		{
			"name": "hexadecagon",
			"from": [7.56239, 1.4, 5.8],
			"to": [8.43761, 1.9, 10.2],
			"rotation": {"angle": -45, "axis": "y", "origin": [8, 2, 8]},
			"faces": {
				"north": {"uv": [14.999, 7.499, 15.997, 8.498], "texture": "#0"},
				"east": {"uv": [14.999, 7.499, 15.997, 8.498], "texture": "#0"},
				"south": {"uv": [14.999, 7.499, 15.997, 8.498], "texture": "#0"},
				"west": {"uv": [14.999, 7.499, 15.997, 8.498], "texture": "#0"},
				"up": {"uv": [14.999, 7.499, 15.997, 8.498], "texture": "#0"},
				"down": {"uv": [10.999, 4.5, 11.997, 5.498], "texture": "#0"}
			}
		},
		{
			"name": "hexadecagon",
			"from": [7.56239, 1.4, 5.8],
			"to": [8.43761, 1.9, 10.2],
			"rotation": {"angle": -22.5, "axis": "y", "origin": [8, 2, 8]},
			"faces": {
				"north": {"uv": [14.999, 7.499, 15.997, 8.498], "texture": "#0"},
				"east": {"uv": [14.999, 7.499, 15.997, 8.498], "texture": "#0"},
				"south": {"uv": [14.999, 7.499, 15.997, 8.498], "texture": "#0"},
				"west": {"uv": [14.999, 7.499, 15.997, 8.498], "texture": "#0"},
				"up": {"uv": [14.999, 7.499, 15.997, 8.498], "texture": "#0"},
				"down": {"uv": [10.999, 4.5, 11.997, 5.498], "texture": "#0"}
			}
		},
		{
			"name": "hexadecagon",
			"from": [7.56239, 1.4, 5.8],
			"to": [8.43761, 1.9, 10.2],
			"faces": {
				"north": {"uv": [14.999, 7.499, 15.997, 8.498], "texture": "#0"},
				"east": {"uv": [14.999, 7.499, 15.997, 8.498], "texture": "#0"},
				"south": {"uv": [14.999, 7.499, 15.997, 8.498], "texture": "#0"},
				"west": {"uv": [14.999, 7.499, 15.997, 8.498], "texture": "#0"},
				"up": {"uv": [14.999, 7.499, 15.997, 8.498], "texture": "#0"},
				"down": {"uv": [10.999, 4.5, 11.997, 5.498], "texture": "#0"}
			}
		},
		{
			"name": "hexadecagon",
			"from": [7.56239, 1.4, 5.8],
			"to": [8.43761, 1.9, 10.2],
			"rotation": {"angle": 22.5, "axis": "y", "origin": [8, 2, 8]},
			"faces": {
				"north": {"uv": [14.999, 7.499, 15.997, 8.498], "texture": "#0"},
				"east": {"uv": [14.999, 7.499, 15.997, 8.498], "texture": "#0"},
				"south": {"uv": [14.999, 7.499, 15.997, 8.498], "texture": "#0"},
				"west": {"uv": [14.999, 7.499, 15.997, 8.498], "texture": "#0"},
				"up": {"uv": [14.999, 7.499, 15.997, 8.498], "texture": "#0"},
				"down": {"uv": [10.999, 4.5, 11.997, 5.498], "texture": "#0"}
			}
		},
		{
			"name": "hexadecagon",
			"from": [7.56239, 1.4, 5.8],
			"to": [8.43761, 1.9, 10.2],
			"rotation": {"angle": 45, "axis": "y", "origin": [8, 2, 8]},
			"faces": {
				"north": {"uv": [14.999, 7.499, 15.997, 8.498], "texture": "#0"},
				"east": {"uv": [14.999, 7.499, 15.997, 8.498], "texture": "#0"},
				"south": {"uv": [14.999, 7.499, 15.997, 8.498], "texture": "#0"},
				"west": {"uv": [14.999, 7.499, 15.997, 8.498], "texture": "#0"},
				"up": {"uv": [14.999, 7.499, 15.997, 8.498], "texture": "#0"},
				"down": {"uv": [10.999, 4.5, 11.997, 5.498], "texture": "#0"}
			}
		},
		{
			"name": "hexadecagon",
			"from": [5.8, 1.4, 7.56239],
			"to": [10.2, 1.9, 8.43761],
			"rotation": {"angle": -22.5, "axis": "y", "origin": [8, 2, 8]},
			"faces": {
				"north": {"uv": [14.999, 7.499, 15.997, 8.498], "texture": "#0"},
				"east": {"uv": [14.999, 7.499, 15.997, 8.498], "texture": "#0"},
				"south": {"uv": [14.999, 7.499, 15.997, 8.498], "texture": "#0"},
				"west": {"uv": [14.999, 7.499, 15.997, 8.498], "texture": "#0"},
				"up": {"uv": [14.999, 7.499, 15.997, 8.498], "texture": "#0"},
				"down": {"uv": [10.999, 4.5, 11.997, 5.498], "texture": "#0"}
			}
		},
		{
			"name": "hexadecagon",
			"from": [5.8, 1.4, 7.56239],
			"to": [10.2, 1.9, 8.43761],
			"faces": {
				"north": {"uv": [14.999, 7.499, 15.997, 8.498], "texture": "#0"},
				"east": {"uv": [14.999, 7.499, 15.997, 8.498], "texture": "#0"},
				"south": {"uv": [14.999, 7.499, 15.997, 8.498], "texture": "#0"},
				"west": {"uv": [14.999, 7.499, 15.997, 8.498], "texture": "#0"},
				"up": {"uv": [14.999, 7.499, 15.997, 8.498], "texture": "#0"},
				"down": {"uv": [10.999, 4.5, 11.997, 5.498], "texture": "#0"}
			}
		},
		{
			"name": "hexadecagon",
			"from": [5.8, 1.4, 7.56239],
			"to": [10.2, 1.9, 8.43761],
			"rotation": {"angle": 22.5, "axis": "y", "origin": [8, 2, 8]},
			"faces": {
				"north": {"uv": [14.999, 7.499, 15.997, 8.498], "texture": "#0"},
				"east": {"uv": [14.999, 7.499, 15.997, 8.498], "texture": "#0"},
				"south": {"uv": [14.999, 7.499, 15.997, 8.498], "texture": "#0"},
				"west": {"uv": [14.999, 7.499, 15.997, 8.498], "texture": "#0"},
				"up": {"uv": [14.999, 7.499, 15.997, 8.498], "texture": "#0"},
				"down": {"uv": [10.999, 4.5, 11.997, 5.498], "texture": "#0"}
			}
		},
		{
			"name": "hexadecagon",
			"from": [11.00045, 0.3, 7.55156],
			"to": [11.20045, 0.5, 8.45156],
			"faces": {
				"north": {"uv": [6, 2, 6.999, 3], "texture": "#2"},
				"east": {"uv": [6, 2, 6.999, 3], "texture": "#2"},
				"south": {"uv": [6, 2, 6.999, 3], "texture": "#2"},
				"west": {"uv": [6, 2, 6.999, 3], "texture": "#2"},
				"up": {"uv": [6, 2, 6.999, 3], "texture": "#2"},
				"down": {"uv": [6, 2, 6.999, 3], "texture": "#2"}
			}
		},
		{
			"name": "hexadecagon",
			"from": [11.00027, 0.2, 7.55174],
			"to": [11.20027, 0.4, 7.75174],
			"faces": {
				"north": {"uv": [8.5, 1.499, 9.499, 2.498], "texture": "#2"},
				"east": {"uv": [8.5, 1.499, 9.499, 2.498], "texture": "#2"},
				"south": {"uv": [8.5, 1.499, 9.499, 2.498], "texture": "#2"},
				"west": {"uv": [8.5, 1.499, 9.499, 2.498], "texture": "#2"},
				"up": {"uv": [8.5, 1.499, 9.499, 2.498], "texture": "#2"},
				"down": {"uv": [8.5, 1.499, 9.499, 2.498], "texture": "#2"}
			}
		},
		{
			"name": "hexadecagon",
			"from": [11.00027, 0.2, 8.25174],
			"to": [11.20027, 0.4, 8.45174],
			"faces": {
				"north": {"uv": [10.999, 2, 11.999, 3], "texture": "#2"},
				"east": {"uv": [10.999, 2, 11.999, 3], "texture": "#2"},
				"south": {"uv": [10.999, 2, 11.999, 3], "texture": "#2"},
				"west": {"uv": [10.999, 2, 11.999, 3], "texture": "#2"},
				"up": {"uv": [10.999, 2, 11.999, 3], "texture": "#2"},
				"down": {"uv": [10.999, 2, 11.999, 3], "texture": "#2"}
			}
		},
		{
			"name": "hexadecagon",
			"from": [11.00026, 0.02, 7.55175],
			"to": [11.20026, 0.22, 8.45175],
			"faces": {
				"north": {"uv": [14.999, 4, 15.999, 4.999], "texture": "#2"},
				"east": {"uv": [14.999, 4, 15.999, 4.999], "texture": "#2"},
				"south": {"uv": [14.999, 4, 15.999, 4.999], "texture": "#2"},
				"west": {"uv": [14.999, 4, 15.999, 4.999], "texture": "#2"},
				"up": {"uv": [14.999, 4, 15.999, 4.999], "texture": "#2"},
				"down": {"uv": [14.999, 4, 15.999, 4.999], "texture": "#2"}
			}
		}
	],
	"display": {
		"thirdperson_righthand": {
			"rotation": [67.25, -88, 0],
			"translation": [-5.75, 5.5, 28],
			"scale": [1.59375, 1.17969, 1.69727]
		},
		"thirdperson_lefthand": {
			"rotation": [67.25, -88, 0],
			"translation": [-5.75, 5.5, 28],
			"scale": [1.59375, 1.17969, 1.69727]
		},
		"ground": {
			"translation": [0, 13.75, 0],
			"scale": [1.91016, 1.79297, 2.0332]
		},
		"gui": {
			"translation": [0, 10, 0],
			"scale": [1.45898, 1.40039, 1]
		},
		"head": {
			"rotation": [0, -96.5, 0],
			"translation": [0, 22.25, 0],
			"scale": [2.58203, 1.97656, 2.5293]
		},
		"fixed": {
			"translation": [0, 10, 0],
			"scale": [1.45898, 1.40039, 1]
		}
	},
	"groups": [
		{
			"name": "hexadecagon",
			"origin": [8, 8, 8],
			"children": [0, 1, 2, 3, 4, 5, 6, 7, 8, 9, 10, 11, 12, 13, 14,
				{
					"name": "hexadecagon",
					"origin": [8, 8, 8],
					"children": [15, 16, 17, 18, 19, 20, 21, 22]
				},
				{
					"name": "hexadecagon",
					"origin": [8, 8, 8],
					"children": [23, 24, 25, 26, 27, 28, 29, 30]
				},
				{
					"name": "hexadecagon",
					"origin": [8, 8, 8],
					"children": [31, 32, 33, 34, 35, 36, 37, 38]
				},
				{
					"name": "hexadecagon",
					"origin": [8, 8, 8],
					"children": [39, 40, 41, 42, 43, 44, 45, 46]
				}
			]
		}, 47, 48, 49, 50]
}
