{
	"credit": "Made with Blockbench",
	"textures": {
		"0": "blocks/gold_ore",
		"1": "blocks/wool_colored_black",
		"3": "custom/moon",
		"4": "custom/star",
		"particle": "blocks/gold_ore"
	},
	"elements": [
		{
			"name": "hexadecagon",
			"from": [7.48283, 1.2, 5.4],
			"to": [8.51717, 1.7, 10.6],
			"rotation": {"angle": -45, "axis": "y", "origin": [8, 2, 8]},
			"faces": {
				"north": {"uv": [6.999, 1.75, 7.999, 2.749], "texture": "#0"},
				"east": {"uv": [6.999, 1.75, 7.999, 2.749], "texture": "#0"},
				"south": {"uv": [6.999, 1.75, 7.999, 2.749], "texture": "#0"},
				"west": {"uv": [6.999, 1.75, 7.999, 2.749], "texture": "#0"},
				"up": {"uv": [6.999, 1.75, 7.999, 2.749], "texture": "#0"},
				"down": {"uv": [6.999, 1.75, 7.999, 2.749], "texture": "#0"}
			}
		},
		{
			"name": "hexadecagon",
			"from": [7.48283, 1.2, 5.4],
			"to": [8.51717, 1.7, 10.6],
			"rotation": {"angle": -22.5, "axis": "y", "origin": [8, 2, 8]},
			"faces": {
				"north": {"uv": [6.999, 1.75, 7.999, 2.749], "texture": "#0"},
				"east": {"uv": [6.999, 1.75, 7.999, 2.749], "texture": "#0"},
				"south": {"uv": [6.999, 1.75, 7.999, 2.749], "texture": "#0"},
				"west": {"uv": [6.999, 1.75, 7.999, 2.749], "texture": "#0"},
				"up": {"uv": [6.999, 1.75, 7.999, 2.749], "texture": "#0"},
				"down": {"uv": [6.999, 1.75, 7.999, 2.749], "texture": "#0"}
			}
		},
		{
			"name": "hexadecagon",
			"from": [7.48283, 1.2, 5.4],
			"to": [8.51717, 1.7, 10.6],
			"faces": {
				"north": {"uv": [6.999, 1.75, 7.999, 2.749], "texture": "#0"},
				"east": {"uv": [6.999, 1.75, 7.999, 2.749], "texture": "#0"},
				"south": {"uv": [6.999, 1.75, 7.999, 2.749], "texture": "#0"},
				"west": {"uv": [6.999, 1.75, 7.999, 2.749], "texture": "#0"},
				"up": {"uv": [6.999, 1.75, 7.999, 2.749], "texture": "#0"},
				"down": {"uv": [6.999, 1.75, 7.999, 2.749], "texture": "#0"}
			}
		},
		{
			"name": "hexadecagon",
			"from": [7.48283, 1.2, 5.4],
			"to": [8.51717, 1.7, 10.6],
			"rotation": {"angle": 22.5, "axis": "y", "origin": [8, 2, 8]},
			"faces": {
				"north": {"uv": [6.999, 1.75, 7.999, 2.749], "texture": "#0"},
				"east": {"uv": [6.999, 1.75, 7.999, 2.749], "texture": "#0"},
				"south": {"uv": [6.999, 1.75, 7.999, 2.749], "texture": "#0"},
				"west": {"uv": [6.999, 1.75, 7.999, 2.749], "texture": "#0"},
				"up": {"uv": [6.999, 1.75, 7.999, 2.749], "texture": "#0"},
				"down": {"uv": [6.999, 1.75, 7.999, 2.749], "texture": "#0"}
			}
		},
		{
			"name": "hexadecagon",
			"from": [7.48283, 1.2, 5.4],
			"to": [8.51717, 1.7, 10.6],
			"rotation": {"angle": 45, "axis": "y", "origin": [8, 2, 8]},
			"faces": {
				"north": {"uv": [6.999, 1.75, 7.999, 2.749], "texture": "#0"},
				"east": {"uv": [6.999, 1.75, 7.999, 2.749], "texture": "#0"},
				"south": {"uv": [6.999, 1.75, 7.999, 2.749], "texture": "#0"},
				"west": {"uv": [6.999, 1.75, 7.999, 2.749], "texture": "#0"},
				"up": {"uv": [6.999, 1.75, 7.999, 2.749], "texture": "#0"},
				"down": {"uv": [6.999, 1.75, 7.999, 2.749], "texture": "#0"}
			}
		},
		{
			"name": "hexadecagon",
			"from": [5.4, 1.2, 7.48283],
			"to": [10.6, 1.7, 8.51717],
			"rotation": {"angle": -22.5, "axis": "y", "origin": [8, 2, 8]},
			"faces": {
				"north": {"uv": [6.999, 1.75, 7.999, 2.749], "texture": "#0"},
				"east": {"uv": [6.999, 1.75, 7.999, 2.749], "texture": "#0"},
				"south": {"uv": [6.999, 1.75, 7.999, 2.749], "texture": "#0"},
				"west": {"uv": [6.999, 1.75, 7.999, 2.749], "texture": "#0"},
				"up": {"uv": [6.999, 1.75, 7.999, 2.749], "texture": "#0"},
				"down": {"uv": [6.999, 1.75, 7.999, 2.749], "texture": "#0"}
			}
		},
		{
			"name": "hexadecagon",
			"from": [5.4, 1.2, 7.48283],
			"to": [10.6, 1.7, 8.51717],
			"faces": {
				"north": {"uv": [6.999, 1.75, 7.999, 2.749], "texture": "#0"},
				"east": {"uv": [6.999, 1.75, 7.999, 2.749], "texture": "#0"},
				"south": {"uv": [6.999, 1.75, 7.999, 2.749], "texture": "#0"},
				"west": {"uv": [6.999, 1.75, 7.999, 2.749], "texture": "#0"},
				"up": {"uv": [6.999, 1.75, 7.999, 2.749], "texture": "#0"},
				"down": {"uv": [6.999, 1.75, 7.999, 2.749], "texture": "#0"}
			}
		},
		{
			"name": "hexadecagon",
			"from": [5.4, 1.2, 7.48283],
			"to": [10.6, 1.7, 8.51717],
			"rotation": {"angle": 22.5, "axis": "y", "origin": [8, 2, 8]},
			"faces": {
				"north": {"uv": [6.999, 1.75, 7.999, 2.749], "texture": "#0"},
				"east": {"uv": [6.999, 1.75, 7.999, 2.749], "texture": "#0"},
				"south": {"uv": [6.999, 1.75, 7.999, 2.749], "texture": "#0"},
				"west": {"uv": [6.999, 1.75, 7.999, 2.749], "texture": "#0"},
				"up": {"uv": [6.999, 1.75, 7.999, 2.749], "texture": "#0"},
				"down": {"uv": [6.999, 1.75, 7.999, 2.749], "texture": "#0"}
			}
		},
		{
			"name": "hexadecagon",
			"from": [7.95027, 5.7, 7.75],
			"to": [8.04973, 6.05, 8.25],
			"rotation": {"angle": -45, "axis": "y", "origin": [8, 6, 8]},
			"faces": {
				"north": {"uv": [6.249, 1.499, 7.247, 2.498], "texture": "#0"},
				"east": {"uv": [6.249, 1.499, 7.247, 2.498], "texture": "#0"},
				"south": {"uv": [6.249, 1.499, 7.247, 2.498], "texture": "#0"},
				"west": {"uv": [6.249, 1.499, 7.247, 2.498], "texture": "#0"},
				"up": {"uv": [6.249, 1.499, 7.247, 2.498], "texture": "#0"},
				"down": {"uv": [6.249, 1.499, 7.247, 2.498], "texture": "#0"}
			}
		},
		{
			"name": "hexadecagon",
			"from": [7.95027, 5.7, 7.75],
			"to": [8.04973, 6.05, 8.25],
			"rotation": {"angle": -22.5, "axis": "y", "origin": [8, 6, 8]},
			"faces": {
				"north": {"uv": [6.249, 1.499, 7.247, 2.498], "texture": "#0"},
				"east": {"uv": [6.249, 1.499, 7.247, 2.498], "texture": "#0"},
				"south": {"uv": [6.249, 1.499, 7.247, 2.498], "texture": "#0"},
				"west": {"uv": [6.249, 1.499, 7.247, 2.498], "texture": "#0"},
				"up": {"uv": [6.249, 1.499, 7.247, 2.498], "texture": "#0"},
				"down": {"uv": [6.249, 1.499, 7.247, 2.498], "texture": "#0"}
			}
		},
		{
			"name": "hexadecagon",
			"from": [7.95027, 5.7, 7.75],
			"to": [8.04973, 6.05, 8.25],
			"faces": {
				"north": {"uv": [6.249, 1.499, 7.247, 2.498], "texture": "#0"},
				"east": {"uv": [6.249, 1.499, 7.247, 2.498], "texture": "#0"},
				"south": {"uv": [6.249, 1.499, 7.247, 2.498], "texture": "#0"},
				"west": {"uv": [6.249, 1.499, 7.247, 2.498], "texture": "#0"},
				"up": {"uv": [6.249, 1.499, 7.247, 2.498], "texture": "#0"},
				"down": {"uv": [6.249, 1.499, 7.247, 2.498], "texture": "#0"}
			}
		},
		{
			"name": "hexadecagon",
			"from": [7.95027, 5.7, 7.75],
			"to": [8.04973, 6.05, 8.25],
			"rotation": {"angle": 22.5, "axis": "y", "origin": [8, 6, 8]},
			"faces": {
				"north": {"uv": [6.249, 1.499, 7.247, 2.498], "texture": "#0"},
				"east": {"uv": [6.249, 1.499, 7.247, 2.498], "texture": "#0"},
				"south": {"uv": [6.249, 1.499, 7.247, 2.498], "texture": "#0"},
				"west": {"uv": [6.249, 1.499, 7.247, 2.498], "texture": "#0"},
				"up": {"uv": [6.249, 1.499, 7.247, 2.498], "texture": "#0"},
				"down": {"uv": [6.249, 1.499, 7.247, 2.498], "texture": "#0"}
			}
		},
		{
			"name": "hexadecagon",
			"from": [7.95027, 5.7, 7.75],
			"to": [8.04973, 6.05, 8.25],
			"rotation": {"angle": 45, "axis": "y", "origin": [8, 6, 8]},
			"faces": {
				"north": {"uv": [6.249, 1.499, 7.247, 2.498], "texture": "#0"},
				"east": {"uv": [6.249, 1.499, 7.247, 2.498], "texture": "#0"},
				"south": {"uv": [6.249, 1.499, 7.247, 2.498], "texture": "#0"},
				"west": {"uv": [6.249, 1.499, 7.247, 2.498], "texture": "#0"},
				"up": {"uv": [6.249, 1.499, 7.247, 2.498], "texture": "#0"},
				"down": {"uv": [6.249, 1.499, 7.247, 2.498], "texture": "#0"}
			}
		},
		{
			"name": "hexadecagon",
			"from": [7.75, 5.7, 7.95027],
			"to": [8.25, 6.05, 8.04973],
			"rotation": {"angle": -22.5, "axis": "y", "origin": [8, 6, 8]},
			"faces": {
				"north": {"uv": [6.249, 1.499, 7.247, 2.498], "texture": "#0"},
				"east": {"uv": [6.249, 1.499, 7.247, 2.498], "texture": "#0"},
				"south": {"uv": [6.249, 1.499, 7.247, 2.498], "texture": "#0"},
				"west": {"uv": [6.249, 1.499, 7.247, 2.498], "texture": "#0"},
				"up": {"uv": [6.249, 1.499, 7.247, 2.498], "texture": "#0"},
				"down": {"uv": [6.249, 1.499, 7.247, 2.498], "texture": "#0"}
			}
		},
		{
			"name": "hexadecagon",
			"from": [7.75, 5.7, 7.95027],
			"to": [8.25, 6.05, 8.04973],
			"faces": {
				"north": {"uv": [6.249, 1.499, 7.247, 2.498], "texture": "#0"},
				"east": {"uv": [6.249, 1.499, 7.247, 2.498], "texture": "#0"},
				"south": {"uv": [6.249, 1.499, 7.247, 2.498], "texture": "#0"},
				"west": {"uv": [6.249, 1.499, 7.247, 2.498], "texture": "#0"},
				"up": {"uv": [6.249, 1.499, 7.247, 2.498], "texture": "#0"},
				"down": {"uv": [6.249, 1.499, 7.247, 2.498], "texture": "#0"}
			}
		},
		{
			"name": "hexadecagon",
			"from": [7.75, 5.7, 7.95027],
			"to": [8.25, 6.05, 8.04973],
			"rotation": {"angle": 22.5, "axis": "y", "origin": [8, 6, 8]},
			"faces": {
				"north": {"uv": [6.249, 1.499, 7.247, 2.498], "texture": "#0"},
				"east": {"uv": [6.249, 1.499, 7.247, 2.498], "texture": "#0"},
				"south": {"uv": [6.249, 1.499, 7.247, 2.498], "texture": "#0"},
				"west": {"uv": [6.249, 1.499, 7.247, 2.498], "texture": "#0"},
				"up": {"uv": [6.249, 1.499, 7.247, 2.498], "texture": "#0"},
				"down": {"uv": [6.249, 1.499, 7.247, 2.498], "texture": "#0"}
			}
		},
		{
			"name": "hexadecagon",
			"from": [7.44305, 0.5, 5.2],
			"to": [8.55695, 1, 10.8],
			"rotation": {"angle": -45, "axis": "y", "origin": [8, 1, 8]},
			"faces": {
				"north": {"uv": [6.999, 1.75, 7.999, 2.749], "texture": "#0"},
				"east": {"uv": [6.999, 1.75, 7.999, 2.749], "texture": "#0"},
				"south": {"uv": [6.999, 1.75, 7.999, 2.749], "texture": "#0"},
				"west": {"uv": [6.999, 1.75, 7.999, 2.749], "texture": "#0"},
				"up": {"uv": [6.999, 1.75, 7.999, 2.749], "texture": "#0"},
				"down": {"uv": [6.999, 1.75, 7.999, 2.749], "texture": "#0"}
			}
		},
		{
			"name": "hexadecagon",
			"from": [7.44305, 0.5, 5.2],
			"to": [8.55695, 1, 10.8],
			"rotation": {"angle": -22.5, "axis": "y", "origin": [8, 1, 8]},
			"faces": {
				"north": {"uv": [6.999, 1.75, 7.999, 2.749], "texture": "#0"},
				"east": {"uv": [6.999, 1.75, 7.999, 2.749], "texture": "#0"},
				"south": {"uv": [6.999, 1.75, 7.999, 2.749], "texture": "#0"},
				"west": {"uv": [6.999, 1.75, 7.999, 2.749], "texture": "#0"},
				"up": {"uv": [6.999, 1.75, 7.999, 2.749], "texture": "#0"},
				"down": {"uv": [6.999, 1.75, 7.999, 2.749], "texture": "#0"}
			}
		},
		{
			"name": "hexadecagon",
			"from": [7.44305, 0.5, 5.2],
			"to": [8.55695, 1, 10.8],
			"faces": {
				"north": {"uv": [6.999, 1.75, 7.999, 2.749], "texture": "#0"},
				"east": {"uv": [6.999, 1.75, 7.999, 2.749], "texture": "#0"},
				"south": {"uv": [6.999, 1.75, 7.999, 2.749], "texture": "#0"},
				"west": {"uv": [6.999, 1.75, 7.999, 2.749], "texture": "#0"},
				"up": {"uv": [6.999, 1.75, 7.999, 2.749], "texture": "#0"},
				"down": {"uv": [6.999, 1.75, 7.999, 2.749], "texture": "#0"}
			}
		},
		{
			"name": "hexadecagon",
			"from": [7.44305, 0.5, 5.2],
			"to": [8.55695, 1, 10.8],
			"rotation": {"angle": 22.5, "axis": "y", "origin": [8, 1, 8]},
			"faces": {
				"north": {"uv": [6.999, 1.75, 7.999, 2.749], "texture": "#0"},
				"east": {"uv": [6.999, 1.75, 7.999, 2.749], "texture": "#0"},
				"south": {"uv": [6.999, 1.75, 7.999, 2.749], "texture": "#0"},
				"west": {"uv": [6.999, 1.75, 7.999, 2.749], "texture": "#0"},
				"up": {"uv": [6.999, 1.75, 7.999, 2.749], "texture": "#0"},
				"down": {"uv": [6.999, 1.75, 7.999, 2.749], "texture": "#0"}
			}
		},
		{
			"name": "hexadecagon",
			"from": [7.44305, 0.5, 5.2],
			"to": [8.55695, 1, 10.8],
			"rotation": {"angle": 45, "axis": "y", "origin": [8, 1, 8]},
			"faces": {
				"north": {"uv": [6.999, 1.75, 7.999, 2.749], "texture": "#0"},
				"east": {"uv": [6.999, 1.75, 7.999, 2.749], "texture": "#0"},
				"south": {"uv": [6.999, 1.75, 7.999, 2.749], "texture": "#0"},
				"west": {"uv": [6.999, 1.75, 7.999, 2.749], "texture": "#0"},
				"up": {"uv": [6.999, 1.75, 7.999, 2.749], "texture": "#0"},
				"down": {"uv": [6.999, 1.75, 7.999, 2.749], "texture": "#0"}
			}
		},
		{
			"name": "hexadecagon",
			"from": [5.2, 0.5, 7.44305],
			"to": [10.8, 1, 8.55695],
			"rotation": {"angle": -22.5, "axis": "y", "origin": [8, 1, 8]},
			"faces": {
				"north": {"uv": [6.999, 1.75, 7.999, 2.749], "texture": "#0"},
				"east": {"uv": [6.999, 1.75, 7.999, 2.749], "texture": "#0"},
				"south": {"uv": [6.999, 1.75, 7.999, 2.749], "texture": "#0"},
				"west": {"uv": [6.999, 1.75, 7.999, 2.749], "texture": "#0"},
				"up": {"uv": [6.999, 1.75, 7.999, 2.749], "texture": "#0"},
				"down": {"uv": [6.999, 1.75, 7.999, 2.749], "texture": "#0"}
			}
		},
		{
			"name": "hexadecagon",
			"from": [5.2, 0.5, 7.44305],
			"to": [10.8, 1, 8.55695],
			"faces": {
				"north": {"uv": [6.999, 1.75, 7.999, 2.749], "texture": "#0"},
				"east": {"uv": [6.999, 1.75, 7.999, 2.749], "texture": "#0"},
				"south": {"uv": [6.999, 1.75, 7.999, 2.749], "texture": "#0"},
				"west": {"uv": [6.999, 1.75, 7.999, 2.749], "texture": "#0"},
				"up": {"uv": [6.999, 1.75, 7.999, 2.749], "texture": "#0"},
				"down": {"uv": [6.999, 1.75, 7.999, 2.749], "texture": "#0"}
			}
		},
		{
			"name": "hexadecagon",
			"from": [5.2, 0.5, 7.44305],
			"to": [10.8, 1, 8.55695],
			"rotation": {"angle": 22.5, "axis": "y", "origin": [8, 1, 8]},
			"faces": {
				"north": {"uv": [6.999, 1.75, 7.999, 2.749], "texture": "#0"},
				"east": {"uv": [6.999, 1.75, 7.999, 2.749], "texture": "#0"},
				"south": {"uv": [6.999, 1.75, 7.999, 2.749], "texture": "#0"},
				"west": {"uv": [6.999, 1.75, 7.999, 2.749], "texture": "#0"},
				"up": {"uv": [6.999, 1.75, 7.999, 2.749], "texture": "#0"},
				"down": {"uv": [6.999, 1.75, 7.999, 2.749], "texture": "#0"}
			}
		},
		{
			"name": "hexadecagon",
			"from": [7.40326, 0, 5],
			"to": [8.59674, 0.5, 11],
			"rotation": {"angle": -45, "axis": "y", "origin": [8, 1, 8]},
			"faces": {
				"north": {"uv": [6.999, 1.75, 7.999, 2.749], "texture": "#0"},
				"east": {"uv": [6.999, 1.75, 7.999, 2.749], "texture": "#0"},
				"south": {"uv": [6.999, 1.75, 7.999, 2.749], "texture": "#0"},
				"west": {"uv": [6.999, 1.75, 7.999, 2.749], "texture": "#0"},
				"up": {"uv": [6.999, 1.75, 7.999, 2.749], "texture": "#0"},
				"down": {"uv": [6.999, 1.75, 7.999, 2.749], "texture": "#0"}
			}
		},
		{
			"name": "hexadecagon",
			"from": [7.40326, 0, 5],
			"to": [8.59674, 0.5, 11],
			"rotation": {"angle": -22.5, "axis": "y", "origin": [8, 1, 8]},
			"faces": {
				"north": {"uv": [6.999, 1.75, 7.999, 2.749], "texture": "#0"},
				"east": {"uv": [6.999, 1.75, 7.999, 2.749], "texture": "#0"},
				"south": {"uv": [6.999, 1.75, 7.999, 2.749], "texture": "#0"},
				"west": {"uv": [6.999, 1.75, 7.999, 2.749], "texture": "#0"},
				"up": {"uv": [6.999, 1.75, 7.999, 2.749], "texture": "#0"},
				"down": {"uv": [6.999, 1.75, 7.999, 2.749], "texture": "#0"}
			}
		},
		{
			"name": "hexadecagon",
			"from": [7.40326, 0, 5],
			"to": [8.59674, 0.5, 11],
			"faces": {
				"north": {"uv": [6.999, 1.75, 7.999, 2.749], "texture": "#0"},
				"east": {"uv": [6.999, 1.75, 7.999, 2.749], "texture": "#0"},
				"south": {"uv": [6.999, 1.75, 7.999, 2.749], "texture": "#0"},
				"west": {"uv": [6.999, 1.75, 7.999, 2.749], "texture": "#0"},
				"up": {"uv": [6.999, 1.75, 7.999, 2.749], "texture": "#0"},
				"down": {"uv": [6.999, 1.75, 7.999, 2.749], "texture": "#0"}
			}
		},
		{
			"name": "hexadecagon",
			"from": [7.40326, 0, 5],
			"to": [8.59674, 0.5, 11],
			"rotation": {"angle": 22.5, "axis": "y", "origin": [8, 1, 8]},
			"faces": {
				"north": {"uv": [6.999, 1.75, 7.999, 2.749], "texture": "#0"},
				"east": {"uv": [6.999, 1.75, 7.999, 2.749], "texture": "#0"},
				"south": {"uv": [6.999, 1.75, 7.999, 2.749], "texture": "#0"},
				"west": {"uv": [6.999, 1.75, 7.999, 2.749], "texture": "#0"},
				"up": {"uv": [6.999, 1.75, 7.999, 2.749], "texture": "#0"},
				"down": {"uv": [6.999, 1.75, 7.999, 2.749], "texture": "#0"}
			}
		},
		{
			"name": "hexadecagon",
			"from": [7.40326, 0, 5],
			"to": [8.59674, 0.5, 11],
			"rotation": {"angle": 45, "axis": "y", "origin": [8, 1, 8]},
			"faces": {
				"north": {"uv": [6.999, 1.75, 7.999, 2.749], "texture": "#0"},
				"east": {"uv": [6.999, 1.75, 7.999, 2.749], "texture": "#0"},
				"south": {"uv": [6.999, 1.75, 7.999, 2.749], "texture": "#0"},
				"west": {"uv": [6.999, 1.75, 7.999, 2.749], "texture": "#0"},
				"up": {"uv": [6.999, 1.75, 7.999, 2.749], "texture": "#0"},
				"down": {"uv": [6.999, 1.75, 7.999, 2.749], "texture": "#0"}
			}
		},
		{
			"name": "hexadecagon",
			"from": [5, 0, 7.40326],
			"to": [11, 0.5, 8.59674],
			"rotation": {"angle": -22.5, "axis": "y", "origin": [8, 1, 8]},
			"faces": {
				"north": {"uv": [6.999, 1.75, 7.999, 2.749], "texture": "#0"},
				"east": {"uv": [6.999, 1.75, 7.999, 2.749], "texture": "#0"},
				"south": {"uv": [6.999, 1.75, 7.999, 2.749], "texture": "#0"},
				"west": {"uv": [6.999, 1.75, 7.999, 2.749], "texture": "#0"},
				"up": {"uv": [6.999, 1.75, 7.999, 2.749], "texture": "#0"},
				"down": {"uv": [6.999, 1.75, 7.999, 2.749], "texture": "#0"}
			}
		},
		{
			"name": "hexadecagon",
			"from": [5, 0, 7.40326],
			"to": [11, 0.5, 8.59674],
			"faces": {
				"north": {"uv": [6.999, 1.75, 7.999, 2.749], "texture": "#0"},
				"east": {"uv": [6.999, 1.75, 7.999, 2.749], "texture": "#0"},
				"south": {"uv": [6.999, 1.75, 7.999, 2.749], "texture": "#0"},
				"west": {"uv": [6.999, 1.75, 7.999, 2.749], "texture": "#0"},
				"up": {"uv": [6.999, 1.75, 7.999, 2.749], "texture": "#0"},
				"down": {"uv": [6.999, 1.75, 7.999, 2.749], "texture": "#0"}
			}
		},
		{
			"name": "hexadecagon",
			"from": [5, 0, 7.40326],
			"to": [11, 0.5, 8.59674],
			"faces": {
				"north": {"uv": [6.999, 1.75, 7.999, 2.749], "texture": "#0"},
				"east": {"uv": [6.999, 1.75, 7.999, 2.749], "texture": "#0"},
				"south": {"uv": [6.999, 1.75, 7.999, 2.749], "texture": "#0"},
				"west": {"uv": [6.999, 1.75, 7.999, 2.749], "texture": "#0"},
				"up": {"uv": [6.999, 1.75, 7.999, 2.749], "texture": "#0"},
				"down": {"uv": [6.999, 1.75, 7.999, 2.749], "texture": "#0"}
			}
		},
		{
			"name": "hexadecagon",
			"from": [5, 0, 7.40326],
			"to": [11, 0.5, 8.59674],
			"rotation": {"angle": 22.5, "axis": "y", "origin": [8, 1, 8]},
			"faces": {
				"north": {"uv": [6.999, 1.75, 7.999, 2.749], "texture": "#0"},
				"east": {"uv": [6.999, 1.75, 7.999, 2.749], "texture": "#0"},
				"south": {"uv": [6.999, 1.75, 7.999, 2.749], "texture": "#0"},
				"west": {"uv": [6.999, 1.75, 7.999, 2.749], "texture": "#0"},
				"up": {"uv": [6.999, 1.75, 7.999, 2.749], "texture": "#0"},
				"down": {"uv": [6.999, 1.75, 7.999, 2.749], "texture": "#0"}
			}
		},
		{
			"name": "hexadecagon",
			"from": [7.46294, 0.75, 5.3],
			"to": [8.53706, 1.25, 10.7],
			"rotation": {"angle": -45, "axis": "y", "origin": [8, 1, 8]},
			"faces": {
				"north": {"uv": [6.999, 1.75, 7.999, 2.749], "texture": "#0"},
				"east": {"uv": [6.999, 1.75, 7.999, 2.749], "texture": "#0"},
				"south": {"uv": [6.999, 1.75, 7.999, 2.749], "texture": "#0"},
				"west": {"uv": [6.999, 1.75, 7.999, 2.749], "texture": "#0"},
				"up": {"uv": [6.999, 1.75, 7.999, 2.749], "texture": "#0"},
				"down": {"uv": [6.999, 1.75, 7.999, 2.749], "texture": "#0"}
			}
		},
		{
			"name": "hexadecagon",
			"from": [7.46294, 0.75, 5.3],
			"to": [8.53706, 1.25, 10.7],
			"rotation": {"angle": -22.5, "axis": "y", "origin": [8, 1, 8]},
			"faces": {
				"north": {"uv": [6.999, 1.75, 7.999, 2.749], "texture": "#0"},
				"east": {"uv": [6.999, 1.75, 7.999, 2.749], "texture": "#0"},
				"south": {"uv": [6.999, 1.75, 7.999, 2.749], "texture": "#0"},
				"west": {"uv": [6.999, 1.75, 7.999, 2.749], "texture": "#0"},
				"up": {"uv": [6.999, 1.75, 7.999, 2.749], "texture": "#0"},
				"down": {"uv": [6.999, 1.75, 7.999, 2.749], "texture": "#0"}
			}
		},
		{
			"name": "hexadecagon",
			"from": [7.46294, 0.75, 5.3],
			"to": [8.53706, 1.25, 10.7],
			"faces": {
				"north": {"uv": [6.999, 1.75, 7.999, 2.749], "texture": "#0"},
				"east": {"uv": [6.999, 1.75, 7.999, 2.749], "texture": "#0"},
				"south": {"uv": [6.999, 1.75, 7.999, 2.749], "texture": "#0"},
				"west": {"uv": [6.999, 1.75, 7.999, 2.749], "texture": "#0"},
				"up": {"uv": [6.999, 1.75, 7.999, 2.749], "texture": "#0"},
				"down": {"uv": [6.999, 1.75, 7.999, 2.749], "texture": "#0"}
			}
		},
		{
			"name": "hexadecagon",
			"from": [7.46294, 0.75, 5.3],
			"to": [8.53706, 1.25, 10.7],
			"rotation": {"angle": 22.5, "axis": "y", "origin": [8, 1, 8]},
			"faces": {
				"north": {"uv": [6.999, 1.75, 7.999, 2.749], "texture": "#0"},
				"east": {"uv": [6.999, 1.75, 7.999, 2.749], "texture": "#0"},
				"south": {"uv": [6.999, 1.75, 7.999, 2.749], "texture": "#0"},
				"west": {"uv": [6.999, 1.75, 7.999, 2.749], "texture": "#0"},
				"up": {"uv": [6.999, 1.75, 7.999, 2.749], "texture": "#0"},
				"down": {"uv": [6.999, 1.75, 7.999, 2.749], "texture": "#0"}
			}
		},
		{
			"name": "hexadecagon",
			"from": [7.46294, 0.75, 5.3],
			"to": [8.53706, 1.25, 10.7],
			"rotation": {"angle": 45, "axis": "y", "origin": [8, 1, 8]},
			"faces": {
				"north": {"uv": [6.999, 1.75, 7.999, 2.749], "texture": "#0"},
				"east": {"uv": [6.999, 1.75, 7.999, 2.749], "texture": "#0"},
				"south": {"uv": [6.999, 1.75, 7.999, 2.749], "texture": "#0"},
				"west": {"uv": [6.999, 1.75, 7.999, 2.749], "texture": "#0"},
				"up": {"uv": [6.999, 1.75, 7.999, 2.749], "texture": "#0"},
				"down": {"uv": [6.999, 1.75, 7.999, 2.749], "texture": "#0"}
			}
		},
		{
			"name": "hexadecagon",
			"from": [5.3, 0.75, 7.46294],
			"to": [10.7, 1.25, 8.53706],
			"rotation": {"angle": -22.5, "axis": "y", "origin": [8, 1, 8]},
			"faces": {
				"north": {"uv": [6.999, 1.75, 7.999, 2.749], "texture": "#0"},
				"east": {"uv": [6.999, 1.75, 7.999, 2.749], "texture": "#0"},
				"south": {"uv": [6.999, 1.75, 7.999, 2.749], "texture": "#0"},
				"west": {"uv": [6.999, 1.75, 7.999, 2.749], "texture": "#0"},
				"up": {"uv": [6.999, 1.75, 7.999, 2.749], "texture": "#0"},
				"down": {"uv": [6.999, 1.75, 7.999, 2.749], "texture": "#0"}
			}
		},
		{
			"name": "hexadecagon",
			"from": [5.3, 0.75, 7.46294],
			"to": [10.7, 1.25, 8.53706],
			"faces": {
				"north": {"uv": [6.999, 1.75, 7.999, 2.749], "texture": "#0"},
				"east": {"uv": [6.999, 1.75, 7.999, 2.749], "texture": "#0"},
				"south": {"uv": [6.999, 1.75, 7.999, 2.749], "texture": "#0"},
				"west": {"uv": [6.999, 1.75, 7.999, 2.749], "texture": "#0"},
				"up": {"uv": [6.999, 1.75, 7.999, 2.749], "texture": "#0"},
				"down": {"uv": [6.999, 1.75, 7.999, 2.749], "texture": "#0"}
			}
		},
		{
			"name": "hexadecagon",
			"from": [5.3, 0.75, 7.46294],
			"to": [10.7, 1.25, 8.53706],
			"rotation": {"angle": 22.5, "axis": "y", "origin": [8, 1, 8]},
			"faces": {
				"north": {"uv": [6.999, 1.75, 7.999, 2.749], "texture": "#0"},
				"east": {"uv": [6.999, 1.75, 7.999, 2.749], "texture": "#0"},
				"south": {"uv": [6.999, 1.75, 7.999, 2.749], "texture": "#0"},
				"west": {"uv": [6.999, 1.75, 7.999, 2.749], "texture": "#0"},
				"up": {"uv": [6.999, 1.75, 7.999, 2.749], "texture": "#0"},
				"down": {"uv": [6.999, 1.75, 7.999, 2.749], "texture": "#0"}
			}
		},
		{
			"name": "hexadecagon",
			"from": [7.52261, 1.7, 5.6],
			"to": [8.47739, 2.2, 10.4],
			"rotation": {"angle": -45, "axis": "y", "origin": [8, 2, 8]},
			"faces": {
				"north": {"uv": [6.999, 1.75, 7.999, 2.749], "texture": "#0"},
				"east": {"uv": [6.999, 1.75, 7.999, 2.749], "texture": "#0"},
				"south": {"uv": [6.999, 1.75, 7.999, 2.749], "texture": "#0"},
				"west": {"uv": [6.999, 1.75, 7.999, 2.749], "texture": "#0"},
				"up": {"uv": [6.999, 1.75, 7.999, 2.749], "texture": "#0"},
				"down": {"uv": [6.999, 1.75, 7.999, 2.749], "texture": "#0"}
			}
		},
		{
			"name": "hexadecagon",
			"from": [7.52261, 1.7, 5.6],
			"to": [8.47739, 2.2, 10.4],
			"rotation": {"angle": -22.5, "axis": "y", "origin": [8, 2, 8]},
			"faces": {
				"north": {"uv": [6.999, 1.75, 7.999, 2.749], "texture": "#0"},
				"east": {"uv": [6.999, 1.75, 7.999, 2.749], "texture": "#0"},
				"south": {"uv": [6.999, 1.75, 7.999, 2.749], "texture": "#0"},
				"west": {"uv": [6.999, 1.75, 7.999, 2.749], "texture": "#0"},
				"up": {"uv": [6.999, 1.75, 7.999, 2.749], "texture": "#0"},
				"down": {"uv": [6.999, 1.75, 7.999, 2.749], "texture": "#0"}
			}
		},
		{
			"name": "hexadecagon",
			"from": [7.52261, 1.7, 5.6],
			"to": [8.47739, 2.2, 10.4],
			"faces": {
				"north": {"uv": [6.999, 1.75, 7.999, 2.749], "texture": "#0"},
				"east": {"uv": [6.999, 1.75, 7.999, 2.749], "texture": "#0"},
				"south": {"uv": [6.999, 1.75, 7.999, 2.749], "texture": "#0"},
				"west": {"uv": [6.999, 1.75, 7.999, 2.749], "texture": "#0"},
				"up": {"uv": [6.999, 1.75, 7.999, 2.749], "texture": "#0"},
				"down": {"uv": [6.999, 1.75, 7.999, 2.749], "texture": "#0"}
			}
		},
		{
			"name": "hexadecagon",
			"from": [7.52261, 1.7, 5.6],
			"to": [8.47739, 2.2, 10.4],
			"rotation": {"angle": 22.5, "axis": "y", "origin": [8, 2, 8]},
			"faces": {
				"north": {"uv": [6.999, 1.75, 7.999, 2.749], "texture": "#0"},
				"east": {"uv": [6.999, 1.75, 7.999, 2.749], "texture": "#0"},
				"south": {"uv": [6.999, 1.75, 7.999, 2.749], "texture": "#0"},
				"west": {"uv": [6.999, 1.75, 7.999, 2.749], "texture": "#0"},
				"up": {"uv": [6.999, 1.75, 7.999, 2.749], "texture": "#0"},
				"down": {"uv": [6.999, 1.75, 7.999, 2.749], "texture": "#0"}
			}
		},
		{
			"name": "hexadecagon",
			"from": [7.52261, 1.7, 5.6],
			"to": [8.47739, 2.2, 10.4],
			"rotation": {"angle": 45, "axis": "y", "origin": [8, 2, 8]},
			"faces": {
				"north": {"uv": [6.999, 1.75, 7.999, 2.749], "texture": "#0"},
				"east": {"uv": [6.999, 1.75, 7.999, 2.749], "texture": "#0"},
				"south": {"uv": [6.999, 1.75, 7.999, 2.749], "texture": "#0"},
				"west": {"uv": [6.999, 1.75, 7.999, 2.749], "texture": "#0"},
				"up": {"uv": [6.999, 1.75, 7.999, 2.749], "texture": "#0"},
				"down": {"uv": [6.999, 1.75, 7.999, 2.749], "texture": "#0"}
			}
		},
		{
			"name": "hexadecagon",
			"from": [5.6, 1.7, 7.52261],
			"to": [10.4, 2.2, 8.47739],
			"rotation": {"angle": -22.5, "axis": "y", "origin": [8, 2, 8]},
			"faces": {
				"north": {"uv": [6.999, 1.75, 7.999, 2.749], "texture": "#0"},
				"east": {"uv": [6.999, 1.75, 7.999, 2.749], "texture": "#0"},
				"south": {"uv": [6.999, 1.75, 7.999, 2.749], "texture": "#0"},
				"west": {"uv": [6.999, 1.75, 7.999, 2.749], "texture": "#0"},
				"up": {"uv": [6.999, 1.75, 7.999, 2.749], "texture": "#0"},
				"down": {"uv": [6.999, 1.75, 7.999, 2.749], "texture": "#0"}
			}
		},
		{
			"name": "hexadecagon",
			"from": [5.6, 1.7, 7.52261],
			"to": [10.4, 2.2, 8.47739],
			"faces": {
				"north": {"uv": [6.999, 1.75, 7.999, 2.749], "texture": "#0"},
				"east": {"uv": [6.999, 1.75, 7.999, 2.749], "texture": "#0"},
				"south": {"uv": [6.999, 1.75, 7.999, 2.749], "texture": "#0"},
				"west": {"uv": [6.999, 1.75, 7.999, 2.749], "texture": "#0"},
				"up": {"uv": [6.999, 1.75, 7.999, 2.749], "texture": "#0"},
				"down": {"uv": [6.999, 1.75, 7.999, 2.749], "texture": "#0"}
			}
		},
		{
			"name": "hexadecagon",
			"from": [5.6, 1.7, 7.52261],
			"to": [10.4, 2.2, 8.47739],
			"rotation": {"angle": 22.5, "axis": "y", "origin": [8, 2, 8]},
			"faces": {
				"north": {"uv": [6.999, 1.75, 7.999, 2.749], "texture": "#0"},
				"east": {"uv": [6.999, 1.75, 7.999, 2.749], "texture": "#0"},
				"south": {"uv": [6.999, 1.75, 7.999, 2.749], "texture": "#0"},
				"west": {"uv": [6.999, 1.75, 7.999, 2.749], "texture": "#0"},
				"up": {"uv": [6.999, 1.75, 7.999, 2.749], "texture": "#0"},
				"down": {"uv": [6.999, 1.75, 7.999, 2.749], "texture": "#0"}
			}
		},
		{
			"name": "hexadecagon",
			"from": [7.56239, 2.2, 5.8],
			"to": [8.43761, 2.7, 10.2],
			"rotation": {"angle": -45, "axis": "y", "origin": [8, 3, 8]},
			"faces": {
				"north": {"uv": [6.999, 1.75, 7.999, 2.749], "texture": "#0"},
				"east": {"uv": [6.999, 1.75, 7.999, 2.749], "texture": "#0"},
				"south": {"uv": [6.999, 1.75, 7.999, 2.749], "texture": "#0"},
				"west": {"uv": [6.999, 1.75, 7.999, 2.749], "texture": "#0"},
				"up": {"uv": [6.999, 1.75, 7.999, 2.749], "texture": "#0"},
				"down": {"uv": [6.999, 1.75, 7.999, 2.749], "texture": "#0"}
			}
		},
		{
			"name": "hexadecagon",
			"from": [7.56239, 2.2, 5.8],
			"to": [8.43761, 2.7, 10.2],
			"rotation": {"angle": -22.5, "axis": "y", "origin": [8, 3, 8]},
			"faces": {
				"north": {"uv": [6.999, 1.75, 7.999, 2.749], "texture": "#0"},
				"east": {"uv": [6.999, 1.75, 7.999, 2.749], "texture": "#0"},
				"south": {"uv": [6.999, 1.75, 7.999, 2.749], "texture": "#0"},
				"west": {"uv": [6.999, 1.75, 7.999, 2.749], "texture": "#0"},
				"up": {"uv": [6.999, 1.75, 7.999, 2.749], "texture": "#0"},
				"down": {"uv": [6.999, 1.75, 7.999, 2.749], "texture": "#0"}
			}
		},
		{
			"name": "hexadecagon",
			"from": [7.56239, 2.2, 5.8],
			"to": [8.43761, 2.7, 10.2],
			"faces": {
				"north": {"uv": [6.999, 1.75, 7.999, 2.749], "texture": "#0"},
				"east": {"uv": [6.999, 1.75, 7.999, 2.749], "texture": "#0"},
				"south": {"uv": [6.999, 1.75, 7.999, 2.749], "texture": "#0"},
				"west": {"uv": [6.999, 1.75, 7.999, 2.749], "texture": "#0"},
				"up": {"uv": [6.999, 1.75, 7.999, 2.749], "texture": "#0"},
				"down": {"uv": [6.999, 1.75, 7.999, 2.749], "texture": "#0"}
			}
		},
		{
			"name": "hexadecagon",
			"from": [7.56239, 2.2, 5.8],
			"to": [8.43761, 2.7, 10.2],
			"rotation": {"angle": 22.5, "axis": "y", "origin": [8, 3, 8]},
			"faces": {
				"north": {"uv": [6.999, 1.75, 7.999, 2.749], "texture": "#0"},
				"east": {"uv": [6.999, 1.75, 7.999, 2.749], "texture": "#0"},
				"south": {"uv": [6.999, 1.75, 7.999, 2.749], "texture": "#0"},
				"west": {"uv": [6.999, 1.75, 7.999, 2.749], "texture": "#0"},
				"up": {"uv": [6.999, 1.75, 7.999, 2.749], "texture": "#0"},
				"down": {"uv": [6.999, 1.75, 7.999, 2.749], "texture": "#0"}
			}
		},
		{
			"name": "hexadecagon",
			"from": [7.56239, 2.2, 5.8],
			"to": [8.43761, 2.7, 10.2],
			"rotation": {"angle": 45, "axis": "y", "origin": [8, 3, 8]},
			"faces": {
				"north": {"uv": [6.999, 1.75, 7.999, 2.749], "texture": "#0"},
				"east": {"uv": [6.999, 1.75, 7.999, 2.749], "texture": "#0"},
				"south": {"uv": [6.999, 1.75, 7.999, 2.749], "texture": "#0"},
				"west": {"uv": [6.999, 1.75, 7.999, 2.749], "texture": "#0"},
				"up": {"uv": [6.999, 1.75, 7.999, 2.749], "texture": "#0"},
				"down": {"uv": [6.999, 1.75, 7.999, 2.749], "texture": "#0"}
			}
		},
		{
			"name": "hexadecagon",
			"from": [5.8, 2.2, 7.56239],
			"to": [10.2, 2.7, 8.43761],
			"rotation": {"angle": -22.5, "axis": "y", "origin": [8, 3, 8]},
			"faces": {
				"north": {"uv": [6.999, 1.75, 7.999, 2.749], "texture": "#0"},
				"east": {"uv": [6.999, 1.75, 7.999, 2.749], "texture": "#0"},
				"south": {"uv": [6.999, 1.75, 7.999, 2.749], "texture": "#0"},
				"west": {"uv": [6.999, 1.75, 7.999, 2.749], "texture": "#0"},
				"up": {"uv": [6.999, 1.75, 7.999, 2.749], "texture": "#0"},
				"down": {"uv": [6.999, 1.75, 7.999, 2.749], "texture": "#0"}
			}
		},
		{
			"name": "hexadecagon",
			"from": [5.8, 2.2, 7.56239],
			"to": [10.2, 2.7, 8.43761],
			"faces": {
				"north": {"uv": [6.999, 1.75, 7.999, 2.749], "texture": "#0"},
				"east": {"uv": [6.999, 1.75, 7.999, 2.749], "texture": "#0"},
				"south": {"uv": [6.999, 1.75, 7.999, 2.749], "texture": "#0"},
				"west": {"uv": [6.999, 1.75, 7.999, 2.749], "texture": "#0"},
				"up": {"uv": [6.999, 1.75, 7.999, 2.749], "texture": "#0"},
				"down": {"uv": [6.999, 1.75, 7.999, 2.749], "texture": "#0"}
			}
		},
		{
			"name": "hexadecagon",
			"from": [5.8, 2.2, 7.56239],
			"to": [10.2, 2.7, 8.43761],
			"rotation": {"angle": 22.5, "axis": "y", "origin": [8, 3, 8]},
			"faces": {
				"north": {"uv": [6.999, 1.75, 7.999, 2.749], "texture": "#0"},
				"east": {"uv": [6.999, 1.75, 7.999, 2.749], "texture": "#0"},
				"south": {"uv": [6.999, 1.75, 7.999, 2.749], "texture": "#0"},
				"west": {"uv": [6.999, 1.75, 7.999, 2.749], "texture": "#0"},
				"up": {"uv": [6.999, 1.75, 7.999, 2.749], "texture": "#0"},
				"down": {"uv": [6.999, 1.75, 7.999, 2.749], "texture": "#0"}
			}
		},
		{
			"name": "hexadecagon",
			"from": [7.60218, 2.6, 6],
			"to": [8.39782, 3.1, 10],
			"rotation": {"angle": -45, "axis": "y", "origin": [8, 3, 8]},
			"faces": {
				"north": {"uv": [6.999, 1.75, 7.999, 2.749], "texture": "#0"},
				"east": {"uv": [6.999, 1.75, 7.999, 2.749], "texture": "#0"},
				"south": {"uv": [6.999, 1.75, 7.999, 2.749], "texture": "#0"},
				"west": {"uv": [6.999, 1.75, 7.999, 2.749], "texture": "#0"},
				"up": {"uv": [6.999, 1.75, 7.999, 2.749], "texture": "#0"},
				"down": {"uv": [6.999, 1.75, 7.999, 2.749], "texture": "#0"}
			}
		},
		{
			"name": "hexadecagon",
			"from": [7.60218, 2.6, 6],
			"to": [8.39782, 3.1, 10],
			"rotation": {"angle": -22.5, "axis": "y", "origin": [8, 3, 8]},
			"faces": {
				"north": {"uv": [6.999, 1.75, 7.999, 2.749], "texture": "#0"},
				"east": {"uv": [6.999, 1.75, 7.999, 2.749], "texture": "#0"},
				"south": {"uv": [6.999, 1.75, 7.999, 2.749], "texture": "#0"},
				"west": {"uv": [6.999, 1.75, 7.999, 2.749], "texture": "#0"},
				"up": {"uv": [6.999, 1.75, 7.999, 2.749], "texture": "#0"},
				"down": {"uv": [6.999, 1.75, 7.999, 2.749], "texture": "#0"}
			}
		},
		{
			"name": "hexadecagon",
			"from": [7.60218, 2.6, 6],
			"to": [8.39782, 3.1, 10],
			"faces": {
				"north": {"uv": [6.999, 1.75, 7.999, 2.749], "texture": "#0"},
				"east": {"uv": [6.999, 1.75, 7.999, 2.749], "texture": "#0"},
				"south": {"uv": [6.999, 1.75, 7.999, 2.749], "texture": "#0"},
				"west": {"uv": [6.999, 1.75, 7.999, 2.749], "texture": "#0"},
				"up": {"uv": [6.999, 1.75, 7.999, 2.749], "texture": "#0"},
				"down": {"uv": [6.999, 1.75, 7.999, 2.749], "texture": "#0"}
			}
		},
		{
			"name": "hexadecagon",
			"from": [7.60218, 2.6, 6],
			"to": [8.39782, 3.1, 10],
			"rotation": {"angle": 22.5, "axis": "y", "origin": [8, 3, 8]},
			"faces": {
				"north": {"uv": [6.999, 1.75, 7.999, 2.749], "texture": "#0"},
				"east": {"uv": [6.999, 1.75, 7.999, 2.749], "texture": "#0"},
				"south": {"uv": [6.999, 1.75, 7.999, 2.749], "texture": "#0"},
				"west": {"uv": [6.999, 1.75, 7.999, 2.749], "texture": "#0"},
				"up": {"uv": [6.999, 1.75, 7.999, 2.749], "texture": "#0"},
				"down": {"uv": [6.999, 1.75, 7.999, 2.749], "texture": "#0"}
			}
		},
		{
			"name": "hexadecagon",
			"from": [7.60218, 2.6, 6],
			"to": [8.39782, 3.1, 10],
			"rotation": {"angle": 45, "axis": "y", "origin": [8, 3, 8]},
			"faces": {
				"north": {"uv": [6.999, 1.75, 7.999, 2.749], "texture": "#0"},
				"east": {"uv": [6.999, 1.75, 7.999, 2.749], "texture": "#0"},
				"south": {"uv": [6.999, 1.75, 7.999, 2.749], "texture": "#0"},
				"west": {"uv": [6.999, 1.75, 7.999, 2.749], "texture": "#0"},
				"up": {"uv": [6.999, 1.75, 7.999, 2.749], "texture": "#0"},
				"down": {"uv": [6.999, 1.75, 7.999, 2.749], "texture": "#0"}
			}
		},
		{
			"name": "hexadecagon",
			"from": [6, 2.6, 7.60218],
			"to": [10, 3.1, 8.39782],
			"rotation": {"angle": -22.5, "axis": "y", "origin": [8, 3, 8]},
			"faces": {
				"north": {"uv": [6.999, 1.75, 7.999, 2.749], "texture": "#0"},
				"east": {"uv": [6.999, 1.75, 7.999, 2.749], "texture": "#0"},
				"south": {"uv": [6.999, 1.75, 7.999, 2.749], "texture": "#0"},
				"west": {"uv": [6.999, 1.75, 7.999, 2.749], "texture": "#0"},
				"up": {"uv": [6.999, 1.75, 7.999, 2.749], "texture": "#0"},
				"down": {"uv": [6.999, 1.75, 7.999, 2.749], "texture": "#0"}
			}
		},
		{
			"name": "hexadecagon",
			"from": [6, 2.6, 7.60218],
			"to": [10, 3.1, 8.39782],
			"faces": {
				"north": {"uv": [6.999, 1.75, 7.999, 2.749], "texture": "#0"},
				"east": {"uv": [6.999, 1.75, 7.999, 2.749], "texture": "#0"},
				"south": {"uv": [6.999, 1.75, 7.999, 2.749], "texture": "#0"},
				"west": {"uv": [6.999, 1.75, 7.999, 2.749], "texture": "#0"},
				"up": {"uv": [6.999, 1.75, 7.999, 2.749], "texture": "#0"},
				"down": {"uv": [6.999, 1.75, 7.999, 2.749], "texture": "#0"}
			}
		},
		{
			"name": "hexadecagon",
			"from": [6, 2.6, 7.60218],
			"to": [10, 3.1, 8.39782],
			"rotation": {"angle": 22.5, "axis": "y", "origin": [8, 3, 8]},
			"faces": {
				"north": {"uv": [6.999, 1.75, 7.999, 2.749], "texture": "#0"},
				"east": {"uv": [6.999, 1.75, 7.999, 2.749], "texture": "#0"},
				"south": {"uv": [6.999, 1.75, 7.999, 2.749], "texture": "#0"},
				"west": {"uv": [6.999, 1.75, 7.999, 2.749], "texture": "#0"},
				"up": {"uv": [6.999, 1.75, 7.999, 2.749], "texture": "#0"},
				"down": {"uv": [6.999, 1.75, 7.999, 2.749], "texture": "#0"}
			}
		},
		{
			"name": "hexadecagon",
			"from": [7.64196, 3, 6.2],
			"to": [8.35804, 3.5, 9.8],
			"rotation": {"angle": -45, "axis": "y", "origin": [8, 3, 8]},
			"faces": {
				"north": {"uv": [6.999, 1.75, 7.999, 2.749], "texture": "#0"},
				"east": {"uv": [6.999, 1.75, 7.999, 2.749], "texture": "#0"},
				"south": {"uv": [6.999, 1.75, 7.999, 2.749], "texture": "#0"},
				"west": {"uv": [6.999, 1.75, 7.999, 2.749], "texture": "#0"},
				"up": {"uv": [6.999, 1.75, 7.999, 2.749], "texture": "#0"},
				"down": {"uv": [6.999, 1.75, 7.999, 2.749], "texture": "#0"}
			}
		},
		{
			"name": "hexadecagon",
			"from": [7.64196, 3, 6.2],
			"to": [8.35804, 3.5, 9.8],
			"rotation": {"angle": -22.5, "axis": "y", "origin": [8, 3, 8]},
			"faces": {
				"north": {"uv": [6.999, 1.75, 7.999, 2.749], "texture": "#0"},
				"east": {"uv": [6.999, 1.75, 7.999, 2.749], "texture": "#0"},
				"south": {"uv": [6.999, 1.75, 7.999, 2.749], "texture": "#0"},
				"west": {"uv": [6.999, 1.75, 7.999, 2.749], "texture": "#0"},
				"up": {"uv": [6.999, 1.75, 7.999, 2.749], "texture": "#0"},
				"down": {"uv": [6.999, 1.75, 7.999, 2.749], "texture": "#0"}
			}
		},
		{
			"name": "hexadecagon",
			"from": [7.64196, 3, 6.2],
			"to": [8.35804, 3.5, 9.8],
			"faces": {
				"north": {"uv": [6.999, 1.75, 7.999, 2.749], "texture": "#0"},
				"east": {"uv": [6.999, 1.75, 7.999, 2.749], "texture": "#0"},
				"south": {"uv": [6.999, 1.75, 7.999, 2.749], "texture": "#0"},
				"west": {"uv": [6.999, 1.75, 7.999, 2.749], "texture": "#0"},
				"up": {"uv": [6.999, 1.75, 7.999, 2.749], "texture": "#0"},
				"down": {"uv": [6.999, 1.75, 7.999, 2.749], "texture": "#0"}
			}
		},
		{
			"name": "hexadecagon",
			"from": [7.64196, 3, 6.2],
			"to": [8.35804, 3.5, 9.8],
			"rotation": {"angle": 22.5, "axis": "y", "origin": [8, 3, 8]},
			"faces": {
				"north": {"uv": [6.999, 1.75, 7.999, 2.749], "texture": "#0"},
				"east": {"uv": [6.999, 1.75, 7.999, 2.749], "texture": "#0"},
				"south": {"uv": [6.999, 1.75, 7.999, 2.749], "texture": "#0"},
				"west": {"uv": [6.999, 1.75, 7.999, 2.749], "texture": "#0"},
				"up": {"uv": [6.999, 1.75, 7.999, 2.749], "texture": "#0"},
				"down": {"uv": [6.999, 1.75, 7.999, 2.749], "texture": "#0"}
			}
		},
		{
			"name": "hexadecagon",
			"from": [7.64196, 3, 6.2],
			"to": [8.35804, 3.5, 9.8],
			"rotation": {"angle": 45, "axis": "y", "origin": [8, 3, 8]},
			"faces": {
				"north": {"uv": [6.999, 1.75, 7.999, 2.749], "texture": "#0"},
				"east": {"uv": [6.999, 1.75, 7.999, 2.749], "texture": "#0"},
				"south": {"uv": [6.999, 1.75, 7.999, 2.749], "texture": "#0"},
				"west": {"uv": [6.999, 1.75, 7.999, 2.749], "texture": "#0"},
				"up": {"uv": [6.999, 1.75, 7.999, 2.749], "texture": "#0"},
				"down": {"uv": [6.999, 1.75, 7.999, 2.749], "texture": "#0"}
			}
		},
		{
			"name": "hexadecagon",
			"from": [6.2, 3, 7.64196],
			"to": [9.8, 3.5, 8.35804],
			"rotation": {"angle": -22.5, "axis": "y", "origin": [8, 3, 8]},
			"faces": {
				"north": {"uv": [6.999, 1.75, 7.999, 2.749], "texture": "#0"},
				"east": {"uv": [6.999, 1.75, 7.999, 2.749], "texture": "#0"},
				"south": {"uv": [6.999, 1.75, 7.999, 2.749], "texture": "#0"},
				"west": {"uv": [6.999, 1.75, 7.999, 2.749], "texture": "#0"},
				"up": {"uv": [6.999, 1.75, 7.999, 2.749], "texture": "#0"},
				"down": {"uv": [6.999, 1.75, 7.999, 2.749], "texture": "#0"}
			}
		},
		{
			"name": "hexadecagon",
			"from": [6.2, 3, 7.64196],
			"to": [9.8, 3.5, 8.35804],
			"faces": {
				"north": {"uv": [6.999, 1.75, 7.999, 2.749], "texture": "#0"},
				"east": {"uv": [6.999, 1.75, 7.999, 2.749], "texture": "#0"},
				"south": {"uv": [6.999, 1.75, 7.999, 2.749], "texture": "#0"},
				"west": {"uv": [6.999, 1.75, 7.999, 2.749], "texture": "#0"},
				"up": {"uv": [6.999, 1.75, 7.999, 2.749], "texture": "#0"},
				"down": {"uv": [6.999, 1.75, 7.999, 2.749], "texture": "#0"}
			}
		},
		{
			"name": "hexadecagon",
			"from": [6.2, 3, 7.64196],
			"to": [9.8, 3.5, 8.35804],
			"faces": {
				"north": {"uv": [6.999, 1.75, 7.999, 2.749], "texture": "#0"},
				"east": {"uv": [6.999, 1.75, 7.999, 2.749], "texture": "#0"},
				"south": {"uv": [6.999, 1.75, 7.999, 2.749], "texture": "#0"},
				"west": {"uv": [6.999, 1.75, 7.999, 2.749], "texture": "#0"},
				"up": {"uv": [6.999, 1.75, 7.999, 2.749], "texture": "#0"},
				"down": {"uv": [6.999, 1.75, 7.999, 2.749], "texture": "#0"}
			}
		},
		{
			"name": "hexadecagon",
			"from": [6.2, 3, 7.64196],
			"to": [9.8, 3.5, 8.35804],
			"rotation": {"angle": 22.5, "axis": "y", "origin": [8, 3, 8]},
			"faces": {
				"north": {"uv": [6.999, 1.75, 7.999, 2.749], "texture": "#0"},
				"east": {"uv": [6.999, 1.75, 7.999, 2.749], "texture": "#0"},
				"south": {"uv": [6.999, 1.75, 7.999, 2.749], "texture": "#0"},
				"west": {"uv": [6.999, 1.75, 7.999, 2.749], "texture": "#0"},
				"up": {"uv": [6.999, 1.75, 7.999, 2.749], "texture": "#0"},
				"down": {"uv": [6.999, 1.75, 7.999, 2.749], "texture": "#0"}
			}
		},
		{
			"name": "hexadecagon",
			"from": [7.68174, 3.3, 6.4],
			"to": [8.31826, 3.8, 9.6],
			"rotation": {"angle": -45, "axis": "y", "origin": [8, 4, 8]},
			"faces": {
				"north": {"uv": [6.999, 1.75, 7.999, 2.749], "texture": "#0"},
				"east": {"uv": [6.999, 1.75, 7.999, 2.749], "texture": "#0"},
				"south": {"uv": [6.999, 1.75, 7.999, 2.749], "texture": "#0"},
				"west": {"uv": [6.999, 1.75, 7.999, 2.749], "texture": "#0"},
				"up": {"uv": [6.999, 1.75, 7.999, 2.749], "texture": "#0"},
				"down": {"uv": [6.999, 1.75, 7.999, 2.749], "texture": "#0"}
			}
		},
		{
			"name": "hexadecagon",
			"from": [7.68174, 3.3, 6.4],
			"to": [8.31826, 3.8, 9.6],
			"rotation": {"angle": -22.5, "axis": "y", "origin": [8, 4, 8]},
			"faces": {
				"north": {"uv": [6.999, 1.75, 7.999, 2.749], "texture": "#0"},
				"east": {"uv": [6.999, 1.75, 7.999, 2.749], "texture": "#0"},
				"south": {"uv": [6.999, 1.75, 7.999, 2.749], "texture": "#0"},
				"west": {"uv": [6.999, 1.75, 7.999, 2.749], "texture": "#0"},
				"up": {"uv": [6.999, 1.75, 7.999, 2.749], "texture": "#0"},
				"down": {"uv": [6.999, 1.75, 7.999, 2.749], "texture": "#0"}
			}
		},
		{
			"name": "hexadecagon",
			"from": [7.68174, 3.3, 6.4],
			"to": [8.31826, 3.8, 9.6],
			"faces": {
				"north": {"uv": [6.999, 1.75, 7.999, 2.749], "texture": "#0"},
				"east": {"uv": [6.999, 1.75, 7.999, 2.749], "texture": "#0"},
				"south": {"uv": [6.999, 1.75, 7.999, 2.749], "texture": "#0"},
				"west": {"uv": [6.999, 1.75, 7.999, 2.749], "texture": "#0"},
				"up": {"uv": [6.999, 1.75, 7.999, 2.749], "texture": "#0"},
				"down": {"uv": [6.999, 1.75, 7.999, 2.749], "texture": "#0"}
			}
		},
		{
			"name": "hexadecagon",
			"from": [7.68174, 3.3, 6.4],
			"to": [8.31826, 3.8, 9.6],
			"rotation": {"angle": 22.5, "axis": "y", "origin": [8, 4, 8]},
			"faces": {
				"north": {"uv": [6.999, 1.75, 7.999, 2.749], "texture": "#0"},
				"east": {"uv": [6.999, 1.75, 7.999, 2.749], "texture": "#0"},
				"south": {"uv": [6.999, 1.75, 7.999, 2.749], "texture": "#0"},
				"west": {"uv": [6.999, 1.75, 7.999, 2.749], "texture": "#0"},
				"up": {"uv": [6.999, 1.75, 7.999, 2.749], "texture": "#0"},
				"down": {"uv": [6.999, 1.75, 7.999, 2.749], "texture": "#0"}
			}
		},
		{
			"name": "hexadecagon",
			"from": [7.68174, 3.3, 6.4],
			"to": [8.31826, 3.8, 9.6],
			"rotation": {"angle": 45, "axis": "y", "origin": [8, 4, 8]},
			"faces": {
				"north": {"uv": [6.999, 1.75, 7.999, 2.749], "texture": "#0"},
				"east": {"uv": [6.999, 1.75, 7.999, 2.749], "texture": "#0"},
				"south": {"uv": [6.999, 1.75, 7.999, 2.749], "texture": "#0"},
				"west": {"uv": [6.999, 1.75, 7.999, 2.749], "texture": "#0"},
				"up": {"uv": [6.999, 1.75, 7.999, 2.749], "texture": "#0"},
				"down": {"uv": [6.999, 1.75, 7.999, 2.749], "texture": "#0"}
			}
		},
		{
			"name": "hexadecagon",
			"from": [6.4, 3.3, 7.68174],
			"to": [9.6, 3.8, 8.31826],
			"rotation": {"angle": -22.5, "axis": "y", "origin": [8, 4, 8]},
			"faces": {
				"north": {"uv": [6.999, 1.75, 7.999, 2.749], "texture": "#0"},
				"east": {"uv": [6.999, 1.75, 7.999, 2.749], "texture": "#0"},
				"south": {"uv": [6.999, 1.75, 7.999, 2.749], "texture": "#0"},
				"west": {"uv": [6.999, 1.75, 7.999, 2.749], "texture": "#0"},
				"up": {"uv": [6.999, 1.75, 7.999, 2.749], "texture": "#0"},
				"down": {"uv": [6.999, 1.75, 7.999, 2.749], "texture": "#0"}
			}
		},
		{
			"name": "hexadecagon",
			"from": [6.4, 3.3, 7.68174],
			"to": [9.6, 3.8, 8.31826],
			"faces": {
				"north": {"uv": [6.999, 1.75, 7.999, 2.749], "texture": "#0"},
				"east": {"uv": [6.999, 1.75, 7.999, 2.749], "texture": "#0"},
				"south": {"uv": [6.999, 1.75, 7.999, 2.749], "texture": "#0"},
				"west": {"uv": [6.999, 1.75, 7.999, 2.749], "texture": "#0"},
				"up": {"uv": [6.999, 1.75, 7.999, 2.749], "texture": "#0"},
				"down": {"uv": [6.999, 1.75, 7.999, 2.749], "texture": "#0"}
			}
		},
		{
			"name": "hexadecagon",
			"from": [6.4, 3.3, 7.68174],
			"to": [9.6, 3.8, 8.31826],
			"rotation": {"angle": 22.5, "axis": "y", "origin": [8, 4, 8]},
			"faces": {
				"north": {"uv": [6.999, 1.75, 7.999, 2.749], "texture": "#0"},
				"east": {"uv": [6.999, 1.75, 7.999, 2.749], "texture": "#0"},
				"south": {"uv": [6.999, 1.75, 7.999, 2.749], "texture": "#0"},
				"west": {"uv": [6.999, 1.75, 7.999, 2.749], "texture": "#0"},
				"up": {"uv": [6.999, 1.75, 7.999, 2.749], "texture": "#0"},
				"down": {"uv": [6.999, 1.75, 7.999, 2.749], "texture": "#0"}
			}
		},
		{
			"name": "hexadecagon",
			"from": [7.71158, 3.75, 6.55],
			"to": [8.28842, 4.25, 9.45],
			"rotation": {"angle": -45, "axis": "y", "origin": [8, 4, 8]},
			"faces": {
				"north": {"uv": [6.999, 1.75, 7.999, 2.749], "texture": "#0"},
				"east": {"uv": [6.999, 1.75, 7.999, 2.749], "texture": "#0"},
				"south": {"uv": [6.999, 1.75, 7.999, 2.749], "texture": "#0"},
				"west": {"uv": [6.999, 1.75, 7.999, 2.749], "texture": "#0"},
				"up": {"uv": [6.999, 1.75, 7.999, 2.749], "texture": "#0"},
				"down": {"uv": [6.999, 1.75, 7.999, 2.749], "texture": "#0"}
			}
		},
		{
			"name": "hexadecagon",
			"from": [7.71158, 3.75, 6.55],
			"to": [8.28842, 4.25, 9.45],
			"rotation": {"angle": -22.5, "axis": "y", "origin": [8, 4, 8]},
			"faces": {
				"north": {"uv": [6.999, 1.75, 7.999, 2.749], "texture": "#0"},
				"east": {"uv": [6.999, 1.75, 7.999, 2.749], "texture": "#0"},
				"south": {"uv": [6.999, 1.75, 7.999, 2.749], "texture": "#0"},
				"west": {"uv": [6.999, 1.75, 7.999, 2.749], "texture": "#0"},
				"up": {"uv": [6.999, 1.75, 7.999, 2.749], "texture": "#0"},
				"down": {"uv": [6.999, 1.75, 7.999, 2.749], "texture": "#0"}
			}
		},
		{
			"name": "hexadecagon",
			"from": [7.71158, 3.75, 6.55],
			"to": [8.28842, 4.25, 9.45],
			"faces": {
				"north": {"uv": [6.999, 1.75, 7.999, 2.749], "texture": "#0"},
				"east": {"uv": [6.999, 1.75, 7.999, 2.749], "texture": "#0"},
				"south": {"uv": [6.999, 1.75, 7.999, 2.749], "texture": "#0"},
				"west": {"uv": [6.999, 1.75, 7.999, 2.749], "texture": "#0"},
				"up": {"uv": [6.999, 1.75, 7.999, 2.749], "texture": "#0"},
				"down": {"uv": [6.999, 1.75, 7.999, 2.749], "texture": "#0"}
			}
		},
		{
			"name": "hexadecagon",
			"from": [7.71158, 3.75, 6.55],
			"to": [8.28842, 4.25, 9.45],
			"rotation": {"angle": 22.5, "axis": "y", "origin": [8, 4, 8]},
			"faces": {
				"north": {"uv": [6.999, 1.75, 7.999, 2.749], "texture": "#0"},
				"east": {"uv": [6.999, 1.75, 7.999, 2.749], "texture": "#0"},
				"south": {"uv": [6.999, 1.75, 7.999, 2.749], "texture": "#0"},
				"west": {"uv": [6.999, 1.75, 7.999, 2.749], "texture": "#0"},
				"up": {"uv": [6.999, 1.75, 7.999, 2.749], "texture": "#0"},
				"down": {"uv": [6.999, 1.75, 7.999, 2.749], "texture": "#0"}
			}
		},
		{
			"name": "hexadecagon",
			"from": [7.71158, 3.75, 6.55],
			"to": [8.28842, 4.25, 9.45],
			"rotation": {"angle": 45, "axis": "y", "origin": [8, 4, 8]},
			"faces": {
				"north": {"uv": [6.999, 1.75, 7.999, 2.749], "texture": "#0"},
				"east": {"uv": [6.999, 1.75, 7.999, 2.749], "texture": "#0"},
				"south": {"uv": [6.999, 1.75, 7.999, 2.749], "texture": "#0"},
				"west": {"uv": [6.999, 1.75, 7.999, 2.749], "texture": "#0"},
				"up": {"uv": [6.999, 1.75, 7.999, 2.749], "texture": "#0"},
				"down": {"uv": [6.999, 1.75, 7.999, 2.749], "texture": "#0"}
			}
		},
		{
			"name": "hexadecagon",
			"from": [6.55, 3.75, 7.71158],
			"to": [9.45, 4.25, 8.28842],
			"rotation": {"angle": -22.5, "axis": "y", "origin": [8, 4, 8]},
			"faces": {
				"north": {"uv": [6.999, 1.75, 7.999, 2.749], "texture": "#0"},
				"east": {"uv": [6.999, 1.75, 7.999, 2.749], "texture": "#0"},
				"south": {"uv": [6.999, 1.75, 7.999, 2.749], "texture": "#0"},
				"west": {"uv": [6.999, 1.75, 7.999, 2.749], "texture": "#0"},
				"up": {"uv": [6.999, 1.75, 7.999, 2.749], "texture": "#0"},
				"down": {"uv": [6.999, 1.75, 7.999, 2.749], "texture": "#0"}
			}
		},
		{
			"name": "hexadecagon",
			"from": [6.55, 3.75, 7.71158],
			"to": [9.45, 4.25, 8.28842],
			"faces": {
				"north": {"uv": [6.999, 1.75, 7.999, 2.749], "texture": "#0"},
				"east": {"uv": [6.999, 1.75, 7.999, 2.749], "texture": "#0"},
				"south": {"uv": [6.999, 1.75, 7.999, 2.749], "texture": "#0"},
				"west": {"uv": [6.999, 1.75, 7.999, 2.749], "texture": "#0"},
				"up": {"uv": [6.999, 1.75, 7.999, 2.749], "texture": "#0"},
				"down": {"uv": [6.999, 1.75, 7.999, 2.749], "texture": "#0"}
			}
		},
		{
			"name": "hexadecagon",
			"from": [6.55, 3.75, 7.71158],
			"to": [9.45, 4.25, 8.28842],
			"rotation": {"angle": 22.5, "axis": "y", "origin": [8, 4, 8]},
			"faces": {
				"north": {"uv": [6.999, 1.75, 7.999, 2.749], "texture": "#0"},
				"east": {"uv": [6.999, 1.75, 7.999, 2.749], "texture": "#0"},
				"south": {"uv": [6.999, 1.75, 7.999, 2.749], "texture": "#0"},
				"west": {"uv": [6.999, 1.75, 7.999, 2.749], "texture": "#0"},
				"up": {"uv": [6.999, 1.75, 7.999, 2.749], "texture": "#0"},
				"down": {"uv": [6.999, 1.75, 7.999, 2.749], "texture": "#0"}
			}
		},
		{
			"name": "hexadecagon",
			"from": [7.76131, 4.2, 6.8],
			"to": [8.23869, 4.7, 9.2],
			"rotation": {"angle": -45, "axis": "y", "origin": [8, 5, 8]},
			"faces": {
				"north": {"uv": [6.999, 1.75, 7.999, 2.749], "texture": "#0"},
				"east": {"uv": [6.999, 1.75, 7.999, 2.749], "texture": "#0"},
				"south": {"uv": [6.999, 1.75, 7.999, 2.749], "texture": "#0"},
				"west": {"uv": [6.999, 1.75, 7.999, 2.749], "texture": "#0"},
				"up": {"uv": [6.999, 1.75, 7.999, 2.749], "texture": "#0"},
				"down": {"uv": [6.999, 1.75, 7.999, 2.749], "texture": "#0"}
			}
		},
		{
			"name": "hexadecagon",
			"from": [7.76131, 4.2, 6.8],
			"to": [8.23869, 4.7, 9.2],
			"rotation": {"angle": -22.5, "axis": "y", "origin": [8, 5, 8]},
			"faces": {
				"north": {"uv": [6.999, 1.75, 7.999, 2.749], "texture": "#0"},
				"east": {"uv": [6.999, 1.75, 7.999, 2.749], "texture": "#0"},
				"south": {"uv": [6.999, 1.75, 7.999, 2.749], "texture": "#0"},
				"west": {"uv": [6.999, 1.75, 7.999, 2.749], "texture": "#0"},
				"up": {"uv": [6.999, 1.75, 7.999, 2.749], "texture": "#0"},
				"down": {"uv": [6.999, 1.75, 7.999, 2.749], "texture": "#0"}
			}
		},
		{
			"name": "hexadecagon",
			"from": [7.76131, 4.2, 6.8],
			"to": [8.23869, 4.7, 9.2],
			"faces": {
				"north": {"uv": [6.999, 1.75, 7.999, 2.749], "texture": "#0"},
				"east": {"uv": [6.999, 1.75, 7.999, 2.749], "texture": "#0"},
				"south": {"uv": [6.999, 1.75, 7.999, 2.749], "texture": "#0"},
				"west": {"uv": [6.999, 1.75, 7.999, 2.749], "texture": "#0"},
				"up": {"uv": [6.999, 1.75, 7.999, 2.749], "texture": "#0"},
				"down": {"uv": [6.999, 1.75, 7.999, 2.749], "texture": "#0"}
			}
		},
		{
			"name": "hexadecagon",
			"from": [7.76131, 4.2, 6.8],
			"to": [8.23869, 4.7, 9.2],
			"rotation": {"angle": 22.5, "axis": "y", "origin": [8, 5, 8]},
			"faces": {
				"north": {"uv": [6.999, 1.75, 7.999, 2.749], "texture": "#0"},
				"east": {"uv": [6.999, 1.75, 7.999, 2.749], "texture": "#0"},
				"south": {"uv": [6.999, 1.75, 7.999, 2.749], "texture": "#0"},
				"west": {"uv": [6.999, 1.75, 7.999, 2.749], "texture": "#0"},
				"up": {"uv": [6.999, 1.75, 7.999, 2.749], "texture": "#0"},
				"down": {"uv": [6.999, 1.75, 7.999, 2.749], "texture": "#0"}
			}
		},
		{
			"name": "hexadecagon",
			"from": [7.76131, 4.2, 6.8],
			"to": [8.23869, 4.7, 9.2],
			"rotation": {"angle": 45, "axis": "y", "origin": [8, 5, 8]},
			"faces": {
				"north": {"uv": [6.999, 1.75, 7.999, 2.749], "texture": "#0"},
				"east": {"uv": [6.999, 1.75, 7.999, 2.749], "texture": "#0"},
				"south": {"uv": [6.999, 1.75, 7.999, 2.749], "texture": "#0"},
				"west": {"uv": [6.999, 1.75, 7.999, 2.749], "texture": "#0"},
				"up": {"uv": [6.999, 1.75, 7.999, 2.749], "texture": "#0"},
				"down": {"uv": [6.999, 1.75, 7.999, 2.749], "texture": "#0"}
			}
		},
		{
			"name": "hexadecagon",
			"from": [6.8, 4.2, 7.76131],
			"to": [9.2, 4.7, 8.23869],
			"rotation": {"angle": -22.5, "axis": "y", "origin": [8, 5, 8]},
			"faces": {
				"north": {"uv": [6.999, 1.75, 7.999, 2.749], "texture": "#0"},
				"east": {"uv": [6.999, 1.75, 7.999, 2.749], "texture": "#0"},
				"south": {"uv": [6.999, 1.75, 7.999, 2.749], "texture": "#0"},
				"west": {"uv": [6.999, 1.75, 7.999, 2.749], "texture": "#0"},
				"up": {"uv": [6.999, 1.75, 7.999, 2.749], "texture": "#0"},
				"down": {"uv": [6.999, 1.75, 7.999, 2.749], "texture": "#0"}
			}
		},
		{
			"name": "hexadecagon",
			"from": [6.8, 4.2, 7.76131],
			"to": [9.2, 4.7, 8.23869],
			"faces": {
				"north": {"uv": [6.999, 1.75, 7.999, 2.749], "texture": "#0"},
				"east": {"uv": [6.999, 1.75, 7.999, 2.749], "texture": "#0"},
				"south": {"uv": [6.999, 1.75, 7.999, 2.749], "texture": "#0"},
				"west": {"uv": [6.999, 1.75, 7.999, 2.749], "texture": "#0"},
				"up": {"uv": [6.999, 1.75, 7.999, 2.749], "texture": "#0"},
				"down": {"uv": [6.999, 1.75, 7.999, 2.749], "texture": "#0"}
			}
		},
		{
			"name": "hexadecagon",
			"from": [6.8, 4.2, 7.76131],
			"to": [9.2, 4.7, 8.23869],
			"rotation": {"angle": 22.5, "axis": "y", "origin": [8, 5, 8]},
			"faces": {
				"north": {"uv": [6.999, 1.75, 7.999, 2.749], "texture": "#0"},
				"east": {"uv": [6.999, 1.75, 7.999, 2.749], "texture": "#0"},
				"south": {"uv": [6.999, 1.75, 7.999, 2.749], "texture": "#0"},
				"west": {"uv": [6.999, 1.75, 7.999, 2.749], "texture": "#0"},
				"up": {"uv": [6.999, 1.75, 7.999, 2.749], "texture": "#0"},
				"down": {"uv": [6.999, 1.75, 7.999, 2.749], "texture": "#0"}
			}
		},
		{
			"name": "hexadecagon",
			"from": [7.80109, 4.6, 7],
			"to": [8.19891, 5.1, 9],
			"rotation": {"angle": -45, "axis": "y", "origin": [8, 5, 8]},
			"faces": {
				"north": {"uv": [6.999, 1.75, 7.999, 2.749], "texture": "#0"},
				"east": {"uv": [6.999, 1.75, 7.999, 2.749], "texture": "#0"},
				"south": {"uv": [6.999, 1.75, 7.999, 2.749], "texture": "#0"},
				"west": {"uv": [6.999, 1.75, 7.999, 2.749], "texture": "#0"},
				"up": {"uv": [6.999, 1.75, 7.999, 2.749], "texture": "#0"},
				"down": {"uv": [6.999, 1.75, 7.999, 2.749], "texture": "#0"}
			}
		},
		{
			"name": "hexadecagon",
			"from": [7.80109, 4.6, 7],
			"to": [8.19891, 5.1, 9],
			"rotation": {"angle": -22.5, "axis": "y", "origin": [8, 5, 8]},
			"faces": {
				"north": {"uv": [6.999, 1.75, 7.999, 2.749], "texture": "#0"},
				"east": {"uv": [6.999, 1.75, 7.999, 2.749], "texture": "#0"},
				"south": {"uv": [6.999, 1.75, 7.999, 2.749], "texture": "#0"},
				"west": {"uv": [6.999, 1.75, 7.999, 2.749], "texture": "#0"},
				"up": {"uv": [6.999, 1.75, 7.999, 2.749], "texture": "#0"},
				"down": {"uv": [6.999, 1.75, 7.999, 2.749], "texture": "#0"}
			}
		},
		{
			"name": "hexadecagon",
			"from": [7.80109, 4.6, 7],
			"to": [8.19891, 5.1, 9],
			"faces": {
				"north": {"uv": [6.999, 1.75, 7.999, 2.749], "texture": "#0"},
				"east": {"uv": [6.999, 1.75, 7.999, 2.749], "texture": "#0"},
				"south": {"uv": [6.999, 1.75, 7.999, 2.749], "texture": "#0"},
				"west": {"uv": [6.999, 1.75, 7.999, 2.749], "texture": "#0"},
				"up": {"uv": [6.999, 1.75, 7.999, 2.749], "texture": "#0"},
				"down": {"uv": [6.999, 1.75, 7.999, 2.749], "texture": "#0"}
			}
		},
		{
			"name": "hexadecagon",
			"from": [7.80109, 4.6, 7],
			"to": [8.19891, 5.1, 9],
			"rotation": {"angle": 22.5, "axis": "y", "origin": [8, 5, 8]},
			"faces": {
				"north": {"uv": [6.999, 1.75, 7.999, 2.749], "texture": "#0"},
				"east": {"uv": [6.999, 1.75, 7.999, 2.749], "texture": "#0"},
				"south": {"uv": [6.999, 1.75, 7.999, 2.749], "texture": "#0"},
				"west": {"uv": [6.999, 1.75, 7.999, 2.749], "texture": "#0"},
				"up": {"uv": [6.999, 1.75, 7.999, 2.749], "texture": "#0"},
				"down": {"uv": [6.999, 1.75, 7.999, 2.749], "texture": "#0"}
			}
		},
		{
			"name": "hexadecagon",
			"from": [7.80109, 4.6, 7],
			"to": [8.19891, 5.1, 9],
			"rotation": {"angle": 45, "axis": "y", "origin": [8, 5, 8]},
			"faces": {
				"north": {"uv": [6.999, 1.75, 7.999, 2.749], "texture": "#0"},
				"east": {"uv": [6.999, 1.75, 7.999, 2.749], "texture": "#0"},
				"south": {"uv": [6.999, 1.75, 7.999, 2.749], "texture": "#0"},
				"west": {"uv": [6.999, 1.75, 7.999, 2.749], "texture": "#0"},
				"up": {"uv": [6.999, 1.75, 7.999, 2.749], "texture": "#0"},
				"down": {"uv": [6.999, 1.75, 7.999, 2.749], "texture": "#0"}
			}
		},
		{
			"name": "hexadecagon",
			"from": [7, 4.6, 7.80109],
			"to": [9, 5.1, 8.19891],
			"rotation": {"angle": -22.5, "axis": "y", "origin": [8, 5, 8]},
			"faces": {
				"north": {"uv": [6.999, 1.75, 7.999, 2.749], "texture": "#0"},
				"east": {"uv": [6.999, 1.75, 7.999, 2.749], "texture": "#0"},
				"south": {"uv": [6.999, 1.75, 7.999, 2.749], "texture": "#0"},
				"west": {"uv": [6.999, 1.75, 7.999, 2.749], "texture": "#0"},
				"up": {"uv": [6.999, 1.75, 7.999, 2.749], "texture": "#0"},
				"down": {"uv": [6.999, 1.75, 7.999, 2.749], "texture": "#0"}
			}
		},
		{
			"name": "hexadecagon",
			"from": [7, 4.6, 7.80109],
			"to": [9, 5.1, 8.19891],
			"faces": {
				"north": {"uv": [6.999, 1.75, 7.999, 2.749], "texture": "#0"},
				"east": {"uv": [6.999, 1.75, 7.999, 2.749], "texture": "#0"},
				"south": {"uv": [6.999, 1.75, 7.999, 2.749], "texture": "#0"},
				"west": {"uv": [6.999, 1.75, 7.999, 2.749], "texture": "#0"},
				"up": {"uv": [6.999, 1.75, 7.999, 2.749], "texture": "#0"},
				"down": {"uv": [6.999, 1.75, 7.999, 2.749], "texture": "#0"}
			}
		},
		{
			"name": "hexadecagon",
			"from": [7, 4.6, 7.80109],
			"to": [9, 5.1, 8.19891],
			"rotation": {"angle": 22.5, "axis": "y", "origin": [8, 5, 8]},
			"faces": {
				"north": {"uv": [6.999, 1.75, 7.999, 2.749], "texture": "#0"},
				"east": {"uv": [6.999, 1.75, 7.999, 2.749], "texture": "#0"},
				"south": {"uv": [6.999, 1.75, 7.999, 2.749], "texture": "#0"},
				"west": {"uv": [6.999, 1.75, 7.999, 2.749], "texture": "#0"},
				"up": {"uv": [6.999, 1.75, 7.999, 2.749], "texture": "#0"},
				"down": {"uv": [6.999, 1.75, 7.999, 2.749], "texture": "#0"}
			}
		},
		{
			"name": "hexadecagon",
			"from": [7.86076, 5, 7.3],
			"to": [8.13924, 5.5, 8.7],
			"rotation": {"angle": -45, "axis": "y", "origin": [8, 6, 8]},
			"faces": {
				"north": {"uv": [6.999, 1.75, 7.999, 2.749], "texture": "#0"},
				"east": {"uv": [6.999, 1.75, 7.999, 2.749], "texture": "#0"},
				"south": {"uv": [6.999, 1.75, 7.999, 2.749], "texture": "#0"},
				"west": {"uv": [6.999, 1.75, 7.999, 2.749], "texture": "#0"},
				"up": {"uv": [6.999, 1.75, 7.999, 2.749], "texture": "#0"},
				"down": {"uv": [6.999, 1.75, 7.999, 2.749], "texture": "#0"}
			}
		},
		{
			"name": "hexadecagon",
			"from": [7.86076, 5, 7.3],
			"to": [8.13924, 5.5, 8.7],
			"rotation": {"angle": -22.5, "axis": "y", "origin": [8, 6, 8]},
			"faces": {
				"north": {"uv": [6.999, 1.75, 7.999, 2.749], "texture": "#0"},
				"east": {"uv": [6.999, 1.75, 7.999, 2.749], "texture": "#0"},
				"south": {"uv": [6.999, 1.75, 7.999, 2.749], "texture": "#0"},
				"west": {"uv": [6.999, 1.75, 7.999, 2.749], "texture": "#0"},
				"up": {"uv": [6.999, 1.75, 7.999, 2.749], "texture": "#0"},
				"down": {"uv": [6.999, 1.75, 7.999, 2.749], "texture": "#0"}
			}
		},
		{
			"name": "hexadecagon",
			"from": [7.86076, 5, 7.3],
			"to": [8.13924, 5.5, 8.7],
			"faces": {
				"north": {"uv": [6.999, 1.75, 7.999, 2.749], "texture": "#0"},
				"east": {"uv": [6.999, 1.75, 7.999, 2.749], "texture": "#0"},
				"south": {"uv": [6.999, 1.75, 7.999, 2.749], "texture": "#0"},
				"west": {"uv": [6.999, 1.75, 7.999, 2.749], "texture": "#0"},
				"up": {"uv": [6.999, 1.75, 7.999, 2.749], "texture": "#0"},
				"down": {"uv": [6.999, 1.75, 7.999, 2.749], "texture": "#0"}
			}
		},
		{
			"name": "hexadecagon",
			"from": [7.86076, 5, 7.3],
			"to": [8.13924, 5.5, 8.7],
			"rotation": {"angle": 22.5, "axis": "y", "origin": [8, 6, 8]},
			"faces": {
				"north": {"uv": [6.999, 1.75, 7.999, 2.749], "texture": "#0"},
				"east": {"uv": [6.999, 1.75, 7.999, 2.749], "texture": "#0"},
				"south": {"uv": [6.999, 1.75, 7.999, 2.749], "texture": "#0"},
				"west": {"uv": [6.999, 1.75, 7.999, 2.749], "texture": "#0"},
				"up": {"uv": [6.999, 1.75, 7.999, 2.749], "texture": "#0"},
				"down": {"uv": [6.999, 1.75, 7.999, 2.749], "texture": "#0"}
			}
		},
		{
			"name": "hexadecagon",
			"from": [7.86076, 5, 7.3],
			"to": [8.13924, 5.5, 8.7],
			"rotation": {"angle": 45, "axis": "y", "origin": [8, 6, 8]},
			"faces": {
				"north": {"uv": [6.999, 1.75, 7.999, 2.749], "texture": "#0"},
				"east": {"uv": [6.999, 1.75, 7.999, 2.749], "texture": "#0"},
				"south": {"uv": [6.999, 1.75, 7.999, 2.749], "texture": "#0"},
				"west": {"uv": [6.999, 1.75, 7.999, 2.749], "texture": "#0"},
				"up": {"uv": [6.999, 1.75, 7.999, 2.749], "texture": "#0"},
				"down": {"uv": [6.999, 1.75, 7.999, 2.749], "texture": "#0"}
			}
		},
		{
			"name": "hexadecagon",
			"from": [7.3, 5, 7.86076],
			"to": [8.7, 5.5, 8.13924],
			"rotation": {"angle": -22.5, "axis": "y", "origin": [8, 6, 8]},
			"faces": {
				"north": {"uv": [6.999, 1.75, 7.999, 2.749], "texture": "#0"},
				"east": {"uv": [6.999, 1.75, 7.999, 2.749], "texture": "#0"},
				"south": {"uv": [6.999, 1.75, 7.999, 2.749], "texture": "#0"},
				"west": {"uv": [6.999, 1.75, 7.999, 2.749], "texture": "#0"},
				"up": {"uv": [6.999, 1.75, 7.999, 2.749], "texture": "#0"},
				"down": {"uv": [6.999, 1.75, 7.999, 2.749], "texture": "#0"}
			}
		},
		{
			"name": "hexadecagon",
			"from": [7.3, 5, 7.86076],
			"to": [8.7, 5.5, 8.13924],
			"faces": {
				"north": {"uv": [6.999, 1.75, 7.999, 2.749], "texture": "#0"},
				"east": {"uv": [6.999, 1.75, 7.999, 2.749], "texture": "#0"},
				"south": {"uv": [6.999, 1.75, 7.999, 2.749], "texture": "#0"},
				"west": {"uv": [6.999, 1.75, 7.999, 2.749], "texture": "#0"},
				"up": {"uv": [6.999, 1.75, 7.999, 2.749], "texture": "#0"},
				"down": {"uv": [6.999, 1.75, 7.999, 2.749], "texture": "#0"}
			}
		},
		{
			"name": "hexadecagon",
			"from": [7.3, 5, 7.86076],
			"to": [8.7, 5.5, 8.13924],
			"rotation": {"angle": 22.5, "axis": "y", "origin": [8, 6, 8]},
			"faces": {
				"north": {"uv": [6.999, 1.75, 7.999, 2.749], "texture": "#0"},
				"east": {"uv": [6.999, 1.75, 7.999, 2.749], "texture": "#0"},
				"south": {"uv": [6.999, 1.75, 7.999, 2.749], "texture": "#0"},
				"west": {"uv": [6.999, 1.75, 7.999, 2.749], "texture": "#0"},
				"up": {"uv": [6.999, 1.75, 7.999, 2.749], "texture": "#0"},
				"down": {"uv": [6.999, 1.75, 7.999, 2.749], "texture": "#0"}
			}
		},
		{
			"name": "hexadecagon",
			"from": [7.91049, 5.3, 7.55],
			"to": [8.08951, 5.8, 8.45],
			"rotation": {"angle": -45, "axis": "y", "origin": [8, 6, 8]},
			"faces": {
				"north": {"uv": [6.999, 1.75, 7.999, 2.749], "texture": "#0"},
				"east": {"uv": [6.999, 1.75, 7.999, 2.749], "texture": "#0"},
				"south": {"uv": [6.999, 1.75, 7.999, 2.749], "texture": "#0"},
				"west": {"uv": [6.999, 1.75, 7.999, 2.749], "texture": "#0"},
				"up": {"uv": [6.999, 1.75, 7.999, 2.749], "texture": "#0"},
				"down": {"uv": [6.999, 1.75, 7.999, 2.749], "texture": "#0"}
			}
		},
		{
			"name": "hexadecagon",
			"from": [7.91049, 5.3, 7.55],
			"to": [8.08951, 5.8, 8.45],
			"rotation": {"angle": -22.5, "axis": "y", "origin": [8, 6, 8]},
			"faces": {
				"north": {"uv": [6.999, 1.75, 7.999, 2.749], "texture": "#0"},
				"east": {"uv": [6.999, 1.75, 7.999, 2.749], "texture": "#0"},
				"south": {"uv": [6.999, 1.75, 7.999, 2.749], "texture": "#0"},
				"west": {"uv": [6.999, 1.75, 7.999, 2.749], "texture": "#0"},
				"up": {"uv": [6.999, 1.75, 7.999, 2.749], "texture": "#0"},
				"down": {"uv": [6.999, 1.75, 7.999, 2.749], "texture": "#0"}
			}
		},
		{
			"name": "hexadecagon",
			"from": [7.91049, 5.3, 7.55],
			"to": [8.08951, 5.8, 8.45],
			"faces": {
				"north": {"uv": [6.999, 1.75, 7.999, 2.749], "texture": "#0"},
				"east": {"uv": [6.999, 1.75, 7.999, 2.749], "texture": "#0"},
				"south": {"uv": [6.999, 1.75, 7.999, 2.749], "texture": "#0"},
				"west": {"uv": [6.999, 1.75, 7.999, 2.749], "texture": "#0"},
				"up": {"uv": [6.999, 1.75, 7.999, 2.749], "texture": "#0"},
				"down": {"uv": [6.999, 1.75, 7.999, 2.749], "texture": "#0"}
			}
		},
		{
			"name": "hexadecagon",
			"from": [7.91049, 5.3, 7.55],
			"to": [8.08951, 5.8, 8.45],
			"rotation": {"angle": 22.5, "axis": "y", "origin": [8, 6, 8]},
			"faces": {
				"north": {"uv": [6.999, 1.75, 7.999, 2.749], "texture": "#0"},
				"east": {"uv": [6.999, 1.75, 7.999, 2.749], "texture": "#0"},
				"south": {"uv": [6.999, 1.75, 7.999, 2.749], "texture": "#0"},
				"west": {"uv": [6.999, 1.75, 7.999, 2.749], "texture": "#0"},
				"up": {"uv": [6.999, 1.75, 7.999, 2.749], "texture": "#0"},
				"down": {"uv": [6.999, 1.75, 7.999, 2.749], "texture": "#0"}
			}
		},
		{
			"name": "hexadecagon",
			"from": [7.91049, 5.3, 7.55],
			"to": [8.08951, 5.8, 8.45],
			"rotation": {"angle": 45, "axis": "y", "origin": [8, 6, 8]},
			"faces": {
				"north": {"uv": [6.999, 1.75, 7.999, 2.749], "texture": "#0"},
				"east": {"uv": [6.999, 1.75, 7.999, 2.749], "texture": "#0"},
				"south": {"uv": [6.999, 1.75, 7.999, 2.749], "texture": "#0"},
				"west": {"uv": [6.999, 1.75, 7.999, 2.749], "texture": "#0"},
				"up": {"uv": [6.999, 1.75, 7.999, 2.749], "texture": "#0"},
				"down": {"uv": [6.999, 1.75, 7.999, 2.749], "texture": "#0"}
			}
		},
		{
			"name": "hexadecagon",
			"from": [7.55, 5.3, 7.91049],
			"to": [8.45, 5.8, 8.08951],
			"rotation": {"angle": -22.5, "axis": "y", "origin": [8, 6, 8]},
			"faces": {
				"north": {"uv": [6.999, 1.75, 7.999, 2.749], "texture": "#0"},
				"east": {"uv": [6.999, 1.75, 7.999, 2.749], "texture": "#0"},
				"south": {"uv": [6.999, 1.75, 7.999, 2.749], "texture": "#0"},
				"west": {"uv": [6.999, 1.75, 7.999, 2.749], "texture": "#0"},
				"up": {"uv": [6.999, 1.75, 7.999, 2.749], "texture": "#0"},
				"down": {"uv": [6.999, 1.75, 7.999, 2.749], "texture": "#0"}
			}
		},
		{
			"name": "hexadecagon",
			"from": [7.55, 5.3, 7.91049],
			"to": [8.45, 5.8, 8.08951],
			"faces": {
				"north": {"uv": [6.999, 1.75, 7.999, 2.749], "texture": "#0"},
				"east": {"uv": [6.999, 1.75, 7.999, 2.749], "texture": "#0"},
				"south": {"uv": [6.999, 1.75, 7.999, 2.749], "texture": "#0"},
				"west": {"uv": [6.999, 1.75, 7.999, 2.749], "texture": "#0"},
				"up": {"uv": [6.999, 1.75, 7.999, 2.749], "texture": "#0"},
				"down": {"uv": [6.999, 1.75, 7.999, 2.749], "texture": "#0"}
			}
		},
		{
			"name": "hexadecagon",
			"from": [7.55, 5.3, 7.91049],
			"to": [8.45, 5.8, 8.08951],
			"rotation": {"angle": 22.5, "axis": "y", "origin": [8, 6, 8]},
			"faces": {
				"north": {"uv": [6.999, 1.75, 7.999, 2.749], "texture": "#0"},
				"east": {"uv": [6.999, 1.75, 7.999, 2.749], "texture": "#0"},
				"south": {"uv": [6.999, 1.75, 7.999, 2.749], "texture": "#0"},
				"west": {"uv": [6.999, 1.75, 7.999, 2.749], "texture": "#0"},
				"up": {"uv": [6.999, 1.75, 7.999, 2.749], "texture": "#0"},
				"down": {"uv": [6.999, 1.75, 7.999, 2.749], "texture": "#0"}
			}
		},
		{
			"name": "hexadecagon",
			"from": [7.30381, -0.175, 4.5],
			"to": [8.69619, 0.175, 11.5],
			"rotation": {"angle": -45, "axis": "y", "origin": [8, 0, 8]},
			"faces": {
				"north": {"uv": [6.999, 1.75, 7.999, 2.749], "texture": "#0"},
				"east": {"uv": [6.999, 1.75, 7.999, 2.749], "texture": "#0"},
				"south": {"uv": [6.999, 1.75, 7.999, 2.749], "texture": "#0"},
				"west": {"uv": [6.999, 1.75, 7.999, 2.749], "texture": "#0"},
				"up": {"uv": [6.999, 1.75, 7.999, 2.749], "texture": "#0"},
				"down": {"uv": [6.999, 1.75, 7.999, 2.749], "texture": "#0"}
			}
		},
		{
			"name": "hexadecagon",
			"from": [7.30381, -0.175, 4.5],
			"to": [8.69619, 0.175, 11.5],
			"rotation": {"angle": -22.5, "axis": "y", "origin": [8, 0, 8]},
			"faces": {
				"north": {"uv": [6.999, 1.75, 7.999, 2.749], "texture": "#0"},
				"east": {"uv": [6.999, 1.75, 7.999, 2.749], "texture": "#0"},
				"south": {"uv": [6.999, 1.75, 7.999, 2.749], "texture": "#0"},
				"west": {"uv": [6.999, 1.75, 7.999, 2.749], "texture": "#0"},
				"up": {"uv": [6.999, 1.75, 7.999, 2.749], "texture": "#0"},
				"down": {"uv": [6.999, 1.75, 7.999, 2.749], "texture": "#0"}
			}
		},
		{
			"name": "hexadecagon",
			"from": [7.30381, -0.175, 4.5],
			"to": [8.69619, 0.175, 11.5],
			"faces": {
				"north": {"uv": [6.999, 1.75, 7.999, 2.749], "texture": "#0"},
				"east": {"uv": [6.999, 1.75, 7.999, 2.749], "texture": "#0"},
				"south": {"uv": [6.999, 1.75, 7.999, 2.749], "texture": "#0"},
				"west": {"uv": [6.999, 1.75, 7.999, 2.749], "texture": "#0"},
				"up": {"uv": [6.999, 1.75, 7.999, 2.749], "texture": "#0"},
				"down": {"uv": [6.999, 1.75, 7.999, 2.749], "texture": "#0"}
			}
		},
		{
			"name": "hexadecagon",
			"from": [7.30381, -0.175, 4.5],
			"to": [8.69619, 0.175, 11.5],
			"rotation": {"angle": 22.5, "axis": "y", "origin": [8, 0, 8]},
			"faces": {
				"north": {"uv": [6.999, 1.75, 7.999, 2.749], "texture": "#0"},
				"east": {"uv": [6.999, 1.75, 7.999, 2.749], "texture": "#0"},
				"south": {"uv": [6.999, 1.75, 7.999, 2.749], "texture": "#0"},
				"west": {"uv": [6.999, 1.75, 7.999, 2.749], "texture": "#0"},
				"up": {"uv": [6.999, 1.75, 7.999, 2.749], "texture": "#0"},
				"down": {"uv": [6.999, 1.75, 7.999, 2.749], "texture": "#0"}
			}
		},
		{
			"name": "hexadecagon",
			"from": [7.30381, -0.175, 4.5],
			"to": [8.69619, 0.175, 11.5],
			"rotation": {"angle": 45, "axis": "y", "origin": [8, 0, 8]},
			"faces": {
				"north": {"uv": [6.999, 1.75, 7.999, 2.749], "texture": "#0"},
				"east": {"uv": [6.999, 1.75, 7.999, 2.749], "texture": "#0"},
				"south": {"uv": [6.999, 1.75, 7.999, 2.749], "texture": "#0"},
				"west": {"uv": [6.999, 1.75, 7.999, 2.749], "texture": "#0"},
				"up": {"uv": [6.999, 1.75, 7.999, 2.749], "texture": "#0"},
				"down": {"uv": [6.999, 1.75, 7.999, 2.749], "texture": "#0"}
			}
		},
		{
			"name": "hexadecagon",
			"from": [4.5, -0.175, 7.30381],
			"to": [11.5, 0.175, 8.69619],
			"rotation": {"angle": -22.5, "axis": "y", "origin": [8, 0, 8]},
			"faces": {
				"north": {"uv": [6.999, 1.75, 7.999, 2.749], "texture": "#0"},
				"east": {"uv": [6.999, 1.75, 7.999, 2.749], "texture": "#0"},
				"south": {"uv": [6.999, 1.75, 7.999, 2.749], "texture": "#0"},
				"west": {"uv": [6.999, 1.75, 7.999, 2.749], "texture": "#0"},
				"up": {"uv": [6.999, 1.75, 7.999, 2.749], "texture": "#0"},
				"down": {"uv": [6.999, 1.75, 7.999, 2.749], "texture": "#0"}
			}
		},
		{
			"name": "hexadecagon",
			"from": [4.5, -0.175, 7.30381],
			"to": [11.5, 0.175, 8.69619],
			"faces": {
				"north": {"uv": [6.999, 1.75, 7.999, 2.749], "texture": "#0"},
				"east": {"uv": [6.999, 1.75, 7.999, 2.749], "texture": "#0"},
				"south": {"uv": [6.999, 1.75, 7.999, 2.749], "texture": "#0"},
				"west": {"uv": [6.999, 1.75, 7.999, 2.749], "texture": "#0"},
				"up": {"uv": [6.999, 1.75, 7.999, 2.749], "texture": "#0"},
				"down": {"uv": [6.999, 1.75, 7.999, 2.749], "texture": "#0"}
			}
		},
		{
			"name": "hexadecagon",
			"from": [4.5, -0.175, 7.30381],
			"to": [11.5, 0.175, 8.69619],
			"rotation": {"angle": 22.5, "axis": "y", "origin": [8, 0, 8]},
			"faces": {
				"north": {"uv": [6.999, 1.75, 7.999, 2.749], "texture": "#0"},
				"east": {"uv": [6.999, 1.75, 7.999, 2.749], "texture": "#0"},
				"south": {"uv": [6.999, 1.75, 7.999, 2.749], "texture": "#0"},
				"west": {"uv": [6.999, 1.75, 7.999, 2.749], "texture": "#0"},
				"up": {"uv": [6.999, 1.75, 7.999, 2.749], "texture": "#0"},
				"down": {"uv": [6.999, 1.75, 7.999, 2.749], "texture": "#0"}
			}
		},
		{
			"name": "hexadecagon",
			"from": [4.40326, 0.50071, 8.24604],
			"to": [4.99999, 3.50071, 8.59604],
			"rotation": {"angle": -45, "axis": "z", "origin": [4.70163, 2.00071, 8.42104]},
			"faces": {
				"north": {"uv": [0, 0, 1, 1], "texture": "#1"},
				"east": {"uv": [0, 0, 1, 1], "texture": "#1"},
				"south": {"uv": [0, 0, 1, 1], "texture": "#1"},
				"west": {"uv": [0, 0, 1, 1], "texture": "#1"},
				"up": {"uv": [0, 0, 1, 1], "texture": "#1"},
				"down": {"uv": [0, 0, 1, 1], "texture": "#1"}
			}
		},
		{
			"name": "hexadecagon",
			"from": [4.40326, 0.50071, 8.24604],
			"to": [4.99999, 3.50071, 8.59604],
			"rotation": {"angle": -22.5, "axis": "z", "origin": [4.70163, 2.00071, 8.42104]},
			"faces": {
				"north": {"uv": [0, 0, 1, 1], "texture": "#1"},
				"east": {"uv": [0, 0, 1, 1], "texture": "#1"},
				"south": {"uv": [0, 0, 1, 1], "texture": "#1"},
				"west": {"uv": [0, 0, 1, 1], "texture": "#1"},
				"up": {"uv": [0, 0, 1, 1], "texture": "#1"},
				"down": {"uv": [0, 0, 1, 1], "texture": "#1"}
			}
		},
		{
			"name": "hexadecagon",
			"from": [4.40326, 0.50071, 8.24604],
			"to": [4.99999, 3.50071, 8.59604],
			"faces": {
				"north": {"uv": [0, 0, 1, 1], "texture": "#1"},
				"east": {"uv": [0, 0, 1, 1], "texture": "#1"},
				"south": {"uv": [0, 0, 1, 1], "texture": "#1"},
				"west": {"uv": [0, 0, 1, 1], "texture": "#1"},
				"up": {"uv": [0, 0, 1, 1], "texture": "#1"},
				"down": {"uv": [0, 0, 1, 1], "texture": "#1"}
			}
		},
		{
			"name": "hexadecagon",
			"from": [4.40326, 0.50071, 8.24604],
			"to": [4.99999, 3.50071, 8.59604],
			"rotation": {"angle": 22.5, "axis": "z", "origin": [4.70163, 2.00071, 8.42104]},
			"faces": {
				"north": {"uv": [0, 0, 1, 1], "texture": "#1"},
				"east": {"uv": [0, 0, 1, 1], "texture": "#1"},
				"south": {"uv": [0, 0, 1, 1], "texture": "#1"},
				"west": {"uv": [0, 0, 1, 1], "texture": "#1"},
				"up": {"uv": [0, 0, 1, 1], "texture": "#1"},
				"down": {"uv": [0, 0, 1, 1], "texture": "#1"}
			}
		},
		{
			"name": "hexadecagon",
			"from": [4.40326, 0.50071, 8.24604],
			"to": [4.99999, 3.50071, 8.59604],
			"rotation": {"angle": 45, "axis": "z", "origin": [4.70163, 2.00071, 8.42104]},
			"faces": {
				"north": {"uv": [0, 0, 1, 1], "texture": "#1"},
				"east": {"uv": [0, 0, 1, 1], "texture": "#1"},
				"south": {"uv": [0, 0, 1, 1], "texture": "#1"},
				"west": {"uv": [0, 0, 1, 1], "texture": "#1"},
				"up": {"uv": [0, 0, 1, 1], "texture": "#1"},
				"down": {"uv": [0, 0, 1, 1], "texture": "#1"}
			}
		},
		{
			"name": "hexadecagon",
			"from": [3.20163, 1.70234, 8.24604],
			"to": [6.20163, 2.29908, 8.59604],
			"rotation": {"angle": -22.5, "axis": "z", "origin": [4.70163, 2.00071, 8.42104]},
			"faces": {
				"north": {"uv": [0, 0, 1, 1], "texture": "#1"},
				"east": {"uv": [0, 0, 1, 1], "texture": "#1"},
				"south": {"uv": [0, 0, 1, 1], "texture": "#1"},
				"west": {"uv": [0, 0, 1, 1], "texture": "#1"},
				"up": {"uv": [0, 0, 1, 1], "texture": "#1"},
				"down": {"uv": [0, 0, 1, 1], "texture": "#1"}
			}
		},
		{
			"name": "hexadecagon",
			"from": [3.20163, 1.70234, 8.24604],
			"to": [6.20163, 2.29908, 8.59604],
			"faces": {
				"north": {"uv": [0, 0, 1, 1], "texture": "#1"},
				"east": {"uv": [0, 0, 1, 1], "texture": "#1"},
				"south": {"uv": [0, 0, 1, 1], "texture": "#1"},
				"west": {"uv": [0, 0, 1, 1], "texture": "#1"},
				"up": {"uv": [0, 0, 1, 1], "texture": "#1"},
				"down": {"uv": [0, 0, 1, 1], "texture": "#1"}
			}
		},
		{
			"name": "hexadecagon",
			"from": [3.20163, 1.70234, 8.24604],
			"to": [6.20163, 2.29908, 8.59604],
			"rotation": {"angle": 22.5, "axis": "z", "origin": [4.70163, 2.00071, 8.42104]},
			"faces": {
				"north": {"uv": [0, 0, 1, 1], "texture": "#1"},
				"east": {"uv": [0, 0, 1, 1], "texture": "#1"},
				"south": {"uv": [0, 0, 1, 1], "texture": "#1"},
				"west": {"uv": [0, 0, 1, 1], "texture": "#1"},
				"up": {"uv": [0, 0, 1, 1], "texture": "#1"},
				"down": {"uv": [0, 0, 1, 1], "texture": "#1"}
			}
		},
		{
			"name": "hexadecagon",
			"from": [10.9996, 0.49903, 8.2481],
			"to": [11.59634, 3.49903, 8.5981],
			"rotation": {"angle": -45, "axis": "z", "origin": [11.29797, 1.99903, 8.4231]},
			"faces": {
				"north": {"uv": [0, 0, 1, 1], "texture": "#1"},
				"east": {"uv": [0, 0, 1, 1], "texture": "#1"},
				"south": {"uv": [0, 0, 1, 1], "texture": "#1"},
				"west": {"uv": [0, 0, 1, 1], "texture": "#1"},
				"up": {"uv": [0, 0, 1, 1], "texture": "#1"},
				"down": {"uv": [0, 0, 1, 1], "texture": "#1"}
			}
		},
		{
			"name": "hexadecagon",
			"from": [10.9996, 0.49903, 8.2481],
			"to": [11.59634, 3.49903, 8.5981],
			"rotation": {"angle": -22.5, "axis": "z", "origin": [11.29797, 1.99903, 8.4231]},
			"faces": {
				"north": {"uv": [0, 0, 1, 1], "texture": "#1"},
				"east": {"uv": [0, 0, 1, 1], "texture": "#1"},
				"south": {"uv": [0, 0, 1, 1], "texture": "#1"},
				"west": {"uv": [0, 0, 1, 1], "texture": "#1"},
				"up": {"uv": [0, 0, 1, 1], "texture": "#1"},
				"down": {"uv": [0, 0, 1, 1], "texture": "#1"}
			}
		},
		{
			"name": "hexadecagon",
			"from": [10.9996, 0.49903, 8.2481],
			"to": [11.59634, 3.49903, 8.5981],
			"faces": {
				"north": {"uv": [0, 0, 1, 1], "texture": "#1"},
				"east": {"uv": [0, 0, 1, 1], "texture": "#1"},
				"south": {"uv": [0, 0, 1, 1], "texture": "#1"},
				"west": {"uv": [0, 0, 1, 1], "texture": "#1"},
				"up": {"uv": [0, 0, 1, 1], "texture": "#1"},
				"down": {"uv": [0, 0, 1, 1], "texture": "#1"}
			}
		},
		{
			"name": "hexadecagon",
			"from": [10.9996, 0.49903, 8.2481],
			"to": [11.59634, 3.49903, 8.5981],
			"rotation": {"angle": 22.5, "axis": "z", "origin": [11.29797, 1.99903, 8.4231]},
			"faces": {
				"north": {"uv": [0, 0, 1, 1], "texture": "#1"},
				"east": {"uv": [0, 0, 1, 1], "texture": "#1"},
				"south": {"uv": [0, 0, 1, 1], "texture": "#1"},
				"west": {"uv": [0, 0, 1, 1], "texture": "#1"},
				"up": {"uv": [0, 0, 1, 1], "texture": "#1"},
				"down": {"uv": [0, 0, 1, 1], "texture": "#1"}
			}
		},
		{
			"name": "hexadecagon",
			"from": [10.9996, 0.49903, 8.2481],
			"to": [11.59634, 3.49903, 8.5981],
			"rotation": {"angle": 45, "axis": "z", "origin": [11.29797, 1.99903, 8.4231]},
			"faces": {
				"north": {"uv": [0, 0, 1, 1], "texture": "#1"},
				"east": {"uv": [0, 0, 1, 1], "texture": "#1"},
				"south": {"uv": [0, 0, 1, 1], "texture": "#1"},
				"west": {"uv": [0, 0, 1, 1], "texture": "#1"},
				"up": {"uv": [0, 0, 1, 1], "texture": "#1"},
				"down": {"uv": [0, 0, 1, 1], "texture": "#1"}
			}
		},
		{
			"name": "hexadecagon",
			"from": [9.79797, 1.70067, 8.2481],
			"to": [12.79797, 2.2974, 8.5981],
			"rotation": {"angle": -22.5, "axis": "z", "origin": [11.29797, 1.99903, 8.4231]},
			"faces": {
				"north": {"uv": [0, 0, 1, 1], "texture": "#1"},
				"east": {"uv": [0, 0, 1, 1], "texture": "#1"},
				"south": {"uv": [0, 0, 1, 1], "texture": "#1"},
				"west": {"uv": [0, 0, 1, 1], "texture": "#1"},
				"up": {"uv": [0, 0, 1, 1], "texture": "#1"},
				"down": {"uv": [0, 0, 1, 1], "texture": "#1"}
			}
		},
		{
			"name": "hexadecagon",
			"from": [9.79797, 1.70067, 8.2481],
			"to": [12.79797, 2.2974, 8.5981],
			"faces": {
				"north": {"uv": [0, 0, 1, 1], "texture": "#1"},
				"east": {"uv": [0, 0, 1, 1], "texture": "#1"},
				"south": {"uv": [0, 0, 1, 1], "texture": "#1"},
				"west": {"uv": [0, 0, 1, 1], "texture": "#1"},
				"up": {"uv": [0, 0, 1, 1], "texture": "#1"},
				"down": {"uv": [0, 0, 1, 1], "texture": "#1"}
			}
		},
		{
			"name": "hexadecagon",
			"from": [9.79797, 1.70067, 8.2481],
			"to": [12.79797, 2.2974, 8.5981],
			"rotation": {"angle": 22.5, "axis": "z", "origin": [11.29797, 1.99903, 8.4231]},
			"faces": {
				"north": {"uv": [0, 0, 1, 1], "texture": "#1"},
				"east": {"uv": [0, 0, 1, 1], "texture": "#1"},
				"south": {"uv": [0, 0, 1, 1], "texture": "#1"},
				"west": {"uv": [0, 0, 1, 1], "texture": "#1"},
				"up": {"uv": [0, 0, 1, 1], "texture": "#1"},
				"down": {"uv": [0, 0, 1, 1], "texture": "#1"}
			}
		},
		{
			"from": [7, -2, 7.75],
			"to": [9, 0, 7.85],
			"rotation": {"angle": 22.5, "axis": "x", "origin": [15, 6, 15]},
			"faces": {
				"north": {"uv": [15.999, 15.997, 0, 0], "rotation": 180, "texture": "#3"}
			}
		},
		{
			"from": [2, 0.7, 8.95],
			"to": [4, 2.7, 9.05],
			"rotation": {"angle": -45, "axis": "y", "origin": [10, 8, 16]},
			"faces": {
				"north": {"uv": [15.999, 15.997, 0, 0], "rotation": 180, "texture": "#4"}
			}
		},
		{
			"from": [2, 0.7, 6.95],
			"to": [4, 2.7, 7.05],
			"rotation": {"angle": 45, "axis": "y", "origin": [10, 8, 0]},
			"faces": {
				"south": {"uv": [0, 15.997, 15.999, 0], "rotation": 180, "texture": "#4"}
			}
		},
		{
			"from": [6.88, 0.392, 6.86],
			"to": [8, 1.512, 6.916],
			"rotation": {"angle": 22.5, "axis": "x", "origin": [3.52, 4.48, 10.8]},
			"faces": {
				"north": {"uv": [0, 15.997, 15.999, 0], "rotation": 180, "texture": "#4"}
			}
		},
		{
			"from": [6.88, 0.392, 9.084],
			"to": [8, 1.512, 9.14],
			"rotation": {"angle": -22.5, "axis": "x", "origin": [3.52, 4.48, 5.2]},
			"faces": {
				"south": {"uv": [15.999, 15.997, 0, 0], "rotation": 180, "texture": "#4"}
			}
		},
		{
			"from": [7.216, 1.3488, 8.14],
			"to": [8.784, 2.9168, 8.2184],
			"rotation": {"angle": 22.5, "axis": "x", "origin": [2.512, 7.072, 13.32]},
			"faces": {
				"north": {"uv": [0, 15.997, 15.999, 0], "rotation": 180, "texture": "#4"}
			}
		},
		{
			"from": [7.216, 1.3488, 7.7816],
			"to": [8.784, 2.9168, 7.86],
			"rotation": {"angle": -22.5, "axis": "x", "origin": [2.512, 7.072, 2.68]},
			"faces": {
				"south": {"uv": [15.999, 15.997, 0, 0], "rotation": 180, "texture": "#4"}
			}
		},
		{
			"from": [4.5, 0.6798, 5.60506],
			"to": [4.53951, 1.47007, 6.39533],
			"rotation": {"angle": -45, "axis": "y", "origin": [6.23405, 3.56429, 8.16128]},
			"faces": {
				"west": {"uv": [0, 15.997, 15.999, 0], "rotation": 180, "texture": "#4"}
			}
		},
		{
			"from": [4.5, 0.6798, 9.60467],
			"to": [4.53951, 1.47007, 10.39494],
			"rotation": {"angle": 45, "axis": "y", "origin": [6.23405, 3.56429, 7.83872]},
			"faces": {
				"west": {"uv": [15.999, 15.997, 0, 0], "rotation": 180, "texture": "#4"}
			}
		}
	],
	"display": {
		"thirdperson_righthand": {
			"translation": [0, 7.75, 0]
		},
		"thirdperson_lefthand": {
			"translation": [0, 7.75, 0]
		},
		"ground": {
			"translation": [0, 8, 0]
		},
		"gui": {
			"translation": [0, 8, 0],
			"scale": [1.27539, 1.57813, 1]
		},
		"head": {
			"translation": [0, 26.25, 0],
			"scale": [2.14, 2.45, 1.89]
		},
		"fixed": {
			"rotation": [0, 180, 0],
			"translation": [0, 8, 0],
			"scale": [1.27539, 1.65234, 1]
		}
	},
	"groups": [
		{
			"name": "hexadecagon",
			"origin": [8, 8, 8],
			"children": [0, 1, 2, 3, 4, 5, 6, 7,
				{
					"name": "hexadecagon",
					"origin": [8, 8, 8],
					"children": [8, 9, 10, 11, 12, 13, 14, 15]
				},
				{
					"name": "hexadecagon",
					"origin": [8, 8, 8],
					"children": [16, 17, 18, 19, 20, 21, 22, 23,
						{
							"name": "hexadecagon",
							"origin": [8, 8, 8],
							"children": [24, 25, 26, 27, 28, 29, 30, 31, 32]
						},
						{
							"name": "hexadecagon",
							"origin": [8, 8, 8],
							"children": [33, 34, 35, 36, 37, 38, 39, 40]
						}
					]
				},
				{
					"name": "hexadecagon",
					"origin": [8, 8, 8],
					"children": [41, 42, 43, 44, 45, 46, 47, 48]
				},
				{
					"name": "hexadecagon",
					"origin": [8, 8, 8],
					"children": [49, 50, 51, 52, 53, 54, 55, 56]
				},
				{
					"name": "hexadecagon",
					"origin": [8, 8, 8],
					"children": [57, 58, 59, 60, 61, 62, 63, 64]
				},
				{
					"name": "hexadecagon",
					"origin": [8, 8, 8],
					"children": [65, 66, 67, 68, 69, 70, 71, 72, 73]
				},
				{
					"name": "hexadecagon",
					"origin": [8, 8, 8],
					"children": [74, 75, 76, 77, 78, 79, 80, 81]
				},
				{
					"name": "hexadecagon",
					"origin": [8, 8, 8],
					"children": [82, 83, 84, 85, 86, 87, 88, 89]
				},
				{
					"name": "hexadecagon",
					"origin": [8, 8, 8],
					"children": [90, 91, 92, 93, 94, 95, 96, 97]
				},
				{
					"name": "hexadecagon",
					"origin": [8, 8, 8],
					"children": [98, 99, 100, 101, 102, 103, 104, 105]
				},
				{
					"name": "hexadecagon",
					"origin": [8, 8, 8],
					"children": [106, 107, 108, 109, 110, 111, 112, 113]
				},
				{
					"name": "hexadecagon",
					"origin": [8, 8, 8],
					"children": [114, 115, 116, 117, 118, 119, 120, 121]
				},
				{
					"name": "hexadecagon",
					"origin": [8, 8, 8],
					"children": [122, 123, 124, 125, 126, 127, 128, 129]
				}
			]
		},
		{
			"name": "eARS",
			"origin": [8, 8, 8],
			"children": [
				{
					"name": "hexadecagon",
					"origin": [8, 8, 8],
					"children": [130, 131, 132, 133, 134, 135, 136, 137]
				},
				{
					"name": "hexadecagon",
					"origin": [8, 8, 8],
					"children": [138, 139, 140, 141, 142, 143, 144, 145]
				}
			]
		}, 146, 147, 148, 149, 150, 151, 152, 153, 154]
}
