{
	"__comment": "Designed by Kodak_kev with Cubik Studio - https://cubik.studio",
	"textures": {
		"particle": "blocks/e_particle",
		"texture": "blocks/wool_colored_black"
	},
	"elements": [
		{
			"__comment": "Cube1",
			"from": [ -15.625, 0.875, 6 ],
			"to": [ 24.375, 3.875, 9 ],
			"faces": {
				"down": { "uv": [ 0, 7, 16, 10 ], "texture": "#texture" },
				"up": { "uv": [ 0, 6, 16, 9 ], "texture": "#texture" },
				"north": { "uv": [ 0, 13, 16, 16 ], "texture": "#texture" },
				"south": { "uv": [ 0, 13, 16, 16 ], "texture": "#texture" },
				"west": { "uv": [ 6, 13, 9, 16 ], "texture": "#texture" },
				"east": { "uv": [ 7, 13, 10, 16 ], "texture": "#texture" }
			}
		},
		{
			"__comment": "Cube2",
			"from": [ 24.25, 1.125, 5.25 ],
			"to": [ 30.75, 3.125, 8.75 ],
			"rotation": { "origin": [ 24.25, 1.125, 5.25 ], "axis": "y", "angle": 22.5 },
			"faces": {
				"down": { "uv": [ 10.5, 7, 16, 10 ], "texture": "#texture" },
				"up": { "uv": [ 10.5, 6, 16, 9 ], "texture": "#texture" },
				"north": { "uv": [ 0, 13.75, 5.5, 15.25 ], "texture": "#texture" },
				"south": { "uv": [ 10.5, 13.75, 16, 15.25 ], "texture": "#texture" },
				"west": { "uv": [ 6, 13.75, 9, 15.25 ], "texture": "#texture" },
				"east": { "uv": [ 7, 13.75, 10, 15.25 ], "texture": "#texture" }
			}
		},
		{
			"__comment": "Cube2",
			"from": [ 24.5, 1.125, 6 ],
			"to": [ 31.5, 3.125, 9 ],
			"faces": {
				"down": { "uv": [ 8.75, 7, 15.75, 10 ], "texture": "#texture" },
				"up": { "uv": [ 8.75, 6, 15.75, 9 ], "texture": "#texture" },
				"north": { "uv": [ 0.25, 13.75, 7.25, 15.75 ], "texture": "#texture" },
				"south": { "uv": [ 8.75, 13.75, 15.75, 15.75 ], "texture": "#texture" },
				"west": { "uv": [ 6, 13.75, 9, 15.75 ], "texture": "#texture" },
				"east": { "uv": [ 7, 13.75, 10, 15.75 ], "texture": "#texture" }
			}
		},
		{
			"__comment": "Cube2",
			"from": [ 28.125, 2.625, 3.875 ],
			"to": [ 30.125, 4.125, 5.375 ],
			"rotation": { "origin": [ 28.125, 2.625, 3.875 ], "axis": "y", "angle": 22.5 },
			"faces": {
				"down": { "uv": [ 10.5, 7, 16, 10 ], "texture": "#texture" },
				"up": { "uv": [ 10.5, 6, 16, 9 ], "texture": "#texture" },
				"north": { "uv": [ 0, 13.75, 5.5, 15.25 ], "texture": "#texture" },
				"south": { "uv": [ 10.5, 13.75, 16, 15.25 ], "texture": "#texture" },
				"west": { "uv": [ 6, 13.75, 9, 15.25 ], "texture": "#texture" },
				"east": { "uv": [ 7, 13.75, 10, 15.25 ], "texture": "#texture" }
			}
		},
		{
			"__comment": "Cube2",
			"from": [ 29.5, 2.5, 2.875 ],
			"to": [ 31.5, 5, 11.875 ],
			"faces": {
				"down": { "uv": [ 13.75, 4.125, 15.75, 13.125 ], "texture": "#texture" },
				"up": { "uv": [ 13.75, 2.875, 15.75, 11.875 ], "texture": "#texture" },
				"north": { "uv": [ 0.25, 11.875, 2.25, 14.375 ], "texture": "#texture" },
				"south": { "uv": [ 13.75, 11.875, 15.75, 14.375 ], "texture": "#texture" },
				"west": { "uv": [ 2.875, 11.875, 11.875, 14.375 ], "texture": "#texture" },
				"east": { "uv": [ 4.125, 11.875, 13.125, 14.375 ], "texture": "#texture" }
			}
		},
		{
			"__comment": "Cube2",
			"from": [ 29.5, 1.125, 2.875 ],
			"to": [ 31.5, 2.625, 11.875 ],
			"faces": {
				"down": { "uv": [ 13.75, 4.125, 15.75, 13.125 ], "texture": "#texture" },
				"up": { "uv": [ 13.75, 2.875, 15.75, 11.875 ], "texture": "#texture" },
				"north": { "uv": [ 0.25, 14.25, 2.25, 15.75 ], "texture": "#texture" },
				"south": { "uv": [ 13.75, 14.25, 15.75, 15.75 ], "texture": "#texture" },
				"west": { "uv": [ 2.875, 14.25, 11.875, 15.75 ], "texture": "#texture" },
				"east": { "uv": [ 4.125, 14.25, 13.125, 15.75 ], "texture": "#texture" }
			}
		},
		{
			"__comment": "Cube2",
			"from": [ 25.5, 1.125, 6.25 ],
			"to": [ 32, 3.125, 9.75 ],
			"rotation": { "origin": [ 25.5, 1.125, 6.25 ], "axis": "y", "angle": -22.5 },
			"faces": {
				"down": { "uv": [ 10.5, 7, 16, 10 ], "texture": "#texture" },
				"up": { "uv": [ 10.5, 6, 16, 9 ], "texture": "#texture" },
				"north": { "uv": [ 0, 13.75, 5.5, 15.25 ], "texture": "#texture" },
				"south": { "uv": [ 10.5, 13.75, 16, 15.25 ], "texture": "#texture" },
				"west": { "uv": [ 6, 13.75, 9, 15.25 ], "texture": "#texture" },
				"east": { "uv": [ 7, 13.75, 10, 15.25 ], "texture": "#texture" }
			}
		},
		{
			"__comment": "Cube2",
			"from": [ 28.75, 2.625, 9.5 ],
			"to": [ 30.75, 4.125, 11 ],
			"rotation": { "origin": [ 28.75, 2.625, 9.5 ], "axis": "y", "angle": -22.5 },
			"faces": {
				"down": { "uv": [ 10.5, 7, 16, 10 ], "texture": "#texture" },
				"up": { "uv": [ 10.5, 6, 16, 9 ], "texture": "#texture" },
				"north": { "uv": [ 0, 13.75, 5.5, 15.25 ], "texture": "#texture" },
				"south": { "uv": [ 10.5, 13.75, 16, 15.25 ], "texture": "#texture" },
				"west": { "uv": [ 6, 13.75, 9, 15.25 ], "texture": "#texture" },
				"east": { "uv": [ 7, 13.75, 10, 15.25 ], "texture": "#texture" }
			}
		},
		{
			"__comment": "Cube9",
			"from": [ 24, 4.125, 8.5 ],
			"to": [ 25, 8.625, 9.5 ],
			"rotation": { "origin": [ 24, 4.125, 8.5 ], "axis": "x", "angle": 22.5 },
			"faces": {
				"down": { "uv": [ 8, 9.5, 9, 10.5 ], "texture": "#texture" },
				"up": { "uv": [ 8, 5.5, 9, 6.5 ], "texture": "#texture" },
				"north": { "uv": [ 7, 9.375, 8, 12.875 ], "texture": "#texture" },
				"south": { "uv": [ 8, 9.375, 9, 12.875 ], "texture": "#texture" },
				"west": { "uv": [ 5.5, 9.375, 6.5, 12.875 ], "texture": "#texture" },
				"east": { "uv": [ 9.5, 9.375, 10.5, 12.875 ], "texture": "#texture" }
			}
		},
		{
			"__comment": "Cube9",
			"from": [ 24, 3.75, 5.625 ],
			"to": [ 25, 8.25, 6.625 ],
			"rotation": { "origin": [ 24, 3.75, 5.625 ], "axis": "x", "angle": -22.5 },
			"faces": {
				"down": { "uv": [ 8, 9.5, 9, 10.5 ], "texture": "#texture" },
				"up": { "uv": [ 8, 5.5, 9, 6.5 ], "texture": "#texture" },
				"north": { "uv": [ 7, 9.375, 8, 12.875 ], "texture": "#texture" },
				"south": { "uv": [ 8, 9.375, 9, 12.875 ], "texture": "#texture" },
				"west": { "uv": [ 5.5, 9.375, 6.5, 12.875 ], "texture": "#texture" },
				"east": { "uv": [ 9.5, 9.375, 10.5, 12.875 ], "texture": "#texture" }
			}
		},
		{
			"__comment": "Cube9",
			"from": [ 24, 0.625, 5.5 ],
			"to": [ 25, 4.125, 9.5 ],
			"faces": {
				"down": { "uv": [ 8, 6.5, 9, 10.5 ], "texture": "#texture" },
				"up": { "uv": [ 8, 5.5, 9, 9.5 ], "texture": "#texture" },
				"north": { "uv": [ 7, 12.75, 8, 16 ], "texture": "#texture" },
				"south": { "uv": [ 8, 12.75, 9, 16 ], "texture": "#texture" },
				"west": { "uv": [ 5.5, 12.75, 9.5, 16 ], "texture": "#texture" },
				"east": { "uv": [ 6.5, 12.75, 10.5, 16 ], "texture": "#texture" }
			}
		},
		{
			"__comment": "Cube9",
			"from": [ 24, 7.25, 4 ],
			"to": [ 25, 8.25, 11 ],
			"faces": {
				"down": { "uv": [ 8, 5, 9, 12 ], "texture": "#texture" },
				"up": { "uv": [ 8, 4, 9, 11 ], "texture": "#texture" },
				"north": { "uv": [ 7, 8.625, 8, 9.625 ], "texture": "#texture" },
				"south": { "uv": [ 8, 8.625, 9, 9.625 ], "texture": "#texture" },
				"west": { "uv": [ 4, 8.625, 11, 9.625 ], "texture": "#texture" },
				"east": { "uv": [ 5, 8.625, 12, 9.625 ], "texture": "#texture" }
			}
		},
		{
			"__comment": "Cube9",
			"from": [ 23.75, 7.125, 10.5 ],
			"to": [ 31.75, 8.125, 11 ],
			"rotation": { "origin": [ 23.75, 7.125, 10.5 ], "axis": "z", "angle": -22.5 },
			"faces": {
				"down": { "uv": [ 15.125, 11.5, 16, 12 ], "texture": "#texture" },
				"up": { "uv": [ 15.125, 4, 16, 4.5 ], "texture": "#texture" },
				"north": { "uv": [ 0, 8.625, 0.875, 9.625 ], "texture": "#texture" },
				"south": { "uv": [ 15.125, 8.625, 16, 9.625 ], "texture": "#texture" },
				"west": { "uv": [ 4, 8.625, 4.5, 9.625 ], "texture": "#texture" },
				"east": { "uv": [ 11.5, 8.625, 12, 9.625 ], "texture": "#texture" }
			}
		},
		{
			"__comment": "Cube9",
			"from": [ -8.25, 4.875, 6.25 ],
			"to": [ -3.75, 5.375, 6.75 ],
			"rotation": { "origin": [ -8.25, 4.875, 6.25 ], "axis": "y", "angle": 22.5 },
			"faces": {
				"down": { "uv": [ 15.125, 11.5, 16, 12 ], "texture": "#texture" },
				"up": { "uv": [ 15.125, 4, 16, 4.5 ], "texture": "#texture" },
				"north": { "uv": [ 0, 8.625, 0.875, 9.625 ], "texture": "#texture" },
				"south": { "uv": [ 15.125, 8.625, 16, 9.625 ], "texture": "#texture" },
				"west": { "uv": [ 4, 8.625, 4.5, 9.625 ], "texture": "#texture" },
				"east": { "uv": [ 11.5, 8.625, 12, 9.625 ], "texture": "#texture" }
			}
		},
		{
			"__comment": "Cube9",
			"from": [ 23.75, 7.125, 4 ],
			"to": [ 31.75, 8.125, 4.5 ],
			"rotation": { "origin": [ 23.75, 7.125, 4 ], "axis": "z", "angle": -22.5 },
			"faces": {
				"down": { "uv": [ 15.125, 11.5, 16, 12 ], "texture": "#texture" },
				"up": { "uv": [ 15.125, 4, 16, 4.5 ], "texture": "#texture" },
				"north": { "uv": [ 0, 8.625, 0.875, 9.625 ], "texture": "#texture" },
				"south": { "uv": [ 15.125, 8.625, 16, 9.625 ], "texture": "#texture" },
				"west": { "uv": [ 4, 8.625, 4.5, 9.625 ], "texture": "#texture" },
				"east": { "uv": [ 11.5, 8.625, 12, 9.625 ], "texture": "#texture" }
			}
		},
		{
			"__comment": "Cube17",
			"from": [ -10.5, 3.75, 8 ],
			"to": [ -8, 4.75, 9 ],
			"faces": {
				"down": { "uv": [ 5.5, 7, 8, 8 ], "texture": "#texture" },
				"up": { "uv": [ 5.5, 8, 8, 9 ], "texture": "#texture" },
				"north": { "uv": [ 8, 12.125, 10.5, 13.125 ], "texture": "#texture" },
				"south": { "uv": [ 5.5, 12.125, 8, 13.125 ], "texture": "#texture" },
				"west": { "uv": [ 8, 12.125, 9, 13.125 ], "texture": "#texture" },
				"east": { "uv": [ 7, 12.125, 8, 13.125 ], "texture": "#texture" }
			}
		},
		{
			"__comment": "Cube17",
			"from": [ -10.25, 3.75, 8 ],
			"to": [ -7.75, 4.75, 9 ],
			"rotation": { "origin": [ -10.25, 3.75, 8 ], "axis": "z", "angle": 22.5 },
			"faces": {
				"down": { "uv": [ 5.5, 9, 8, 10 ], "texture": "#texture" },
				"up": { "uv": [ 5.5, 6, 8, 7 ], "texture": "#texture" },
				"north": { "uv": [ 8, 12.125, 10.5, 13.125 ], "texture": "#texture" },
				"south": { "uv": [ 5.5, 12.125, 8, 13.125 ], "texture": "#texture" },
				"west": { "uv": [ 6, 12.125, 7, 13.125 ], "texture": "#texture" },
				"east": { "uv": [ 9, 12.125, 10, 13.125 ], "texture": "#texture" }
			}
		},
		{
			"__comment": "Cube17",
			"from": [ -10.5, 3.75, 6 ],
			"to": [ -8, 4.75, 7 ],
			"faces": {
				"down": { "uv": [ 5.5, 9, 8, 10 ], "texture": "#texture" },
				"up": { "uv": [ 5.5, 6, 8, 7 ], "texture": "#texture" },
				"north": { "uv": [ 8, 12.125, 10.5, 13.125 ], "texture": "#texture" },
				"south": { "uv": [ 5.5, 12.125, 8, 13.125 ], "texture": "#texture" },
				"west": { "uv": [ 6, 12.125, 7, 13.125 ], "texture": "#texture" },
				"east": { "uv": [ 9, 12.125, 10, 13.125 ], "texture": "#texture" }
			}
		},
		{
			"__comment": "Cube17",
			"from": [ -10.25, 3.75, 6 ],
			"to": [ -7.75, 4.75, 7 ],
			"rotation": { "origin": [ -10.25, 3.75, 6 ], "axis": "z", "angle": 22.5 },
			"faces": {
				"down": { "uv": [ 5.5, 9, 8, 10 ], "texture": "#texture" },
				"up": { "uv": [ 5.5, 6, 8, 7 ], "texture": "#texture" },
				"north": { "uv": [ 8, 12.125, 10.5, 13.125 ], "texture": "#texture" },
				"south": { "uv": [ 5.5, 12.125, 8, 13.125 ], "texture": "#texture" },
				"west": { "uv": [ 6, 12.125, 7, 13.125 ], "texture": "#texture" },
				"east": { "uv": [ 9, 12.125, 10, 13.125 ], "texture": "#texture" }
			}
		},
		{
			"__comment": "Cube9",
			"from": [ 1.5, 7, 4.125 ],
			"to": [ 8, 7.5, 4.625 ],
			"faces": {
				"down": { "uv": [ 15.125, 11.5, 16, 12 ], "texture": "#texture" },
				"up": { "uv": [ 15.125, 4, 16, 4.5 ], "texture": "#texture" },
				"north": { "uv": [ 0, 8.625, 0.875, 9.625 ], "texture": "#texture" },
				"south": { "uv": [ 15.125, 8.625, 16, 9.625 ], "texture": "#texture" },
				"west": { "uv": [ 4, 8.625, 4.5, 9.625 ], "texture": "#texture" },
				"east": { "uv": [ 11.5, 8.625, 12, 9.625 ], "texture": "#texture" }
			}
		},
		{
			"__comment": "Cube9",
			"from": [ 7.625, 7, 4.125 ],
			"to": [ 24.125, 7.5, 4.625 ],
			"faces": {
				"down": { "uv": [ 15.125, 11.5, 16, 12 ], "texture": "#texture" },
				"up": { "uv": [ 15.125, 4, 16, 4.5 ], "texture": "#texture" },
				"north": { "uv": [ 0, 8.625, 0.875, 9.625 ], "texture": "#texture" },
				"south": { "uv": [ 15.125, 8.625, 16, 9.625 ], "texture": "#texture" },
				"west": { "uv": [ 4, 8.625, 4.5, 9.625 ], "texture": "#texture" },
				"east": { "uv": [ 11.5, 8.625, 12, 9.625 ], "texture": "#texture" }
			}
		},
		{
			"__comment": "Cube9",
			"from": [ 7.625, 7, 10.5 ],
			"to": [ 24.125, 7.5, 11 ],
			"faces": {
				"down": { "uv": [ 15.125, 11.5, 16, 12 ], "texture": "#texture" },
				"up": { "uv": [ 15.125, 4, 16, 4.5 ], "texture": "#texture" },
				"north": { "uv": [ 0, 8.625, 0.875, 9.625 ], "texture": "#texture" },
				"south": { "uv": [ 15.125, 8.625, 16, 9.625 ], "texture": "#texture" },
				"west": { "uv": [ 4, 8.625, 4.5, 9.625 ], "texture": "#texture" },
				"east": { "uv": [ 11.5, 8.625, 12, 9.625 ], "texture": "#texture" }
			}
		},
		{
			"__comment": "Cube9",
			"from": [ 1.5, 7, 10.5 ],
			"to": [ 8, 7.5, 11 ],
			"faces": {
				"down": { "uv": [ 15.125, 11.5, 16, 12 ], "texture": "#texture" },
				"up": { "uv": [ 15.125, 4, 16, 4.5 ], "texture": "#texture" },
				"north": { "uv": [ 0, 8.625, 0.875, 9.625 ], "texture": "#texture" },
				"south": { "uv": [ 15.125, 8.625, 16, 9.625 ], "texture": "#texture" },
				"west": { "uv": [ 4, 8.625, 4.5, 9.625 ], "texture": "#texture" },
				"east": { "uv": [ 11.5, 8.625, 12, 9.625 ], "texture": "#texture" }
			}
		},
		{
			"__comment": "Cube9",
			"from": [ -4.25, 4.625, 4.5 ],
			"to": [ 2.25, 5.125, 5 ],
			"rotation": { "origin": [ -4.25, 4.625, 4.5 ], "axis": "z", "angle": 22.5 },
			"faces": {
				"down": { "uv": [ 15.125, 11.5, 16, 12 ], "texture": "#texture" },
				"up": { "uv": [ 15.125, 4, 16, 4.5 ], "texture": "#texture" },
				"north": { "uv": [ 0, 8.625, 0.875, 9.625 ], "texture": "#texture" },
				"south": { "uv": [ 15.125, 8.625, 16, 9.625 ], "texture": "#texture" },
				"west": { "uv": [ 4, 8.625, 4.5, 9.625 ], "texture": "#texture" },
				"east": { "uv": [ 11.5, 8.625, 12, 9.625 ], "texture": "#texture" }
			}
		},
		{
			"__comment": "Cube9",
			"from": [ -8.125, 4.875, 8.25 ],
			"to": [ -3.625, 5.375, 8.75 ],
			"rotation": { "origin": [ -8.125, 4.875, 8.25 ], "axis": "y", "angle": -22.5 },
			"faces": {
				"down": { "uv": [ 15.125, 11.5, 16, 12 ], "texture": "#texture" },
				"up": { "uv": [ 15.125, 4, 16, 4.5 ], "texture": "#texture" },
				"north": { "uv": [ 0, 8.625, 0.875, 9.625 ], "texture": "#texture" },
				"south": { "uv": [ 15.125, 8.625, 16, 9.625 ], "texture": "#texture" },
				"west": { "uv": [ 4, 8.625, 4.5, 9.625 ], "texture": "#texture" },
				"east": { "uv": [ 11.5, 8.625, 12, 9.625 ], "texture": "#texture" }
			}
		},
		{
			"__comment": "Cube9",
			"from": [ -4.25, 4.625, 10 ],
			"to": [ 2.25, 5.125, 10.5 ],
			"rotation": { "origin": [ -4.25, 4.625, 10 ], "axis": "z", "angle": 22.5 },
			"faces": {
				"down": { "uv": [ 15.125, 11.5, 16, 12 ], "texture": "#texture" },
				"up": { "uv": [ 15.125, 4, 16, 4.5 ], "texture": "#texture" },
				"north": { "uv": [ 0, 8.625, 0.875, 9.625 ], "texture": "#texture" },
				"south": { "uv": [ 15.125, 8.625, 16, 9.625 ], "texture": "#texture" },
				"west": { "uv": [ 4, 8.625, 4.5, 9.625 ], "texture": "#texture" },
				"east": { "uv": [ 11.5, 8.625, 12, 9.625 ], "texture": "#texture" }
			}
		}
	],
	"display": {
		"head": {
			"rotation":  [ 0, -90, 0 ],
			"translation":  [ 0, 20, 5 ],
			"scale":  [ 3.1, 3.3043, 2.226 ]
		}
	}
}
