{
	"credit": "Made by Kastle",
	"textures": {
		"0": "custom/backpack_jack",
		"1": "blocks/snow",
		"2": "blocks/concrete_black",
		"particle": "custom/concrete_black"
	},
	"elements": [
		{
			"from": [4, 4.95, 6.45],
			"to": [12, 5.45, 6.5],
			"rotation": {"angle": 0, "axis": "y", "origin": [15.5, 11.7, 13.5]},
			"faces": {
				"north": {"uv": [3, 5, 4, 6], "texture": "#2"},
				"east": {"uv": [0, 0, 1, 1], "texture": "#1"},
				"south": {"uv": [0, 0, 1, 1], "texture": "#1"},
				"west": {"uv": [0, 0, 1, 1], "texture": "#1"},
				"up": {"uv": [0, 0, 1, 1], "texture": "#1"},
				"down": {"uv": [0, 0, 1, 1], "texture": "#1"}
			}
		},
		{
			"from": [4, 5.5, 6.45],
			"to": [12, 6, 6.5],
			"rotation": {"angle": 0, "axis": "y", "origin": [15.5, 12.25, 13.5]},
			"faces": {
				"north": {"uv": [3, 5, 4, 6], "texture": "#2"},
				"east": {"uv": [0, 0, 1, 1], "texture": "#1"},
				"south": {"uv": [0, 0, 1, 1], "texture": "#1"},
				"west": {"uv": [0, 0, 1, 1], "texture": "#1"},
				"up": {"uv": [0, 0, 1, 1], "texture": "#1"},
				"down": {"uv": [0, 0, 1, 1], "texture": "#1"}
			}
		},
		{
			"from": [4.25, 4.85, 6.4],
			"to": [4.5, 5.6, 6.45],
			"rotation": {"angle": 0, "axis": "y", "origin": [13.5, 12.1, 13.45]},
			"faces": {
				"north": {"uv": [0, 0, 1, 1], "texture": "#1"},
				"east": {"uv": [0, 0, 1, 1], "texture": "#2"},
				"south": {"uv": [0, 0, 1, 1], "texture": "#2"},
				"west": {"uv": [0, 0, 1, 1], "texture": "#2"},
				"up": {"uv": [0, 0, 1, 1], "texture": "#2"},
				"down": {"uv": [0, 0, 1, 1], "texture": "#2"}
			}
		},
		{
			"from": [3.5, 4.5, 6.5],
			"to": [12.5, 7, 10],
			"rotation": {"angle": 0, "axis": "y", "origin": [15.5, 9.5, 14.5]},
			"faces": {
				"north": {"uv": [0, 0, 1, 1], "texture": "#1"},
				"east": {"uv": [0, 0, 1, 1], "texture": "#1"},
				"south": {"uv": [0, 0, 1, 1], "texture": "#1"},
				"west": {"uv": [0, 0, 1, 1], "texture": "#1"},
				"up": {"uv": [0, 0, 1, 1], "texture": "#1"},
				"down": {"uv": [0, 0, 1, 1], "texture": "#1"}
			}
		},
		{
			"from": [3.5, 1, 6.5],
			"to": [12.5, 4.5, 10],
			"rotation": {"angle": 0, "axis": "y", "origin": [15.5, 9.5, 14.5]},
			"faces": {
				"north": {"uv": [0, 0, 1, 1], "texture": "#2"},
				"east": {"uv": [0, 0, 1, 1], "texture": "#2"},
				"south": {"uv": [0, 0, 1, 1], "texture": "#2"},
				"west": {"uv": [0, 0, 1, 1], "texture": "#2"},
				"up": {"uv": [0, 0, 1, 1], "texture": "#2"},
				"down": {"uv": [0, 0, 1, 1], "texture": "#2"}
			}
		},
		{
			"from": [4.5, 0, 6.5],
			"to": [11.5, 1, 10],
			"rotation": {"angle": 0, "axis": "y", "origin": [15.5, 8.5, 14.5]},
			"faces": {
				"north": {"uv": [0, 0, 1, 1], "texture": "#2"},
				"east": {"uv": [0, 0, 1, 1], "texture": "#2"},
				"south": {"uv": [0, 0, 1, 1], "texture": "#2"},
				"west": {"uv": [0, 0, 1, 1], "texture": "#2"},
				"up": {"uv": [0, 0, 1, 1], "texture": "#2"},
				"down": {"uv": [0, 0, 1, 1], "texture": "#2"}
			}
		},
		{
			"from": [17.97487, -1.04594, 6.5],
			"to": [18.97487, 0.36827, 10],
			"rotation": {"angle": -45, "axis": "z", "origin": [16.5, 8.5, 14.5]},
			"faces": {
				"north": {"uv": [0, 0, 1, 1], "texture": "#2"},
				"east": {"uv": [0, 0, 1, 1], "texture": "#2"},
				"south": {"uv": [0, 0, 1, 1], "texture": "#2"},
				"west": {"uv": [0, 0, 1, 1], "texture": "#2"},
				"up": {"uv": [0, 0, 1, 1], "texture": "#2"},
				"down": {"uv": [0, 0, 1, 1], "texture": "#2"}
			}
		},
		{
			"from": [-2.97487, -1.04594, 6.5],
			"to": [-1.97487, 0.36827, 10],
			"rotation": {"angle": 45, "axis": "z", "origin": [-0.5, 8.5, 14.5]},
			"faces": {
				"north": {"uv": [0, 0, 1, 1], "texture": "#2"},
				"east": {"uv": [0, 0, 1, 1], "texture": "#2"},
				"south": {"uv": [0, 0, 1, 1], "texture": "#2"},
				"west": {"uv": [0, 0, 1, 1], "texture": "#2"},
				"up": {"uv": [0, 0, 1, 1], "texture": "#2"},
				"down": {"uv": [0, 0, 1, 1], "texture": "#2"}
			}
		},
		{
			"from": [6.78983, 7.53909, 6.5],
			"to": [12.28983, 10.03909, 10],
			"rotation": {"angle": -22.5, "axis": "z", "origin": [3.78983, 15.53909, 14.5]},
			"faces": {
				"north": {"uv": [0, 0, 1, 1], "texture": "#1"},
				"east": {"uv": [0, 0, 1, 1], "texture": "#1"},
				"south": {"uv": [0, 0, 1, 1], "texture": "#1"},
				"west": {"uv": [0, 0, 1, 1], "texture": "#1"},
				"up": {"uv": [0, 0, 1, 1], "texture": "#1"},
				"down": {"uv": [0, 0, 1, 1], "texture": "#1"}
			}
		},
		{
			"from": [10.28514, 9.38077, 6.5],
			"to": [15.78514, 10.88077, 10],
			"rotation": {"angle": -45, "axis": "z", "origin": [7.28514, 16.38077, 14.5]},
			"faces": {
				"north": {"uv": [0, 0, 1, 1], "texture": "#1"},
				"east": {"uv": [0, 0, 1, 1], "texture": "#1"},
				"south": {"uv": [0, 0, 1, 1], "texture": "#1"},
				"west": {"uv": [0, 0, 1, 1], "texture": "#1"},
				"up": {"uv": [0, 0, 1, 1], "texture": "#1"},
				"down": {"uv": [0, 0, 1, 1], "texture": "#1"}
			}
		},
		{
			"from": [3.83648, 7.32078, 6.5],
			"to": [5.33648, 12.82078, 10],
			"rotation": {"angle": 22.5, "axis": "z", "origin": [10.83648, 15.82078, 14.5]},
			"faces": {
				"north": {"uv": [0, 0, 1, 1], "rotation": 90, "texture": "#1"},
				"east": {"uv": [0, 0, 1, 1], "rotation": 90, "texture": "#1"},
				"south": {"uv": [0, 0, 1, 1], "rotation": 90, "texture": "#1"},
				"west": {"uv": [0, 0, 1, 1], "rotation": 90, "texture": "#1"},
				"up": {"uv": [0, 0, 1, 1], "rotation": 90, "texture": "#1"},
				"down": {"uv": [0, 0, 1, 1], "rotation": 90, "texture": "#1"}
			}
		},
		{
			"from": [6.90319, 7.5, 6.5],
			"to": [9.09681, 10.94438, 10],
			"rotation": {"angle": 0, "axis": "y", "origin": [15.5, 18, 14.5]},
			"faces": {
				"north": {"uv": [0, 0, 1, 1], "texture": "#1"},
				"east": {"uv": [0, 0, 1, 1], "texture": "#1"},
				"south": {"uv": [0, 0, 1, 1], "texture": "#1"},
				"west": {"uv": [0, 0, 1, 1], "texture": "#1"},
				"up": {"uv": [0, 0, 1, 1], "texture": "#1"},
				"down": {"uv": [0, 0, 1, 1], "texture": "#1"}
			}
		},
		{
			"from": [10.66352, 7.32078, 6.5],
			"to": [12.16352, 12.82078, 10],
			"rotation": {"angle": -22.5, "axis": "z", "origin": [5.16352, 15.82078, 14.5]},
			"faces": {
				"north": {"uv": [0, 0, 1, 1], "rotation": 90, "texture": "#1"},
				"east": {"uv": [0, 0, 1, 1], "rotation": 90, "texture": "#1"},
				"south": {"uv": [0, 0, 1, 1], "rotation": 90, "texture": "#1"},
				"west": {"uv": [0, 0, 1, 1], "rotation": 90, "texture": "#1"},
				"up": {"uv": [0, 0, 1, 1], "rotation": 90, "texture": "#1"},
				"down": {"uv": [0, 0, 1, 1], "rotation": 90, "texture": "#1"}
			}
		},
		{
			"from": [0.21486, 9.38077, 6.5],
			"to": [5.71486, 10.88077, 10],
			"rotation": {"angle": 45, "axis": "z", "origin": [8.71486, 16.38077, 14.5]},
			"faces": {
				"north": {"uv": [0, 0, 1, 1], "texture": "#1"},
				"east": {"uv": [0, 0, 1, 1], "texture": "#1"},
				"south": {"uv": [0, 0, 1, 1], "texture": "#1"},
				"west": {"uv": [0, 0, 1, 1], "texture": "#1"},
				"up": {"uv": [0, 0, 1, 1], "texture": "#1"},
				"down": {"uv": [0, 0, 1, 1], "texture": "#1"}
			}
		},
		{
			"from": [3.71017, 7.53909, 6.5],
			"to": [9.21017, 10.03909, 10],
			"rotation": {"angle": 22.5, "axis": "z", "origin": [12.21017, 15.53909, 14.5]},
			"faces": {
				"north": {"uv": [0, 0, 1, 1], "texture": "#1"},
				"east": {"uv": [0, 0, 1, 1], "texture": "#1"},
				"south": {"uv": [0, 0, 1, 1], "texture": "#1"},
				"west": {"uv": [0, 0, 1, 1], "texture": "#1"},
				"up": {"uv": [0, 0, 1, 1], "texture": "#1"},
				"down": {"uv": [0, 0, 1, 1], "texture": "#1"}
			}
		},
		{
			"from": [6.00342, 3, 6],
			"to": [9.99658, 3.50342, 6.5],
			"rotation": {"angle": 0, "axis": "y", "origin": [15.5, 12, 13.5]},
			"faces": {
				"north": {"uv": [0, 0, 1, 1], "texture": "#2"},
				"east": {"uv": [0, 0, 1, 1], "texture": "#2"},
				"south": {"uv": [0, 0, 1, 1], "texture": "#2"},
				"west": {"uv": [0, 0, 1, 1], "texture": "#2"},
				"up": {"uv": [0, 0, 1, 1], "texture": "#2"},
				"down": {"uv": [0, 0, 1, 1], "texture": "#2"}
			}
		},
		{
			"from": [1.5759, 4.13046, 6],
			"to": [2.5759, 4.38046, 6.5],
			"rotation": {"angle": 45, "axis": "z", "origin": [7.5759, 13.13046, 13.5]},
			"faces": {
				"north": {"uv": [0, 0, 1, 1], "texture": "#2"},
				"east": {"uv": [0, 0, 1, 1], "texture": "#2"},
				"south": {"uv": [0, 0, 1, 1], "texture": "#2"},
				"west": {"uv": [0, 0, 1, 1], "texture": "#2"},
				"up": {"uv": [0, 0, 1, 1], "texture": "#2"},
				"down": {"uv": [0, 0, 1, 1], "texture": "#2"}
			}
		},
		{
			"from": [5.67525, 4.22833, 6],
			"to": [6.67525, 4.47833, 6.5],
			"rotation": {"angle": 22.5, "axis": "z", "origin": [11.67525, 13.22833, 13.5]},
			"faces": {
				"north": {"uv": [0, 0, 1, 1], "texture": "#2"},
				"east": {"uv": [0, 0, 1, 1], "texture": "#2"},
				"south": {"uv": [0, 0, 1, 1], "texture": "#2"},
				"west": {"uv": [0, 0, 1, 1], "texture": "#2"},
				"up": {"uv": [0, 0, 1, 1], "texture": "#2"},
				"down": {"uv": [0, 0, 1, 1], "texture": "#2"}
			}
		},
		{
			"from": [3.17395, 5.4713, 6],
			"to": [3.42395, 6.4713, 6.5],
			"rotation": {"angle": 22.5, "axis": "z", "origin": [12.17395, 11.4713, 13.5]},
			"faces": {
				"north": {"uv": [0, 0, 1, 1], "rotation": 90, "texture": "#2"},
				"east": {"uv": [0, 0, 1, 1], "rotation": 90, "texture": "#2"},
				"south": {"uv": [0, 0, 1, 1], "rotation": 90, "texture": "#2"},
				"west": {"uv": [0, 0, 1, 1], "rotation": 90, "texture": "#2"},
				"up": {"uv": [0, 0, 1, 1], "rotation": 90, "texture": "#2"},
				"down": {"uv": [0, 0, 1, 1], "rotation": 90, "texture": "#2"}
			}
		},
		{
			"from": [13.4241, 4.13046, 6],
			"to": [14.4241, 4.38046, 6.5],
			"rotation": {"angle": -45, "axis": "z", "origin": [8.4241, 13.13046, 13.5]},
			"faces": {
				"north": {"uv": [0, 0, 1, 1], "texture": "#2"},
				"east": {"uv": [0, 0, 1, 1], "texture": "#2"},
				"south": {"uv": [0, 0, 1, 1], "texture": "#2"},
				"west": {"uv": [0, 0, 1, 1], "texture": "#2"},
				"up": {"uv": [0, 0, 1, 1], "texture": "#2"},
				"down": {"uv": [0, 0, 1, 1], "texture": "#2"}
			}
		},
		{
			"from": [9.32475, 4.22833, 6],
			"to": [10.32475, 4.47833, 6.5],
			"rotation": {"angle": -22.5, "axis": "z", "origin": [4.32475, 13.22833, 13.5]},
			"faces": {
				"north": {"uv": [0, 0, 1, 1], "texture": "#2"},
				"east": {"uv": [0, 0, 1, 1], "texture": "#2"},
				"south": {"uv": [0, 0, 1, 1], "texture": "#2"},
				"west": {"uv": [0, 0, 1, 1], "texture": "#2"},
				"up": {"uv": [0, 0, 1, 1], "texture": "#2"},
				"down": {"uv": [0, 0, 1, 1], "texture": "#2"}
			}
		},
		{
			"from": [12.57605, 5.4713, 6],
			"to": [12.82605, 6.4713, 6.5],
			"rotation": {"angle": -22.5, "axis": "z", "origin": [3.82605, 11.4713, 13.5]},
			"faces": {
				"north": {"uv": [0, 0, 1, 1], "rotation": 90, "texture": "#2"},
				"east": {"uv": [0, 0, 1, 1], "rotation": 90, "texture": "#2"},
				"south": {"uv": [0, 0, 1, 1], "rotation": 90, "texture": "#2"},
				"west": {"uv": [0, 0, 1, 1], "rotation": 90, "texture": "#2"},
				"up": {"uv": [0, 0, 1, 1], "rotation": 90, "texture": "#2"},
				"down": {"uv": [0, 0, 1, 1], "rotation": 90, "texture": "#2"}
			}
		},
		{
			"from": [5.5, 0.5, 6],
			"to": [10.5, 2.5, 6.5],
			"rotation": {"angle": 0, "axis": "y", "origin": [15.5, 9.5, 13.5]},
			"faces": {
				"north": {"uv": [0, 0, 16, 6.5], "texture": "#0"},
				"east": {"uv": [0, 0, 1.25, 4.75], "texture": "#0"},
				"south": {"uv": [0, 0, 5, 2], "texture": "#0"},
				"west": {"uv": [0, 0, 2, 8], "texture": "#0"},
				"up": {"uv": [0, 0, 5, 0.5], "texture": "#0"},
				"down": {"uv": [0, 0, 15.5, 1.5], "texture": "#0"}
			}
		},
		{
			"from": [5.5, 2.5, 6],
			"to": [10.5, 3, 6.5],
			"rotation": {"angle": 0, "axis": "y", "origin": [15.5, 10, 13.5]},
			"faces": {
				"north": {"uv": [0, 0, 1, 1], "texture": "#2"},
				"east": {"uv": [0, 0, 1, 1], "texture": "#2"},
				"south": {"uv": [0, 0, 1, 1], "texture": "#2"},
				"west": {"uv": [0, 0, 1, 1], "texture": "#2"},
				"up": {"uv": [0, 0, 1, 1], "texture": "#2"},
				"down": {"uv": [0, 0, 1, 1], "texture": "#2"}
			}
		},
		{
			"from": [10, 0.5, 6.35],
			"to": [11.75, 4.5, 6.85],
			"rotation": {"angle": 0, "axis": "y", "origin": [15.5, 9.5, 13.85]},
			"faces": {
				"north": {"uv": [0, 0, 7, 15.75], "texture": "#0"},
				"east": {"uv": [0, 0, 0.5, 4], "texture": "#0"},
				"south": {"uv": [0, 0, 1.75, 4], "texture": "#0"},
				"west": {"uv": [0, 0, 0.5, 4], "texture": "#0"},
				"up": {"uv": [0, 0, 8, 2.25], "texture": "#0"},
				"down": {"uv": [0, 0, 1.75, 0.5], "texture": "#0"}
			}
		},
		{
			"from": [4.25, 0.5, 6.35],
			"to": [6, 4.5, 6.85],
			"rotation": {"angle": 0, "axis": "y", "origin": [15.5, 9.5, 13.85]},
			"faces": {
				"north": {"uv": [0, 0, 7, 16], "texture": "#0"},
				"east": {"uv": [0, 0, 0.5, 4], "texture": "#0"},
				"south": {"uv": [0, 0, 1.75, 4], "texture": "#0"},
				"west": {"uv": [0, 0, 0.5, 4], "texture": "#0"},
				"up": {"uv": [0, 0, 8, 2.25], "texture": "#0"},
				"down": {"uv": [0, 0, 1.75, 0.5], "texture": "#0"}
			}
		},
		{
			"from": [6.25, 0.5, 6.35],
			"to": [9.75, 4.5, 6.85],
			"rotation": {"angle": 0, "axis": "y", "origin": [18.75, 9.5, 13.85]},
			"faces": {
				"north": {"uv": [0, 0, 1, 1], "texture": "#1"},
				"east": {"uv": [0, 0, 1, 1], "texture": "#1"},
				"south": {"uv": [0, 0, 1, 1], "texture": "#1"},
				"west": {"uv": [0, 0, 1, 1], "texture": "#1"},
				"up": {"uv": [0, 0, 1, 1], "texture": "#1"},
				"down": {"uv": [0, 0, 1, 1], "texture": "#1"}
			}
		},
		{
			"from": [9, 1, 6.25],
			"to": [10.5, 5, 6.35],
			"rotation": {"angle": -22.5, "axis": "z", "origin": [9.75, 3, 6.3]},
			"faces": {
				"north": {"uv": [0, 0, 5.5, 15], "texture": "#0"},
				"east": {"uv": [0, 0, 0.1, 4], "texture": "#0"},
				"south": {"uv": [0, 0, 1.5, 4], "texture": "#0"},
				"west": {"uv": [0, 0, 0.1, 4], "texture": "#0"},
				"up": {"uv": [0, 0, 4.5, 0.35], "texture": "#0"},
				"down": {"uv": [0, 0, 1.5, 0.1], "texture": "#0"}
			}
		},
		{
			"from": [5.5, 1, 6.25],
			"to": [7, 5, 6.35],
			"rotation": {"angle": 22.5, "axis": "z", "origin": [6.25, 3, 6.3]},
			"faces": {
				"north": {"uv": [4.5, 0, 0, 12.25], "texture": "#0"},
				"east": {"uv": [0.1, 0, 0, 4], "texture": "#0"},
				"south": {"uv": [1.5, 0, 0, 4], "texture": "#0"},
				"west": {"uv": [0.1, 0, 0, 4], "texture": "#0"},
				"up": {"uv": [3.25, 0, 0, 0.1], "texture": "#0"},
				"down": {"uv": [1.5, 0, 0, 0.1], "texture": "#0"}
			}
		},
		{
			"from": [6, 2.45, 5.95],
			"to": [10, 2.7, 6],
			"rotation": {"angle": 0, "axis": "y", "origin": [15.5, 9.2, 13]},
			"faces": {
				"north": {"uv": [0, 0, 1, 1], "texture": "#1"},
				"east": {"uv": [0, 0, 1, 1], "texture": "#2"},
				"south": {"uv": [0, 0, 1, 1], "texture": "#2"},
				"west": {"uv": [0, 0, 1, 1], "texture": "#2"},
				"up": {"uv": [0, 0, 1, 1], "texture": "#2"},
				"down": {"uv": [0, 0, 1, 1], "texture": "#2"}
			}
		},
		{
			"from": [6, 2.75, 5.95],
			"to": [10, 3, 6],
			"rotation": {"angle": 0, "axis": "y", "origin": [15.5, 9.5, 13]},
			"faces": {
				"north": {"uv": [0, 0, 1, 1], "texture": "#1"},
				"east": {"uv": [0, 0, 1, 1], "texture": "#2"},
				"south": {"uv": [0, 0, 1, 1], "texture": "#2"},
				"west": {"uv": [0, 0, 1, 1], "texture": "#2"},
				"up": {"uv": [0, 0, 1, 1], "texture": "#2"},
				"down": {"uv": [0, 0, 1, 1], "texture": "#2"}
			}
		},
		{
			"from": [6.25, 2.1, 5.9],
			"to": [6.5, 2.85, 5.95],
			"rotation": {"angle": 0, "axis": "y", "origin": [15.5, 9.35, 12.95]},
			"faces": {
				"north": {"uv": [0, 0, 1, 1], "texture": "#2"},
				"east": {"uv": [0, 0, 1, 1], "texture": "#1"},
				"south": {"uv": [0, 0, 1, 1], "texture": "#1"},
				"west": {"uv": [0, 0, 1, 1], "texture": "#1"},
				"up": {"uv": [0, 0, 1, 1], "texture": "#1"},
				"down": {"uv": [0, 0, 1, 1], "texture": "#1"}
			}
		},
		{
			"from": [7.5, 12, 8],
			"to": [8.5, 12.25, 8.5],
			"rotation": {"angle": 0, "axis": "y", "origin": [16, 19.75, 16]},
			"faces": {
				"north": {"uv": [0, 0, 1, 0.25], "texture": "#2"},
				"east": {"uv": [0, 0, 0.5, 0.25], "texture": "#2"},
				"south": {"uv": [0, 0, 1, 0.25], "texture": "#2"},
				"west": {"uv": [0, 0, 0.5, 0.25], "texture": "#2"},
				"up": {"uv": [0, 0, 1, 0.5], "texture": "#2"},
				"down": {"uv": [0, 0, 1, 0.5], "texture": "#2"}
			}
		},
		{
			"from": [10.7231, 8.17629, 8],
			"to": [11.2231, 8.42629, 8.5],
			"rotation": {"angle": -22.5, "axis": "z", "origin": [19.2231, 15.92629, 16]},
			"faces": {
				"north": {"uv": [0, 0, 0.5, 0.25], "texture": "#2"},
				"east": {"uv": [0, 0, 0.5, 0.25], "texture": "#2"},
				"south": {"uv": [0, 0, 0.5, 0.25], "texture": "#2"},
				"west": {"uv": [0, 0, 0.5, 0.25], "texture": "#2"},
				"up": {"uv": [0, 0, 0.5, 0.5], "texture": "#2"},
				"down": {"uv": [0, 0, 0.5, 0.5], "texture": "#2"}
			}
		},
		{
			"from": [4.7769, 8.17629, 8],
			"to": [5.2769, 8.42629, 8.5],
			"rotation": {"angle": 22.5, "axis": "z", "origin": [-3.2231, 15.92629, 16]},
			"faces": {
				"north": {"uv": [0.5, 0, 1, 0.25], "texture": "#2"},
				"east": {"uv": [0.5, 0, 1, 0.25], "texture": "#2"},
				"south": {"uv": [0.5, 0, 1, 0.25], "texture": "#2"},
				"west": {"uv": [0.5, 0, 1, 0.25], "texture": "#2"},
				"up": {"uv": [0.5, 0, 1, 0.5], "texture": "#2"},
				"down": {"uv": [0.5, 0, 1, 0.5], "texture": "#2"}
			}
		},
		{
			"from": [11.77565, 3.60155, 8],
			"to": [12.27565, 3.85155, 8.5],
			"rotation": {"angle": -45, "axis": "z", "origin": [20.27565, 11.35155, 16]},
			"faces": {
				"north": {"uv": [0, 0, 0.5, 0.25], "texture": "#2"},
				"east": {"uv": [0, 0, 0.5, 0.25], "texture": "#2"},
				"south": {"uv": [0, 0, 0.5, 0.25], "texture": "#2"},
				"west": {"uv": [0, 0, 0.5, 0.25], "texture": "#2"},
				"up": {"uv": [0, 0, 0.5, 0.5], "texture": "#2"},
				"down": {"uv": [0, 0, 0.5, 0.5], "texture": "#2"}
			}
		},
		{
			"from": [3.72435, 3.60155, 8],
			"to": [4.22435, 3.85155, 8.5],
			"rotation": {"angle": 45, "axis": "z", "origin": [-4.27565, 11.35155, 16]},
			"faces": {
				"north": {"uv": [0.5, 0, 1, 0.25], "texture": "#2"},
				"east": {"uv": [0.5, 0, 1, 0.25], "texture": "#2"},
				"south": {"uv": [0.5, 0, 1, 0.25], "texture": "#2"},
				"west": {"uv": [0.5, 0, 1, 0.25], "texture": "#2"},
				"up": {"uv": [0.5, 0, 1, 0.5], "texture": "#2"},
				"down": {"uv": [0.5, 0, 1, 0.5], "texture": "#2"}
			}
		},
		{
			"from": [11.7474, 13.72225, 8],
			"to": [11.9974, 15.22225, 8.5],
			"rotation": {"angle": 22.5, "axis": "z", "origin": [19.4974, 6.72225, 16]},
			"faces": {
				"north": {"uv": [0, 0, 1.5, 0.25], "rotation": 270, "texture": "#2"},
				"east": {"uv": [0, 0, 1.5, 0.5], "rotation": 90, "texture": "#2"},
				"south": {"uv": [0, 0, 1.5, 0.25], "rotation": 90, "texture": "#2"},
				"west": {"uv": [0, 0, 1.5, 0.5], "rotation": 90, "texture": "#2"},
				"up": {"uv": [0, 0, 0.5, 0.25], "rotation": 90, "texture": "#2"},
				"down": {"uv": [0, 0, 0.5, 0.25], "rotation": 90, "texture": "#2"}
			}
		},
		{
			"from": [4.0026, 13.72225, 8],
			"to": [4.2526, 15.22225, 8.5],
			"rotation": {"angle": -22.5, "axis": "z", "origin": [-3.4974, 6.72225, 16]},
			"faces": {
				"north": {"uv": [0, 0.25, 1.5, 0.5], "rotation": 270, "texture": "#2"},
				"east": {"uv": [0, 0.5, 1.5, 1], "rotation": 90, "texture": "#2"},
				"south": {"uv": [0, 0.25, 1.5, 0.5], "rotation": 90, "texture": "#2"},
				"west": {"uv": [0, 0.5, 1.5, 1], "rotation": 90, "texture": "#2"},
				"up": {"uv": [0, 0.25, 0.5, 0.5], "rotation": 90, "texture": "#2"},
				"down": {"uv": [0, 0.25, 0.5, 0.5], "rotation": 90, "texture": "#2"}
			}
		},
		{
			"name": "hexadecagon",
			"from": [10, 6.04565, 13.75],
			"to": [11, 7.04565, 14],
			"rotation": {"angle": -45, "axis": "x", "origin": [10.5, 6.25, 10]},
			"faces": {
				"north": {"uv": [0, 0, 1, 1], "texture": "#1"},
				"east": {"uv": [0, 0, 1, 1], "texture": "#2"},
				"south": {"uv": [0, 0, 1, 1], "texture": "#1"},
				"west": {"uv": [0, 0, 1, 1], "texture": "#2"},
				"up": {"uv": [0, 0, 1, 1], "texture": "#1"},
				"down": {"uv": [0, 0, 1, 1], "texture": "#1"}
			}
		},
		{
			"name": "hexadecagon",
			"from": [10, 3.20435, 13.75],
			"to": [11, 4.20435, 14],
			"rotation": {"angle": 45, "axis": "x", "origin": [10.5, 4, 10]},
			"faces": {
				"north": {"uv": [0, 0, 1, 1], "texture": "#1"},
				"east": {"uv": [0, 0, 1, 1], "texture": "#2"},
				"south": {"uv": [0, 0, 1, 1], "texture": "#1"},
				"west": {"uv": [0, 0, 1, 1], "texture": "#2"},
				"up": {"uv": [0, 0, 1, 1], "texture": "#1"},
				"down": {"uv": [0, 0, 1, 1], "texture": "#1"}
			}
		},
		{
			"name": "hexadecagon",
			"from": [10, 6.46376, 13.33189],
			"to": [11, 7.46376, 13.58189],
			"rotation": {"angle": -22.5, "axis": "x", "origin": [10.5, 6.66811, 9.58189]},
			"faces": {
				"north": {"uv": [0, 0, 1, 1], "texture": "#1"},
				"east": {"uv": [0, 0, 1, 1], "texture": "#2"},
				"south": {"uv": [0, 0, 1, 1], "texture": "#1"},
				"west": {"uv": [0, 0, 1, 1], "texture": "#2"},
				"up": {"uv": [0, 0, 1, 1], "texture": "#1"},
				"down": {"uv": [0, 0, 1, 1], "texture": "#1"}
			}
		},
		{
			"name": "hexadecagon",
			"from": [10, 2.78624, 13.33189],
			"to": [11, 3.78624, 13.58189],
			"rotation": {"angle": 22.5, "axis": "x", "origin": [10.5, 3.58189, 9.58189]},
			"faces": {
				"north": {"uv": [0, 0, 1, 1], "texture": "#1"},
				"east": {"uv": [0, 0, 1, 1], "texture": "#2"},
				"south": {"uv": [0, 0, 1, 1], "texture": "#1"},
				"west": {"uv": [0, 0, 1, 1], "texture": "#2"},
				"up": {"uv": [0, 0, 1, 1], "texture": "#1"},
				"down": {"uv": [0, 0, 1, 1], "texture": "#1"}
			}
		},
		{
			"name": "hexadecagon",
			"from": [10, 2.23995, 13.10561],
			"to": [11, 8.01005, 13.35561],
			"rotation": {"angle": 0, "axis": "y", "origin": [10.5, 6.9644, 9.35561]},
			"faces": {
				"north": {"uv": [0, 0, 1, 1], "texture": "#1"},
				"east": {"uv": [0, 0, 1, 1], "texture": "#2"},
				"south": {"uv": [0, 0, 1, 1], "texture": "#1"},
				"west": {"uv": [0, 0, 1, 1], "texture": "#2"},
				"up": {"uv": [0, 0, 1, 1], "texture": "#1"},
				"down": {"uv": [0, 0, 1, 1], "texture": "#1"}
			}
		},
		{
			"name": "hexadecagon",
			"from": [10, 10, 11.31211],
			"to": [11, 10.25, 11.81211],
			"rotation": {"angle": -22.5, "axis": "x", "origin": [10.5, 6.25, 12.10776]},
			"faces": {
				"north": {"uv": [0, 0, 1, 1], "texture": "#1"},
				"east": {"uv": [0, 0, 1, 1], "texture": "#2"},
				"south": {"uv": [0, 0, 1, 1], "texture": "#1"},
				"west": {"uv": [0, 0, 1, 1], "texture": "#2"},
				"up": {"uv": [0, 0, 1, 1], "texture": "#1"},
				"down": {"uv": [0, 0, 1, 1], "texture": "#1"}
			}
		},
		{
			"name": "hexadecagon",
			"from": [10, 0, 11.31211],
			"to": [11, 0.25, 11.81211],
			"rotation": {"angle": 22.5, "axis": "x", "origin": [10.5, 4, 12.10776]},
			"faces": {
				"north": {"uv": [0, 0, 1, 1], "texture": "#1"},
				"east": {"uv": [0, 0, 1, 1], "texture": "#2"},
				"south": {"uv": [0, 0, 1, 1], "texture": "#1"},
				"west": {"uv": [0, 0, 1, 1], "texture": "#2"},
				"up": {"uv": [0, 0, 1, 1], "texture": "#1"},
				"down": {"uv": [0, 0, 1, 1], "texture": "#1"}
			}
		},
		{
			"name": "hexadecagon",
			"from": [10, 9.58238, 10.30388],
			"to": [11, 9.83238, 11.80388],
			"rotation": {"angle": 0, "axis": "y", "origin": [10.5, 5.83238, 11.09953]},
			"faces": {
				"north": {"uv": [0, 0, 1, 1], "texture": "#1"},
				"east": {"uv": [0, 0, 1, 1], "texture": "#2"},
				"south": {"uv": [0, 0, 1, 1], "texture": "#1"},
				"west": {"uv": [0, 0, 1, 1], "texture": "#2"},
				"up": {"uv": [0, 0, 1, 1], "texture": "#1"},
				"down": {"uv": [0, 0, 1, 1], "texture": "#1"}
			}
		},
		{
			"name": "hexadecagon",
			"from": [10, 0.41762, 10.30388],
			"to": [11, 0.66762, 11.80388],
			"rotation": {"angle": 0, "axis": "y", "origin": [10.5, 4.41762, 11.09953]},
			"faces": {
				"north": {"uv": [0, 0, 1, 1], "texture": "#1"},
				"east": {"uv": [0, 0, 1, 1], "texture": "#2"},
				"south": {"uv": [0, 0, 1, 1], "texture": "#1"},
				"west": {"uv": [0, 0, 1, 1], "texture": "#2"},
				"up": {"uv": [0, 0, 1, 1], "texture": "#1"},
				"down": {"uv": [0, 0, 1, 1], "texture": "#1"}
			}
		},
		{
			"name": "hexadecagon",
			"from": [10, 9.58238, 10.21258],
			"to": [11, 9.83238, 10.71258],
			"rotation": {"angle": 22.5, "axis": "x", "origin": [10.5, 5.83238, 11.00823]},
			"faces": {
				"north": {"uv": [0, 0, 1, 1], "texture": "#1"},
				"east": {"uv": [0, 0, 1, 1], "texture": "#2"},
				"south": {"uv": [0, 0, 1, 1], "texture": "#1"},
				"west": {"uv": [0, 0, 1, 1], "texture": "#2"},
				"up": {"uv": [0, 0, 1, 1], "texture": "#1"},
				"down": {"uv": [0, 0, 1, 1], "texture": "#1"}
			}
		},
		{
			"name": "hexadecagon",
			"from": [10, 0.41762, 10.21258],
			"to": [11, 0.66762, 10.71258],
			"rotation": {"angle": -22.5, "axis": "x", "origin": [10.5, 4.41762, 11.00823]},
			"faces": {
				"north": {"uv": [0, 0, 1, 1], "texture": "#1"},
				"east": {"uv": [0, 0, 1, 1], "texture": "#2"},
				"south": {"uv": [0, 0, 1, 1], "texture": "#1"},
				"west": {"uv": [0, 0, 1, 1], "texture": "#2"},
				"up": {"uv": [0, 0, 1, 1], "texture": "#1"},
				"down": {"uv": [0, 0, 1, 1], "texture": "#1"}
			}
		},
		{
			"name": "hexadecagon",
			"from": [5, 6.04565, 13.75],
			"to": [6, 7.04565, 14],
			"rotation": {"angle": -45, "axis": "x", "origin": [5.5, 6.25, 10]},
			"faces": {
				"north": {"uv": [0, 0, 1, 1], "texture": "#1"},
				"east": {"uv": [0, 0, 1, 1], "texture": "#2"},
				"south": {"uv": [0, 0, 1, 1], "texture": "#1"},
				"west": {"uv": [0, 0, 1, 1], "texture": "#2"},
				"up": {"uv": [0, 0, 1, 1], "texture": "#1"},
				"down": {"uv": [0, 0, 1, 1], "texture": "#1"}
			}
		},
		{
			"name": "hexadecagon",
			"from": [5, 3.20435, 13.75],
			"to": [6, 4.20435, 14],
			"rotation": {"angle": 45, "axis": "x", "origin": [5.5, 4, 10]},
			"faces": {
				"north": {"uv": [0, 0, 1, 1], "texture": "#1"},
				"east": {"uv": [0, 0, 1, 1], "texture": "#2"},
				"south": {"uv": [0, 0, 1, 1], "texture": "#1"},
				"west": {"uv": [0, 0, 1, 1], "texture": "#2"},
				"up": {"uv": [0, 0, 1, 1], "texture": "#1"},
				"down": {"uv": [0, 0, 1, 1], "texture": "#1"}
			}
		},
		{
			"name": "hexadecagon",
			"from": [5, 6.46376, 13.33189],
			"to": [6, 7.46376, 13.58189],
			"rotation": {"angle": -22.5, "axis": "x", "origin": [5.5, 6.66811, 9.58189]},
			"faces": {
				"north": {"uv": [0, 0, 1, 1], "texture": "#1"},
				"east": {"uv": [0, 0, 1, 1], "texture": "#2"},
				"south": {"uv": [0, 0, 1, 1], "texture": "#1"},
				"west": {"uv": [0, 0, 1, 1], "texture": "#2"},
				"up": {"uv": [0, 0, 1, 1], "texture": "#1"},
				"down": {"uv": [0, 0, 1, 1], "texture": "#1"}
			}
		},
		{
			"name": "hexadecagon",
			"from": [5, 2.78624, 13.33189],
			"to": [6, 3.78624, 13.58189],
			"rotation": {"angle": 22.5, "axis": "x", "origin": [5.5, 3.58189, 9.58189]},
			"faces": {
				"north": {"uv": [0, 0, 1, 1], "texture": "#1"},
				"east": {"uv": [0, 0, 1, 1], "texture": "#2"},
				"south": {"uv": [0, 0, 1, 1], "texture": "#1"},
				"west": {"uv": [0, 0, 1, 1], "texture": "#2"},
				"up": {"uv": [0, 0, 1, 1], "texture": "#1"},
				"down": {"uv": [0, 0, 1, 1], "texture": "#1"}
			}
		},
		{
			"name": "hexadecagon",
			"from": [5, 2.23995, 13.10561],
			"to": [6, 8.01005, 13.35561],
			"rotation": {"angle": 0, "axis": "y", "origin": [5.5, 6.9644, 9.35561]},
			"faces": {
				"north": {"uv": [0, 0, 1, 1], "texture": "#1"},
				"east": {"uv": [0, 0, 1, 1], "texture": "#2"},
				"south": {"uv": [0, 0, 1, 1], "texture": "#1"},
				"west": {"uv": [0, 0, 1, 1], "texture": "#2"},
				"up": {"uv": [0, 0, 1, 1], "texture": "#1"},
				"down": {"uv": [0, 0, 1, 1], "texture": "#1"}
			}
		},
		{
			"name": "hexadecagon",
			"from": [5, 10, 11.31211],
			"to": [6, 10.25, 11.81211],
			"rotation": {"angle": -22.5, "axis": "x", "origin": [5.5, 6.25, 12.10776]},
			"faces": {
				"north": {"uv": [0, 0, 1, 1], "texture": "#1"},
				"east": {"uv": [0, 0, 1, 1], "texture": "#2"},
				"south": {"uv": [0, 0, 1, 1], "texture": "#1"},
				"west": {"uv": [0, 0, 1, 1], "texture": "#2"},
				"up": {"uv": [0, 0, 1, 1], "texture": "#1"},
				"down": {"uv": [0, 0, 1, 1], "texture": "#1"}
			}
		},
		{
			"name": "hexadecagon",
			"from": [5, 0, 11.31211],
			"to": [6, 0.25, 11.81211],
			"rotation": {"angle": 22.5, "axis": "x", "origin": [5.5, 4, 12.10776]},
			"faces": {
				"north": {"uv": [0, 0, 1, 1], "texture": "#1"},
				"east": {"uv": [0, 0, 1, 1], "texture": "#2"},
				"south": {"uv": [0, 0, 1, 1], "texture": "#1"},
				"west": {"uv": [0, 0, 1, 1], "texture": "#2"},
				"up": {"uv": [0, 0, 1, 1], "texture": "#1"},
				"down": {"uv": [0, 0, 1, 1], "texture": "#1"}
			}
		},
		{
			"name": "hexadecagon",
			"from": [5, 9.58238, 10.30388],
			"to": [6, 9.83238, 11.80388],
			"rotation": {"angle": 0, "axis": "y", "origin": [5.5, 5.83238, 11.09953]},
			"faces": {
				"north": {"uv": [0, 0, 1, 1], "texture": "#1"},
				"east": {"uv": [0, 0, 1, 1], "texture": "#2"},
				"south": {"uv": [0, 0, 1, 1], "texture": "#1"},
				"west": {"uv": [0, 0, 1, 1], "texture": "#2"},
				"up": {"uv": [0, 0, 1, 1], "texture": "#1"},
				"down": {"uv": [0, 0, 1, 1], "texture": "#1"}
			}
		},
		{
			"name": "hexadecagon",
			"from": [5, 0.41762, 10.30388],
			"to": [6, 0.66762, 11.80388],
			"rotation": {"angle": 0, "axis": "y", "origin": [5.5, 4.41762, 11.09953]},
			"faces": {
				"north": {"uv": [0, 0, 1, 1], "texture": "#1"},
				"east": {"uv": [0, 0, 1, 1], "texture": "#2"},
				"south": {"uv": [0, 0, 1, 1], "texture": "#1"},
				"west": {"uv": [0, 0, 1, 1], "texture": "#2"},
				"up": {"uv": [0, 0, 1, 1], "texture": "#1"},
				"down": {"uv": [0, 0, 1, 1], "texture": "#1"}
			}
		},
		{
			"name": "hexadecagon",
			"from": [5, 9.58238, 10.21258],
			"to": [6, 9.83238, 10.71258],
			"rotation": {"angle": 22.5, "axis": "x", "origin": [5.5, 5.83238, 11.00823]},
			"faces": {
				"north": {"uv": [0, 0, 1, 1], "texture": "#1"},
				"east": {"uv": [0, 0, 1, 1], "texture": "#2"},
				"south": {"uv": [0, 0, 1, 1], "texture": "#1"},
				"west": {"uv": [0, 0, 1, 1], "texture": "#2"},
				"up": {"uv": [0, 0, 1, 1], "texture": "#1"},
				"down": {"uv": [0, 0, 1, 1], "texture": "#1"}
			}
		},
		{
			"name": "hexadecagon",
			"from": [5, 0.41762, 10.21258],
			"to": [6, 0.66762, 10.71258],
			"rotation": {"angle": -22.5, "axis": "x", "origin": [5.5, 4.41762, 11.00823]},
			"faces": {
				"north": {"uv": [0, 0, 1, 1], "texture": "#1"},
				"east": {"uv": [0, 0, 1, 1], "texture": "#2"},
				"south": {"uv": [0, 0, 1, 1], "texture": "#1"},
				"west": {"uv": [0, 0, 1, 1], "texture": "#2"},
				"up": {"uv": [0, 0, 1, 1], "texture": "#1"},
				"down": {"uv": [0, 0, 1, 1], "texture": "#1"}
			}
		},
		{
			"from": [6.78983, 7.58909, 7.5],
			"to": [6.83983, 10.08909, 7.75],
			"rotation": {"angle": -22.5, "axis": "z", "origin": [3.78983, 15.58909, 15.5]},
			"faces": {
				"north": {"uv": [0, 0, 1, 1], "texture": "#1"},
				"east": {"uv": [0, 0, 1, 1], "texture": "#1"},
				"south": {"uv": [0, 0, 1, 1], "texture": "#1"},
				"west": {"uv": [0, 0, 1, 1], "texture": "#2"},
				"up": {"uv": [0, 0, 1, 1], "texture": "#1"},
				"down": {"uv": [0, 0, 1, 1], "texture": "#1"}
			}
		},
		{
			"from": [6.73983, 7.33909, 7.25],
			"to": [6.78983, 8.08909, 7.5],
			"rotation": {"angle": -22.5, "axis": "z", "origin": [3.78983, 15.58909, 15.5]},
			"faces": {
				"north": {"uv": [0, 0, 1, 1], "texture": "#1"},
				"east": {"uv": [0, 0, 1, 1], "texture": "#1"},
				"south": {"uv": [0, 0, 1, 1], "texture": "#1"},
				"west": {"uv": [0, 0, 1, 1], "texture": "#1"},
				"up": {"uv": [0, 0, 1, 1], "texture": "#1"},
				"down": {"uv": [0, 0, 1, 1], "texture": "#1"}
			}
		},
		{
			"from": [10.28514, 9.43077, 7.5],
			"to": [10.33514, 10.93077, 7.75],
			"rotation": {"angle": -45, "axis": "z", "origin": [7.28514, 16.43077, 15.5]},
			"faces": {
				"north": {"uv": [0, 0, 1, 1], "texture": "#1"},
				"east": {"uv": [0, 0, 1, 1], "texture": "#1"},
				"south": {"uv": [0, 0, 1, 1], "texture": "#1"},
				"west": {"uv": [0, 0, 1, 1], "texture": "#2"},
				"up": {"uv": [0, 0, 1, 1], "texture": "#1"},
				"down": {"uv": [0, 0, 1, 1], "texture": "#1"}
			}
		},
		{
			"from": [3.83648, 12.82078, 7.5],
			"to": [5.33648, 12.87078, 7.75],
			"rotation": {"angle": 22.5, "axis": "z", "origin": [10.83648, 15.87078, 15.5]},
			"faces": {
				"north": {"uv": [0, 0, 1, 1], "rotation": 270, "texture": "#1"},
				"east": {"uv": [0, 0, 1, 1], "rotation": 270, "texture": "#1"},
				"south": {"uv": [0, 0, 1, 1], "rotation": 270, "texture": "#1"},
				"west": {"uv": [0, 0, 1, 1], "rotation": 270, "texture": "#1"},
				"up": {"uv": [0, 0, 1, 1], "rotation": 270, "texture": "#2"},
				"down": {"uv": [0, 0, 1, 1], "rotation": 270, "texture": "#1"}
			}
		},
		{
			"from": [6.90319, 10.94438, 7.5],
			"to": [9.09681, 10.99438, 7.75],
			"rotation": {"angle": 0, "axis": "y", "origin": [15.5, 18.05, 15.5]},
			"faces": {
				"north": {"uv": [0, 0, 1, 1], "texture": "#1"},
				"east": {"uv": [0, 0, 1, 1], "texture": "#1"},
				"south": {"uv": [0, 0, 1, 1], "texture": "#1"},
				"west": {"uv": [0, 0, 1, 1], "texture": "#1"},
				"up": {"uv": [0, 0, 1, 1], "texture": "#2"},
				"down": {"uv": [0, 0, 1, 1], "texture": "#1"}
			}
		},
		{
			"from": [10.66352, 12.82078, 7.5],
			"to": [12.16352, 12.87078, 7.75],
			"rotation": {"angle": -22.5, "axis": "z", "origin": [5.16352, 15.87078, 15.5]},
			"faces": {
				"north": {"uv": [0, 0, 1, 1], "rotation": 270, "texture": "#1"},
				"east": {"uv": [0, 0, 1, 1], "rotation": 270, "texture": "#1"},
				"south": {"uv": [0, 0, 1, 1], "rotation": 270, "texture": "#1"},
				"west": {"uv": [0, 0, 1, 1], "rotation": 270, "texture": "#1"},
				"up": {"uv": [0, 0, 1, 1], "rotation": 270, "texture": "#2"},
				"down": {"uv": [0, 0, 1, 1], "rotation": 270, "texture": "#1"}
			}
		},
		{
			"from": [5.66486, 9.43077, 7.5],
			"to": [5.71486, 10.93077, 7.75],
			"rotation": {"angle": 45, "axis": "z", "origin": [8.71486, 16.43077, 15.5]},
			"faces": {
				"north": {"uv": [0, 0, 1, 1], "texture": "#1"},
				"east": {"uv": [0, 0, 1, 1], "texture": "#2"},
				"south": {"uv": [0, 0, 1, 1], "texture": "#1"},
				"west": {"uv": [0, 0, 1, 1], "texture": "#1"},
				"up": {"uv": [0, 0, 1, 1], "texture": "#1"},
				"down": {"uv": [0, 0, 1, 1], "texture": "#1"}
			}
		},
		{
			"from": [9.16017, 7.58909, 7.5],
			"to": [9.21017, 10.08909, 7.75],
			"rotation": {"angle": 22.5, "axis": "z", "origin": [12.21017, 15.58909, 15.5]},
			"faces": {
				"north": {"uv": [0, 0, 1, 1], "texture": "#1"},
				"east": {"uv": [0, 0, 1, 1], "texture": "#2"},
				"south": {"uv": [0, 0, 1, 1], "texture": "#1"},
				"west": {"uv": [0, 0, 1, 1], "texture": "#1"},
				"up": {"uv": [0, 0, 1, 1], "texture": "#1"},
				"down": {"uv": [0, 0, 1, 1], "texture": "#1"}
			}
		},
		{
			"from": [6.78983, 7.58909, 7.2],
			"to": [6.83983, 10.08909, 7.45],
			"rotation": {"angle": -22.5, "axis": "z", "origin": [3.78983, 15.58909, 15.2]},
			"faces": {
				"north": {"uv": [0, 0, 1, 1], "texture": "#1"},
				"east": {"uv": [0, 0, 1, 1], "texture": "#1"},
				"south": {"uv": [0, 0, 1, 1], "texture": "#1"},
				"west": {"uv": [0, 0, 1, 1], "texture": "#2"},
				"up": {"uv": [0, 0, 1, 1], "texture": "#1"},
				"down": {"uv": [0, 0, 1, 1], "texture": "#1"}
			}
		},
		{
			"from": [10.28514, 9.43077, 7.2],
			"to": [10.33514, 10.93077, 7.45],
			"rotation": {"angle": -45, "axis": "z", "origin": [7.28514, 16.43077, 15.2]},
			"faces": {
				"north": {"uv": [0, 0, 1, 1], "texture": "#1"},
				"east": {"uv": [0, 0, 1, 1], "texture": "#1"},
				"south": {"uv": [0, 0, 1, 1], "texture": "#1"},
				"west": {"uv": [0, 0, 1, 1], "texture": "#2"},
				"up": {"uv": [0, 0, 1, 1], "texture": "#1"},
				"down": {"uv": [0, 0, 1, 1], "texture": "#1"}
			}
		},
		{
			"from": [3.83648, 12.82078, 7.2],
			"to": [5.33648, 12.87078, 7.45],
			"rotation": {"angle": 22.5, "axis": "z", "origin": [10.83648, 15.87078, 15.2]},
			"faces": {
				"north": {"uv": [0, 0, 1, 1], "rotation": 270, "texture": "#1"},
				"east": {"uv": [0, 0, 1, 1], "rotation": 270, "texture": "#1"},
				"south": {"uv": [0, 0, 1, 1], "rotation": 270, "texture": "#1"},
				"west": {"uv": [0, 0, 1, 1], "rotation": 270, "texture": "#1"},
				"up": {"uv": [0, 0, 1, 1], "rotation": 270, "texture": "#2"},
				"down": {"uv": [0, 0, 1, 1], "rotation": 270, "texture": "#1"}
			}
		},
		{
			"from": [6.90319, 10.94438, 7.2],
			"to": [9.09681, 10.99438, 7.45],
			"rotation": {"angle": 0, "axis": "y", "origin": [15.5, 18.05, 15.2]},
			"faces": {
				"north": {"uv": [0, 0, 1, 1], "texture": "#1"},
				"east": {"uv": [0, 0, 1, 1], "texture": "#1"},
				"south": {"uv": [0, 0, 1, 1], "texture": "#1"},
				"west": {"uv": [0, 0, 1, 1], "texture": "#1"},
				"up": {"uv": [0, 0, 1, 1], "texture": "#2"},
				"down": {"uv": [0, 0, 1, 1], "texture": "#1"}
			}
		},
		{
			"from": [10.66352, 12.82078, 7.2],
			"to": [12.16352, 12.87078, 7.45],
			"rotation": {"angle": -22.5, "axis": "z", "origin": [5.16352, 15.87078, 15.2]},
			"faces": {
				"north": {"uv": [0, 0, 1, 1], "rotation": 270, "texture": "#1"},
				"east": {"uv": [0, 0, 1, 1], "rotation": 270, "texture": "#1"},
				"south": {"uv": [0, 0, 1, 1], "rotation": 270, "texture": "#1"},
				"west": {"uv": [0, 0, 1, 1], "rotation": 270, "texture": "#1"},
				"up": {"uv": [0, 0, 1, 1], "rotation": 270, "texture": "#2"},
				"down": {"uv": [0, 0, 1, 1], "rotation": 270, "texture": "#1"}
			}
		},
		{
			"from": [5.66486, 9.43077, 7.2],
			"to": [5.71486, 10.93077, 7.45],
			"rotation": {"angle": 45, "axis": "z", "origin": [8.71486, 16.43077, 15.2]},
			"faces": {
				"north": {"uv": [0, 0, 1, 1], "texture": "#1"},
				"east": {"uv": [0, 0, 1, 1], "texture": "#2"},
				"south": {"uv": [0, 0, 1, 1], "texture": "#1"},
				"west": {"uv": [0, 0, 1, 1], "texture": "#1"},
				"up": {"uv": [0, 0, 1, 1], "texture": "#1"},
				"down": {"uv": [0, 0, 1, 1], "texture": "#1"}
			}
		},
		{
			"from": [9.16017, 7.58909, 7.2],
			"to": [9.21017, 10.08909, 7.45],
			"rotation": {"angle": 22.5, "axis": "z", "origin": [12.21017, 15.58909, 15.2]},
			"faces": {
				"north": {"uv": [0, 0, 1, 1], "texture": "#1"},
				"east": {"uv": [0, 0, 1, 1], "texture": "#2"},
				"south": {"uv": [0, 0, 1, 1], "texture": "#1"},
				"west": {"uv": [0, 0, 1, 1], "texture": "#1"},
				"up": {"uv": [0, 0, 1, 1], "texture": "#1"},
				"down": {"uv": [0, 0, 1, 1], "texture": "#1"}
			}
		},
		{
			"name": "hexadecagon",
			"from": [7.92541, 3.875, 6.1],
			"to": [8.07459, 4.625, 7.1],
			"rotation": {"angle": -45, "axis": "z", "origin": [8, 4.25, 6.6]},
			"faces": {
				"north": {"uv": [0, 0, 0.5, 0.5], "texture": "#2"},
				"east": {"uv": [0, 0, 0.5, 0.5], "texture": "#2"},
				"south": {"uv": [0, 0, 0.5, 0.5], "texture": "#2"},
				"west": {"uv": [0, 0, 0.5, 0.5], "texture": "#2"},
				"up": {"uv": [0, 0, 0.5, 0.5], "texture": "#2"},
				"down": {"uv": [0, 0, 0.5, 0.5], "texture": "#2"}
			}
		},
		{
			"name": "hexadecagon",
			"from": [7.92541, 3.875, 6.1],
			"to": [8.07459, 4.625, 7.1],
			"rotation": {"angle": -22.5, "axis": "z", "origin": [8, 4.25, 6.6]},
			"faces": {
				"north": {"uv": [0, 0, 0.5, 0.5], "texture": "#2"},
				"east": {"uv": [0, 0, 0.5, 0.5], "texture": "#2"},
				"south": {"uv": [0, 0, 0.5, 0.5], "texture": "#2"},
				"west": {"uv": [0, 0, 0.5, 0.5], "texture": "#2"},
				"up": {"uv": [0, 0, 0.5, 0.5], "texture": "#2"},
				"down": {"uv": [0, 0, 0.5, 0.5], "texture": "#2"}
			}
		},
		{
			"name": "hexadecagon",
			"from": [7.92541, 3.875, 6.1],
			"to": [8.07459, 4.625, 7.1],
			"rotation": {"angle": 0, "axis": "y", "origin": [8, 4.25, 6.6]},
			"faces": {
				"north": {"uv": [0, 0, 0.5, 0.5], "texture": "#2"},
				"east": {"uv": [0, 0, 0.5, 0.5], "texture": "#2"},
				"south": {"uv": [0, 0, 0.5, 0.5], "texture": "#2"},
				"west": {"uv": [0, 0, 0.5, 0.5], "texture": "#2"},
				"up": {"uv": [0, 0, 0.5, 0.5], "texture": "#2"},
				"down": {"uv": [0, 0, 0.5, 0.5], "texture": "#2"}
			}
		},
		{
			"name": "hexadecagon",
			"from": [7.92541, 3.875, 6.1],
			"to": [8.07459, 4.625, 7.1],
			"rotation": {"angle": 22.5, "axis": "z", "origin": [8, 4.25, 6.6]},
			"faces": {
				"north": {"uv": [0, 0, 0.5, 0.5], "texture": "#2"},
				"east": {"uv": [0, 0, 0.5, 0.5], "texture": "#2"},
				"south": {"uv": [0, 0, 0.5, 0.5], "texture": "#2"},
				"west": {"uv": [0, 0, 0.5, 0.5], "texture": "#2"},
				"up": {"uv": [0, 0, 0.5, 0.5], "texture": "#2"},
				"down": {"uv": [0, 0, 0.5, 0.5], "texture": "#2"}
			}
		},
		{
			"name": "hexadecagon",
			"from": [7.92541, 3.875, 6.1],
			"to": [8.07459, 4.625, 7.1],
			"rotation": {"angle": 45, "axis": "z", "origin": [8, 4.25, 6.6]},
			"faces": {
				"north": {"uv": [0, 0, 0.5, 0.5], "texture": "#2"},
				"east": {"uv": [0, 0, 0.5, 0.5], "texture": "#2"},
				"south": {"uv": [0, 0, 0.5, 0.5], "texture": "#2"},
				"west": {"uv": [0, 0, 0.5, 0.5], "texture": "#2"},
				"up": {"uv": [0, 0, 0.5, 0.5], "texture": "#2"},
				"down": {"uv": [0, 0, 0.5, 0.5], "texture": "#2"}
			}
		},
		{
			"name": "hexadecagon",
			"from": [7.625, 4.17541, 6.1],
			"to": [8.375, 4.32459, 7.1],
			"rotation": {"angle": -22.5, "axis": "z", "origin": [8, 4.25, 6.6]},
			"faces": {
				"north": {"uv": [0, 0, 0.5, 0.5], "texture": "#2"},
				"east": {"uv": [0, 0, 0.5, 0.5], "texture": "#2"},
				"south": {"uv": [0, 0, 0.5, 0.5], "texture": "#2"},
				"west": {"uv": [0, 0, 0.5, 0.5], "texture": "#2"},
				"up": {"uv": [0, 0, 0.5, 0.5], "texture": "#2"},
				"down": {"uv": [0, 0, 0.5, 0.5], "texture": "#2"}
			}
		},
		{
			"name": "hexadecagon",
			"from": [7.625, 4.17541, 6.1],
			"to": [8.375, 4.32459, 7.1],
			"rotation": {"angle": 0, "axis": "y", "origin": [8, 4.25, 6.6]},
			"faces": {
				"north": {"uv": [0, 0, 0.5, 0.5], "texture": "#2"},
				"east": {"uv": [0, 0, 0.5, 0.5], "texture": "#2"},
				"south": {"uv": [0, 0, 0.5, 0.5], "texture": "#2"},
				"west": {"uv": [0, 0, 0.5, 0.5], "texture": "#2"},
				"up": {"uv": [0, 0, 0.5, 0.5], "texture": "#2"},
				"down": {"uv": [0, 0, 0.5, 0.5], "texture": "#2"}
			}
		},
		{
			"name": "hexadecagon",
			"from": [7.625, 4.17541, 6.1],
			"to": [8.375, 4.32459, 7.1],
			"rotation": {"angle": 22.5, "axis": "z", "origin": [8, 4.25, 6.6]},
			"faces": {
				"north": {"uv": [0, 0, 0.5, 0.5], "texture": "#2"},
				"east": {"uv": [0, 0, 0.5, 0.5], "texture": "#2"},
				"south": {"uv": [0, 0, 0.5, 0.5], "texture": "#2"},
				"west": {"uv": [0, 0, 0.5, 0.5], "texture": "#2"},
				"up": {"uv": [0, 0, 0.5, 0.5], "texture": "#2"},
				"down": {"uv": [0, 0, 0.5, 0.5], "texture": "#2"}
			}
		},
		{
			"name": "hexadecagon",
			"from": [7.66022, 4.35, 6.1],
			"to": [7.73978, 4.75, 7.1],
			"rotation": {"angle": -45, "axis": "z", "origin": [7.7, 4.55, 6.6]},
			"faces": {
				"north": {"uv": [0, 0, 0.5, 0.5], "texture": "#2"},
				"east": {"uv": [0, 0, 0.5, 0.5], "texture": "#2"},
				"south": {"uv": [0, 0, 0.5, 0.5], "texture": "#2"},
				"west": {"uv": [0, 0, 0.5, 0.5], "texture": "#2"},
				"up": {"uv": [0, 0, 0.5, 0.5], "texture": "#2"},
				"down": {"uv": [0, 0, 0.5, 0.5], "texture": "#2"}
			}
		},
		{
			"name": "hexadecagon",
			"from": [7.66022, 4.35, 6.1],
			"to": [7.73978, 4.75, 7.1],
			"rotation": {"angle": -22.5, "axis": "z", "origin": [7.7, 4.55, 6.6]},
			"faces": {
				"north": {"uv": [0, 0, 0.5, 0.5], "texture": "#2"},
				"east": {"uv": [0, 0, 0.5, 0.5], "texture": "#2"},
				"south": {"uv": [0, 0, 0.5, 0.5], "texture": "#2"},
				"west": {"uv": [0, 0, 0.5, 0.5], "texture": "#2"},
				"up": {"uv": [0, 0, 0.5, 0.5], "texture": "#2"},
				"down": {"uv": [0, 0, 0.5, 0.5], "texture": "#2"}
			}
		},
		{
			"name": "hexadecagon",
			"from": [7.66022, 4.35, 6.1],
			"to": [7.73978, 4.75, 7.1],
			"rotation": {"angle": 0, "axis": "y", "origin": [7.7, 4.55, 6.6]},
			"faces": {
				"north": {"uv": [0, 0, 0.5, 0.5], "texture": "#2"},
				"east": {"uv": [0, 0, 0.5, 0.5], "texture": "#2"},
				"south": {"uv": [0, 0, 0.5, 0.5], "texture": "#2"},
				"west": {"uv": [0, 0, 0.5, 0.5], "texture": "#2"},
				"up": {"uv": [0, 0, 0.5, 0.5], "texture": "#2"},
				"down": {"uv": [0, 0, 0.5, 0.5], "texture": "#2"}
			}
		},
		{
			"name": "hexadecagon",
			"from": [7.66022, 4.35, 6.1],
			"to": [7.73978, 4.75, 7.1],
			"rotation": {"angle": 22.5, "axis": "z", "origin": [7.7, 4.55, 6.6]},
			"faces": {
				"north": {"uv": [0, 0, 0.5, 0.5], "texture": "#2"},
				"east": {"uv": [0, 0, 0.5, 0.5], "texture": "#2"},
				"south": {"uv": [0, 0, 0.5, 0.5], "texture": "#2"},
				"west": {"uv": [0, 0, 0.5, 0.5], "texture": "#2"},
				"up": {"uv": [0, 0, 0.5, 0.5], "texture": "#2"},
				"down": {"uv": [0, 0, 0.5, 0.5], "texture": "#2"}
			}
		},
		{
			"name": "hexadecagon",
			"from": [7.66022, 4.35, 6.1],
			"to": [7.73978, 4.75, 7.1],
			"rotation": {"angle": 45, "axis": "z", "origin": [7.7, 4.55, 6.6]},
			"faces": {
				"north": {"uv": [0, 0, 0.5, 0.5], "texture": "#2"},
				"east": {"uv": [0, 0, 0.5, 0.5], "texture": "#2"},
				"south": {"uv": [0, 0, 0.5, 0.5], "texture": "#2"},
				"west": {"uv": [0, 0, 0.5, 0.5], "texture": "#2"},
				"up": {"uv": [0, 0, 0.5, 0.5], "texture": "#2"},
				"down": {"uv": [0, 0, 0.5, 0.5], "texture": "#2"}
			}
		},
		{
			"name": "hexadecagon",
			"from": [7.5, 4.51022, 6.1],
			"to": [7.9, 4.58978, 7.1],
			"rotation": {"angle": -22.5, "axis": "z", "origin": [7.7, 4.55, 6.6]},
			"faces": {
				"north": {"uv": [0, 0, 0.5, 0.5], "texture": "#2"},
				"east": {"uv": [0, 0, 0.5, 0.5], "texture": "#2"},
				"south": {"uv": [0, 0, 0.5, 0.5], "texture": "#2"},
				"west": {"uv": [0, 0, 0.5, 0.5], "texture": "#2"},
				"up": {"uv": [0, 0, 0.5, 0.5], "texture": "#2"},
				"down": {"uv": [0, 0, 0.5, 0.5], "texture": "#2"}
			}
		},
		{
			"name": "hexadecagon",
			"from": [7.5, 4.51022, 6.1],
			"to": [7.9, 4.58978, 7.1],
			"rotation": {"angle": 0, "axis": "y", "origin": [7.7, 4.55, 6.6]},
			"faces": {
				"north": {"uv": [0, 0, 0.5, 0.5], "texture": "#2"},
				"east": {"uv": [0, 0, 0.5, 0.5], "texture": "#2"},
				"south": {"uv": [0, 0, 0.5, 0.5], "texture": "#2"},
				"west": {"uv": [0, 0, 0.5, 0.5], "texture": "#2"},
				"up": {"uv": [0, 0, 0.5, 0.5], "texture": "#2"},
				"down": {"uv": [0, 0, 0.5, 0.5], "texture": "#2"}
			}
		},
		{
			"name": "hexadecagon",
			"from": [7.5, 4.51022, 6.1],
			"to": [7.9, 4.58978, 7.1],
			"rotation": {"angle": 22.5, "axis": "z", "origin": [7.7, 4.55, 6.6]},
			"faces": {
				"north": {"uv": [0, 0, 0.5, 0.5], "texture": "#2"},
				"east": {"uv": [0, 0, 0.5, 0.5], "texture": "#2"},
				"south": {"uv": [0, 0, 0.5, 0.5], "texture": "#2"},
				"west": {"uv": [0, 0, 0.5, 0.5], "texture": "#2"},
				"up": {"uv": [0, 0, 0.5, 0.5], "texture": "#2"},
				"down": {"uv": [0, 0, 0.5, 0.5], "texture": "#2"}
			}
		},
		{
			"name": "hexadecagon",
			"from": [8.26022, 4.35, 6.1],
			"to": [8.33978, 4.75, 7.1],
			"rotation": {"angle": 45, "axis": "z", "origin": [8.3, 4.55, 6.6]},
			"faces": {
				"north": {"uv": [0.5, 0, 0, 0.5], "texture": "#2"},
				"east": {"uv": [0.5, 0, 0, 0.5], "texture": "#2"},
				"south": {"uv": [0.5, 0, 0, 0.5], "texture": "#2"},
				"west": {"uv": [0.5, 0, 0, 0.5], "texture": "#2"},
				"up": {"uv": [0.5, 0, 0, 0.5], "texture": "#2"},
				"down": {"uv": [0.5, 0, 0, 0.5], "texture": "#2"}
			}
		},
		{
			"name": "hexadecagon",
			"from": [8.26022, 4.35, 6.1],
			"to": [8.33978, 4.75, 7.1],
			"rotation": {"angle": 22.5, "axis": "z", "origin": [8.3, 4.55, 6.6]},
			"faces": {
				"north": {"uv": [0.5, 0, 0, 0.5], "texture": "#2"},
				"east": {"uv": [0.5, 0, 0, 0.5], "texture": "#2"},
				"south": {"uv": [0.5, 0, 0, 0.5], "texture": "#2"},
				"west": {"uv": [0.5, 0, 0, 0.5], "texture": "#2"},
				"up": {"uv": [0.5, 0, 0, 0.5], "texture": "#2"},
				"down": {"uv": [0.5, 0, 0, 0.5], "texture": "#2"}
			}
		},
		{
			"name": "hexadecagon",
			"from": [8.26022, 4.35, 6.1],
			"to": [8.33978, 4.75, 7.1],
			"rotation": {"angle": 0, "axis": "y", "origin": [8.3, 4.55, 6.6]},
			"faces": {
				"north": {"uv": [0.5, 0, 0, 0.5], "texture": "#2"},
				"east": {"uv": [0.5, 0, 0, 0.5], "texture": "#2"},
				"south": {"uv": [0.5, 0, 0, 0.5], "texture": "#2"},
				"west": {"uv": [0.5, 0, 0, 0.5], "texture": "#2"},
				"up": {"uv": [0.5, 0, 0, 0.5], "texture": "#2"},
				"down": {"uv": [0.5, 0, 0, 0.5], "texture": "#2"}
			}
		},
		{
			"name": "hexadecagon",
			"from": [8.26022, 4.35, 6.1],
			"to": [8.33978, 4.75, 7.1],
			"rotation": {"angle": -22.5, "axis": "z", "origin": [8.3, 4.55, 6.6]},
			"faces": {
				"north": {"uv": [0.5, 0, 0, 0.5], "texture": "#2"},
				"east": {"uv": [0.5, 0, 0, 0.5], "texture": "#2"},
				"south": {"uv": [0.5, 0, 0, 0.5], "texture": "#2"},
				"west": {"uv": [0.5, 0, 0, 0.5], "texture": "#2"},
				"up": {"uv": [0.5, 0, 0, 0.5], "texture": "#2"},
				"down": {"uv": [0.5, 0, 0, 0.5], "texture": "#2"}
			}
		},
		{
			"name": "hexadecagon",
			"from": [8.26022, 4.35, 6.1],
			"to": [8.33978, 4.75, 7.1],
			"rotation": {"angle": -45, "axis": "z", "origin": [8.3, 4.55, 6.6]},
			"faces": {
				"north": {"uv": [0.5, 0, 0, 0.5], "texture": "#2"},
				"east": {"uv": [0.5, 0, 0, 0.5], "texture": "#2"},
				"south": {"uv": [0.5, 0, 0, 0.5], "texture": "#2"},
				"west": {"uv": [0.5, 0, 0, 0.5], "texture": "#2"},
				"up": {"uv": [0.5, 0, 0, 0.5], "texture": "#2"},
				"down": {"uv": [0.5, 0, 0, 0.5], "texture": "#2"}
			}
		},
		{
			"name": "hexadecagon",
			"from": [8.1, 4.51022, 6.1],
			"to": [8.5, 4.58978, 7.1],
			"rotation": {"angle": 22.5, "axis": "z", "origin": [8.3, 4.55, 6.6]},
			"faces": {
				"north": {"uv": [0.5, 0, 0, 0.5], "texture": "#2"},
				"east": {"uv": [0.5, 0, 0, 0.5], "texture": "#2"},
				"south": {"uv": [0.5, 0, 0, 0.5], "texture": "#2"},
				"west": {"uv": [0.5, 0, 0, 0.5], "texture": "#2"},
				"up": {"uv": [0.5, 0, 0, 0.5], "texture": "#2"},
				"down": {"uv": [0.5, 0, 0, 0.5], "texture": "#2"}
			}
		},
		{
			"name": "hexadecagon",
			"from": [8.1, 4.51022, 6.1],
			"to": [8.5, 4.58978, 7.1],
			"rotation": {"angle": 0, "axis": "y", "origin": [8.3, 4.55, 6.6]},
			"faces": {
				"north": {"uv": [0.5, 0, 0, 0.5], "texture": "#2"},
				"east": {"uv": [0.5, 0, 0, 0.5], "texture": "#2"},
				"south": {"uv": [0.5, 0, 0, 0.5], "texture": "#2"},
				"west": {"uv": [0.5, 0, 0, 0.5], "texture": "#2"},
				"up": {"uv": [0.5, 0, 0, 0.5], "texture": "#2"},
				"down": {"uv": [0.5, 0, 0, 0.5], "texture": "#2"}
			}
		},
		{
			"name": "hexadecagon",
			"from": [8.1, 4.51022, 6.1],
			"to": [8.5, 4.58978, 7.1],
			"rotation": {"angle": -22.5, "axis": "z", "origin": [8.3, 4.55, 6.6]},
			"faces": {
				"north": {"uv": [0.5, 0, 0, 0.5], "texture": "#2"},
				"east": {"uv": [0.5, 0, 0, 0.5], "texture": "#2"},
				"south": {"uv": [0.5, 0, 0, 0.5], "texture": "#2"},
				"west": {"uv": [0.5, 0, 0, 0.5], "texture": "#2"},
				"up": {"uv": [0.5, 0, 0, 0.5], "texture": "#2"},
				"down": {"uv": [0.5, 0, 0, 0.5], "texture": "#2"}
			}
		},
		{
			"name": "hexadecagon",
			"from": [8.00109, 3.35, 6.3],
			"to": [8.09891, 5.15, 7.3],
			"rotation": {"angle": -45, "axis": "z", "origin": [8, 4.25, 6.8]},
			"faces": {
				"north": {"uv": [0, 0, 0.75, 0.75], "texture": "#0"},
				"east": {"uv": [0, 0, 1, 1], "texture": "#2"},
				"south": {"uv": [0, 0, 1, 1], "texture": "#2"},
				"west": {"uv": [0, 0, 1, 1], "texture": "#2"},
				"up": {"uv": [0, 0, 1, 1], "texture": "#2"},
				"down": {"uv": [0, 0, 1, 1], "texture": "#2"}
			}
		},
		{
			"name": "hexadecagon",
			"from": [7.90109, 3.35, 6.3],
			"to": [7.99891, 5.15, 7.3],
			"rotation": {"angle": 45, "axis": "z", "origin": [8, 4.25, 6.8]},
			"faces": {
				"north": {"uv": [0, 0, 0.75, 0.75], "texture": "#0"},
				"east": {"uv": [0, 0, 1, 1], "texture": "#2"},
				"south": {"uv": [0, 0, 1, 1], "texture": "#2"},
				"west": {"uv": [0, 0, 1, 1], "texture": "#2"},
				"up": {"uv": [0, 0, 1, 1], "texture": "#2"},
				"down": {"uv": [0, 0, 1, 1], "texture": "#2"}
			}
		},
		{
			"name": "hexadecagon",
			"from": [6.75, 4.15109, 6.25],
			"to": [9.25, 4.24891, 7.25],
			"rotation": {"angle": -22.5, "axis": "z", "origin": [8, 4.25, 6.75]},
			"faces": {
				"north": {"uv": [0, 0, 0.75, 0.75], "rotation": 90, "texture": "#0"},
				"east": {"uv": [0, 0, 1, 1], "texture": "#2"},
				"south": {"uv": [0, 0, 1, 1], "texture": "#2"},
				"west": {"uv": [0, 0, 1, 1], "texture": "#2"},
				"up": {"uv": [0, 0, 1, 1], "texture": "#2"},
				"down": {"uv": [0, 0, 1, 1], "texture": "#2"}
			}
		},
		{
			"name": "hexadecagon",
			"from": [6.25, 4.15109, 6.2],
			"to": [9.75, 4.24891, 7.2],
			"rotation": {"angle": 0, "axis": "y", "origin": [8, 4.25, 6.7]},
			"faces": {
				"north": {"uv": [0, 0, 0.75, 0.75], "rotation": 90, "texture": "#0"},
				"east": {"uv": [0, 0, 1, 1], "texture": "#2"},
				"south": {"uv": [0, 0, 1, 1], "texture": "#2"},
				"west": {"uv": [0, 0, 1, 1], "texture": "#2"},
				"up": {"uv": [0, 0, 1, 1], "texture": "#2"},
				"down": {"uv": [0, 0, 1, 1], "texture": "#2"}
			}
		},
		{
			"name": "hexadecagon",
			"from": [6.75, 4.15109, 6.25],
			"to": [9.25, 4.24891, 7.25],
			"rotation": {"angle": 22.5, "axis": "z", "origin": [8, 4.25, 6.75]},
			"faces": {
				"north": {"uv": [0, 0, 0.75, 0.75], "rotation": 90, "texture": "#0"},
				"east": {"uv": [0, 0, 1, 1], "texture": "#2"},
				"south": {"uv": [0, 0, 1, 1], "texture": "#2"},
				"west": {"uv": [0, 0, 1, 1], "texture": "#2"},
				"up": {"uv": [0, 0, 1, 1], "texture": "#2"},
				"down": {"uv": [0, 0, 1, 1], "texture": "#2"}
			}
		},
		{
			"name": "hexadecagon",
			"from": [9.35082, 8.5, 6.4],
			"to": [9.64918, 10, 7.4],
			"rotation": {"angle": -45, "axis": "z", "origin": [9.5, 9.25, 6.9]},
			"faces": {
				"north": {"uv": [0, 0, 1, 1], "texture": "#2"},
				"east": {"uv": [0, 0, 1, 1], "texture": "#2"},
				"south": {"uv": [0, 0, 1, 1], "texture": "#2"},
				"west": {"uv": [0, 0, 1, 1], "texture": "#2"},
				"up": {"uv": [0, 0, 1, 1], "texture": "#2"},
				"down": {"uv": [0, 0, 1, 1], "texture": "#2"}
			}
		},
		{
			"name": "hexadecagon",
			"from": [9.35082, 8.5, 6.4],
			"to": [9.64918, 10, 7.4],
			"rotation": {"angle": -22.5, "axis": "z", "origin": [9.5, 9.25, 6.9]},
			"faces": {
				"north": {"uv": [0, 0, 1, 1], "texture": "#2"},
				"east": {"uv": [0, 0, 1, 1], "texture": "#2"},
				"south": {"uv": [0, 0, 1, 1], "texture": "#2"},
				"west": {"uv": [0, 0, 1, 1], "texture": "#2"},
				"up": {"uv": [0, 0, 1, 1], "texture": "#2"},
				"down": {"uv": [0, 0, 1, 1], "texture": "#2"}
			}
		},
		{
			"name": "hexadecagon",
			"from": [9.35082, 8.5, 6.4],
			"to": [9.64918, 10, 7.4],
			"rotation": {"angle": 0, "axis": "y", "origin": [9.5, 9.25, 6.9]},
			"faces": {
				"north": {"uv": [0, 0, 1, 1], "texture": "#2"},
				"east": {"uv": [0, 0, 1, 1], "texture": "#2"},
				"south": {"uv": [0, 0, 1, 1], "texture": "#2"},
				"west": {"uv": [0, 0, 1, 1], "texture": "#2"},
				"up": {"uv": [0, 0, 1, 1], "texture": "#2"},
				"down": {"uv": [0, 0, 1, 1], "texture": "#2"}
			}
		},
		{
			"name": "hexadecagon",
			"from": [9.35082, 8.5, 6.4],
			"to": [9.64918, 10, 7.4],
			"rotation": {"angle": 22.5, "axis": "z", "origin": [9.5, 9.25, 6.9]},
			"faces": {
				"north": {"uv": [0, 0, 1, 1], "texture": "#2"},
				"east": {"uv": [0, 0, 1, 1], "texture": "#2"},
				"south": {"uv": [0, 0, 1, 1], "texture": "#2"},
				"west": {"uv": [0, 0, 1, 1], "texture": "#2"},
				"up": {"uv": [0, 0, 1, 1], "texture": "#2"},
				"down": {"uv": [0, 0, 1, 1], "texture": "#2"}
			}
		},
		{
			"name": "hexadecagon",
			"from": [9.35082, 8.5, 6.4],
			"to": [9.64918, 10, 7.4],
			"rotation": {"angle": 45, "axis": "z", "origin": [9.5, 9.25, 6.9]},
			"faces": {
				"north": {"uv": [0, 0, 1, 1], "texture": "#2"},
				"east": {"uv": [0, 0, 1, 1], "texture": "#2"},
				"south": {"uv": [0, 0, 1, 1], "texture": "#2"},
				"west": {"uv": [0, 0, 1, 1], "texture": "#2"},
				"up": {"uv": [0, 0, 1, 1], "texture": "#2"},
				"down": {"uv": [0, 0, 1, 1], "texture": "#2"}
			}
		},
		{
			"name": "hexadecagon",
			"from": [8.75, 9.10082, 6.4],
			"to": [10.25, 9.39918, 7.4],
			"rotation": {"angle": -22.5, "axis": "z", "origin": [9.5, 9.25, 6.9]},
			"faces": {
				"north": {"uv": [0, 0, 1, 1], "texture": "#2"},
				"east": {"uv": [0, 0, 1, 1], "texture": "#2"},
				"south": {"uv": [0, 0, 1, 1], "texture": "#2"},
				"west": {"uv": [0, 0, 1, 1], "texture": "#2"},
				"up": {"uv": [0, 0, 1, 1], "texture": "#2"},
				"down": {"uv": [0, 0, 1, 1], "texture": "#2"}
			}
		},
		{
			"name": "hexadecagon",
			"from": [8.75, 9.10082, 6.4],
			"to": [10.25, 9.39918, 7.4],
			"rotation": {"angle": 0, "axis": "y", "origin": [9.5, 9.25, 6.9]},
			"faces": {
				"north": {"uv": [0, 0, 1, 1], "texture": "#2"},
				"east": {"uv": [0, 0, 1, 1], "texture": "#2"},
				"south": {"uv": [0, 0, 1, 1], "texture": "#2"},
				"west": {"uv": [0, 0, 1, 1], "texture": "#2"},
				"up": {"uv": [0, 0, 1, 1], "texture": "#2"},
				"down": {"uv": [0, 0, 1, 1], "texture": "#2"}
			}
		},
		{
			"name": "hexadecagon",
			"from": [8.75, 9.10082, 6.4],
			"to": [10.25, 9.39918, 7.4],
			"rotation": {"angle": 22.5, "axis": "z", "origin": [9.5, 9.25, 6.9]},
			"faces": {
				"north": {"uv": [0, 0, 1, 1], "texture": "#2"},
				"east": {"uv": [0, 0, 1, 1], "texture": "#2"},
				"south": {"uv": [0, 0, 1, 1], "texture": "#2"},
				"west": {"uv": [0, 0, 1, 1], "texture": "#2"},
				"up": {"uv": [0, 0, 1, 1], "texture": "#2"},
				"down": {"uv": [0, 0, 1, 1], "texture": "#2"}
			}
		},
		{
			"name": "hexadecagon",
			"from": [6.82595, 8.475, 6.4],
			"to": [7.17405, 10.225, 7.4],
			"rotation": {"angle": -45, "axis": "z", "origin": [7, 9.35, 6.9]},
			"faces": {
				"north": {"uv": [0, 0, 1, 1], "texture": "#2"},
				"east": {"uv": [0, 0, 1, 1], "texture": "#2"},
				"south": {"uv": [0, 0, 1, 1], "texture": "#2"},
				"west": {"uv": [0, 0, 1, 1], "texture": "#2"},
				"up": {"uv": [0, 0, 1, 1], "texture": "#2"},
				"down": {"uv": [0, 0, 1, 1], "texture": "#2"}
			}
		},
		{
			"name": "hexadecagon",
			"from": [6.82595, 8.475, 6.4],
			"to": [7.17405, 10.225, 7.4],
			"rotation": {"angle": -22.5, "axis": "z", "origin": [7, 9.35, 6.9]},
			"faces": {
				"north": {"uv": [0, 0, 1, 1], "texture": "#2"},
				"east": {"uv": [0, 0, 1, 1], "texture": "#2"},
				"south": {"uv": [0, 0, 1, 1], "texture": "#2"},
				"west": {"uv": [0, 0, 1, 1], "texture": "#2"},
				"up": {"uv": [0, 0, 1, 1], "texture": "#2"},
				"down": {"uv": [0, 0, 1, 1], "texture": "#2"}
			}
		},
		{
			"name": "hexadecagon",
			"from": [6.82595, 8.475, 6.4],
			"to": [7.17405, 10.225, 7.4],
			"rotation": {"angle": 0, "axis": "y", "origin": [7, 9.35, 6.9]},
			"faces": {
				"north": {"uv": [0, 0, 1, 1], "texture": "#2"},
				"east": {"uv": [0, 0, 1, 1], "texture": "#2"},
				"south": {"uv": [0, 0, 1, 1], "texture": "#2"},
				"west": {"uv": [0, 0, 1, 1], "texture": "#2"},
				"up": {"uv": [0, 0, 1, 1], "texture": "#2"},
				"down": {"uv": [0, 0, 1, 1], "texture": "#2"}
			}
		},
		{
			"name": "hexadecagon",
			"from": [6.82595, 8.475, 6.4],
			"to": [7.17405, 10.225, 7.4],
			"rotation": {"angle": 22.5, "axis": "z", "origin": [7, 9.35, 6.9]},
			"faces": {
				"north": {"uv": [0, 0, 1, 1], "texture": "#2"},
				"east": {"uv": [0, 0, 1, 1], "texture": "#2"},
				"south": {"uv": [0, 0, 1, 1], "texture": "#2"},
				"west": {"uv": [0, 0, 1, 1], "texture": "#2"},
				"up": {"uv": [0, 0, 1, 1], "texture": "#2"},
				"down": {"uv": [0, 0, 1, 1], "texture": "#2"}
			}
		},
		{
			"name": "hexadecagon",
			"from": [6.82595, 8.475, 6.4],
			"to": [7.17405, 10.225, 7.4],
			"rotation": {"angle": 45, "axis": "z", "origin": [7, 9.35, 6.9]},
			"faces": {
				"north": {"uv": [0, 0, 1, 1], "texture": "#2"},
				"east": {"uv": [0, 0, 1, 1], "texture": "#2"},
				"south": {"uv": [0, 0, 1, 1], "texture": "#2"},
				"west": {"uv": [0, 0, 1, 1], "texture": "#2"},
				"up": {"uv": [0, 0, 1, 1], "texture": "#2"},
				"down": {"uv": [0, 0, 1, 1], "texture": "#2"}
			}
		},
		{
			"name": "hexadecagon",
			"from": [6.125, 9.17595, 6.4],
			"to": [7.875, 9.52405, 7.4],
			"rotation": {"angle": -22.5, "axis": "z", "origin": [7, 9.35, 6.9]},
			"faces": {
				"north": {"uv": [0, 0, 1, 1], "texture": "#2"},
				"east": {"uv": [0, 0, 1, 1], "texture": "#2"},
				"south": {"uv": [0, 0, 1, 1], "texture": "#2"},
				"west": {"uv": [0, 0, 1, 1], "texture": "#2"},
				"up": {"uv": [0, 0, 1, 1], "texture": "#2"},
				"down": {"uv": [0, 0, 1, 1], "texture": "#2"}
			}
		},
		{
			"name": "hexadecagon",
			"from": [6.125, 9.17595, 6.4],
			"to": [7.875, 9.52405, 7.4],
			"rotation": {"angle": 0, "axis": "y", "origin": [7, 9.35, 6.9]},
			"faces": {
				"north": {"uv": [0, 0, 1, 1], "texture": "#2"},
				"east": {"uv": [0, 0, 1, 1], "texture": "#2"},
				"south": {"uv": [0, 0, 1, 1], "texture": "#2"},
				"west": {"uv": [0, 0, 1, 1], "texture": "#2"},
				"up": {"uv": [0, 0, 1, 1], "texture": "#2"},
				"down": {"uv": [0, 0, 1, 1], "texture": "#2"}
			}
		},
		{
			"name": "hexadecagon",
			"from": [6.125, 9.17595, 6.4],
			"to": [7.875, 9.52405, 7.4],
			"rotation": {"angle": 22.5, "axis": "z", "origin": [7, 9.35, 6.9]},
			"faces": {
				"north": {"uv": [0, 0, 1, 1], "texture": "#2"},
				"east": {"uv": [0, 0, 1, 1], "texture": "#2"},
				"south": {"uv": [0, 0, 1, 1], "texture": "#2"},
				"west": {"uv": [0, 0, 1, 1], "texture": "#2"},
				"up": {"uv": [0, 0, 1, 1], "texture": "#2"},
				"down": {"uv": [0, 0, 1, 1], "texture": "#2"}
			}
		},
		{
			"name": "hexadecagon",
			"from": [7.075, 8.07595, 6.4],
			"to": [7.625, 8.17595, 7.4],
			"rotation": {"angle": 22.5, "axis": "z", "origin": [6.75, 8.25, 6.9]},
			"faces": {
				"north": {"uv": [0, 0, 1, 1], "texture": "#2"},
				"east": {"uv": [0, 0, 1, 1], "texture": "#2"},
				"south": {"uv": [0, 0, 1, 1], "texture": "#2"},
				"west": {"uv": [0, 0, 1, 1], "texture": "#2"},
				"up": {"uv": [0, 0, 1, 1], "texture": "#2"},
				"down": {"uv": [0, 0, 1, 1], "texture": "#2"}
			}
		},
		{
			"name": "hexadecagon",
			"from": [7.72405, 8.575, 6.4],
			"to": [7.87405, 8.925, 7.4],
			"rotation": {"angle": -22.5, "axis": "z", "origin": [7.65, 8.25, 6.9]},
			"faces": {
				"north": {"uv": [0, 0, 1, 1], "rotation": 90, "texture": "#2"},
				"east": {"uv": [0, 0, 1, 1], "rotation": 90, "texture": "#2"},
				"south": {"uv": [0, 0, 1, 1], "rotation": 90, "texture": "#2"},
				"west": {"uv": [0, 0, 1, 1], "rotation": 90, "texture": "#2"},
				"up": {"uv": [0, 0, 1, 1], "rotation": 90, "texture": "#2"},
				"down": {"uv": [0, 0, 1, 1], "rotation": 90, "texture": "#2"}
			}
		},
		{
			"name": "hexadecagon",
			"from": [7.98832, 8.60693, 6.4],
			"to": [8.09438, 8.713, 7.4],
			"rotation": {"angle": 22.5, "axis": "z", "origin": [7.65, 8.75, 6.9]},
			"faces": {
				"north": {"uv": [0, 0, 1, 1], "rotation": 90, "texture": "#2"},
				"east": {"uv": [0, 0, 1, 1], "rotation": 90, "texture": "#2"},
				"south": {"uv": [0, 0, 1, 1], "rotation": 90, "texture": "#2"},
				"west": {"uv": [0, 0, 1, 1], "rotation": 90, "texture": "#2"},
				"up": {"uv": [0, 0, 1, 1], "rotation": 90, "texture": "#2"},
				"down": {"uv": [0, 0, 1, 1], "rotation": 90, "texture": "#2"}
			}
		},
		{
			"name": "hexadecagon",
			"from": [8.07172, 8.74948, 6.4],
			"to": [8.17778, 8.85555, 7.4],
			"rotation": {"angle": -22.5, "axis": "z", "origin": [8.03471, 8.41117, 6.9]},
			"faces": {
				"north": {"uv": [0, 0, 1, 1], "rotation": 180, "texture": "#2"},
				"east": {"uv": [0, 0, 1, 1], "texture": "#2"},
				"south": {"uv": [0, 0, 1, 1], "texture": "#2"},
				"west": {"uv": [0, 0, 1, 1], "texture": "#2"},
				"up": {"uv": [0, 0, 1, 1], "texture": "#2"},
				"down": {"uv": [0, 0, 1, 1], "texture": "#2"}
			}
		},
		{
			"name": "hexadecagon",
			"from": [8.16739, 8.51851, 6.4],
			"to": [8.27345, 8.62458, 7.4],
			"rotation": {"angle": -22.5, "axis": "z", "origin": [8.13039, 8.1802, 6.9]},
			"faces": {
				"north": {"uv": [0, 0, 1, 1], "rotation": 180, "texture": "#2"},
				"east": {"uv": [0, 0, 1, 1], "texture": "#2"},
				"south": {"uv": [0, 0, 1, 1], "texture": "#2"},
				"west": {"uv": [0, 0, 1, 1], "texture": "#2"},
				"up": {"uv": [0, 0, 1, 1], "texture": "#2"},
				"down": {"uv": [0, 0, 1, 1], "texture": "#2"}
			}
		},
		{
			"name": "hexadecagon",
			"from": [7.85438, 8.28357, 6.4],
			"to": [7.96044, 8.38964, 7.4],
			"rotation": {"angle": 22.5, "axis": "z", "origin": [7.51606, 8.42664, 6.9]},
			"faces": {
				"north": {"uv": [0, 0, 1, 1], "rotation": 90, "texture": "#2"},
				"east": {"uv": [0, 0, 1, 1], "rotation": 90, "texture": "#2"},
				"south": {"uv": [0, 0, 1, 1], "rotation": 90, "texture": "#2"},
				"west": {"uv": [0, 0, 1, 1], "rotation": 90, "texture": "#2"},
				"up": {"uv": [0, 0, 1, 1], "rotation": 90, "texture": "#2"},
				"down": {"uv": [0, 0, 1, 1], "rotation": 90, "texture": "#2"}
			}
		},
		{
			"name": "hexadecagon",
			"from": [10.77405, 7.875, 6.4],
			"to": [10.97405, 8.425, 7.4],
			"rotation": {"angle": 0, "axis": "y", "origin": [10.75, 7.75, 6.9]},
			"faces": {
				"north": {"uv": [0, 0, 1, 1], "rotation": 90, "texture": "#2"},
				"east": {"uv": [0, 0, 1, 1], "rotation": 90, "texture": "#2"},
				"south": {"uv": [0, 0, 1, 1], "rotation": 90, "texture": "#2"},
				"west": {"uv": [0, 0, 1, 1], "rotation": 90, "texture": "#2"},
				"up": {"uv": [0, 0, 1, 1], "rotation": 90, "texture": "#2"},
				"down": {"uv": [0, 0, 1, 1], "rotation": 90, "texture": "#2"}
			}
		},
		{
			"name": "hexadecagon",
			"from": [5.18447, 7.66294, 6.4],
			"to": [5.38447, 8.81294, 7.4],
			"rotation": {"angle": 0, "axis": "y", "origin": [5.16043, 7.53794, 6.9]},
			"faces": {
				"north": {"uv": [0, 0, 1, 1], "rotation": 90, "texture": "#2"},
				"east": {"uv": [0, 0, 1, 1], "rotation": 90, "texture": "#2"},
				"south": {"uv": [0, 0, 1, 1], "rotation": 90, "texture": "#2"},
				"west": {"uv": [0, 0, 1, 1], "rotation": 90, "texture": "#2"},
				"up": {"uv": [0, 0, 1, 1], "rotation": 90, "texture": "#2"},
				"down": {"uv": [0, 0, 1, 1], "rotation": 90, "texture": "#2"}
			}
		},
		{
			"name": "hexadecagon",
			"from": [10.53279, 7.46212, 6.4],
			"to": [10.73279, 8.01212, 7.4],
			"rotation": {"angle": -22.5, "axis": "z", "origin": [10.50874, 7.33712, 6.9]},
			"faces": {
				"north": {"uv": [0, 0, 1, 1], "rotation": 90, "texture": "#2"},
				"east": {"uv": [0, 0, 1, 1], "rotation": 90, "texture": "#2"},
				"south": {"uv": [0, 0, 1, 1], "rotation": 90, "texture": "#2"},
				"west": {"uv": [0, 0, 1, 1], "rotation": 90, "texture": "#2"},
				"up": {"uv": [0, 0, 1, 1], "rotation": 90, "texture": "#2"},
				"down": {"uv": [0, 0, 1, 1], "rotation": 90, "texture": "#2"}
			}
		},
		{
			"name": "hexadecagon",
			"from": [10.1519, 6.773, 6.4],
			"to": [10.3519, 7.723, 7.4],
			"rotation": {"angle": -45, "axis": "z", "origin": [10.12785, 7.048, 6.9]},
			"faces": {
				"north": {"uv": [0, 0, 1, 1], "rotation": 90, "texture": "#2"},
				"east": {"uv": [0, 0, 1, 1], "rotation": 90, "texture": "#2"},
				"south": {"uv": [0, 0, 1, 1], "rotation": 90, "texture": "#2"},
				"west": {"uv": [0, 0, 1, 1], "rotation": 90, "texture": "#2"},
				"up": {"uv": [0, 0, 1, 1], "rotation": 90, "texture": "#2"},
				"down": {"uv": [0, 0, 1, 1], "rotation": 90, "texture": "#2"}
			}
		},
		{
			"name": "hexadecagon",
			"from": [9.55746, 6.41975, 6.4],
			"to": [10.05746, 6.61975, 7.4],
			"rotation": {"angle": 22.5, "axis": "z", "origin": [9.38246, 6.6438, 6.9]},
			"faces": {
				"north": {"uv": [0, 0, 1, 1], "texture": "#2"},
				"east": {"uv": [0, 0, 1, 1], "texture": "#2"},
				"south": {"uv": [0, 0, 1, 1], "texture": "#2"},
				"west": {"uv": [0, 0, 1, 1], "texture": "#2"},
				"up": {"uv": [0, 0, 1, 1], "texture": "#2"},
				"down": {"uv": [0, 0, 1, 1], "texture": "#2"}
			}
		},
		{
			"name": "hexadecagon",
			"from": [6.7171, 6.57282, 6.4],
			"to": [7.4171, 6.77282, 7.4],
			"rotation": {"angle": 22.5, "axis": "z", "origin": [6.7421, 6.79687, 6.9]},
			"faces": {
				"north": {"uv": [0, 0, 1, 1], "texture": "#2"},
				"east": {"uv": [0, 0, 1, 1], "texture": "#2"},
				"south": {"uv": [0, 0, 1, 1], "texture": "#2"},
				"west": {"uv": [0, 0, 1, 1], "texture": "#2"},
				"up": {"uv": [0, 0, 1, 1], "texture": "#2"},
				"down": {"uv": [0, 0, 1, 1], "texture": "#2"}
			}
		},
		{
			"name": "hexadecagon",
			"from": [8.82988, 6.50377, 6.4],
			"to": [9.62988, 6.70377, 7.4],
			"rotation": {"angle": 0, "axis": "y", "origin": [8.95488, 6.72782, 6.9]},
			"faces": {
				"north": {"uv": [0, 0, 1, 1], "texture": "#2"},
				"east": {"uv": [0, 0, 1, 1], "texture": "#2"},
				"south": {"uv": [0, 0, 1, 1], "texture": "#2"},
				"west": {"uv": [0, 0, 1, 1], "texture": "#2"},
				"up": {"uv": [0, 0, 1, 1], "texture": "#2"},
				"down": {"uv": [0, 0, 1, 1], "texture": "#2"}
			}
		},
		{
			"name": "hexadecagon",
			"from": [7.37493, 6.83296, 6.4],
			"to": [8.07493, 7.03296, 7.4],
			"rotation": {"angle": 0, "axis": "y", "origin": [7.39993, 7.05701, 6.9]},
			"faces": {
				"north": {"uv": [0, 0, 1, 1], "texture": "#2"},
				"east": {"uv": [0, 0, 1, 1], "texture": "#2"},
				"south": {"uv": [0, 0, 1, 1], "texture": "#2"},
				"west": {"uv": [0, 0, 1, 1], "texture": "#2"},
				"up": {"uv": [0, 0, 1, 1], "texture": "#2"},
				"down": {"uv": [0, 0, 1, 1], "texture": "#2"}
			}
		},
		{
			"name": "hexadecagon",
			"from": [10.47493, 7.88296, 6.4],
			"to": [11.17493, 8.03296, 7.4],
			"rotation": {"angle": -22.5, "axis": "z", "origin": [10.82493, 7.93296, 6.9]},
			"faces": {
				"north": {"uv": [0, 0, 1, 1], "texture": "#2"},
				"east": {"uv": [0, 0, 1, 1], "texture": "#2"},
				"south": {"uv": [0, 0, 1, 1], "texture": "#2"},
				"west": {"uv": [0, 0, 1, 1], "texture": "#2"},
				"up": {"uv": [0, 0, 1, 1], "texture": "#2"},
				"down": {"uv": [0, 0, 1, 1], "texture": "#2"}
			}
		},
		{
			"name": "hexadecagon",
			"from": [10.37493, 7.43296, 6.4],
			"to": [11.07493, 7.58296, 7.4],
			"rotation": {"angle": -45, "axis": "z", "origin": [10.72493, 7.53296, 6.9]},
			"faces": {
				"north": {"uv": [0, 0, 1, 1], "texture": "#2"},
				"east": {"uv": [0, 0, 1, 1], "texture": "#2"},
				"south": {"uv": [0, 0, 1, 1], "texture": "#2"},
				"west": {"uv": [0, 0, 1, 1], "texture": "#2"},
				"up": {"uv": [0, 0, 1, 1], "texture": "#2"},
				"down": {"uv": [0, 0, 1, 1], "texture": "#2"}
			}
		},
		{
			"name": "hexadecagon",
			"from": [10.07493, 6.93296, 6.4],
			"to": [10.67493, 7.08296, 7.4],
			"rotation": {"angle": -45, "axis": "z", "origin": [10.42493, 7.03296, 6.9]},
			"faces": {
				"north": {"uv": [0, 0, 1, 1], "texture": "#2"},
				"east": {"uv": [0, 0, 1, 1], "texture": "#2"},
				"south": {"uv": [0, 0, 1, 1], "texture": "#2"},
				"west": {"uv": [0, 0, 1, 1], "texture": "#2"},
				"up": {"uv": [0, 0, 1, 1], "texture": "#2"},
				"down": {"uv": [0, 0, 1, 1], "texture": "#2"}
			}
		},
		{
			"name": "hexadecagon",
			"from": [9.82493, 6.48296, 6.4],
			"to": [9.97493, 7.08296, 7.4],
			"rotation": {"angle": 0, "axis": "y", "origin": [9.92493, 6.73296, 6.9]},
			"faces": {
				"north": {"uv": [0, 0, 1, 1], "rotation": 270, "texture": "#2"},
				"east": {"uv": [0, 0, 1, 1], "rotation": 270, "texture": "#2"},
				"south": {"uv": [0, 0, 1, 1], "rotation": 270, "texture": "#2"},
				"west": {"uv": [0, 0, 1, 1], "rotation": 270, "texture": "#2"},
				"up": {"uv": [0, 0, 1, 1], "rotation": 270, "texture": "#2"},
				"down": {"uv": [0, 0, 1, 1], "rotation": 270, "texture": "#2"}
			}
		},
		{
			"name": "hexadecagon",
			"from": [9.32493, 6.28296, 6.4],
			"to": [9.47493, 6.88296, 7.4],
			"rotation": {"angle": 22.5, "axis": "z", "origin": [9.42493, 6.53296, 6.9]},
			"faces": {
				"north": {"uv": [0, 0, 1, 1], "rotation": 270, "texture": "#2"},
				"east": {"uv": [0, 0, 1, 1], "rotation": 270, "texture": "#2"},
				"south": {"uv": [0, 0, 1, 1], "rotation": 270, "texture": "#2"},
				"west": {"uv": [0, 0, 1, 1], "rotation": 270, "texture": "#2"},
				"up": {"uv": [0, 0, 1, 1], "rotation": 270, "texture": "#2"},
				"down": {"uv": [0, 0, 1, 1], "rotation": 270, "texture": "#2"}
			}
		},
		{
			"name": "hexadecagon",
			"from": [7.72493, 6.68296, 6.4],
			"to": [7.87493, 7.28296, 7.4],
			"rotation": {"angle": 22.5, "axis": "z", "origin": [7.82493, 6.93296, 6.9]},
			"faces": {
				"north": {"uv": [0, 0, 1, 1], "rotation": 270, "texture": "#2"},
				"east": {"uv": [0, 0, 1, 1], "rotation": 270, "texture": "#2"},
				"south": {"uv": [0, 0, 1, 1], "rotation": 270, "texture": "#2"},
				"west": {"uv": [0, 0, 1, 1], "rotation": 270, "texture": "#2"},
				"up": {"uv": [0, 0, 1, 1], "rotation": 270, "texture": "#2"},
				"down": {"uv": [0, 0, 1, 1], "rotation": 270, "texture": "#2"}
			}
		},
		{
			"name": "hexadecagon",
			"from": [7.12493, 6.48296, 6.4],
			"to": [7.27493, 7.08296, 7.4],
			"rotation": {"angle": 22.5, "axis": "z", "origin": [7.22493, 6.73296, 6.9]},
			"faces": {
				"north": {"uv": [0, 0, 1, 1], "rotation": 270, "texture": "#2"},
				"east": {"uv": [0, 0, 1, 1], "rotation": 270, "texture": "#2"},
				"south": {"uv": [0, 0, 1, 1], "rotation": 270, "texture": "#2"},
				"west": {"uv": [0, 0, 1, 1], "rotation": 270, "texture": "#2"},
				"up": {"uv": [0, 0, 1, 1], "rotation": 270, "texture": "#2"},
				"down": {"uv": [0, 0, 1, 1], "rotation": 270, "texture": "#2"}
			}
		},
		{
			"name": "hexadecagon",
			"from": [8.72493, 6.28296, 6.4],
			"to": [8.87493, 6.88296, 7.4],
			"rotation": {"angle": -22.5, "axis": "z", "origin": [8.82493, 6.53296, 6.9]},
			"faces": {
				"north": {"uv": [0, 0, 1, 1], "rotation": 270, "texture": "#2"},
				"east": {"uv": [0, 0, 1, 1], "rotation": 270, "texture": "#2"},
				"south": {"uv": [0, 0, 1, 1], "rotation": 270, "texture": "#2"},
				"west": {"uv": [0, 0, 1, 1], "rotation": 270, "texture": "#2"},
				"up": {"uv": [0, 0, 1, 1], "rotation": 270, "texture": "#2"},
				"down": {"uv": [0, 0, 1, 1], "rotation": 270, "texture": "#2"}
			}
		},
		{
			"name": "hexadecagon",
			"from": [6.42493, 6.48296, 6.4],
			"to": [6.57493, 6.98296, 7.4],
			"rotation": {"angle": -22.5, "axis": "z", "origin": [6.52493, 6.63296, 6.9]},
			"faces": {
				"north": {"uv": [0, 0, 1, 1], "rotation": 270, "texture": "#2"},
				"east": {"uv": [0, 0, 1, 1], "rotation": 270, "texture": "#2"},
				"south": {"uv": [0, 0, 1, 1], "rotation": 270, "texture": "#2"},
				"west": {"uv": [0, 0, 1, 1], "rotation": 270, "texture": "#2"},
				"up": {"uv": [0, 0, 1, 1], "rotation": 270, "texture": "#2"},
				"down": {"uv": [0, 0, 1, 1], "rotation": 270, "texture": "#2"}
			}
		},
		{
			"name": "hexadecagon",
			"from": [5.72493, 6.58296, 6.4],
			"to": [5.87493, 7.18296, 7.4],
			"rotation": {"angle": -45, "axis": "z", "origin": [5.82493, 6.83296, 6.9]},
			"faces": {
				"north": {"uv": [0, 0, 1, 1], "rotation": 270, "texture": "#2"},
				"east": {"uv": [0, 0, 1, 1], "rotation": 270, "texture": "#2"},
				"south": {"uv": [0, 0, 1, 1], "rotation": 270, "texture": "#2"},
				"west": {"uv": [0, 0, 1, 1], "rotation": 270, "texture": "#2"},
				"up": {"uv": [0, 0, 1, 1], "rotation": 270, "texture": "#2"},
				"down": {"uv": [0, 0, 1, 1], "rotation": 270, "texture": "#2"}
			}
		},
		{
			"name": "hexadecagon",
			"from": [5.17493, 7.38296, 6.4],
			"to": [5.67493, 7.53296, 7.4],
			"rotation": {"angle": 22.5, "axis": "z", "origin": [5.32493, 7.43296, 6.9]},
			"faces": {
				"north": {"uv": [0, 0, 1, 1], "rotation": 180, "texture": "#2"},
				"east": {"uv": [0, 0, 1, 1], "rotation": 180, "texture": "#2"},
				"south": {"uv": [0, 0, 1, 1], "rotation": 180, "texture": "#2"},
				"west": {"uv": [0, 0, 1, 1], "rotation": 180, "texture": "#2"},
				"up": {"uv": [0, 0, 1, 1], "rotation": 180, "texture": "#2"},
				"down": {"uv": [0, 0, 1, 1], "rotation": 180, "texture": "#2"}
			}
		},
		{
			"name": "hexadecagon",
			"from": [5.07493, 8.48296, 6.4],
			"to": [5.57493, 8.63296, 7.4],
			"rotation": {"angle": 0, "axis": "y", "origin": [5.22493, 8.53296, 6.9]},
			"faces": {
				"north": {"uv": [0, 0, 1, 1], "rotation": 180, "texture": "#2"},
				"east": {"uv": [0, 0, 1, 1], "rotation": 180, "texture": "#2"},
				"south": {"uv": [0, 0, 1, 1], "rotation": 180, "texture": "#2"},
				"west": {"uv": [0, 0, 1, 1], "rotation": 180, "texture": "#2"},
				"up": {"uv": [0, 0, 1, 1], "rotation": 180, "texture": "#2"},
				"down": {"uv": [0, 0, 1, 1], "rotation": 180, "texture": "#2"}
			}
		},
		{
			"name": "hexadecagon",
			"from": [4.97493, 7.88296, 6.4],
			"to": [5.57493, 8.03296, 7.4],
			"rotation": {"angle": 22.5, "axis": "z", "origin": [5.22493, 7.93296, 6.9]},
			"faces": {
				"north": {"uv": [0, 0, 1, 1], "rotation": 180, "texture": "#2"},
				"east": {"uv": [0, 0, 1, 1], "rotation": 180, "texture": "#2"},
				"south": {"uv": [0, 0, 1, 1], "rotation": 180, "texture": "#2"},
				"west": {"uv": [0, 0, 1, 1], "rotation": 180, "texture": "#2"},
				"up": {"uv": [0, 0, 1, 1], "rotation": 180, "texture": "#2"},
				"down": {"uv": [0, 0, 1, 1], "rotation": 180, "texture": "#2"}
			}
		},
		{
			"name": "hexadecagon",
			"from": [8.22493, 6.48296, 6.4],
			"to": [8.37493, 7.08296, 7.4],
			"rotation": {"angle": -22.5, "axis": "z", "origin": [8.32493, 6.73296, 6.9]},
			"faces": {
				"north": {"uv": [0, 0, 1, 1], "rotation": 270, "texture": "#2"},
				"east": {"uv": [0, 0, 1, 1], "rotation": 270, "texture": "#2"},
				"south": {"uv": [0, 0, 1, 1], "rotation": 270, "texture": "#2"},
				"west": {"uv": [0, 0, 1, 1], "rotation": 270, "texture": "#2"},
				"up": {"uv": [0, 0, 1, 1], "rotation": 270, "texture": "#2"},
				"down": {"uv": [0, 0, 1, 1], "rotation": 270, "texture": "#2"}
			}
		},
		{
			"name": "hexadecagon",
			"from": [6.10475, 6.58031, 6.4],
			"to": [6.80475, 6.78031, 7.4],
			"rotation": {"angle": 0, "axis": "y", "origin": [6.12975, 6.80436, 6.9]},
			"faces": {
				"north": {"uv": [0, 0, 1, 1], "texture": "#2"},
				"east": {"uv": [0, 0, 1, 1], "texture": "#2"},
				"south": {"uv": [0, 0, 1, 1], "texture": "#2"},
				"west": {"uv": [0, 0, 1, 1], "texture": "#2"},
				"up": {"uv": [0, 0, 1, 1], "texture": "#2"},
				"down": {"uv": [0, 0, 1, 1], "texture": "#2"}
			}
		},
		{
			"name": "hexadecagon",
			"from": [8.067, 6.74503, 6.4],
			"to": [8.967, 6.94503, 7.4],
			"rotation": {"angle": -22.5, "axis": "z", "origin": [8.292, 6.96908, 6.9]},
			"faces": {
				"north": {"uv": [0, 0, 1, 1], "texture": "#2"},
				"east": {"uv": [0, 0, 1, 1], "texture": "#2"},
				"south": {"uv": [0, 0, 1, 1], "texture": "#2"},
				"west": {"uv": [0, 0, 1, 1], "texture": "#2"},
				"up": {"uv": [0, 0, 1, 1], "texture": "#2"},
				"down": {"uv": [0, 0, 1, 1], "texture": "#2"}
			}
		},
		{
			"name": "hexadecagon",
			"from": [5.84187, 6.82157, 6.4],
			"to": [6.24187, 7.02157, 7.4],
			"rotation": {"angle": -22.5, "axis": "z", "origin": [5.56687, 7.04561, 6.9]},
			"faces": {
				"north": {"uv": [0, 0, 1, 1], "texture": "#2"},
				"east": {"uv": [0, 0, 1, 1], "texture": "#2"},
				"south": {"uv": [0, 0, 1, 1], "texture": "#2"},
				"west": {"uv": [0, 0, 1, 1], "texture": "#2"},
				"up": {"uv": [0, 0, 1, 1], "texture": "#2"},
				"down": {"uv": [0, 0, 1, 1], "texture": "#2"}
			}
		},
		{
			"name": "hexadecagon",
			"from": [5.69132, 7.14506, 6.4],
			"to": [6.09132, 7.34506, 7.4],
			"rotation": {"angle": -45, "axis": "z", "origin": [5.41632, 7.36911, 6.9]},
			"faces": {
				"north": {"uv": [0, 0, 1, 1], "texture": "#2"},
				"east": {"uv": [0, 0, 1, 1], "texture": "#2"},
				"south": {"uv": [0, 0, 1, 1], "texture": "#2"},
				"west": {"uv": [0, 0, 1, 1], "texture": "#2"},
				"up": {"uv": [0, 0, 1, 1], "texture": "#2"},
				"down": {"uv": [0, 0, 1, 1], "texture": "#2"}
			}
		},
		{
			"name": "hexadecagon",
			"from": [5.17699, 7.05058, 6.4],
			"to": [5.37699, 7.75058, 7.4],
			"rotation": {"angle": 22.5, "axis": "z", "origin": [5.40104, 7.72558, 6.9]},
			"faces": {
				"north": {"uv": [0, 0, 1, 1], "rotation": 270, "texture": "#2"},
				"east": {"uv": [0, 0, 1, 1], "rotation": 270, "texture": "#2"},
				"south": {"uv": [0, 0, 1, 1], "rotation": 270, "texture": "#2"},
				"west": {"uv": [0, 0, 1, 1], "rotation": 270, "texture": "#2"},
				"up": {"uv": [0, 0, 1, 1], "rotation": 270, "texture": "#2"},
				"down": {"uv": [0, 0, 1, 1], "rotation": 270, "texture": "#2"}
			}
		},
		{
			"name": "hexadecagon",
			"from": [8.42405, 8.475, 6.4],
			"to": [8.57405, 8.725, 7.4],
			"rotation": {"angle": 22.5, "axis": "z", "origin": [8.35, 8.15, 6.9]},
			"faces": {
				"north": {"uv": [0, 0, 1, 1], "rotation": 90, "texture": "#2"},
				"east": {"uv": [0, 0, 1, 1], "rotation": 90, "texture": "#2"},
				"south": {"uv": [0, 0, 1, 1], "rotation": 90, "texture": "#2"},
				"west": {"uv": [0, 0, 1, 1], "rotation": 90, "texture": "#2"},
				"up": {"uv": [0, 0, 1, 1], "rotation": 90, "texture": "#2"},
				"down": {"uv": [0, 0, 1, 1], "rotation": 90, "texture": "#2"}
			}
		},
		{
			"name": "hexadecagon",
			"from": [6.76687, 8.21357, 6.4],
			"to": [7.11687, 8.31357, 7.4],
			"rotation": {"angle": 0, "axis": "y", "origin": [6.24187, 8.38762, 6.9]},
			"faces": {
				"north": {"uv": [0, 0, 1, 1], "texture": "#2"},
				"east": {"uv": [0, 0, 1, 1], "texture": "#2"},
				"south": {"uv": [0, 0, 1, 1], "texture": "#2"},
				"west": {"uv": [0, 0, 1, 1], "texture": "#2"},
				"up": {"uv": [0, 0, 1, 1], "texture": "#2"},
				"down": {"uv": [0, 0, 1, 1], "texture": "#2"}
			}
		},
		{
			"name": "hexadecagon",
			"from": [6.3119, 8.48933, 6.4],
			"to": [6.38261, 8.56005, 7.4],
			"rotation": {"angle": -45, "axis": "z", "origin": [6.24187, 7.88762, 6.9]},
			"faces": {
				"north": {"uv": [0, 0, 1, 1], "texture": "#2"},
				"east": {"uv": [0, 0, 1, 1], "texture": "#2"},
				"south": {"uv": [0, 0, 1, 1], "texture": "#2"},
				"west": {"uv": [0, 0, 1, 1], "texture": "#2"},
				"up": {"uv": [0, 0, 1, 1], "texture": "#2"},
				"down": {"uv": [0, 0, 1, 1], "texture": "#2"}
			}
		},
		{
			"name": "hexadecagon",
			"from": [7.33474, 8.52371, 6.4],
			"to": [7.40545, 8.59442, 7.4],
			"rotation": {"angle": -22.5, "axis": "z", "origin": [7.2647, 7.922, 6.9]},
			"faces": {
				"north": {"uv": [0, 0, 1, 1], "texture": "#2"},
				"east": {"uv": [0, 0, 1, 1], "texture": "#2"},
				"south": {"uv": [0, 0, 1, 1], "texture": "#2"},
				"west": {"uv": [0, 0, 1, 1], "texture": "#2"},
				"up": {"uv": [0, 0, 1, 1], "texture": "#2"},
				"down": {"uv": [0, 0, 1, 1], "texture": "#2"}
			}
		}
	],
	"display": {
		"thirdperson_righthand": {
			"rotation": [67, -180, 0],
			"translation": [-6, -6.25, 10]
		},
		"thirdperson_lefthand": {
			"rotation": [67, -180, 0],
			"translation": [-6, -6.25, 10]
		},
		"firstperson_righthand": {
			"rotation": [0, 122, 0],
			"translation": [-0.5, 5.5, 2.75],
			"scale": [0.5, 0.5, 0.5]
		},
		"firstperson_lefthand": {
			"rotation": [0, 122, 0],
			"translation": [-0.5, 5.5, 2.75],
			"scale": [0.5, 0.5, 0.5]
		},
		"ground": {
			"translation": [0, 5.75, 0]
		},
		"gui": {
			"rotation": [0, 139, 0]
		},
		"head": {
			"rotation": [0, -180, 0],
			"translation": [0, -11.75, 5.75],
			"scale": [1.5, 1.5, 1.5]
		},
		"fixed": {
			"translation": [0, 4.5, -4.25],
			"scale": [1.7, 1.7, 1.7]
		}
	},
	"groups": [
		{
			"name": "group",
			"origin": [8, 8, 8],
			"children": [
				{
					"name": "group",
					"origin": [15.5, 9.35, 12.95],
					"children": [0, 1, 2]
				}, 3, 4, 5, 6, 7,
				{
					"name": "group",
					"origin": [12.21017, 15.53909, 14.5],
					"children": [8, 9, 10, 11, 12, 13, 14]
				}
			]
		},
		{
			"name": "group",
			"origin": [15.5, 9.5, 13.5],
			"children": [15, 16, 17, 18, 19, 20, 21, 22, 23, 24, 25, 26, 27, 28,
				{
					"name": "group",
					"origin": [15.5, 9.35, 12.95],
					"children": [29, 30, 31]
				}
			]
		},
		{
			"name": "group",
			"origin": [8, 8, 8],
			"children": [32, 33, 34, 35, 36, 37, 38]
		},
		{
			"name": "hexadecagon",
			"origin": [8, 8, 8],
			"children": [39, 40, 41, 42, 43, 44, 45, 46, 47, 48, 49]
		},
		{
			"name": "hexadecagon",
			"origin": [8, 8, 8],
			"children": [50, 51, 52, 53, 54, 55, 56, 57, 58, 59, 60]
		},
		{
			"name": "group",
			"origin": [12.21017, 15.53909, 14.5],
			"children": [61, 62, 63, 64, 65, 66, 67, 68]
		},
		{
			"name": "group",
			"origin": [12.21017, 15.53909, 14.5],
			"children": [69, 70, 71, 72, 73, 74, 75]
		},
		{
			"name": "group",
			"origin": [8, 8, 8],
			"children": [
				{
					"name": "hexadecagon",
					"origin": [8, 8, 8],
					"children": [76, 77, 78, 79, 80, 81, 82, 83]
				},
				{
					"name": "hexadecagon",
					"origin": [8, 8, 8],
					"children": [84, 85, 86, 87, 88, 89, 90, 91]
				},
				{
					"name": "hexadecagon",
					"origin": [8, 8, 8],
					"children": [92, 93, 94, 95, 96, 97, 98, 99]
				},
				{
					"name": "hexadecagon",
					"origin": [8, 8, 8],
					"children": [100, 101, 102, 103, 104]
				}
			]
		},
		{
			"name": "group",
			"origin": [8, 8, 8],
			"children": []
		},
		{
			"name": "group",
			"origin": [8, 8, 8],
			"children": [
				{
					"name": "hexadecagon",
					"origin": [8, 8, 8],
					"children": [105, 106, 107, 108, 109, 110, 111, 112]
				},
				{
					"name": "hexadecagon",
					"origin": [8, 8, 8],
					"children": [113, 114, 115, 116, 117, 118, 119, 120, 121, 122, 123, 124, 125, 126, 127, 128, 129, 130, 131, 132, 133, 134, 135, 136, 137, 138, 139, 140, 141, 142, 143, 144, 145, 146, 147, 148, 149, 150, 151, 152, 153, 154, 155, 156, 157]
				}
			]
		}
	]
}
