{
	"credit": "Made by Kastle",
	"textures": {
		"1": "blocks/redstone_block",
		"2": "blocks/wool_colored_black",
		"3": "blocks/wool_colored_yellow",
		"4": "blocks/wool_colored_silver"
	},
	"elements": [
		{
			"from": [3.5, 1, 6.5],
			"to": [12.5, 7, 10],
			"rotation": {"angle": 0, "axis": "y", "origin": [15.5, 9.5, 14.5]},
			"faces": {
				"north": {"uv": [7.016, 0.016, 15.984, 5.984], "texture": "#3"},
				"east": {"uv": [2.016, 6.016, 5.5, 6.984], "rotation": 180, "texture": "#1"},
				"south": {"uv": [0.016, 0.016, 0.984, 0.984], "texture": "#2"},
				"west": {"uv": [2.016, 6.016, 5.5, 6.984], "texture": "#1"},
				"up": {"uv": [4.016, 6.016, 4.984, 6.984], "texture": "#1"},
				"down": {"uv": [0.016, 0.016, 8.984, 3.5], "texture": "#missing"}
			}
		},
		{
			"from": [4.5, 0, 6.5],
			"to": [11.5, 1, 10],
			"rotation": {"angle": 0, "axis": "y", "origin": [15.5, 8.5, 14.5]},
			"faces": {
				"north": {"uv": [15.016, 6.016, 15.984, 6.984], "texture": "#3"},
				"east": {"uv": [0.016, 0.016, 3.5, 0.984], "texture": "#missing"},
				"south": {"uv": [0.016, 0.016, 0.984, 0.984], "texture": "#2"},
				"west": {"uv": [0.016, 0.016, 3.5, 0.984], "texture": "#missing"},
				"down": {"uv": [2.016, 6.016, 5.5, 6.984], "rotation": 270, "texture": "#1"}
			}
		},
		{
			"from": [17.95492, -1.04214, 6.5035],
			"to": [18.95292, 0.36924, 9.9965],
			"rotation": {"angle": -45, "axis": "z", "origin": [16.483, 8.48471, 14.4875]},
			"faces": {
				"north": {"uv": [15.016, 6.016, 15.984, 6.984], "texture": "#3"},
				"east": {"uv": [2.016, 6.016, 5.5, 6.984], "rotation": 180, "texture": "#1"},
				"south": {"uv": [0.016, 0.016, 0.984, 0.984], "texture": "#2"},
				"up": {"uv": [0.016, 0.016, 0.984, 3.5], "texture": "#missing"}
			}
		},
		{
			"from": [-2.95292, -1.04214, 6.5035],
			"to": [-1.95492, 0.36924, 9.9965],
			"rotation": {"angle": 45, "axis": "z", "origin": [-0.483, 8.48471, 14.4875]},
			"faces": {
				"north": {"uv": [15.016, 5.016, 15.984, 5.984], "texture": "#3"},
				"south": {"uv": [0.016, 0.016, 0.984, 0.984], "texture": "#2"},
				"west": {"uv": [2.016, 6.016, 5.5, 6.984], "texture": "#1"},
				"up": {"uv": [0.984, 0.016, 0.016, 3.5], "texture": "#missing"}
			}
		},
		{
			"from": [6.79225, 7.53985, 6.5035],
			"to": [12.28125, 10.03485, 9.9965],
			"rotation": {"angle": -22.5, "axis": "z", "origin": [3.79825, 15.52385, 14.4875]},
			"faces": {
				"north": {"uv": [12.016, 0.016, 12.984, 0.984], "texture": "#3"},
				"south": {"uv": [0.016, 0.016, 0.984, 0.984], "texture": "#2"},
				"west": {"uv": [2.016, 6.016, 4.984, 6.984], "texture": "#1"},
				"down": {"uv": [5.5, 0.016, 10.984, 3.5], "texture": "#missing"}
			}
		},
		{
			"from": [10.28057, 9.37785, 6.5035],
			"to": [15.76957, 10.87485, 9.9965],
			"rotation": {"angle": -45, "axis": "z", "origin": [7.28657, 16.36385, 14.4875]},
			"faces": {
				"north": {"uv": [12.016, 0.016, 12.984, 0.984], "texture": "#3"},
				"south": {"uv": [0.016, 0.016, 0.984, 0.984], "texture": "#2"},
				"west": {"uv": [2.016, 6.016, 4.984, 6.984], "texture": "#1"}
			}
		},
		{
			"from": [3.8448, 7.32198, 6.5035],
			"to": [5.3418, 12.81098, 9.9965],
			"rotation": {"angle": 22.5, "axis": "z", "origin": [10.8308, 15.80498, 14.4875]},
			"faces": {
				"north": {"uv": [12.016, 0.016, 12.984, 0.984], "rotation": 90, "texture": "#3"},
				"south": {"uv": [0.016, 0.016, 0.984, 0.984], "rotation": 270, "texture": "#2"},
				"up": {"uv": [2.016, 6.016, 5.5, 6.984], "rotation": 90, "texture": "#1"}
			}
		},
		{
			"from": [6.90538, 7.50084, 6.5035],
			"to": [9.09462, 10.93834, 9.9965],
			"rotation": {"angle": 0, "axis": "y", "origin": [15.485, 17.97984, 14.4875]},
			"faces": {
				"north": {"uv": [12.016, 0.016, 12.984, 0.984], "texture": "#3"},
				"south": {"uv": [0.016, 0.016, 0.984, 0.984], "texture": "#2"},
				"up": {"uv": [2.016, 6.016, 5.5, 6.984], "rotation": 90, "texture": "#1"}
			}
		},
		{
			"from": [10.6582, 7.32198, 6.5035],
			"to": [12.1552, 12.81098, 9.9965],
			"rotation": {"angle": -22.5, "axis": "z", "origin": [5.1692, 15.80498, 14.4875]},
			"faces": {
				"north": {"uv": [12.016, 0.016, 12.984, 0.984], "rotation": 90, "texture": "#3"},
				"south": {"uv": [0.016, 0.016, 0.984, 0.984], "rotation": 270, "texture": "#2"},
				"up": {"uv": [2.016, 6.016, 5.5, 6.984], "rotation": 90, "texture": "#1"}
			}
		},
		{
			"from": [0.23043, 9.37785, 6.5035],
			"to": [5.71943, 10.87485, 9.9965],
			"rotation": {"angle": 45, "axis": "z", "origin": [8.71343, 16.36385, 14.4875]},
			"faces": {
				"north": {"uv": [12.016, 0.016, 12.984, 0.984], "texture": "#3"},
				"east": {"uv": [2.016, 6.016, 5.5, 6.984], "rotation": 180, "texture": "#1"},
				"south": {"uv": [0.016, 0.016, 0.984, 0.984], "texture": "#2"}
			}
		},
		{
			"from": [3.71875, 7.53985, 6.5035],
			"to": [9.20775, 10.03485, 9.9965],
			"rotation": {"angle": 22.5, "axis": "z", "origin": [12.20175, 15.52385, 14.4875]},
			"faces": {
				"north": {"uv": [12.016, 0.016, 12.984, 0.984], "texture": "#3"},
				"east": {"uv": [2.016, 6.016, 5.5, 6.984], "rotation": 180, "texture": "#1"},
				"south": {"uv": [0.016, 0.016, 0.984, 0.984], "texture": "#2"},
				"down": {"uv": [0.016, 0.016, 5.5, 3.5], "texture": "#missing"}
			}
		},
		{
			"from": [6.00741, 3.00001, 6.0005],
			"to": [9.99259, 3.50242, 6.4995],
			"rotation": {"angle": 0, "axis": "y", "origin": [15.485, 11.98201, 13.4855]},
			"faces": {
				"north": {"uv": [0.016, 0.016, 0.984, 0.984], "texture": "#3"},
				"south": {"uv": [0.016, 0.016, 0.984, 0.984], "texture": "#1"},
				"up": {"uv": [0.016, 0.016, 0.984, 0.984], "texture": "#1"}
			}
		},
		{
			"from": [1.58875, 4.12821, 6.0005],
			"to": [2.58675, 4.37771, 6.4995],
			"rotation": {"angle": 45, "axis": "z", "origin": [7.57675, 13.11021, 13.4855]},
			"faces": {
				"north": {"uv": [0.016, 0.016, 0.984, 0.984], "texture": "#3"},
				"east": {"uv": [0.016, 0.016, 0.984, 0.984], "texture": "#1"},
				"south": {"uv": [0.016, 0.016, 0.984, 0.984], "texture": "#1"}
			}
		},
		{
			"from": [5.6799, 4.22588, 6.0005],
			"to": [6.6779, 4.47538, 6.4995],
			"rotation": {"angle": 22.5, "axis": "z", "origin": [11.6679, 13.20788, 13.4855]},
			"faces": {
				"north": {"uv": [0.016, 0.016, 0.984, 0.984], "texture": "#3"},
				"east": {"uv": [0.016, 0.016, 0.984, 0.984], "texture": "#1"},
				"south": {"uv": [0.016, 0.016, 0.984, 0.984], "texture": "#1"},
				"down": {"uv": [0.016, 0.016, 0.984, 0.984], "texture": "#1"}
			}
		},
		{
			"from": [3.1836, 5.46636, 6.0005],
			"to": [3.4331, 6.46436, 6.4995],
			"rotation": {"angle": 22.5, "axis": "z", "origin": [12.1656, 11.45436, 13.4855]},
			"faces": {
				"north": {"uv": [0.016, 0.016, 0.984, 0.984], "rotation": 90, "texture": "#3"},
				"south": {"uv": [0.016, 0.016, 0.984, 0.984], "rotation": 90, "texture": "#1"},
				"up": {"uv": [0.016, 0.016, 0.984, 0.984], "rotation": 90, "texture": "#1"}
			}
		},
		{
			"from": [13.41325, 4.12821, 6.0005],
			"to": [14.41125, 4.37771, 6.4995],
			"rotation": {"angle": -45, "axis": "z", "origin": [8.42325, 13.11021, 13.4855]},
			"faces": {
				"north": {"uv": [0.016, 0.016, 0.984, 0.984], "texture": "#3"},
				"south": {"uv": [0.016, 0.016, 0.984, 0.984], "texture": "#1"},
				"west": {"uv": [0.016, 0.016, 0.984, 0.984], "texture": "#1"}
			}
		},
		{
			"from": [9.3221, 4.22588, 6.0005],
			"to": [10.3201, 4.47538, 6.4995],
			"rotation": {"angle": -22.5, "axis": "z", "origin": [4.3321, 13.20788, 13.4855]},
			"faces": {
				"north": {"uv": [0.016, 0.016, 0.984, 0.984], "texture": "#3"},
				"south": {"uv": [0.016, 0.016, 0.984, 0.984], "texture": "#1"},
				"west": {"uv": [0.016, 0.016, 0.984, 0.984], "texture": "#1"},
				"down": {"uv": [0.016, 0.016, 0.984, 0.984], "texture": "#1"}
			}
		},
		{
			"from": [12.5669, 5.46636, 6.0005],
			"to": [12.8164, 6.46436, 6.4995],
			"rotation": {"angle": -22.5, "axis": "z", "origin": [3.8344, 11.45436, 13.4855]},
			"faces": {
				"north": {"uv": [0.016, 0.016, 0.984, 0.984], "rotation": 90, "texture": "#3"},
				"south": {"uv": [0.016, 0.016, 0.984, 0.984], "rotation": 90, "texture": "#1"},
				"up": {"uv": [0.016, 0.016, 0.984, 0.984], "rotation": 90, "texture": "#1"}
			}
		},
		{
			"from": [5.5, 0.5, 6],
			"to": [10.5, 3, 6.5],
			"rotation": {"angle": 0, "axis": "y", "origin": [15.5, 9.5, 13.5]},
			"faces": {
				"north": {"uv": [4.016, 0.016, 8.984, 2.5], "texture": "#3"},
				"east": {"uv": [0.016, 0.016, 0.5, 2.5], "texture": "#1"},
				"west": {"uv": [0.016, 0.016, 0.5, 2.5], "texture": "#1"},
				"up": {"uv": [0.016, 0.016, 4.984, 0.5], "texture": "#1"},
				"down": {"uv": [0.016, 0.016, 4.984, 0.5], "texture": "#1"}
			}
		},
		{
			"from": [6, 2.45, 5.95],
			"to": [10, 2.7, 6],
			"rotation": {"angle": 0, "axis": "y", "origin": [15.5, 9.2, 13]},
			"faces": {
				"north": {"uv": [3.016, 3.016, 3.984, 3.984], "texture": "#3"},
				"east": {"uv": [4.016, 5.016, 4.984, 5.984], "texture": "#1"},
				"west": {"uv": [4.016, 5.016, 4.984, 5.984], "texture": "#1"},
				"up": {"uv": [4.016, 5.016, 4.984, 5.984], "texture": "#1"},
				"down": {"uv": [4.016, 5.016, 4.984, 5.984], "texture": "#1"}
			}
		},
		{
			"from": [6, 2.75, 5.95],
			"to": [10, 3, 6],
			"rotation": {"angle": 0, "axis": "y", "origin": [15.5, 9.5, 13]},
			"faces": {
				"north": {"uv": [3.016, 3.016, 3.984, 3.984], "texture": "#3"},
				"east": {"uv": [4.016, 5.016, 4.984, 5.984], "texture": "#1"},
				"west": {"uv": [4.016, 5.016, 4.984, 5.984], "texture": "#1"},
				"up": {"uv": [4.016, 5.016, 4.984, 5.984], "texture": "#1"},
				"down": {"uv": [4.016, 5.016, 4.984, 5.984], "texture": "#1"}
			}
		},
		{
			"from": [6.25, 2.1, 5.9],
			"to": [6.5, 2.85, 5.95],
			"rotation": {"angle": 0, "axis": "y", "origin": [15.5, 9.35, 12.95]},
			"faces": {
				"north": {"uv": [2.016, 0.016, 2.984, 0.984], "texture": "#4"},
				"east": {"uv": [2.016, 0.016, 2.984, 0.984], "texture": "#4"},
				"south": {"uv": [2.016, 0.016, 2.984, 0.984], "texture": "#4"},
				"west": {"uv": [2.016, 0.016, 2.984, 0.984], "texture": "#4"},
				"up": {"uv": [2.016, 0.016, 2.984, 0.984], "texture": "#4"},
				"down": {"uv": [2.016, 0.016, 2.984, 0.984], "texture": "#4"}
			}
		},
		{
			"from": [7.5, 12, 8],
			"to": [8.5, 12.25, 8.5],
			"rotation": {"angle": 0, "axis": "y", "origin": [16, 19.75, 16]},
			"faces": {
				"north": {"uv": [0.016, 0.016, 0.984, 0.984], "texture": "#2"},
				"south": {"uv": [0.016, 0.016, 0.984, 0.984], "texture": "#2"},
				"up": {"uv": [0.016, 0.016, 0.984, 0.984], "texture": "#2"},
				"down": {"uv": [0.016, 0.016, 0.984, 0.984], "texture": "#2"}
			}
		},
		{
			"from": [10.7231, 8.17629, 8],
			"to": [11.2231, 8.42629, 8.5],
			"rotation": {"angle": -22.5, "axis": "z", "origin": [19.2231, 15.92629, 16]},
			"faces": {
				"north": {"uv": [0.016, 0.016, 0.984, 0.984], "texture": "#2"},
				"south": {"uv": [0.016, 0.016, 0.984, 0.984], "texture": "#2"},
				"up": {"uv": [0.016, 0.016, 0.984, 0.984], "texture": "#2"},
				"down": {"uv": [0.016, 0.016, 0.984, 0.984], "texture": "#2"}
			}
		},
		{
			"from": [4.7769, 8.17629, 8],
			"to": [5.2769, 8.42629, 8.5],
			"rotation": {"angle": 22.5, "axis": "z", "origin": [-3.2231, 15.92629, 16]},
			"faces": {
				"north": {"uv": [0.016, 0.016, 0.984, 0.984], "texture": "#2"},
				"south": {"uv": [0.016, 0.016, 0.984, 0.984], "texture": "#2"},
				"up": {"uv": [0.016, 0.016, 0.984, 0.984], "texture": "#2"},
				"down": {"uv": [0.016, 0.016, 0.984, 0.984], "texture": "#2"}
			}
		},
		{
			"from": [11.77565, 3.60155, 8],
			"to": [12.27565, 3.85155, 8.5],
			"rotation": {"angle": -45, "axis": "z", "origin": [20.27565, 11.35155, 16]},
			"faces": {
				"north": {"uv": [0.016, 0.016, 0.984, 0.984], "texture": "#2"},
				"south": {"uv": [0.016, 0.016, 0.984, 0.984], "texture": "#2"},
				"up": {"uv": [0.016, 0.016, 0.984, 0.984], "texture": "#2"},
				"down": {"uv": [0.016, 0.016, 0.984, 0.984], "texture": "#2"}
			}
		},
		{
			"from": [3.72435, 3.60155, 8],
			"to": [4.22435, 3.85155, 8.5],
			"rotation": {"angle": 45, "axis": "z", "origin": [-4.27565, 11.35155, 16]},
			"faces": {
				"north": {"uv": [0.016, 0.016, 0.984, 0.984], "texture": "#2"},
				"south": {"uv": [0.016, 0.016, 0.984, 0.984], "texture": "#2"},
				"up": {"uv": [0.016, 0.016, 0.984, 0.984], "texture": "#2"},
				"down": {"uv": [0.016, 0.016, 0.984, 0.984], "texture": "#2"}
			}
		},
		{
			"from": [11.7474, 13.72225, 8],
			"to": [11.9974, 15.22225, 8.5],
			"rotation": {"angle": 22.5, "axis": "z", "origin": [19.4974, 6.72225, 16]},
			"faces": {
				"north": {"uv": [0.016, 0.016, 0.984, 0.984], "rotation": 270, "texture": "#2"},
				"east": {"uv": [0.016, 0.016, 0.984, 0.984], "rotation": 270, "texture": "#2"},
				"south": {"uv": [0.016, 0.016, 0.984, 0.984], "rotation": 270, "texture": "#2"},
				"west": {"uv": [0.016, 0.016, 0.984, 0.984], "rotation": 270, "texture": "#2"}
			}
		},
		{
			"from": [4.0026, 13.72225, 8],
			"to": [4.2526, 15.22225, 8.5],
			"rotation": {"angle": -22.5, "axis": "z", "origin": [-3.4974, 6.72225, 16]},
			"faces": {
				"north": {"uv": [0.016, 0.016, 0.984, 0.984], "rotation": 270, "texture": "#2"},
				"east": {"uv": [0.016, 0.016, 0.984, 0.984], "rotation": 270, "texture": "#2"},
				"south": {"uv": [0.016, 0.016, 0.984, 0.984], "rotation": 270, "texture": "#2"},
				"west": {"uv": [0.016, 0.016, 0.984, 0.984], "rotation": 270, "texture": "#2"}
			}
		},
		{
			"name": "hexadecagon",
			"from": [10, 6.04565, 13.75],
			"to": [11, 7.04565, 14],
			"rotation": {"angle": -45, "axis": "x", "origin": [10.5, 6.25, 10]},
			"faces": {
				"north": {"uv": [0.016, 0.016, 0.984, 0.984], "texture": "#2"},
				"east": {"uv": [0.016, 0.016, 0.984, 0.984], "texture": "#2"},
				"south": {"uv": [0.016, 0.016, 0.984, 0.984], "texture": "#2"},
				"west": {"uv": [0.016, 0.016, 0.984, 0.984], "texture": "#2"}
			}
		},
		{
			"name": "hexadecagon",
			"from": [10, 3.20435, 13.75],
			"to": [11, 4.20435, 14],
			"rotation": {"angle": 45, "axis": "x", "origin": [10.5, 4, 10]},
			"faces": {
				"north": {"uv": [0.016, 0.016, 0.984, 0.984], "texture": "#2"},
				"east": {"uv": [0.016, 0.016, 0.984, 0.984], "texture": "#2"},
				"south": {"uv": [0.016, 0.016, 0.984, 0.984], "texture": "#2"},
				"west": {"uv": [0.016, 0.016, 0.984, 0.984], "texture": "#2"}
			}
		},
		{
			"name": "hexadecagon",
			"from": [10, 6.46376, 13.33189],
			"to": [11, 7.46376, 13.58189],
			"rotation": {"angle": -22.5, "axis": "x", "origin": [10.5, 6.66811, 9.58189]},
			"faces": {
				"north": {"uv": [0.016, 0.016, 0.984, 0.984], "texture": "#2"},
				"east": {"uv": [0.016, 0.016, 0.984, 0.984], "texture": "#2"},
				"south": {"uv": [0.016, 0.016, 0.984, 0.984], "texture": "#2"},
				"west": {"uv": [0.016, 0.016, 0.984, 0.984], "texture": "#2"}
			}
		},
		{
			"name": "hexadecagon",
			"from": [10, 2.78624, 13.33189],
			"to": [11, 3.78624, 13.58189],
			"rotation": {"angle": 22.5, "axis": "x", "origin": [10.5, 3.58189, 9.58189]},
			"faces": {
				"north": {"uv": [0.016, 0.016, 0.984, 0.984], "texture": "#2"},
				"east": {"uv": [0.016, 0.016, 0.984, 0.984], "texture": "#2"},
				"south": {"uv": [0.016, 0.016, 0.984, 0.984], "texture": "#2"},
				"west": {"uv": [0.016, 0.016, 0.984, 0.984], "texture": "#2"}
			}
		},
		{
			"name": "hexadecagon",
			"from": [10, 2.23995, 13.10561],
			"to": [11, 8.01005, 13.35561],
			"rotation": {"angle": 0, "axis": "y", "origin": [10.5, 6.9644, 9.35561]},
			"faces": {
				"north": {"uv": [0.016, 0.016, 0.984, 0.984], "texture": "#2"},
				"east": {"uv": [0.016, 0.016, 0.984, 0.984], "texture": "#2"},
				"south": {"uv": [0.016, 0.016, 0.984, 0.984], "texture": "#2"},
				"west": {"uv": [0.016, 0.016, 0.984, 0.984], "texture": "#2"}
			}
		},
		{
			"name": "hexadecagon",
			"from": [10, 10, 11.31211],
			"to": [11, 10.25, 11.81211],
			"rotation": {"angle": -22.5, "axis": "x", "origin": [10.5, 6.25, 12.10776]},
			"faces": {
				"north": {"uv": [0.016, 0.016, 0.984, 0.984], "texture": "#2"},
				"east": {"uv": [0.016, 0.016, 0.984, 0.984], "texture": "#2"},
				"west": {"uv": [0.016, 0.016, 0.984, 0.984], "texture": "#2"},
				"up": {"uv": [0.016, 0.016, 0.984, 0.984], "texture": "#2"},
				"down": {"uv": [0.016, 0.016, 0.984, 0.984], "texture": "#2"}
			}
		},
		{
			"name": "hexadecagon",
			"from": [10, 0, 11.31211],
			"to": [11, 0.25, 11.81211],
			"rotation": {"angle": 22.5, "axis": "x", "origin": [10.5, 4, 12.10776]},
			"faces": {
				"east": {"uv": [0.016, 0.016, 0.984, 0.984], "texture": "#2"},
				"west": {"uv": [0.016, 0.016, 0.984, 0.984], "texture": "#2"},
				"up": {"uv": [0.016, 0.016, 0.984, 0.984], "texture": "#2"},
				"down": {"uv": [0.016, 0.016, 0.984, 0.984], "texture": "#2"}
			}
		},
		{
			"name": "hexadecagon",
			"from": [10, 9.58238, 10.30388],
			"to": [11, 9.83238, 11.80388],
			"rotation": {"angle": 0, "axis": "y", "origin": [10.5, 5.83238, 11.09953]},
			"faces": {
				"east": {"uv": [0.016, 0.016, 0.984, 0.984], "texture": "#2"},
				"west": {"uv": [0.016, 0.016, 0.984, 0.984], "texture": "#2"},
				"up": {"uv": [0.016, 0.016, 0.984, 0.984], "texture": "#2"},
				"down": {"uv": [0.016, 0.016, 0.984, 0.984], "texture": "#2"}
			}
		},
		{
			"name": "hexadecagon",
			"from": [10, 0.41762, 10.30388],
			"to": [11, 0.66762, 11.80388],
			"rotation": {"angle": 0, "axis": "y", "origin": [10.5, 4.41762, 11.09953]},
			"faces": {
				"east": {"uv": [0.016, 0.016, 0.984, 0.984], "texture": "#2"},
				"west": {"uv": [0.016, 0.016, 0.984, 0.984], "texture": "#2"},
				"up": {"uv": [0.016, 0.016, 0.984, 0.984], "texture": "#2"},
				"down": {"uv": [0.016, 0.016, 0.984, 0.984], "texture": "#2"}
			}
		},
		{
			"name": "hexadecagon",
			"from": [10, 9.58238, 10.21258],
			"to": [11, 9.83238, 10.71258],
			"rotation": {"angle": 22.5, "axis": "x", "origin": [10.5, 5.83238, 11.00823]},
			"faces": {
				"east": {"uv": [0.016, 0.016, 0.984, 0.984], "texture": "#2"},
				"west": {"uv": [0.016, 0.016, 0.984, 0.984], "texture": "#2"},
				"up": {"uv": [0.016, 0.016, 0.984, 0.984], "texture": "#2"},
				"down": {"uv": [0.016, 0.016, 0.984, 0.984], "texture": "#2"}
			}
		},
		{
			"name": "hexadecagon",
			"from": [10, 0.41762, 10.21258],
			"to": [11, 0.66762, 10.71258],
			"rotation": {"angle": -22.5, "axis": "x", "origin": [10.5, 4.41762, 11.00823]},
			"faces": {
				"east": {"uv": [0.016, 0.016, 0.984, 0.984], "texture": "#2"},
				"west": {"uv": [0.016, 0.016, 0.984, 0.984], "texture": "#2"},
				"up": {"uv": [0.016, 0.016, 0.984, 0.984], "texture": "#2"},
				"down": {"uv": [0.016, 0.016, 0.984, 0.984], "texture": "#2"}
			}
		},
		{
			"name": "hexadecagon",
			"from": [5, 6.04565, 13.75],
			"to": [6, 7.04565, 14],
			"rotation": {"angle": -45, "axis": "x", "origin": [5.5, 6.25, 10]},
			"faces": {
				"north": {"uv": [0.016, 0.016, 0.984, 0.984], "texture": "#2"},
				"east": {"uv": [0.016, 0.016, 0.984, 0.984], "texture": "#2"},
				"south": {"uv": [0.016, 0.016, 0.984, 0.984], "texture": "#2"},
				"west": {"uv": [0.016, 0.016, 0.984, 0.984], "texture": "#2"}
			}
		},
		{
			"name": "hexadecagon",
			"from": [5, 3.20435, 13.75],
			"to": [6, 4.20435, 14],
			"rotation": {"angle": 45, "axis": "x", "origin": [5.5, 4, 10]},
			"faces": {
				"north": {"uv": [0.016, 0.016, 0.984, 0.984], "texture": "#2"},
				"east": {"uv": [0.016, 0.016, 0.984, 0.984], "texture": "#2"},
				"south": {"uv": [0.016, 0.016, 0.984, 0.984], "texture": "#2"},
				"west": {"uv": [0.016, 0.016, 0.984, 0.984], "texture": "#2"}
			}
		},
		{
			"name": "hexadecagon",
			"from": [5, 6.46376, 13.33189],
			"to": [6, 7.46376, 13.58189],
			"rotation": {"angle": -22.5, "axis": "x", "origin": [5.5, 6.66811, 9.58189]},
			"faces": {
				"north": {"uv": [0.016, 0.016, 0.984, 0.984], "texture": "#2"},
				"east": {"uv": [0.016, 0.016, 0.984, 0.984], "texture": "#2"},
				"south": {"uv": [0.016, 0.016, 0.984, 0.984], "texture": "#2"},
				"west": {"uv": [0.016, 0.016, 0.984, 0.984], "texture": "#2"}
			}
		},
		{
			"name": "hexadecagon",
			"from": [5, 2.78624, 13.33189],
			"to": [6, 3.78624, 13.58189],
			"rotation": {"angle": 22.5, "axis": "x", "origin": [5.5, 3.58189, 9.58189]},
			"faces": {
				"north": {"uv": [0.016, 0.016, 0.984, 0.984], "texture": "#2"},
				"east": {"uv": [0.016, 0.016, 0.984, 0.984], "texture": "#2"},
				"south": {"uv": [0.016, 0.016, 0.984, 0.984], "texture": "#2"},
				"west": {"uv": [0.016, 0.016, 0.984, 0.984], "texture": "#2"}
			}
		},
		{
			"name": "hexadecagon",
			"from": [5, 2.23995, 13.10561],
			"to": [6, 8.01005, 13.35561],
			"rotation": {"angle": 0, "axis": "y", "origin": [5.5, 6.9644, 9.35561]},
			"faces": {
				"north": {"uv": [0.016, 0.016, 0.984, 0.984], "texture": "#2"},
				"east": {"uv": [0.016, 0.016, 0.984, 0.984], "texture": "#2"},
				"south": {"uv": [0.016, 0.016, 0.984, 0.984], "texture": "#2"},
				"west": {"uv": [0.016, 0.016, 0.984, 0.984], "texture": "#2"}
			}
		},
		{
			"name": "hexadecagon",
			"from": [5, 10, 11.31211],
			"to": [6, 10.25, 11.81211],
			"rotation": {"angle": -22.5, "axis": "x", "origin": [5.5, 6.25, 12.10776]},
			"faces": {
				"north": {"uv": [0.016, 0.016, 0.984, 0.984], "texture": "#2"},
				"east": {"uv": [0.016, 0.016, 0.984, 0.984], "texture": "#2"},
				"west": {"uv": [0.016, 0.016, 0.984, 0.984], "texture": "#2"},
				"up": {"uv": [0.016, 0.016, 0.984, 0.984], "texture": "#2"},
				"down": {"uv": [0.016, 0.016, 0.984, 0.984], "texture": "#2"}
			}
		},
		{
			"name": "hexadecagon",
			"from": [5, 0, 11.31211],
			"to": [6, 0.25, 11.81211],
			"rotation": {"angle": 22.5, "axis": "x", "origin": [5.5, 4, 12.10776]},
			"faces": {
				"east": {"uv": [0.016, 0.016, 0.984, 0.984], "texture": "#2"},
				"west": {"uv": [0.016, 0.016, 0.984, 0.984], "texture": "#2"},
				"up": {"uv": [0.016, 0.016, 0.984, 0.984], "texture": "#2"},
				"down": {"uv": [0.016, 0.016, 0.984, 0.984], "texture": "#2"}
			}
		},
		{
			"name": "hexadecagon",
			"from": [5, 9.58238, 10.30388],
			"to": [6, 9.83238, 11.80388],
			"rotation": {"angle": 0, "axis": "y", "origin": [5.5, 5.83238, 11.09953]},
			"faces": {
				"east": {"uv": [0.016, 0.016, 0.984, 0.984], "texture": "#2"},
				"west": {"uv": [0.016, 0.016, 0.984, 0.984], "texture": "#2"},
				"up": {"uv": [0.016, 0.016, 0.984, 0.984], "texture": "#2"},
				"down": {"uv": [0.016, 0.016, 0.984, 0.984], "texture": "#2"}
			}
		},
		{
			"name": "hexadecagon",
			"from": [5, 0.41762, 10.30388],
			"to": [6, 0.66762, 11.80388],
			"rotation": {"angle": 0, "axis": "y", "origin": [5.5, 4.41762, 11.09953]},
			"faces": {
				"east": {"uv": [0.016, 0.016, 0.984, 0.984], "texture": "#2"},
				"west": {"uv": [0.016, 0.016, 0.984, 0.984], "texture": "#2"},
				"up": {"uv": [0.016, 0.016, 0.984, 0.984], "texture": "#2"},
				"down": {"uv": [0.016, 0.016, 0.984, 0.984], "texture": "#2"}
			}
		},
		{
			"name": "hexadecagon",
			"from": [5, 9.58238, 10.21258],
			"to": [6, 9.83238, 10.71258],
			"rotation": {"angle": 22.5, "axis": "x", "origin": [5.5, 5.83238, 11.00823]},
			"faces": {
				"east": {"uv": [0.016, 0.016, 0.984, 0.984], "texture": "#2"},
				"west": {"uv": [0.016, 0.016, 0.984, 0.984], "texture": "#2"},
				"up": {"uv": [0.016, 0.016, 0.984, 0.984], "texture": "#2"},
				"down": {"uv": [0.016, 0.016, 0.984, 0.984], "texture": "#2"}
			}
		},
		{
			"name": "hexadecagon",
			"from": [5, 0.41762, 10.21258],
			"to": [6, 0.66762, 10.71258],
			"rotation": {"angle": -22.5, "axis": "x", "origin": [5.5, 4.41762, 11.00823]},
			"faces": {
				"east": {"uv": [0.016, 0.016, 0.984, 0.984], "texture": "#2"},
				"west": {"uv": [0.016, 0.016, 0.984, 0.984], "texture": "#2"},
				"up": {"uv": [0.016, 0.016, 0.984, 0.984], "texture": "#2"},
				"down": {"uv": [0.016, 0.016, 0.984, 0.984], "texture": "#2"}
			}
		},
		{
			"from": [6.78983, 7.58909, 7.5],
			"to": [6.83983, 10.08909, 7.75],
			"rotation": {"angle": -22.5, "axis": "z", "origin": [3.78983, 15.58909, 15.5]},
			"faces": {
				"north": {"uv": [2.016, 6.016, 2.984, 6.984], "texture": "#1"},
				"south": {"uv": [2.016, 6.016, 2.984, 6.984], "texture": "#1"},
				"west": {"uv": [2.016, 6.016, 2.984, 6.984], "texture": "#3"},
				"down": {"uv": [2.016, 6.016, 2.984, 6.984], "texture": "#1"}
			}
		},
		{
			"from": [6.73983, 7.33909, 7.25],
			"to": [6.78983, 8.08909, 7.5],
			"rotation": {"angle": -22.5, "axis": "z", "origin": [3.78983, 15.58909, 15.5]},
			"faces": {
				"north": {"uv": [2.016, 6.016, 2.984, 6.984], "texture": "#4"},
				"east": {"uv": [2.016, 6.016, 2.984, 6.984], "texture": "#4"},
				"south": {"uv": [2.016, 6.016, 2.984, 6.984], "texture": "#4"},
				"west": {"uv": [2.016, 6.016, 2.984, 6.984], "texture": "#4"},
				"up": {"uv": [2.016, 6.016, 2.984, 6.984], "texture": "#4"},
				"down": {"uv": [2.016, 6.016, 2.984, 6.984], "texture": "#4"}
			}
		},
		{
			"from": [10.28514, 9.43077, 7.5],
			"to": [10.33514, 10.93077, 7.75],
			"rotation": {"angle": -45, "axis": "z", "origin": [7.28514, 16.43077, 15.5]},
			"faces": {
				"north": {"uv": [2.016, 6.016, 2.984, 6.984], "texture": "#1"},
				"east": {"uv": [2.016, 6.016, 2.984, 6.984], "texture": "#1"},
				"south": {"uv": [2.016, 6.016, 2.984, 6.984], "texture": "#1"},
				"west": {"uv": [2.016, 6.016, 2.984, 6.984], "texture": "#3"}
			}
		},
		{
			"from": [3.83648, 12.82078, 7.5],
			"to": [5.33648, 12.87078, 7.75],
			"rotation": {"angle": 22.5, "axis": "z", "origin": [10.83648, 15.87078, 15.5]},
			"faces": {
				"north": {"uv": [2.016, 6.016, 2.984, 6.984], "rotation": 270, "texture": "#1"},
				"south": {"uv": [2.016, 6.016, 2.984, 6.984], "rotation": 270, "texture": "#1"},
				"up": {"uv": [2.016, 6.016, 2.984, 6.984], "rotation": 270, "texture": "#3"},
				"down": {"uv": [2.016, 6.016, 2.984, 6.984], "rotation": 270, "texture": "#1"}
			}
		},
		{
			"from": [6.90319, 10.94438, 7.5],
			"to": [9.09681, 10.99438, 7.75],
			"rotation": {"angle": 0, "axis": "y", "origin": [15.5, 18.05, 15.5]},
			"faces": {
				"north": {"uv": [2.016, 6.016, 2.984, 6.984], "texture": "#1"},
				"south": {"uv": [2.016, 6.016, 2.984, 6.984], "texture": "#1"},
				"up": {"uv": [2.016, 6.016, 2.984, 6.984], "texture": "#3"},
				"down": {"uv": [2.016, 6.016, 2.984, 6.984], "texture": "#1"}
			}
		},
		{
			"from": [10.66352, 12.82078, 7.5],
			"to": [12.16352, 12.87078, 7.75],
			"rotation": {"angle": -22.5, "axis": "z", "origin": [5.16352, 15.87078, 15.5]},
			"faces": {
				"north": {"uv": [2.016, 6.016, 2.984, 6.984], "rotation": 270, "texture": "#1"},
				"south": {"uv": [2.016, 6.016, 2.984, 6.984], "rotation": 270, "texture": "#1"},
				"up": {"uv": [2.016, 6.016, 2.984, 6.984], "rotation": 270, "texture": "#3"},
				"down": {"uv": [2.016, 6.016, 2.984, 6.984], "rotation": 270, "texture": "#1"}
			}
		},
		{
			"from": [5.66486, 9.43077, 7.5],
			"to": [5.71486, 10.93077, 7.75],
			"rotation": {"angle": 45, "axis": "z", "origin": [8.71486, 16.43077, 15.5]},
			"faces": {
				"north": {"uv": [2.016, 6.016, 2.984, 6.984], "texture": "#1"},
				"east": {"uv": [2.016, 6.016, 2.984, 6.984], "texture": "#3"},
				"south": {"uv": [2.016, 6.016, 2.984, 6.984], "texture": "#1"},
				"west": {"uv": [2.016, 6.016, 2.984, 6.984], "texture": "#1"}
			}
		},
		{
			"from": [9.16017, 7.58909, 7.5],
			"to": [9.21017, 10.08909, 7.75],
			"rotation": {"angle": 22.5, "axis": "z", "origin": [12.21017, 15.58909, 15.5]},
			"faces": {
				"north": {"uv": [2.016, 6.016, 2.984, 6.984], "texture": "#1"},
				"east": {"uv": [2.016, 6.016, 2.984, 6.984], "texture": "#3"},
				"south": {"uv": [2.016, 6.016, 2.984, 6.984], "texture": "#1"},
				"down": {"uv": [2.016, 6.016, 2.984, 6.984], "texture": "#1"}
			}
		},
		{
			"from": [6.78983, 7.58909, 7.2],
			"to": [6.83983, 10.08909, 7.45],
			"rotation": {"angle": -22.5, "axis": "z", "origin": [3.78983, 15.58909, 15.2]},
			"faces": {
				"north": {"uv": [2.016, 7.016, 2.984, 7.984], "texture": "#1"},
				"south": {"uv": [2.016, 7.016, 2.984, 7.984], "texture": "#1"},
				"west": {"uv": [2.016, 7.016, 2.984, 7.984], "texture": "#3"},
				"down": {"uv": [2.016, 7.016, 2.984, 7.984], "texture": "#1"}
			}
		},
		{
			"from": [10.28514, 9.43077, 7.2],
			"to": [10.33514, 10.93077, 7.45],
			"rotation": {"angle": -45, "axis": "z", "origin": [7.28514, 16.43077, 15.2]},
			"faces": {
				"north": {"uv": [2.016, 7.016, 2.984, 7.984], "texture": "#1"},
				"east": {"uv": [2.016, 7.016, 2.984, 7.984], "texture": "#1"},
				"south": {"uv": [2.016, 7.016, 2.984, 7.984], "texture": "#1"},
				"west": {"uv": [2.016, 7.016, 2.984, 7.984], "texture": "#3"}
			}
		},
		{
			"from": [3.83648, 12.82078, 7.2],
			"to": [5.33648, 12.87078, 7.45],
			"rotation": {"angle": 22.5, "axis": "z", "origin": [10.83648, 15.87078, 15.2]},
			"faces": {
				"north": {"uv": [2.016, 7.016, 2.984, 7.984], "rotation": 270, "texture": "#1"},
				"south": {"uv": [2.016, 7.016, 2.984, 7.984], "rotation": 270, "texture": "#1"},
				"up": {"uv": [2.016, 7.016, 2.984, 7.984], "rotation": 270, "texture": "#3"},
				"down": {"uv": [2.016, 7.016, 2.984, 7.984], "rotation": 270, "texture": "#1"}
			}
		},
		{
			"from": [6.90319, 10.94438, 7.2],
			"to": [9.09681, 10.99438, 7.45],
			"rotation": {"angle": 0, "axis": "y", "origin": [15.5, 18.05, 15.2]},
			"faces": {
				"north": {"uv": [2.016, 7.016, 2.984, 7.984], "texture": "#1"},
				"south": {"uv": [2.016, 7.016, 2.984, 7.984], "texture": "#1"},
				"up": {"uv": [2.016, 7.016, 2.984, 7.984], "texture": "#3"},
				"down": {"uv": [2.016, 7.016, 2.984, 7.984], "texture": "#1"}
			}
		},
		{
			"from": [10.66352, 12.82078, 7.2],
			"to": [12.16352, 12.87078, 7.45],
			"rotation": {"angle": -22.5, "axis": "z", "origin": [5.16352, 15.87078, 15.2]},
			"faces": {
				"north": {"uv": [2.016, 7.016, 2.984, 7.984], "rotation": 270, "texture": "#1"},
				"south": {"uv": [2.016, 7.016, 2.984, 7.984], "rotation": 270, "texture": "#1"},
				"up": {"uv": [2.016, 7.016, 2.984, 7.984], "rotation": 270, "texture": "#3"},
				"down": {"uv": [2.016, 7.016, 2.984, 7.984], "rotation": 270, "texture": "#1"}
			}
		},
		{
			"from": [5.66486, 9.43077, 7.2],
			"to": [5.71486, 10.93077, 7.45],
			"rotation": {"angle": 45, "axis": "z", "origin": [8.71486, 16.43077, 15.2]},
			"faces": {
				"north": {"uv": [2.016, 7.016, 2.984, 7.984], "texture": "#1"},
				"east": {"uv": [2.016, 7.016, 2.984, 7.984], "texture": "#3"},
				"south": {"uv": [2.016, 7.016, 2.984, 7.984], "texture": "#1"},
				"west": {"uv": [2.016, 7.016, 2.984, 7.984], "texture": "#1"}
			}
		},
		{
			"from": [9.16017, 7.58909, 7.2],
			"to": [9.21017, 10.08909, 7.45],
			"rotation": {"angle": 22.5, "axis": "z", "origin": [12.21017, 15.58909, 15.2]},
			"faces": {
				"north": {"uv": [2.016, 7.016, 2.984, 7.984], "texture": "#1"},
				"east": {"uv": [2.016, 7.016, 2.984, 7.984], "texture": "#3"},
				"south": {"uv": [2.016, 7.016, 2.984, 7.984], "texture": "#1"},
				"down": {"uv": [2.016, 7.016, 2.984, 7.984], "texture": "#1"}
			}
		},
		{
			"from": [7.408, 5.79939, 6.34747],
			"to": [8.592, 5.89699, 6.93947],
			"rotation": {"angle": 0, "axis": "y", "origin": [16.88, 15.07299, 15.81947]},
			"faces": {
				"north": {"uv": [0.016, 0.016, 0.984, 0.984], "texture": "#2"},
				"up": {"uv": [0.016, 0.016, 0.984, 0.984], "texture": "#2"},
				"down": {"uv": [0.016, 0.016, 0.984, 0.984], "texture": "#2"}
			}
		},
		{
			"from": [2.47361, 8.27259, 6.34747],
			"to": [3.26561, 8.37019, 6.93947],
			"rotation": {"angle": 22.5, "axis": "z", "origin": [11.55361, 17.54619, 15.81947]},
			"faces": {
				"north": {"uv": [0.016, 0.016, 0.984, 0.984], "texture": "#2"},
				"south": {"uv": [0.016, 0.016, 0.984, 0.984], "texture": "#2"},
				"west": {"uv": [0.016, 0.016, 0.984, 0.984], "texture": "#2"},
				"up": {"uv": [0.016, 0.016, 0.984, 0.984], "texture": "#2"},
				"down": {"uv": [0.016, 0.016, 0.984, 0.984], "texture": "#2"}
			}
		},
		{
			"from": [12.73439, 8.27259, 6.34747],
			"to": [13.52639, 8.37019, 6.93947],
			"rotation": {"angle": -22.5, "axis": "z", "origin": [4.44639, 17.54619, 15.81947]},
			"faces": {
				"north": {"uv": [0.016, 0.016, 0.984, 0.984], "texture": "#2"},
				"east": {"uv": [0.016, 0.016, 0.984, 0.984], "texture": "#2"},
				"south": {"uv": [0.016, 0.016, 0.984, 0.984], "texture": "#2"},
				"up": {"uv": [0.016, 0.016, 0.984, 0.984], "texture": "#2"},
				"down": {"uv": [0.016, 0.016, 0.984, 0.984], "texture": "#2"}
			}
		},
		{
			"name": "hexadecagon",
			"from": [5.74535, 5.70129, 6.36884],
			"to": [5.88665, 6.41169, 7.31604],
			"rotation": {"angle": 45, "axis": "z", "origin": [5.816, 6.05649, 6.84244]},
			"faces": {
				"north": {"uv": [0.016, 0.016, 0.984, 0.984], "texture": "#2"},
				"south": {"uv": [0.016, 0.016, 0.984, 0.984], "texture": "#2"},
				"up": {"uv": [0.016, 0.016, 0.984, 0.984], "texture": "#2"}
			}
		},
		{
			"name": "hexadecagon",
			"from": [5.74535, 5.46449, 6.36884],
			"to": [5.88665, 6.17489, 7.31604],
			"rotation": {"angle": 45, "axis": "z", "origin": [5.816, 5.81969, 6.84244]},
			"faces": {
				"north": {"uv": [0.016, 0.016, 0.984, 0.984], "texture": "#2"},
				"south": {"uv": [0.016, 0.016, 0.984, 0.984], "texture": "#2"},
				"down": {"uv": [0.016, 0.016, 0.984, 0.984], "texture": "#2"}
			}
		},
		{
			"name": "hexadecagon",
			"from": [5.74535, 5.70129, 6.36884],
			"to": [5.88665, 6.41169, 7.31604],
			"rotation": {"angle": 22.5, "axis": "z", "origin": [5.816, 6.05649, 6.84244]},
			"faces": {
				"north": {"uv": [0.016, 0.016, 0.984, 0.984], "texture": "#2"},
				"south": {"uv": [0.016, 0.016, 0.984, 0.984], "texture": "#2"},
				"up": {"uv": [0.016, 0.016, 0.984, 0.984], "texture": "#2"}
			}
		},
		{
			"name": "hexadecagon",
			"from": [5.74535, 5.46449, 6.36884],
			"to": [5.88665, 6.17489, 7.31604],
			"rotation": {"angle": 22.5, "axis": "z", "origin": [5.816, 5.81969, 6.84244]},
			"faces": {
				"north": {"uv": [0.016, 0.016, 0.984, 0.984], "texture": "#2"},
				"south": {"uv": [0.016, 0.016, 0.984, 0.984], "texture": "#2"},
				"down": {"uv": [0.016, 0.016, 0.984, 0.984], "texture": "#2"}
			}
		},
		{
			"name": "hexadecagon",
			"from": [5.74535, 5.70129, 6.36884],
			"to": [5.88665, 6.41169, 7.31604],
			"rotation": {"angle": 0, "axis": "y", "origin": [5.816, 6.05649, 6.84244]},
			"faces": {
				"north": {"uv": [0.016, 0.016, 0.984, 0.984], "texture": "#2"},
				"up": {"uv": [0.016, 0.016, 0.984, 0.984], "texture": "#2"}
			}
		},
		{
			"name": "hexadecagon",
			"from": [5.74535, 5.46449, 6.36884],
			"to": [5.88665, 6.17489, 7.31604],
			"rotation": {"angle": 0, "axis": "y", "origin": [5.816, 5.81969, 6.84244]},
			"faces": {
				"north": {"uv": [0.016, 0.016, 0.984, 0.984], "texture": "#2"},
				"down": {"uv": [0.016, 0.016, 0.984, 0.984], "texture": "#2"}
			}
		},
		{
			"name": "hexadecagon",
			"from": [5.74535, 5.70129, 6.36884],
			"to": [5.88665, 6.41169, 7.31604],
			"rotation": {"angle": -22.5, "axis": "z", "origin": [5.816, 6.05649, 6.84244]},
			"faces": {
				"north": {"uv": [0.016, 0.016, 0.984, 0.984], "texture": "#2"},
				"south": {"uv": [0.016, 0.016, 0.984, 0.984], "texture": "#2"},
				"up": {"uv": [0.016, 0.016, 0.984, 0.984], "texture": "#2"}
			}
		},
		{
			"name": "hexadecagon",
			"from": [5.74535, 5.46449, 6.36884],
			"to": [5.88665, 6.17489, 7.31604],
			"rotation": {"angle": -22.5, "axis": "z", "origin": [5.816, 5.81969, 6.84244]},
			"faces": {
				"north": {"uv": [0.016, 0.016, 0.984, 0.984], "texture": "#2"},
				"south": {"uv": [0.016, 0.016, 0.984, 0.984], "texture": "#2"},
				"down": {"uv": [0.016, 0.016, 0.984, 0.984], "texture": "#2"}
			}
		},
		{
			"name": "hexadecagon",
			"from": [5.74535, 5.70129, 6.36884],
			"to": [5.88665, 6.41169, 7.31604],
			"rotation": {"angle": -45, "axis": "z", "origin": [5.816, 6.05649, 6.84244]},
			"faces": {
				"north": {"uv": [0.016, 0.016, 0.984, 0.984], "texture": "#2"},
				"south": {"uv": [0.016, 0.016, 0.984, 0.984], "texture": "#2"},
				"up": {"uv": [0.016, 0.016, 0.984, 0.984], "texture": "#2"}
			}
		},
		{
			"name": "hexadecagon",
			"from": [5.74535, 5.46449, 6.36884],
			"to": [5.88665, 6.17489, 7.31604],
			"rotation": {"angle": -45, "axis": "z", "origin": [5.816, 5.81969, 6.84244]},
			"faces": {
				"north": {"uv": [0.016, 0.016, 0.984, 0.984], "texture": "#2"},
				"south": {"uv": [0.016, 0.016, 0.984, 0.984], "texture": "#2"},
				"down": {"uv": [0.016, 0.016, 0.984, 0.984], "texture": "#2"}
			}
		},
		{
			"name": "hexadecagon",
			"from": [5.4608, 5.98584, 6.36884],
			"to": [6.1712, 6.12715, 7.31604],
			"rotation": {"angle": 22.5, "axis": "z", "origin": [5.816, 6.05649, 6.84244]},
			"faces": {
				"north": {"uv": [0.016, 0.016, 0.984, 0.984], "texture": "#2"},
				"east": {"uv": [0.016, 0.016, 0.984, 0.984], "texture": "#2"},
				"south": {"uv": [0.016, 0.016, 0.984, 0.984], "texture": "#2"}
			}
		},
		{
			"name": "hexadecagon",
			"from": [5.4608, 5.74904, 6.36884],
			"to": [6.1712, 5.89035, 7.31604],
			"rotation": {"angle": 22.5, "axis": "z", "origin": [5.816, 5.81969, 6.84244]},
			"faces": {
				"north": {"uv": [0.016, 0.016, 0.984, 0.984], "texture": "#2"},
				"south": {"uv": [0.016, 0.016, 0.984, 0.984], "texture": "#2"},
				"west": {"uv": [0.016, 0.016, 0.984, 0.984], "texture": "#2"}
			}
		},
		{
			"name": "hexadecagon",
			"from": [5.4608, 5.74904, 6.36884],
			"to": [6.1712, 6.12715, 7.31604],
			"rotation": {"angle": 0, "axis": "y", "origin": [5.816, 6.05649, 6.84244]},
			"faces": {
				"north": {"uv": [0.016, 0.016, 0.984, 0.984], "texture": "#2"},
				"east": {"uv": [0.016, 0.016, 0.984, 0.984], "texture": "#2"},
				"west": {"uv": [0.016, 0.016, 0.984, 0.984], "texture": "#2"}
			}
		},
		{
			"name": "hexadecagon",
			"from": [5.4608, 5.98584, 6.36884],
			"to": [6.1712, 6.12715, 7.31604],
			"rotation": {"angle": -22.5, "axis": "z", "origin": [5.816, 6.05649, 6.84244]},
			"faces": {
				"north": {"uv": [0.016, 0.016, 0.984, 0.984], "texture": "#2"},
				"south": {"uv": [0.016, 0.016, 0.984, 0.984], "texture": "#2"},
				"west": {"uv": [0.016, 0.016, 0.984, 0.984], "texture": "#2"}
			}
		},
		{
			"name": "hexadecagon",
			"from": [5.4608, 5.74904, 6.36884],
			"to": [6.1712, 5.89035, 7.31604],
			"rotation": {"angle": -22.5, "axis": "z", "origin": [5.816, 5.81969, 6.84244]},
			"faces": {
				"north": {"uv": [0.016, 0.016, 0.984, 0.984], "texture": "#2"},
				"east": {"uv": [0.016, 0.016, 0.984, 0.984], "texture": "#2"},
				"south": {"uv": [0.016, 0.016, 0.984, 0.984], "texture": "#2"}
			}
		},
		{
			"name": "hexadecagon",
			"from": [10.11335, 5.70129, 6.36884],
			"to": [10.25465, 6.41169, 7.31604],
			"rotation": {"angle": -45, "axis": "z", "origin": [10.184, 6.05649, 6.84244]},
			"faces": {
				"north": {"uv": [0.984, 0.016, 0.016, 0.984], "texture": "#2"},
				"south": {"uv": [0.984, 0.016, 0.016, 0.984], "texture": "#2"},
				"up": {"uv": [0.984, 0.016, 0.016, 0.984], "texture": "#2"}
			}
		},
		{
			"name": "hexadecagon",
			"from": [10.11335, 5.46449, 6.36884],
			"to": [10.25465, 6.17489, 7.31604],
			"rotation": {"angle": -45, "axis": "z", "origin": [10.184, 5.81969, 6.84244]},
			"faces": {
				"north": {"uv": [0.984, 0.016, 0.016, 0.984], "texture": "#2"},
				"south": {"uv": [0.984, 0.016, 0.016, 0.984], "texture": "#2"},
				"down": {"uv": [0.984, 0.016, 0.016, 0.984], "texture": "#2"}
			}
		},
		{
			"name": "hexadecagon",
			"from": [10.11335, 5.70129, 6.36884],
			"to": [10.25465, 6.41169, 7.31604],
			"rotation": {"angle": -22.5, "axis": "z", "origin": [10.184, 6.05649, 6.84244]},
			"faces": {
				"north": {"uv": [0.984, 0.016, 0.016, 0.984], "texture": "#2"},
				"south": {"uv": [0.984, 0.016, 0.016, 0.984], "texture": "#2"},
				"up": {"uv": [0.984, 0.016, 0.016, 0.984], "texture": "#2"}
			}
		},
		{
			"name": "hexadecagon",
			"from": [10.11335, 5.46449, 6.36884],
			"to": [10.25465, 6.17489, 7.31604],
			"rotation": {"angle": -22.5, "axis": "z", "origin": [10.184, 5.81969, 6.84244]},
			"faces": {
				"north": {"uv": [0.984, 0.016, 0.016, 0.984], "texture": "#2"},
				"south": {"uv": [0.984, 0.016, 0.016, 0.984], "texture": "#2"},
				"down": {"uv": [0.984, 0.016, 0.016, 0.984], "texture": "#2"}
			}
		},
		{
			"name": "hexadecagon",
			"from": [10.11335, 5.70129, 6.36884],
			"to": [10.25465, 6.41169, 7.31604],
			"rotation": {"angle": 0, "axis": "y", "origin": [10.184, 6.05649, 6.84244]},
			"faces": {
				"north": {"uv": [0.984, 0.016, 0.016, 0.984], "texture": "#2"},
				"up": {"uv": [0.984, 0.016, 0.016, 0.984], "texture": "#2"}
			}
		},
		{
			"name": "hexadecagon",
			"from": [10.11335, 5.46449, 6.36884],
			"to": [10.25465, 6.17489, 7.31604],
			"rotation": {"angle": 0, "axis": "y", "origin": [10.184, 5.81969, 6.84244]},
			"faces": {
				"north": {"uv": [0.984, 0.016, 0.016, 0.984], "texture": "#2"},
				"down": {"uv": [0.984, 0.016, 0.016, 0.984], "texture": "#2"}
			}
		},
		{
			"name": "hexadecagon",
			"from": [10.11335, 5.70129, 6.36884],
			"to": [10.25465, 6.41169, 7.31604],
			"rotation": {"angle": 22.5, "axis": "z", "origin": [10.184, 6.05649, 6.84244]},
			"faces": {
				"north": {"uv": [0.984, 0.016, 0.016, 0.984], "texture": "#2"},
				"south": {"uv": [0.984, 0.016, 0.016, 0.984], "texture": "#2"},
				"up": {"uv": [0.984, 0.016, 0.016, 0.984], "texture": "#2"}
			}
		},
		{
			"name": "hexadecagon",
			"from": [10.11335, 5.46449, 6.36884],
			"to": [10.25465, 6.17489, 7.31604],
			"rotation": {"angle": 22.5, "axis": "z", "origin": [10.184, 5.81969, 6.84244]},
			"faces": {
				"north": {"uv": [0.984, 0.016, 0.016, 0.984], "texture": "#2"},
				"south": {"uv": [0.984, 0.016, 0.016, 0.984], "texture": "#2"},
				"down": {"uv": [0.984, 0.016, 0.016, 0.984], "texture": "#2"}
			}
		},
		{
			"name": "hexadecagon",
			"from": [10.11335, 5.70129, 6.36884],
			"to": [10.25465, 6.41169, 7.31604],
			"rotation": {"angle": 45, "axis": "z", "origin": [10.184, 6.05649, 6.84244]},
			"faces": {
				"north": {"uv": [0.984, 0.016, 0.016, 0.984], "texture": "#2"},
				"south": {"uv": [0.984, 0.016, 0.016, 0.984], "texture": "#2"},
				"up": {"uv": [0.984, 0.016, 0.016, 0.984], "texture": "#2"}
			}
		},
		{
			"name": "hexadecagon",
			"from": [10.11335, 5.46449, 6.36884],
			"to": [10.25465, 6.17489, 7.31604],
			"rotation": {"angle": 45, "axis": "z", "origin": [10.184, 5.81969, 6.84244]},
			"faces": {
				"north": {"uv": [0.984, 0.016, 0.016, 0.984], "texture": "#2"},
				"south": {"uv": [0.984, 0.016, 0.016, 0.984], "texture": "#2"},
				"down": {"uv": [0.984, 0.016, 0.016, 0.984], "texture": "#2"}
			}
		},
		{
			"name": "hexadecagon",
			"from": [9.8288, 5.98584, 6.36884],
			"to": [10.5392, 6.12715, 7.31604],
			"rotation": {"angle": -22.5, "axis": "z", "origin": [10.184, 6.05649, 6.84244]},
			"faces": {
				"north": {"uv": [0.984, 0.016, 0.016, 0.984], "texture": "#2"},
				"south": {"uv": [0.984, 0.016, 0.016, 0.984], "texture": "#2"},
				"west": {"uv": [0.984, 0.016, 0.016, 0.984], "texture": "#2"}
			}
		},
		{
			"name": "hexadecagon",
			"from": [9.8288, 5.74904, 6.36884],
			"to": [10.5392, 5.89035, 7.31604],
			"rotation": {"angle": -22.5, "axis": "z", "origin": [10.184, 5.81969, 6.84244]},
			"faces": {
				"north": {"uv": [0.984, 0.016, 0.016, 0.984], "texture": "#2"},
				"east": {"uv": [0.984, 0.016, 0.016, 0.984], "texture": "#2"},
				"south": {"uv": [0.984, 0.016, 0.016, 0.984], "texture": "#2"}
			}
		},
		{
			"name": "hexadecagon",
			"from": [9.8288, 5.74904, 6.36884],
			"to": [10.5392, 6.12715, 7.31604],
			"rotation": {"angle": 0, "axis": "y", "origin": [10.184, 6.05649, 6.84244]},
			"faces": {
				"north": {"uv": [0.984, 0.016, 0.016, 0.984], "texture": "#2"},
				"east": {"uv": [0.984, 0.016, 0.016, 0.984], "texture": "#2"},
				"west": {"uv": [0.984, 0.016, 0.016, 0.984], "texture": "#2"}
			}
		},
		{
			"name": "hexadecagon",
			"from": [9.8288, 5.98584, 6.36884],
			"to": [10.5392, 6.12715, 7.31604],
			"rotation": {"angle": 22.5, "axis": "z", "origin": [10.184, 6.05649, 6.84244]},
			"faces": {
				"north": {"uv": [0.984, 0.016, 0.016, 0.984], "texture": "#2"},
				"east": {"uv": [0.984, 0.016, 0.016, 0.984], "texture": "#2"},
				"south": {"uv": [0.984, 0.016, 0.016, 0.984], "texture": "#2"}
			}
		},
		{
			"name": "hexadecagon",
			"from": [9.8288, 5.74904, 6.36884],
			"to": [10.5392, 5.89035, 7.31604],
			"rotation": {"angle": 22.5, "axis": "z", "origin": [10.184, 5.81969, 6.84244]},
			"faces": {
				"north": {"uv": [0.984, 0.016, 0.016, 0.984], "texture": "#2"},
				"south": {"uv": [0.984, 0.016, 0.016, 0.984], "texture": "#2"},
				"west": {"uv": [0.984, 0.016, 0.016, 0.984], "texture": "#2"}
			}
		},
		{
			"name": "hexadecagon",
			"from": [7.62337, 3.94339, 6.34747],
			"to": [8.17663, 5.12739, 7.53147],
			"rotation": {"angle": -45, "axis": "z", "origin": [8, 4.83139, 6.93947]},
			"faces": {
				"north": {"uv": [0.016, 0.016, 0.984, 0.984], "texture": "#2"},
				"south": {"uv": [0.016, 0.016, 0.984, 0.984], "texture": "#2"},
				"down": {"uv": [0.016, 0.016, 0.984, 0.984], "texture": "#2"}
			}
		},
		{
			"name": "hexadecagon",
			"from": [8.33678, 3.83843, 6.34747],
			"to": [8.45325, 5.61443, 7.53147],
			"rotation": {"angle": -45, "axis": "z", "origin": [8.27661, 4.72643, 6.93947]},
			"faces": {
				"north": {"uv": [0.016, 0.016, 0.984, 0.984], "texture": "#2"},
				"south": {"uv": [0.016, 0.016, 0.984, 0.984], "texture": "#2"},
				"up": {"uv": [0.016, 0.016, 0.984, 0.984], "texture": "#2"}
			}
		},
		{
			"name": "hexadecagon",
			"from": [7.82337, 3.94339, 6.34747],
			"to": [8.17663, 5.12739, 7.53147],
			"rotation": {"angle": -22.5, "axis": "z", "origin": [8, 4.83139, 6.93947]},
			"faces": {
				"north": {"uv": [0.016, 0.016, 0.984, 0.984], "texture": "#2"},
				"south": {"uv": [0.016, 0.016, 0.984, 0.984], "texture": "#2"},
				"down": {"uv": [0.016, 0.016, 0.984, 0.984], "texture": "#2"}
			}
		},
		{
			"name": "hexadecagon",
			"from": [8.30422, 4.26299, 6.34747],
			"to": [8.62069, 5.44699, 7.53147],
			"rotation": {"angle": -22.5, "axis": "z", "origin": [8.44405, 4.55899, 6.93947]},
			"faces": {
				"north": {"uv": [0.016, 0.016, 0.984, 0.984], "texture": "#2"},
				"south": {"uv": [0.016, 0.016, 0.984, 0.984], "texture": "#2"},
				"up": {"uv": [0.016, 0.016, 0.984, 0.984], "texture": "#2"}
			}
		},
		{
			"name": "hexadecagon",
			"from": [7.82337, 3.94339, 6.34747],
			"to": [8.17663, 5.12739, 7.53147],
			"rotation": {"angle": 0, "axis": "y", "origin": [8, 4.83139, 6.93947]},
			"faces": {
				"north": {"uv": [0.016, 0.016, 0.984, 0.984], "texture": "#2"},
				"down": {"uv": [0.016, 0.016, 0.984, 0.984], "texture": "#2"}
			}
		},
		{
			"name": "hexadecagon",
			"from": [7.34531, 4.21097, 6.34747],
			"to": [8.65469, 5.43291, 7.53147],
			"rotation": {"angle": 0, "axis": "y", "origin": [8.09184, 4.80297, 6.93947]},
			"faces": {
				"north": {"uv": [0.016, 0.016, 0.984, 0.984], "texture": "#2"},
				"east": {"uv": [0.016, 0.016, 0.984, 0.984], "texture": "#2"},
				"west": {"uv": [0.016, 0.016, 0.984, 0.984], "texture": "#2"},
				"up": {"uv": [0.016, 0.016, 0.984, 0.984], "texture": "#2"},
				"down": {"uv": [0.016, 0.016, 0.984, 0.984], "texture": "#2"}
			}
		},
		{
			"name": "hexadecagon",
			"from": [7.82337, 3.94339, 6.34747],
			"to": [8.17663, 5.12739, 7.53147],
			"rotation": {"angle": 22.5, "axis": "z", "origin": [8, 4.83139, 6.93947]},
			"faces": {
				"north": {"uv": [0.016, 0.016, 0.984, 0.984], "texture": "#2"},
				"south": {"uv": [0.016, 0.016, 0.984, 0.984], "texture": "#2"},
				"down": {"uv": [0.016, 0.016, 0.984, 0.984], "texture": "#2"}
			}
		},
		{
			"name": "hexadecagon",
			"from": [7.37931, 4.26299, 6.34747],
			"to": [7.69578, 5.44699, 7.53147],
			"rotation": {"angle": 22.5, "axis": "z", "origin": [7.55595, 4.55899, 6.93947]},
			"faces": {
				"north": {"uv": [0.016, 0.016, 0.984, 0.984], "texture": "#2"},
				"south": {"uv": [0.016, 0.016, 0.984, 0.984], "texture": "#2"},
				"up": {"uv": [0.016, 0.016, 0.984, 0.984], "texture": "#2"}
			}
		},
		{
			"name": "hexadecagon",
			"from": [7.82337, 3.94339, 6.34747],
			"to": [8.37663, 5.12739, 7.53147],
			"rotation": {"angle": 45, "axis": "z", "origin": [8, 4.83139, 6.93947]},
			"faces": {
				"north": {"uv": [0.016, 0.016, 0.984, 0.984], "texture": "#2"},
				"south": {"uv": [0.016, 0.016, 0.984, 0.984], "texture": "#2"},
				"down": {"uv": [0.016, 0.016, 0.984, 0.984], "texture": "#2"}
			}
		},
		{
			"name": "hexadecagon",
			"from": [7.54675, 3.83843, 6.34747],
			"to": [7.66322, 5.61443, 7.53147],
			"rotation": {"angle": 45, "axis": "z", "origin": [7.72339, 4.72643, 6.93947]},
			"faces": {
				"north": {"uv": [0.016, 0.016, 0.984, 0.984], "texture": "#2"},
				"south": {"uv": [0.016, 0.016, 0.984, 0.984], "texture": "#2"},
				"up": {"uv": [0.016, 0.016, 0.984, 0.984], "texture": "#2"}
			}
		},
		{
			"name": "hexadecagon",
			"from": [7.65342, 4.79618, 6.34747],
			"to": [9.02942, 5.14944, 7.53147],
			"rotation": {"angle": -22.5, "axis": "z", "origin": [8.14142, 4.97281, 6.93947]},
			"faces": {
				"north": {"uv": [0.016, 0.016, 0.984, 0.984], "texture": "#2"},
				"east": {"uv": [0.016, 0.016, 0.984, 0.984], "texture": "#2"},
				"south": {"uv": [0.016, 0.016, 0.984, 0.984], "texture": "#2"}
			}
		},
		{
			"name": "hexadecagon",
			"from": [6.97058, 4.79618, 6.34747],
			"to": [9.02942, 5.22944, 7.53147],
			"rotation": {"angle": 0, "axis": "y", "origin": [8.14142, 4.97281, 6.93947]},
			"faces": {
				"north": {"uv": [0.016, 0.016, 0.984, 0.984], "texture": "#2"},
				"east": {"uv": [0.016, 0.016, 0.984, 0.984], "texture": "#2"},
				"west": {"uv": [0.016, 0.016, 0.984, 0.984], "texture": "#2"}
			}
		},
		{
			"name": "hexadecagon",
			"from": [6.97058, 4.79618, 6.34747],
			"to": [8.34658, 5.14944, 7.53147],
			"rotation": {"angle": 22.5, "axis": "z", "origin": [7.85858, 4.97281, 6.93947]},
			"faces": {
				"north": {"uv": [0.016, 0.016, 0.984, 0.984], "texture": "#2"},
				"south": {"uv": [0.016, 0.016, 0.984, 0.984], "texture": "#2"},
				"west": {"uv": [0.016, 0.016, 0.984, 0.984], "texture": "#2"}
			}
		},
		{
			"name": "hexadecagon",
			"from": [4.86197, 8.31423, 6.34747],
			"to": [5.41524, 8.49183, 7.53147],
			"rotation": {"angle": 45, "axis": "z", "origin": [5.0386, 7.60383, 6.93947]},
			"faces": {
				"north": {"uv": [0.016, 0.016, 0.984, 0.984], "texture": "#2"},
				"south": {"uv": [0.016, 0.016, 0.984, 0.984], "texture": "#2"},
				"up": {"uv": [0.016, 0.016, 0.984, 0.984], "texture": "#2"},
				"down": {"uv": [0.016, 0.016, 0.984, 0.984], "texture": "#2"}
			}
		},
		{
			"name": "hexadecagon",
			"from": [4.98817, 8.53219, 6.34747],
			"to": [5.54143, 8.70979, 7.53147],
			"rotation": {"angle": 22.5, "axis": "z", "origin": [5.3648, 7.82179, 6.93947]},
			"faces": {
				"north": {"uv": [0.016, 0.016, 0.984, 0.984], "texture": "#2"},
				"south": {"uv": [0.016, 0.016, 0.984, 0.984], "texture": "#2"},
				"up": {"uv": [0.016, 0.016, 0.984, 0.984], "texture": "#2"},
				"down": {"uv": [0.016, 0.016, 0.984, 0.984], "texture": "#2"}
			}
		},
		{
			"name": "hexadecagon",
			"from": [5.18817, 8.53219, 6.34747],
			"to": [5.94143, 8.70979, 7.53147],
			"rotation": {"angle": 0, "axis": "y", "origin": [5.5648, 7.82179, 6.93947]},
			"faces": {
				"north": {"uv": [0.016, 0.016, 0.984, 0.984], "texture": "#2"},
				"south": {"uv": [0.016, 0.016, 0.984, 0.984], "texture": "#2"},
				"up": {"uv": [0.016, 0.016, 0.984, 0.984], "texture": "#2"},
				"down": {"uv": [0.016, 0.016, 0.984, 0.984], "texture": "#2"}
			}
		},
		{
			"name": "hexadecagon",
			"from": [5.58817, 8.53219, 6.34747],
			"to": [5.94143, 8.70979, 7.53147],
			"rotation": {"angle": -22.5, "axis": "z", "origin": [5.7648, 7.82179, 6.93947]},
			"faces": {
				"north": {"uv": [0.016, 0.016, 0.984, 0.984], "texture": "#2"},
				"east": {"uv": [0.016, 0.016, 0.984, 0.984], "texture": "#2"},
				"south": {"uv": [0.016, 0.016, 0.984, 0.984], "texture": "#2"},
				"up": {"uv": [0.016, 0.016, 0.984, 0.984], "texture": "#2"},
				"down": {"uv": [0.016, 0.016, 0.984, 0.984], "texture": "#2"}
			}
		},
		{
			"name": "hexadecagon",
			"from": [4.1506, 7.2272, 6.34747],
			"to": [4.3282, 7.78047, 7.53147],
			"rotation": {"angle": -22.5, "axis": "z", "origin": [5.0386, 7.60383, 6.93947]},
			"faces": {
				"north": {"uv": [0.016, 0.016, 0.984, 0.984], "texture": "#2"},
				"east": {"uv": [0.016, 0.016, 0.984, 0.984], "texture": "#2"},
				"west": {"uv": [0.016, 0.016, 0.984, 0.984], "texture": "#2"},
				"down": {"uv": [0.016, 0.016, 0.984, 0.984], "texture": "#2"}
			}
		},
		{
			"name": "hexadecagon",
			"from": [10.58476, 8.31423, 6.34747],
			"to": [11.13803, 8.49183, 7.53147],
			"rotation": {"angle": -45, "axis": "z", "origin": [10.9614, 7.60383, 6.93947]},
			"faces": {
				"north": {"uv": [0.984, 0.016, 0.016, 0.984], "texture": "#2"},
				"south": {"uv": [0.984, 0.016, 0.016, 0.984], "texture": "#2"},
				"up": {"uv": [0.984, 0.016, 0.016, 0.984], "texture": "#2"},
				"down": {"uv": [0.984, 0.016, 0.016, 0.984], "texture": "#2"}
			}
		},
		{
			"name": "hexadecagon",
			"from": [10.45857, 8.53219, 6.34747],
			"to": [11.01183, 8.70979, 7.53147],
			"rotation": {"angle": -22.5, "axis": "z", "origin": [10.6352, 7.82179, 6.93947]},
			"faces": {
				"north": {"uv": [0.984, 0.016, 0.016, 0.984], "texture": "#2"},
				"south": {"uv": [0.984, 0.016, 0.016, 0.984], "texture": "#2"},
				"up": {"uv": [0.984, 0.016, 0.016, 0.984], "texture": "#2"},
				"down": {"uv": [0.984, 0.016, 0.016, 0.984], "texture": "#2"}
			}
		},
		{
			"name": "hexadecagon",
			"from": [10.05857, 8.53219, 6.34747],
			"to": [10.81183, 8.70979, 7.53147],
			"rotation": {"angle": 0, "axis": "y", "origin": [10.4352, 7.82179, 6.93947]},
			"faces": {
				"north": {"uv": [0.984, 0.016, 0.016, 0.984], "texture": "#2"},
				"south": {"uv": [0.984, 0.016, 0.016, 0.984], "texture": "#2"},
				"up": {"uv": [0.984, 0.016, 0.016, 0.984], "texture": "#2"},
				"down": {"uv": [0.984, 0.016, 0.016, 0.984], "texture": "#2"}
			}
		},
		{
			"name": "hexadecagon",
			"from": [10.05857, 8.53219, 6.34747],
			"to": [10.41183, 8.70979, 7.53147],
			"rotation": {"angle": 22.5, "axis": "z", "origin": [10.2352, 7.82179, 6.93947]},
			"faces": {
				"north": {"uv": [0.984, 0.016, 0.016, 0.984], "texture": "#2"},
				"south": {"uv": [0.984, 0.016, 0.016, 0.984], "texture": "#2"},
				"west": {"uv": [0.984, 0.016, 0.016, 0.984], "texture": "#2"},
				"up": {"uv": [0.984, 0.016, 0.016, 0.984], "texture": "#2"},
				"down": {"uv": [0.984, 0.016, 0.016, 0.984], "texture": "#2"}
			}
		},
		{
			"name": "hexadecagon",
			"from": [11.6718, 7.2272, 6.34747],
			"to": [11.8494, 7.78047, 7.53147],
			"rotation": {"angle": 22.5, "axis": "z", "origin": [10.9614, 7.60383, 6.93947]},
			"faces": {
				"north": {"uv": [0.984, 0.016, 0.016, 0.984], "texture": "#2"},
				"east": {"uv": [0.984, 0.016, 0.016, 0.984], "texture": "#2"},
				"west": {"uv": [0.984, 0.016, 0.016, 0.984], "texture": "#2"},
				"down": {"uv": [0.984, 0.016, 0.016, 0.984], "texture": "#2"}
			}
		},
		{
			"name": "hexadecagon",
			"from": [3.70163, 7.75, 8],
			"to": [4.29837, 10.75, 8.5],
			"rotation": {"angle": -45, "axis": "z", "origin": [4, 9.25, 8]},
			"faces": {
				"north": {"uv": [0.016, 0.016, 0.984, 0.984], "texture": "#3"},
				"south": {"uv": [0.016, 0.016, 0.984, 0.984], "texture": "#3"},
				"up": {"uv": [0.016, 0.016, 0.984, 0.984], "texture": "#2"},
				"down": {"uv": [0.016, 0.016, 0.984, 0.984], "texture": "#2"}
			}
		},
		{
			"name": "hexadecagon",
			"from": [3.70163, 7.75, 8],
			"to": [4.29837, 10.75, 8.5],
			"rotation": {"angle": -22.5, "axis": "z", "origin": [4, 9.25, 8]},
			"faces": {
				"north": {"uv": [0.016, 0.016, 0.984, 0.984], "texture": "#3"},
				"south": {"uv": [0.016, 0.016, 0.984, 0.984], "texture": "#3"},
				"up": {"uv": [0.016, 0.016, 0.984, 0.984], "texture": "#2"},
				"down": {"uv": [0.016, 0.016, 0.984, 0.984], "texture": "#2"}
			}
		},
		{
			"name": "hexadecagon",
			"from": [3.70163, 7.75, 8],
			"to": [4.29837, 10.75, 8.5],
			"rotation": {"angle": 0, "axis": "y", "origin": [4, 9.25, 8]},
			"faces": {
				"north": {"uv": [0.016, 0.016, 0.984, 0.984], "texture": "#3"},
				"south": {"uv": [0.016, 0.016, 0.984, 0.984], "texture": "#3"},
				"up": {"uv": [0.016, 0.016, 0.984, 0.984], "texture": "#2"},
				"down": {"uv": [0.016, 0.016, 0.984, 0.984], "texture": "#2"}
			}
		},
		{
			"name": "hexadecagon",
			"from": [3.70163, 7.75, 8],
			"to": [4.29837, 10.75, 8.5],
			"rotation": {"angle": 22.5, "axis": "z", "origin": [4, 9.25, 8]},
			"faces": {
				"north": {"uv": [0.016, 0.016, 0.984, 0.984], "texture": "#3"},
				"south": {"uv": [0.016, 0.016, 0.984, 0.984], "texture": "#3"},
				"up": {"uv": [0.016, 0.016, 0.984, 0.984], "texture": "#2"}
			}
		},
		{
			"name": "hexadecagon",
			"from": [3.70163, 7.75, 8],
			"to": [4.29837, 10.75, 8.5],
			"rotation": {"angle": 45, "axis": "z", "origin": [4, 9.25, 8]},
			"faces": {
				"north": {"uv": [0.016, 0.016, 0.984, 0.984], "texture": "#3"},
				"south": {"uv": [0.016, 0.016, 0.984, 0.984], "texture": "#3"},
				"up": {"uv": [0.016, 0.016, 0.984, 0.984], "texture": "#2"}
			}
		},
		{
			"name": "hexadecagon",
			"from": [2.5, 8.95163, 8],
			"to": [5.5, 9.54837, 8.5],
			"rotation": {"angle": -22.5, "axis": "z", "origin": [4, 9.25, 8]},
			"faces": {
				"north": {"uv": [0.016, 0.016, 0.984, 0.984], "texture": "#3"},
				"south": {"uv": [0.016, 0.016, 0.984, 0.984], "texture": "#3"},
				"west": {"uv": [0.016, 0.016, 0.984, 0.984], "texture": "#2"}
			}
		},
		{
			"name": "hexadecagon",
			"from": [2.5, 8.95163, 8],
			"to": [5.5, 9.54837, 8.5],
			"rotation": {"angle": 0, "axis": "y", "origin": [4, 9.25, 8]},
			"faces": {
				"north": {"uv": [0.016, 0.016, 0.984, 0.984], "texture": "#3"},
				"south": {"uv": [0.016, 0.016, 0.984, 0.984], "texture": "#3"},
				"west": {"uv": [0.016, 0.016, 0.984, 0.984], "texture": "#2"}
			}
		},
		{
			"name": "hexadecagon",
			"from": [2.5, 8.95163, 8],
			"to": [5.5, 9.54837, 8.5],
			"rotation": {"angle": 22.5, "axis": "z", "origin": [4, 9.25, 8]},
			"faces": {
				"north": {"uv": [0.016, 0.016, 0.984, 0.984], "texture": "#3"},
				"south": {"uv": [0.016, 0.016, 0.984, 0.984], "texture": "#3"},
				"west": {"uv": [0.016, 0.016, 0.984, 0.984], "texture": "#2"}
			}
		},
		{
			"name": "hexadecagon",
			"from": [11.70163, 7.75, 8],
			"to": [12.29837, 10.75, 8.5],
			"rotation": {"angle": 45, "axis": "z", "origin": [12, 9.25, 8]},
			"faces": {
				"north": {"uv": [0.016, 0.016, 0.984, 0.984], "texture": "#3"},
				"south": {"uv": [0.016, 0.016, 0.984, 0.984], "texture": "#3"},
				"up": {"uv": [0.016, 0.016, 0.984, 0.984], "texture": "#2"},
				"down": {"uv": [0.016, 0.016, 0.984, 0.984], "texture": "#2"}
			}
		},
		{
			"name": "hexadecagon",
			"from": [11.70163, 7.75, 8],
			"to": [12.29837, 10.75, 8.5],
			"rotation": {"angle": 22.5, "axis": "z", "origin": [12, 9.25, 8]},
			"faces": {
				"north": {"uv": [0.016, 0.016, 0.984, 0.984], "texture": "#3"},
				"south": {"uv": [0.016, 0.016, 0.984, 0.984], "texture": "#3"},
				"up": {"uv": [0.016, 0.016, 0.984, 0.984], "texture": "#2"},
				"down": {"uv": [0.016, 0.016, 0.984, 0.984], "texture": "#2"}
			}
		},
		{
			"name": "hexadecagon",
			"from": [11.70163, 7.75, 8],
			"to": [12.29837, 10.75, 8.5],
			"rotation": {"angle": 0, "axis": "y", "origin": [12, 9.25, 8]},
			"faces": {
				"north": {"uv": [0.016, 0.016, 0.984, 0.984], "texture": "#3"},
				"south": {"uv": [0.016, 0.016, 0.984, 0.984], "texture": "#3"},
				"up": {"uv": [0.016, 0.016, 0.984, 0.984], "texture": "#2"},
				"down": {"uv": [0.016, 0.016, 0.984, 0.984], "texture": "#2"}
			}
		},
		{
			"name": "hexadecagon",
			"from": [11.70163, 7.75, 8],
			"to": [12.29837, 10.75, 8.5],
			"rotation": {"angle": -22.5, "axis": "z", "origin": [12, 9.25, 8]},
			"faces": {
				"north": {"uv": [0.016, 0.016, 0.984, 0.984], "texture": "#3"},
				"south": {"uv": [0.016, 0.016, 0.984, 0.984], "texture": "#3"},
				"up": {"uv": [0.016, 0.016, 0.984, 0.984], "texture": "#2"}
			}
		},
		{
			"name": "hexadecagon",
			"from": [11.70163, 7.75, 8],
			"to": [12.29837, 10.75, 8.5],
			"rotation": {"angle": -45, "axis": "z", "origin": [12, 9.25, 8]},
			"faces": {
				"north": {"uv": [0.016, 0.016, 0.984, 0.984], "texture": "#3"},
				"south": {"uv": [0.016, 0.016, 0.984, 0.984], "texture": "#3"},
				"up": {"uv": [0.016, 0.016, 0.984, 0.984], "texture": "#2"}
			}
		},
		{
			"name": "hexadecagon",
			"from": [10.5, 8.95163, 8],
			"to": [13.5, 9.54837, 8.5],
			"rotation": {"angle": 22.5, "axis": "z", "origin": [12, 9.25, 8]},
			"faces": {
				"north": {"uv": [0.016, 0.016, 0.984, 0.984], "texture": "#3"},
				"east": {"uv": [0.016, 0.016, 0.984, 0.984], "texture": "#2"},
				"south": {"uv": [0.016, 0.016, 0.984, 0.984], "texture": "#3"}
			}
		},
		{
			"name": "hexadecagon",
			"from": [10.5, 8.95163, 8],
			"to": [13.5, 9.54837, 8.5],
			"rotation": {"angle": 0, "axis": "y", "origin": [12, 9.25, 8]},
			"faces": {
				"north": {"uv": [0.016, 0.016, 0.984, 0.984], "texture": "#3"},
				"east": {"uv": [0.016, 0.016, 0.984, 0.984], "texture": "#2"},
				"south": {"uv": [0.016, 0.016, 0.984, 0.984], "texture": "#3"}
			}
		},
		{
			"name": "hexadecagon",
			"from": [10.5, 8.95163, 8],
			"to": [13.5, 9.54837, 8.5],
			"rotation": {"angle": -22.5, "axis": "z", "origin": [12, 9.25, 8]},
			"faces": {
				"north": {"uv": [0.016, 0.016, 0.984, 0.984], "texture": "#3"},
				"east": {"uv": [0.016, 0.016, 0.984, 0.984], "texture": "#2"},
				"south": {"uv": [0.016, 0.016, 0.984, 0.984], "texture": "#3"}
			}
		}
	],
	"display": {
		"thirdperson_righthand": {
			"rotation": [67, -180, 0],
			"translation": [-6, -6.25, 10]
		},
		"thirdperson_lefthand": {
			"rotation": [67, -180, 0],
			"translation": [-6, -6.25, 10]
		},
		"firstperson_righthand": {
			"rotation": [0, 122, 0],
			"translation": [-0.5, 5.5, 2.75],
			"scale": [0.5, 0.5, 0.5]
		},
		"firstperson_lefthand": {
			"rotation": [0, 122, 0],
			"translation": [-0.5, 5.5, 2.75],
			"scale": [0.5, 0.5, 0.5]
		},
		"ground": {
			"translation": [0, 5.75, 0]
		},
		"gui": {
			"rotation": [0, 139, 0]
		},
		"head": {
			"rotation": [0, -180, 0],
			"translation": [0, -11.75, 5.75],
			"scale": [1.5, 1.5, 1.5]
		},
		"fixed": {
			"translation": [0, 4.5, -4.25],
			"scale": [1.7, 1.7, 1.7]
		}
	},
	"groups": [
		{
			"name": "group",
			"origin": [8, 8, 8],
			"children": [0, 1, 2, 3,
				{
					"name": "group",
					"origin": [12.21017, 15.53909, 14.5],
					"children": [4, 5, 6, 7, 8, 9, 10]
				}
			]
		},
		{
			"name": "group",
			"origin": [15.5, 9.5, 13.5],
			"children": [11, 12, 13, 14, 15, 16, 17, 18,
				{
					"name": "group",
					"origin": [15.5, 9.35, 12.95],
					"children": [19, 20, 21]
				}
			]
		},
		{
			"name": "group",
			"origin": [8, 8, 8],
			"children": [22, 23, 24, 25, 26, 27, 28]
		},
		{
			"name": "hexadecagon",
			"origin": [8, 8, 8],
			"children": [29, 30, 31, 32, 33, 34, 35, 36, 37, 38, 39]
		},
		{
			"name": "hexadecagon",
			"origin": [8, 8, 8],
			"children": [40, 41, 42, 43, 44, 45, 46, 47, 48, 49, 50]
		},
		{
			"name": "group",
			"origin": [12.21017, 15.53909, 14.5],
			"children": [51, 52, 53, 54, 55, 56, 57, 58]
		},
		{
			"name": "group",
			"origin": [12.21017, 15.53909, 14.5],
			"children": [59, 60, 61, 62, 63, 64, 65]
		},
		{
			"name": "group",
			"origin": [8, 8, 8],
			"children": [
				{
					"name": "group",
					"origin": [8, 8, 8],
					"children": [66, 67, 68]
				},
				{
					"name": "hexadecagon",
					"origin": [8, 8, 8],
					"children": [69, 70, 71, 72, 73, 74, 75, 76, 77, 78, 79, 80, 81, 82, 83]
				},
				{
					"name": "hexadecagon",
					"origin": [8, 8, 8],
					"children": [84, 85, 86, 87, 88, 89, 90, 91, 92, 93, 94, 95, 96, 97, 98]
				},
				{
					"name": "hexadecagon",
					"origin": [8, 8, 8],
					"children": [99, 100, 101, 102, 103, 104, 105, 106, 107, 108, 109, 110, 111]
				},
				{
					"name": "hexadecagon",
					"origin": [8, 8, 8],
					"children": [112, 113, 114, 115, 116]
				},
				{
					"name": "hexadecagon",
					"origin": [8, 8, 8],
					"children": [117, 118, 119, 120, 121]
				}
			]
		},
		{
			"name": "hexadecagon",
			"origin": [8, 8, 8],
			"children": [122, 123, 124, 125, 126, 127, 128, 129]
		},
		{
			"name": "hexadecagon",
			"origin": [8, 8, 8],
			"children": [130, 131, 132, 133, 134, 135, 136, 137]
		}
	]
}