{
	"credit": "Made with Blockbench",
	"textures": {
		"5": "blocks/wool_colored_black",
		"6": "blocks/hardened_clay_stained_cyan",
		"7": "blocks/glass_red"
	},
	"elements": [
		{
			"name": "Voxels-CCCCCC",
			"from": [-2.625, 7.625, 7.75],
			"to": [1.875, 7.75, 7.875],
			"faces": {
				"north": {"uv": [4.96, 0.96, 7.04, 3.04], "texture": "#5"},
				"east": {"uv": [4.96, 0.96, 7.04, 3.04], "texture": "#5"},
				"south": {"uv": [4.96, 0.96, 7.04, 3.04], "texture": "#5"},
				"west": {"uv": [4.96, 0.96, 7.04, 3.04], "texture": "#5"},
				"up": {"uv": [4.96, 0.96, 7.04, 3.04], "texture": "#5"},
				"down": {"uv": [4.96, 0.96, 7.04, 3.04], "texture": "#5"}
			}
		},
		{
			"name": "Voxels-CCCCCC",
			"from": [-2.625, 7.625, 7.875],
			"to": [1.75, 7.75, 8],
			"faces": {
				"north": {"uv": [4.96, 0.96, 7.04, 3.04], "texture": "#5"},
				"east": {"uv": [4.96, 0.96, 7.04, 3.04], "texture": "#5"},
				"south": {"uv": [4.96, 0.96, 7.04, 3.04], "texture": "#5"},
				"west": {"uv": [4.96, 0.96, 7.04, 3.04], "texture": "#5"},
				"up": {"uv": [4.96, 0.96, 7.04, 3.04], "texture": "#5"},
				"down": {"uv": [4.96, 0.96, 7.04, 3.04], "texture": "#5"}
			}
		},
		{
			"name": "Voxels-CCCCCC",
			"from": [-2.625, 7.625, 8],
			"to": [1.625, 7.75, 8.125],
			"faces": {
				"north": {"uv": [4.96, 0.96, 7.04, 3.04], "texture": "#5"},
				"east": {"uv": [4.96, 0.96, 7.04, 3.04], "texture": "#5"},
				"south": {"uv": [4.96, 0.96, 7.04, 3.04], "texture": "#5"},
				"west": {"uv": [4.96, 0.96, 7.04, 3.04], "texture": "#5"},
				"up": {"uv": [4.96, 0.96, 7.04, 3.04], "texture": "#5"},
				"down": {"uv": [4.96, 0.96, 7.04, 3.04], "texture": "#5"}
			}
		},
		{
			"name": "Voxels-CCCCCC",
			"from": [-2.625, 7.75, 7.625],
			"to": [1.875, 7.875, 7.75],
			"faces": {
				"north": {"uv": [4.96, 0.96, 7.04, 3.04], "texture": "#5"},
				"east": {"uv": [4.96, 0.96, 7.04, 3.04], "texture": "#5"},
				"south": {"uv": [4.96, 0.96, 7.04, 3.04], "texture": "#5"},
				"west": {"uv": [4.96, 0.96, 7.04, 3.04], "texture": "#5"},
				"up": {"uv": [4.96, 0.96, 7.04, 3.04], "texture": "#5"},
				"down": {"uv": [4.96, 0.96, 7.04, 3.04], "texture": "#5"}
			}
		},
		{
			"name": "Voxels-CCCCCC",
			"from": [-2.625, 7.75, 7.75],
			"to": [-2.5, 8.375, 8.125],
			"faces": {
				"north": {"uv": [4.96, 0.96, 7.04, 3.04], "texture": "#5"},
				"east": {"uv": [4.96, 0.96, 7.04, 3.04], "texture": "#5"},
				"south": {"uv": [4.96, 0.96, 7.04, 3.04], "texture": "#5"},
				"west": {"uv": [4.96, 0.96, 7.04, 3.04], "texture": "#5"},
				"up": {"uv": [4.96, 0.96, 7.04, 3.04], "texture": "#5"},
				"down": {"uv": [4.96, 0.96, 7.04, 3.04], "texture": "#5"}
			}
		},
		{
			"name": "Voxels-CCCCCC",
			"from": [-2.625, 7.75, 8.125],
			"to": [1.5, 7.875, 8.25],
			"faces": {
				"north": {"uv": [4.96, 0.96, 7.04, 3.04], "texture": "#5"},
				"east": {"uv": [4.96, 0.96, 7.04, 3.04], "texture": "#5"},
				"south": {"uv": [4.96, 0.96, 7.04, 3.04], "texture": "#5"},
				"west": {"uv": [4.96, 0.96, 7.04, 3.04], "texture": "#5"},
				"up": {"uv": [4.96, 0.96, 7.04, 3.04], "texture": "#5"},
				"down": {"uv": [4.96, 0.96, 7.04, 3.04], "texture": "#5"}
			}
		},
		{
			"name": "Voxels-CCCCCC",
			"from": [-2.625, 7.875, 7.625],
			"to": [-2.5, 8.25, 7.75],
			"faces": {
				"north": {"uv": [4.96, 0.96, 7.04, 3.04], "texture": "#5"},
				"east": {"uv": [4.96, 0.96, 7.04, 3.04], "texture": "#5"},
				"south": {"uv": [4.96, 0.96, 7.04, 3.04], "texture": "#5"},
				"west": {"uv": [4.96, 0.96, 7.04, 3.04], "texture": "#5"},
				"up": {"uv": [4.96, 0.96, 7.04, 3.04], "texture": "#5"},
				"down": {"uv": [4.96, 0.96, 7.04, 3.04], "texture": "#5"}
			}
		},
		{
			"name": "Voxels-CCCCCC",
			"from": [-2.625, 7.875, 8.125],
			"to": [-2.5, 8.25, 8.25],
			"faces": {
				"north": {"uv": [4.96, 0.96, 7.04, 3.04], "texture": "#5"},
				"east": {"uv": [4.96, 0.96, 7.04, 3.04], "texture": "#5"},
				"south": {"uv": [4.96, 0.96, 7.04, 3.04], "texture": "#5"},
				"west": {"uv": [4.96, 0.96, 7.04, 3.04], "texture": "#5"},
				"up": {"uv": [4.96, 0.96, 7.04, 3.04], "texture": "#5"},
				"down": {"uv": [4.96, 0.96, 7.04, 3.04], "texture": "#5"}
			}
		},
		{
			"name": "Voxels-CCCCCC",
			"from": [-2.5, 7.625, 7.625],
			"to": [1.875, 7.75, 7.75],
			"faces": {
				"north": {"uv": [4.96, 0.96, 7.04, 3.04], "texture": "#6"},
				"east": {"uv": [4.96, 0.96, 7.04, 3.04], "texture": "#6"},
				"south": {"uv": [4.96, 0.96, 7.04, 3.04], "texture": "#6"},
				"west": {"uv": [4.96, 0.96, 7.04, 3.04], "texture": "#6"},
				"up": {"uv": [4.96, 0.96, 7.04, 3.04], "texture": "#6"},
				"down": {"uv": [4.96, 0.96, 7.04, 3.04], "texture": "#6"}
			}
		},
		{
			"name": "Voxels-CCCCCC",
			"from": [-2.5, 7.625, 8.125],
			"to": [1.5, 7.75, 8.25],
			"faces": {
				"north": {"uv": [4.96, 0.96, 7.04, 3.04], "texture": "#6"},
				"east": {"uv": [4.96, 0.96, 7.04, 3.04], "texture": "#6"},
				"south": {"uv": [4.96, 0.96, 7.04, 3.04], "texture": "#6"},
				"west": {"uv": [4.96, 0.96, 7.04, 3.04], "texture": "#6"},
				"up": {"uv": [4.96, 0.96, 7.04, 3.04], "texture": "#6"},
				"down": {"uv": [4.96, 0.96, 7.04, 3.04], "texture": "#6"}
			}
		},
		{
			"name": "Voxels-CCCCCC",
			"from": [-2.5, 7.75, 7.5],
			"to": [1.875, 8.25, 7.625],
			"faces": {
				"north": {"uv": [4.96, 0.96, 7.04, 3.04], "texture": "#6"},
				"east": {"uv": [4.96, 0.96, 7.04, 3.04], "texture": "#6"},
				"south": {"uv": [4.96, 0.96, 7.04, 3.04], "texture": "#6"},
				"west": {"uv": [4.96, 0.96, 7.04, 3.04], "texture": "#6"},
				"up": {"uv": [4.96, 0.96, 7.04, 3.04], "texture": "#6"},
				"down": {"uv": [4.96, 0.96, 7.04, 3.04], "texture": "#6"}
			}
		},
		{
			"name": "Voxels-CCCCCC",
			"from": [-2.5, 7.75, 8.25],
			"to": [1.375, 8.25, 8.375],
			"faces": {
				"north": {"uv": [4.96, 0.96, 7.04, 3.04], "texture": "#6"},
				"east": {"uv": [4.96, 0.96, 7.04, 3.04], "texture": "#6"},
				"south": {"uv": [4.96, 0.96, 7.04, 3.04], "texture": "#6"},
				"west": {"uv": [4.96, 0.96, 7.04, 3.04], "texture": "#6"},
				"up": {"uv": [4.96, 0.96, 7.04, 3.04], "texture": "#6"},
				"down": {"uv": [4.96, 0.96, 7.04, 3.04], "texture": "#6"}
			}
		},
		{
			"name": "Voxels-CCCCCC",
			"from": [-2.5, 8.125, 7.625],
			"to": [1.875, 8.375, 7.75],
			"faces": {
				"north": {"uv": [4.96, 0.96, 7.04, 3.04], "texture": "#6"},
				"east": {"uv": [4.96, 0.96, 7.04, 3.04], "texture": "#6"},
				"south": {"uv": [4.96, 0.96, 7.04, 3.04], "texture": "#6"},
				"west": {"uv": [4.96, 0.96, 7.04, 3.04], "texture": "#6"},
				"up": {"uv": [4.96, 0.96, 7.04, 3.04], "texture": "#6"},
				"down": {"uv": [4.96, 0.96, 7.04, 3.04], "texture": "#6"}
			}
		},
		{
			"name": "Voxels-CCCCCC",
			"from": [-2.5, 8.125, 8.125],
			"to": [1.5, 8.375, 8.25],
			"faces": {
				"north": {"uv": [4.96, 0.96, 7.04, 3.04], "texture": "#6"},
				"east": {"uv": [4.96, 0.96, 7.04, 3.04], "texture": "#6"},
				"south": {"uv": [4.96, 0.96, 7.04, 3.04], "texture": "#6"},
				"west": {"uv": [4.96, 0.96, 7.04, 3.04], "texture": "#6"},
				"up": {"uv": [4.96, 0.96, 7.04, 3.04], "texture": "#6"},
				"down": {"uv": [4.96, 0.96, 7.04, 3.04], "texture": "#6"}
			}
		},
		{
			"name": "Voxels-CCCCCC",
			"from": [-2.5, 8.25, 7.75],
			"to": [1.875, 8.375, 7.875],
			"faces": {
				"north": {"uv": [4.96, 0.96, 7.04, 3.04], "texture": "#6"},
				"east": {"uv": [4.96, 0.96, 7.04, 3.04], "texture": "#6"},
				"south": {"uv": [4.96, 0.96, 7.04, 3.04], "texture": "#6"},
				"west": {"uv": [4.96, 0.96, 7.04, 3.04], "texture": "#6"},
				"up": {"uv": [4.96, 0.96, 7.04, 3.04], "texture": "#6"},
				"down": {"uv": [4.96, 0.96, 7.04, 3.04], "texture": "#6"}
			}
		},
		{
			"name": "Voxels-CCCCCC",
			"from": [-2.5, 8.25, 7.875],
			"to": [1.75, 8.375, 8],
			"faces": {
				"north": {"uv": [4.96, 0.96, 7.04, 3.04], "texture": "#6"},
				"east": {"uv": [4.96, 0.96, 7.04, 3.04], "texture": "#6"},
				"south": {"uv": [4.96, 0.96, 7.04, 3.04], "texture": "#6"},
				"west": {"uv": [4.96, 0.96, 7.04, 3.04], "texture": "#6"},
				"up": {"uv": [4.96, 0.96, 7.04, 3.04], "texture": "#6"},
				"down": {"uv": [4.96, 0.96, 7.04, 3.04], "texture": "#6"}
			}
		},
		{
			"name": "Voxels-CCCCCC",
			"from": [-2.5, 8.25, 8],
			"to": [1.625, 8.375, 8.125],
			"faces": {
				"north": {"uv": [4.96, 0.96, 7.04, 3.04], "texture": "#6"},
				"east": {"uv": [4.96, 0.96, 7.04, 3.04], "texture": "#6"},
				"south": {"uv": [4.96, 0.96, 7.04, 3.04], "texture": "#6"},
				"west": {"uv": [4.96, 0.96, 7.04, 3.04], "texture": "#6"},
				"up": {"uv": [4.96, 0.96, 7.04, 3.04], "texture": "#6"},
				"down": {"uv": [4.96, 0.96, 7.04, 3.04], "texture": "#6"}
			}
		},
		{
			"name": "Voxels-CCCCCC",
			"from": [-2.375, 7.5, 7.75],
			"to": [-1.125, 7.625, 8.125],
			"faces": {
				"north": {"uv": [4.96, 0.96, 7.04, 3.04], "texture": "#5"},
				"east": {"uv": [4.96, 0.96, 7.04, 3.04], "texture": "#5"},
				"south": {"uv": [4.96, 0.96, 7.04, 3.04], "texture": "#5"},
				"west": {"uv": [4.96, 0.96, 7.04, 3.04], "texture": "#5"},
				"up": {"uv": [4.96, 0.96, 7.04, 3.04], "texture": "#5"},
				"down": {"uv": [4.96, 0.96, 7.04, 3.04], "texture": "#5"}
			}
		},
		{
			"name": "Voxels-CCCCCC",
			"from": [-2.375, 7.875, 7.625],
			"to": [-1.125, 8.125, 7.75],
			"color": 1,
			"faces": {
				"north": {"uv": [4.96, 0.96, 7.04, 3.04], "texture": "#missing"},
				"east": {"uv": [4.96, 0.96, 7.04, 3.04], "texture": "#missing"},
				"south": {"uv": [4.96, 0.96, 7.04, 3.04], "texture": "#missing"},
				"west": {"uv": [4.96, 0.96, 7.04, 3.04], "texture": "#missing"},
				"up": {"uv": [4.96, 0.96, 7.04, 3.04], "texture": "#missing"},
				"down": {"uv": [4.96, 0.96, 7.04, 3.04], "texture": "#missing"}
			}
		},
		{
			"name": "Voxels-CCCCCC",
			"from": [-2.375, 7.875, 8.125],
			"to": [-1.125, 8.125, 8.25],
			"color": 3,
			"faces": {
				"north": {"uv": [4.96, 0.96, 7.04, 3.04], "texture": "#missing"},
				"east": {"uv": [4.96, 0.96, 7.04, 3.04], "texture": "#missing"},
				"south": {"uv": [4.96, 0.96, 7.04, 3.04], "texture": "#missing"},
				"west": {"uv": [4.96, 0.96, 7.04, 3.04], "texture": "#missing"},
				"up": {"uv": [4.96, 0.96, 7.04, 3.04], "texture": "#missing"},
				"down": {"uv": [4.96, 0.96, 7.04, 3.04], "texture": "#missing"}
			}
		},
		{
			"name": "Voxels-CCCCCC",
			"from": [-2.375, 8.375, 7.75],
			"to": [-1.125, 8.5, 8.125],
			"faces": {
				"north": {"uv": [4.96, 0.96, 7.04, 3.04], "texture": "#5"},
				"east": {"uv": [4.96, 0.96, 7.04, 3.04], "texture": "#5"},
				"south": {"uv": [4.96, 0.96, 7.04, 3.04], "texture": "#5"},
				"west": {"uv": [4.96, 0.96, 7.04, 3.04], "texture": "#5"},
				"up": {"uv": [4.96, 0.96, 7.04, 3.04], "texture": "#5"},
				"down": {"uv": [4.96, 0.96, 7.04, 3.04], "texture": "#5"}
			}
		},
		{
			"name": "Voxels-CCCCCC",
			"from": [-2.25, 7.625, 7.5],
			"to": [-1.25, 7.75, 7.625],
			"faces": {
				"north": {"uv": [4.96, 0.96, 7.04, 3.04], "texture": "#5"},
				"east": {"uv": [4.96, 0.96, 7.04, 3.04], "texture": "#5"},
				"south": {"uv": [4.96, 0.96, 7.04, 3.04], "texture": "#5"},
				"west": {"uv": [4.96, 0.96, 7.04, 3.04], "texture": "#5"},
				"up": {"uv": [4.96, 0.96, 7.04, 3.04], "texture": "#5"},
				"down": {"uv": [4.96, 0.96, 7.04, 3.04], "texture": "#5"}
			}
		},
		{
			"name": "Voxels-CCCCCC",
			"from": [-2.25, 7.625, 8.25],
			"to": [-1.25, 7.75, 8.375],
			"faces": {
				"north": {"uv": [4.96, 0.96, 7.04, 3.04], "texture": "#5"},
				"east": {"uv": [4.96, 0.96, 7.04, 3.04], "texture": "#5"},
				"south": {"uv": [4.96, 0.96, 7.04, 3.04], "texture": "#5"},
				"west": {"uv": [4.96, 0.96, 7.04, 3.04], "texture": "#5"},
				"up": {"uv": [4.96, 0.96, 7.04, 3.04], "texture": "#5"},
				"down": {"uv": [4.96, 0.96, 7.04, 3.04], "texture": "#5"}
			}
		},
		{
			"name": "Voxels-CCCCCC",
			"from": [-2.25, 7.75, 8],
			"to": [-1.25, 7.875, 8.125],
			"color": 2,
			"faces": {
				"north": {"uv": [4.96, 0.96, 7.04, 3.04], "texture": "#missing"},
				"east": {"uv": [4.96, 0.96, 7.04, 3.04], "texture": "#missing"},
				"south": {"uv": [4.96, 0.96, 7.04, 3.04], "texture": "#missing"},
				"west": {"uv": [4.96, 0.96, 7.04, 3.04], "texture": "#missing"},
				"up": {"uv": [4.96, 0.96, 7.04, 3.04], "texture": "#missing"},
				"down": {"uv": [4.96, 0.96, 7.04, 3.04], "texture": "#missing"}
			}
		},
		{
			"name": "Voxels-CCCCCC",
			"from": [-2.25, 7.875, 7.375],
			"to": [-1.25, 8.125, 7.5],
			"faces": {
				"north": {"uv": [4.96, 0.96, 7.04, 3.04], "texture": "#5"},
				"east": {"uv": [4.96, 0.96, 7.04, 3.04], "texture": "#5"},
				"south": {"uv": [4.96, 0.96, 7.04, 3.04], "texture": "#5"},
				"west": {"uv": [4.96, 0.96, 7.04, 3.04], "texture": "#5"},
				"up": {"uv": [4.96, 0.96, 7.04, 3.04], "texture": "#5"},
				"down": {"uv": [4.96, 0.96, 7.04, 3.04], "texture": "#5"}
			}
		},
		{
			"name": "Voxels-CCCCCC",
			"from": [-2.25, 7.875, 8.375],
			"to": [-1.25, 8.125, 8.5],
			"faces": {
				"north": {"uv": [4.96, 0.96, 7.04, 3.04], "texture": "#5"},
				"east": {"uv": [4.96, 0.96, 7.04, 3.04], "texture": "#5"},
				"south": {"uv": [4.96, 0.96, 7.04, 3.04], "texture": "#5"},
				"west": {"uv": [4.96, 0.96, 7.04, 3.04], "texture": "#5"},
				"up": {"uv": [4.96, 0.96, 7.04, 3.04], "texture": "#5"},
				"down": {"uv": [4.96, 0.96, 7.04, 3.04], "texture": "#5"}
			}
		},
		{
			"name": "Voxels-CCCCCC",
			"from": [-2.25, 8.125, 8],
			"to": [-1.25, 8.25, 8.125],
			"color": 7,
			"faces": {
				"north": {"uv": [4.96, 0.96, 7.04, 3.04], "texture": "#missing"},
				"east": {"uv": [4.96, 0.96, 7.04, 3.04], "texture": "#missing"},
				"south": {"uv": [4.96, 0.96, 7.04, 3.04], "texture": "#missing"},
				"west": {"uv": [4.96, 0.96, 7.04, 3.04], "texture": "#missing"},
				"up": {"uv": [4.96, 0.96, 7.04, 3.04], "texture": "#missing"},
				"down": {"uv": [4.96, 0.96, 7.04, 3.04], "texture": "#missing"}
			}
		},
		{
			"name": "Voxels-CCCCCC",
			"from": [-2.25, 8.25, 7.5],
			"to": [-1.25, 8.375, 7.625],
			"faces": {
				"north": {"uv": [4.96, 0.96, 7.04, 3.04], "texture": "#5"},
				"east": {"uv": [4.96, 0.96, 7.04, 3.04], "texture": "#5"},
				"south": {"uv": [4.96, 0.96, 7.04, 3.04], "texture": "#5"},
				"west": {"uv": [4.96, 0.96, 7.04, 3.04], "texture": "#5"},
				"up": {"uv": [4.96, 0.96, 7.04, 3.04], "texture": "#5"},
				"down": {"uv": [4.96, 0.96, 7.04, 3.04], "texture": "#5"}
			}
		},
		{
			"name": "Voxels-CCCCCC",
			"from": [-2.25, 8.25, 8.25],
			"to": [-1.25, 8.375, 8.375],
			"faces": {
				"north": {"uv": [4.96, 0.96, 7.04, 3.04], "texture": "#5"},
				"east": {"uv": [4.96, 0.96, 7.04, 3.04], "texture": "#5"},
				"south": {"uv": [4.96, 0.96, 7.04, 3.04], "texture": "#5"},
				"west": {"uv": [4.96, 0.96, 7.04, 3.04], "texture": "#5"},
				"up": {"uv": [4.96, 0.96, 7.04, 3.04], "texture": "#5"},
				"down": {"uv": [4.96, 0.96, 7.04, 3.04], "texture": "#5"}
			}
		},
		{
			"name": "Voxels-CCCCCC",
			"from": [-0.75, 7.5, 7.875],
			"to": [-0.625, 7.625, 8],
			"faces": {
				"north": {"uv": [4.96, 0.96, 7.04, 3.04], "texture": "#6"},
				"east": {"uv": [4.96, 0.96, 7.04, 3.04], "texture": "#6"},
				"south": {"uv": [4.96, 0.96, 7.04, 3.04], "texture": "#6"},
				"west": {"uv": [4.96, 0.96, 7.04, 3.04], "texture": "#6"},
				"up": {"uv": [4.96, 0.96, 7.04, 3.04], "texture": "#6"},
				"down": {"uv": [4.96, 0.96, 7.04, 3.04], "texture": "#6"}
			}
		},
		{
			"name": "Voxels-CCCCCC",
			"from": [-0.75, 7.875, 8.125],
			"to": [-0.625, 8.125, 8.25],
			"color": 7,
			"faces": {
				"north": {"uv": [4.96, 0.96, 7.04, 3.04], "texture": "#missing"},
				"east": {"uv": [4.96, 0.96, 7.04, 3.04], "texture": "#missing"},
				"south": {"uv": [4.96, 0.96, 7.04, 3.04], "texture": "#missing"},
				"west": {"uv": [4.96, 0.96, 7.04, 3.04], "texture": "#missing"},
				"up": {"uv": [4.96, 0.96, 7.04, 3.04], "texture": "#missing"},
				"down": {"uv": [4.96, 0.96, 7.04, 3.04], "texture": "#missing"}
			}
		},
		{
			"name": "Voxels-CCCCCC",
			"from": [-0.75, 7.875, 8.375],
			"to": [0.125, 8.125, 8.5],
			"faces": {
				"north": {"uv": [4.96, 0.96, 7.04, 3.04], "texture": "#6"},
				"east": {"uv": [4.96, 0.96, 7.04, 3.04], "texture": "#6"},
				"south": {"uv": [4.96, 0.96, 7.04, 3.04], "texture": "#6"},
				"west": {"uv": [4.96, 0.96, 7.04, 3.04], "texture": "#6"},
				"up": {"uv": [4.96, 0.96, 7.04, 3.04], "texture": "#6"},
				"down": {"uv": [4.96, 0.96, 7.04, 3.04], "texture": "#6"}
			}
		},
		{
			"name": "Voxels-CCCCCC",
			"from": [-0.75, 7.875, 8.5],
			"to": [0, 8.125, 8.625],
			"faces": {
				"north": {"uv": [4.96, 0.96, 7.04, 3.04], "texture": "#5"},
				"east": {"uv": [4.96, 0.96, 7.04, 3.04], "texture": "#5"},
				"south": {"uv": [4.96, 0.96, 7.04, 3.04], "texture": "#5"},
				"west": {"uv": [4.96, 0.96, 7.04, 3.04], "texture": "#5"},
				"up": {"uv": [4.96, 0.96, 7.04, 3.04], "texture": "#5"},
				"down": {"uv": [4.96, 0.96, 7.04, 3.04], "texture": "#5"}
			}
		},
		{
			"name": "Voxels-CCCCCC",
			"from": [-0.75, 8.375, 7.875],
			"to": [-0.625, 8.5, 8],
			"faces": {
				"north": {"uv": [4.96, 0.96, 7.04, 3.04], "texture": "#6"},
				"east": {"uv": [4.96, 0.96, 7.04, 3.04], "texture": "#6"},
				"south": {"uv": [4.96, 0.96, 7.04, 3.04], "texture": "#6"},
				"west": {"uv": [4.96, 0.96, 7.04, 3.04], "texture": "#6"},
				"up": {"uv": [4.96, 0.96, 7.04, 3.04], "texture": "#6"},
				"down": {"uv": [4.96, 0.96, 7.04, 3.04], "texture": "#6"}
			}
		},
		{
			"name": "Voxels-CCCCCC",
			"from": [0, 7.5, 7.75],
			"to": [0.125, 7.625, 8],
			"faces": {
				"north": {"uv": [4.96, 0.96, 7.04, 3.04], "texture": "#6"},
				"east": {"uv": [4.96, 0.96, 7.04, 3.04], "texture": "#6"},
				"south": {"uv": [4.96, 0.96, 7.04, 3.04], "texture": "#6"},
				"west": {"uv": [4.96, 0.96, 7.04, 3.04], "texture": "#6"},
				"up": {"uv": [4.96, 0.96, 7.04, 3.04], "texture": "#6"},
				"down": {"uv": [4.96, 0.96, 7.04, 3.04], "texture": "#6"}
			}
		},
		{
			"name": "Voxels-CCCCCC",
			"from": [0, 7.875, 8.125],
			"to": [0.125, 8.125, 8.25],
			"color": 4,
			"faces": {
				"north": {"uv": [4.96, 0.96, 7.04, 3.04], "texture": "#missing"},
				"east": {"uv": [4.96, 0.96, 7.04, 3.04], "texture": "#missing"},
				"south": {"uv": [4.96, 0.96, 7.04, 3.04], "texture": "#missing"},
				"west": {"uv": [4.96, 0.96, 7.04, 3.04], "texture": "#missing"},
				"up": {"uv": [4.96, 0.96, 7.04, 3.04], "texture": "#missing"},
				"down": {"uv": [4.96, 0.96, 7.04, 3.04], "texture": "#missing"}
			}
		},
		{
			"name": "Voxels-CCCCCC",
			"from": [0, 8.375, 7.75],
			"to": [0.125, 8.5, 8],
			"faces": {
				"north": {"uv": [4.96, 0.96, 7.04, 3.04], "texture": "#6"},
				"east": {"uv": [4.96, 0.96, 7.04, 3.04], "texture": "#6"},
				"south": {"uv": [4.96, 0.96, 7.04, 3.04], "texture": "#6"},
				"west": {"uv": [4.96, 0.96, 7.04, 3.04], "texture": "#6"},
				"up": {"uv": [4.96, 0.96, 7.04, 3.04], "texture": "#6"},
				"down": {"uv": [4.96, 0.96, 7.04, 3.04], "texture": "#6"}
			}
		},
		{
			"name": "Voxels-CCCCCC",
			"from": [0.25, 7.875, 7.625],
			"to": [2, 8.125, 7.75],
			"faces": {
				"north": {"uv": [4.96, 0.96, 7.04, 3.04], "texture": "#6"},
				"east": {"uv": [4.96, 0.96, 7.04, 3.04], "texture": "#6"},
				"south": {"uv": [4.96, 0.96, 7.04, 3.04], "texture": "#6"},
				"west": {"uv": [4.96, 0.96, 7.04, 3.04], "texture": "#6"},
				"up": {"uv": [4.96, 0.96, 7.04, 3.04], "texture": "#6"},
				"down": {"uv": [4.96, 0.96, 7.04, 3.04], "texture": "#6"}
			}
		},
		{
			"name": "Voxels-CCCCCC",
			"from": [0.625, 7.625, 7.5],
			"to": [1.125, 7.75, 7.625],
			"faces": {
				"north": {"uv": [4.96, 0.96, 7.04, 3.04], "texture": "#6"},
				"east": {"uv": [4.96, 0.96, 7.04, 3.04], "texture": "#6"},
				"south": {"uv": [4.96, 0.96, 7.04, 3.04], "texture": "#6"},
				"west": {"uv": [4.96, 0.96, 7.04, 3.04], "texture": "#6"},
				"up": {"uv": [4.96, 0.96, 7.04, 3.04], "texture": "#6"},
				"down": {"uv": [4.96, 0.96, 7.04, 3.04], "texture": "#6"}
			}
		},
		{
			"name": "Voxels-CCCCCC",
			"from": [0.625, 7.875, 7.375],
			"to": [1, 8.125, 7.5],
			"faces": {
				"north": {"uv": [4.96, 0.96, 7.04, 3.04], "texture": "#6"},
				"east": {"uv": [4.96, 0.96, 7.04, 3.04], "texture": "#6"},
				"south": {"uv": [4.96, 0.96, 7.04, 3.04], "texture": "#6"},
				"west": {"uv": [4.96, 0.96, 7.04, 3.04], "texture": "#6"},
				"up": {"uv": [4.96, 0.96, 7.04, 3.04], "texture": "#6"},
				"down": {"uv": [4.96, 0.96, 7.04, 3.04], "texture": "#6"}
			}
		},
		{
			"name": "Voxels-CCCCCC",
			"from": [0.625, 8.25, 7.5],
			"to": [1.125, 8.375, 7.625],
			"faces": {
				"north": {"uv": [4.96, 0.96, 7.04, 3.04], "texture": "#6"},
				"east": {"uv": [4.96, 0.96, 7.04, 3.04], "texture": "#6"},
				"south": {"uv": [4.96, 0.96, 7.04, 3.04], "texture": "#6"},
				"west": {"uv": [4.96, 0.96, 7.04, 3.04], "texture": "#6"},
				"up": {"uv": [4.96, 0.96, 7.04, 3.04], "texture": "#6"},
				"down": {"uv": [4.96, 0.96, 7.04, 3.04], "texture": "#6"}
			}
		},
		{
			"name": "Voxels-CCCCCC",
			"from": [0.75, 7.5, 7.5],
			"to": [1.125, 7.625, 7.75],
			"faces": {
				"north": {"uv": [4.96, 0.96, 7.04, 3.04], "texture": "#6"},
				"east": {"uv": [4.96, 0.96, 7.04, 3.04], "texture": "#6"},
				"south": {"uv": [4.96, 0.96, 7.04, 3.04], "texture": "#6"},
				"west": {"uv": [4.96, 0.96, 7.04, 3.04], "texture": "#6"},
				"up": {"uv": [4.96, 0.96, 7.04, 3.04], "texture": "#6"},
				"down": {"uv": [4.96, 0.96, 7.04, 3.04], "texture": "#6"}
			}
		},
		{
			"name": "Voxels-CCCCCC",
			"from": [0.75, 8.375, 7.5],
			"to": [1.125, 8.5, 7.75],
			"faces": {
				"north": {"uv": [4.96, 0.96, 7.04, 3.04], "texture": "#6"},
				"east": {"uv": [4.96, 0.96, 7.04, 3.04], "texture": "#6"},
				"south": {"uv": [4.96, 0.96, 7.04, 3.04], "texture": "#6"},
				"west": {"uv": [4.96, 0.96, 7.04, 3.04], "texture": "#6"},
				"up": {"uv": [4.96, 0.96, 7.04, 3.04], "texture": "#6"},
				"down": {"uv": [4.96, 0.96, 7.04, 3.04], "texture": "#6"}
			}
		},
		{
			"name": "Voxels-CCCCCC",
			"from": [0.875, 7.5, 7.75],
			"to": [1.125, 7.625, 8],
			"faces": {
				"north": {"uv": [4.96, 0.96, 7.04, 3.04], "texture": "#6"},
				"east": {"uv": [4.96, 0.96, 7.04, 3.04], "texture": "#6"},
				"south": {"uv": [4.96, 0.96, 7.04, 3.04], "texture": "#6"},
				"west": {"uv": [4.96, 0.96, 7.04, 3.04], "texture": "#6"},
				"up": {"uv": [4.96, 0.96, 7.04, 3.04], "texture": "#6"},
				"down": {"uv": [4.96, 0.96, 7.04, 3.04], "texture": "#6"}
			}
		},
		{
			"name": "Voxels-CCCCCC",
			"from": [0.875, 7.75, 7.75],
			"to": [18.375, 8.25, 7.875],
			"faces": {
				"north": {"uv": [7, 7, 9.08, 9.08], "texture": "#7"},
				"east": {"uv": [7, 7, 9.08, 9.08], "texture": "#7"},
				"south": {"uv": [7, 7, 9.08, 9.08], "texture": "#7"},
				"west": {"uv": [7, 7, 9.08, 9.08], "texture": "#7"},
				"up": {"uv": [7, 7, 9.08, 9.08], "texture": "#7"},
				"down": {"uv": [7, 7, 9.08, 9.08], "texture": "#7"}
			}
		},
		{
			"name": "Voxels-CCCCCC",
			"from": [0.875, 8.375, 7.75],
			"to": [1.125, 8.5, 8],
			"faces": {
				"north": {"uv": [4.96, 0.96, 7.04, 3.04], "texture": "#6"},
				"east": {"uv": [4.96, 0.96, 7.04, 3.04], "texture": "#6"},
				"south": {"uv": [4.96, 0.96, 7.04, 3.04], "texture": "#6"},
				"west": {"uv": [4.96, 0.96, 7.04, 3.04], "texture": "#6"},
				"up": {"uv": [4.96, 0.96, 7.04, 3.04], "texture": "#6"},
				"down": {"uv": [4.96, 0.96, 7.04, 3.04], "texture": "#6"}
			}
		},
		{
			"name": "Voxels-CCCCCC",
			"from": [1, 7.5, 8],
			"to": [1.125, 7.625, 8.125],
			"faces": {
				"north": {"uv": [4.96, 0.96, 7.04, 3.04], "texture": "#6"},
				"east": {"uv": [4.96, 0.96, 7.04, 3.04], "texture": "#6"},
				"south": {"uv": [4.96, 0.96, 7.04, 3.04], "texture": "#6"},
				"west": {"uv": [4.96, 0.96, 7.04, 3.04], "texture": "#6"},
				"up": {"uv": [4.96, 0.96, 7.04, 3.04], "texture": "#6"},
				"down": {"uv": [4.96, 0.96, 7.04, 3.04], "texture": "#6"}
			}
		},
		{
			"name": "Voxels-CCCCCC",
			"from": [1, 7.75, 7.875],
			"to": [1.125, 8.25, 8],
			"color": 3,
			"faces": {
				"north": {"uv": [4.96, 0.96, 7.04, 3.04], "texture": "#missing"},
				"east": {"uv": [4.96, 0.96, 7.04, 3.04], "texture": "#missing"},
				"south": {"uv": [4.96, 0.96, 7.04, 3.04], "texture": "#missing"},
				"west": {"uv": [4.96, 0.96, 7.04, 3.04], "texture": "#missing"},
				"up": {"uv": [4.96, 0.96, 7.04, 3.04], "texture": "#missing"},
				"down": {"uv": [4.96, 0.96, 7.04, 3.04], "texture": "#missing"}
			}
		},
		{
			"name": "Voxels-CCCCCC",
			"from": [1, 8.375, 8],
			"to": [1.125, 8.5, 8.125],
			"faces": {
				"north": {"uv": [4.96, 0.96, 7.04, 3.04], "texture": "#6"},
				"east": {"uv": [4.96, 0.96, 7.04, 3.04], "texture": "#6"},
				"south": {"uv": [4.96, 0.96, 7.04, 3.04], "texture": "#6"},
				"west": {"uv": [4.96, 0.96, 7.04, 3.04], "texture": "#6"},
				"up": {"uv": [4.96, 0.96, 7.04, 3.04], "texture": "#6"},
				"down": {"uv": [4.96, 0.96, 7.04, 3.04], "texture": "#6"}
			}
		},
		{
			"name": "Voxels-CCCCCC",
			"from": [1.125, 7.75, 8],
			"to": [18.375, 8.25, 8.125],
			"faces": {
				"north": {"uv": [5, 2.25, 7.08, 4.33], "texture": "#7"},
				"east": {"uv": [5, 2.25, 7.08, 4.33], "texture": "#7"},
				"south": {"uv": [5, 2.25, 7.08, 4.33], "texture": "#7"},
				"west": {"uv": [5, 2.25, 7.08, 4.33], "texture": "#7"},
				"up": {"uv": [5, 2.25, 7.08, 4.33], "texture": "#7"},
				"down": {"uv": [5, 2.25, 7.08, 4.33], "texture": "#7"}
			}
		},
		{
			"name": "Voxels-CCCCCC",
			"from": [1.125, 7.875, 7.375],
			"to": [1.375, 8.125, 7.5],
			"faces": {
				"north": {"uv": [4.96, 0.96, 7.04, 3.04], "texture": "#6"},
				"east": {"uv": [4.96, 0.96, 7.04, 3.04], "texture": "#6"},
				"south": {"uv": [4.96, 0.96, 7.04, 3.04], "texture": "#6"},
				"west": {"uv": [4.96, 0.96, 7.04, 3.04], "texture": "#6"},
				"up": {"uv": [4.96, 0.96, 7.04, 3.04], "texture": "#6"},
				"down": {"uv": [4.96, 0.96, 7.04, 3.04], "texture": "#6"}
			}
		},
		{
			"name": "Voxels-CCCCCC",
			"from": [1.125, 7.875, 7.875],
			"to": [1.375, 8.125, 8],
			"color": 1,
			"faces": {
				"north": {"uv": [4.96, 0.96, 7.04, 3.04], "texture": "#missing"},
				"east": {"uv": [4.96, 0.96, 7.04, 3.04], "texture": "#missing"},
				"south": {"uv": [4.96, 0.96, 7.04, 3.04], "texture": "#missing"},
				"west": {"uv": [4.96, 0.96, 7.04, 3.04], "texture": "#missing"},
				"up": {"uv": [4.96, 0.96, 7.04, 3.04], "texture": "#missing"},
				"down": {"uv": [4.96, 0.96, 7.04, 3.04], "texture": "#missing"}
			}
		},
		{
			"name": "Voxels-CCCCCC",
			"from": [1.125, 7.875, 8.125],
			"to": [1.375, 8.125, 8.25],
			"faces": {
				"north": {"uv": [4.96, 0.96, 7.04, 3.04], "texture": "#6"},
				"east": {"uv": [4.96, 0.96, 7.04, 3.04], "texture": "#6"},
				"south": {"uv": [4.96, 0.96, 7.04, 3.04], "texture": "#6"},
				"west": {"uv": [4.96, 0.96, 7.04, 3.04], "texture": "#6"},
				"up": {"uv": [4.96, 0.96, 7.04, 3.04], "texture": "#6"},
				"down": {"uv": [4.96, 0.96, 7.04, 3.04], "texture": "#6"}
			}
		},
		{
			"name": "Voxels-CCCCCC",
			"from": [1.25, 7.75, 7.875],
			"to": [18.5, 7.875, 8],
			"faces": {
				"north": {"uv": [4.96, 0.96, 7.04, 3.04], "texture": "#7"},
				"east": {"uv": [4.96, 0.96, 7.04, 3.04], "texture": "#7"},
				"south": {"uv": [4.96, 0.96, 7.04, 3.04], "texture": "#7"},
				"west": {"uv": [4.96, 0.96, 7.04, 3.04], "texture": "#7"},
				"up": {"uv": [4.96, 0.96, 7.04, 3.04], "texture": "#7"},
				"down": {"uv": [4.96, 0.96, 7.04, 3.04], "texture": "#7"}
			}
		},
		{
			"name": "Voxels-CCCCCC",
			"from": [1.25, 8.125, 7.875],
			"to": [18.5, 8.25, 8],
			"faces": {
				"north": {"uv": [5, 2.5, 7.08, 4.58], "texture": "#7"},
				"east": {"uv": [5, 2.5, 7.08, 4.58], "texture": "#7"},
				"south": {"uv": [5, 2.5, 7.08, 4.58], "texture": "#7"},
				"west": {"uv": [5, 2.5, 7.08, 4.58], "texture": "#7"},
				"up": {"uv": [5, 2.5, 7.08, 4.58], "texture": "#7"},
				"down": {"uv": [5, 2.5, 7.08, 4.58], "texture": "#7"}
			}
		},
		{
			"name": "Voxels-CCCCCC",
			"from": [18.375, 7.875, 7.75],
			"to": [18.5, 8.125, 8.125],
			"faces": {
				"north": {"uv": [4.96, 0.96, 7.04, 3.04], "texture": "#7"},
				"east": {"uv": [4.96, 0.96, 7.04, 3.04], "texture": "#7"},
				"south": {"uv": [4.96, 0.96, 7.04, 3.04], "texture": "#7"},
				"west": {"uv": [4.96, 0.96, 7.04, 3.04], "texture": "#7"},
				"up": {"uv": [4.96, 0.96, 7.04, 3.04], "texture": "#7"},
				"down": {"uv": [4.96, 0.96, 7.04, 3.04], "texture": "#7"}
			}
		},
		{
			"name": "Voxels-CCCCCC",
			"from": [18.5, 7.875, 7.875],
			"to": [18.625, 8.125, 8],
			"faces": {
				"north": {"uv": [4.96, 0.96, 7.04, 3.04], "texture": "#7"},
				"east": {"uv": [4.96, 0.96, 7.04, 3.04], "texture": "#7"},
				"south": {"uv": [4.96, 0.96, 7.04, 3.04], "texture": "#7"},
				"west": {"uv": [4.96, 0.96, 7.04, 3.04], "texture": "#7"},
				"up": {"uv": [4.96, 0.96, 7.04, 3.04], "texture": "#7"},
				"down": {"uv": [4.96, 0.96, 7.04, 3.04], "texture": "#7"}
			}
		}
	],
	"display": {
		"thirdperson_righthand": {
			"rotation": [51.2, 0, 91],
			"translation": [0.25, 7.75, 9],
			"scale": [1.27, 1.9, 1.77]
		},
		"thirdperson_lefthand": {
			"rotation": [51.2, 0, -91],
			"translation": [0.25, 7.75, 9],
			"scale": [1.27, 1.9, 1.77]
		},
		"firstperson_righthand": {
			"rotation": [0, 0, 96],
			"translation": [0, 7.25, 1.5],
			"scale": [0.84, 1.44, 1]
		},
		"firstperson_lefthand": {
			"rotation": [180, 0, 82],
			"translation": [0, 7.25, 1.5],
			"scale": [0.84, 1.44, 1]
		},
		"ground": {
			"rotation": [0.25, 0, 87.25],
			"translation": [0, 8, 0]
		},
		"gui": {
			"rotation": [0, 0, 42.75],
			"translation": [0.5, 0, 0],
			"scale": [0.91, 1.75, 0.84]
		},
		"fixed": {
			"rotation": [0, 0, 48.25],
			"scale": [1.11, 1.57, 1.75]
		}
	}
}
