{
	"credit": "Made with Blockbench",
	"texture_size": [64, 64],
	"textures": {
		"2": "blocks/glass_gray",
		"4": "blocks/iron_trapdoor",
		"5": "blocks/wool_colored_black",
		"6": "custom/walt",
		"7": "blocks/ice_packed",
		"particle": "custom/walt"
	},
	"elements": [
		{
			"from": [1, 5, 14],
			"to": [4, 15, 15],
			"rotation": {"angle": 0, "axis": "y", "origin": [12, 7, 9]},
			"faces": {
				"north": {"uv": [0, 0, 0.75, 2.5], "texture": "#7"},
				"east": {"uv": [0, 0, 0.25, 2.5], "texture": "#7"},
				"south": {"uv": [0.75, 1, 1.5, 3.5], "texture": "#4"},
				"west": {"uv": [0, 0, 0.25, 2.5], "texture": "#7"},
				"up": {"uv": [0, 0, 0.75, 0.25], "texture": "#7"},
				"down": {"uv": [0, 0, 0.75, 0.25], "texture": "#7"}
			}
		},
		{
			"from": [12, 5, 14],
			"to": [15, 15, 15],
			"rotation": {"angle": 0, "axis": "y", "origin": [4, 7, 9]},
			"faces": {
				"north": {"uv": [0.75, 0, 0, 2.5], "texture": "#7"},
				"east": {"uv": [0.25, 0, 0, 2.5], "texture": "#7"},
				"south": {"uv": [1.5, 1, 0.75, 3.5], "texture": "#4"},
				"west": {"uv": [0.25, 0, 0, 2.5], "texture": "#7"},
				"up": {"uv": [0.75, 0, 0, 0.25], "texture": "#7"},
				"down": {"uv": [0.75, 0, 0, 0.25], "texture": "#7"}
			}
		},
		{
			"from": [3, 2, 14],
			"to": [13, 16, 15],
			"rotation": {"angle": 0, "axis": "y", "origin": [14, 8, 9]},
			"faces": {
				"north": {"uv": [7.25, 7.5, 11.75, 12.5], "texture": "#7"},
				"east": {"uv": [0, 0, 0.25, 3.5], "texture": "#7"},
				"south": {"uv": [13.5, 13.25, 15.5, 15.5], "texture": "#4"},
				"west": {"uv": [0, 0, 0.25, 3.5], "texture": "#7"},
				"up": {"uv": [0, 0, 2.5, 0.25], "texture": "#7"},
				"down": {"uv": [0, 0, 2.5, 0.25], "texture": "#7"}
			}
		},
		{
			"from": [3, 0, 1],
			"to": [13, 2, 15],
			"rotation": {"angle": 0, "axis": "y", "origin": [14, 8, 9]},
			"faces": {
				"north": {"uv": [2, 1, 4.5, 1.5], "texture": "#4"},
				"east": {"uv": [0, 0, 2.5, 0.5], "texture": "#4"},
				"south": {"uv": [2.25, 1, 4.75, 1.5], "texture": "#4"},
				"west": {"uv": [0, 0, 2.5, 0.5], "texture": "#4"},
				"up": {"uv": [0, 0, 2.5, 0.5], "texture": "#4"},
				"down": {"uv": [13.75, 13.25, 15.75, 15.5], "texture": "#4"}
			}
		},
		{
			"from": [16.20116, 2.14802, 1],
			"to": [18.20116, 13.14802, 15],
			"rotation": {"angle": -22.5, "axis": "z", "origin": [10.20116, 14.14802, 9]},
			"faces": {
				"north": {"uv": [13.25, 13.25, 16, 13.75], "rotation": 270, "texture": "#4"},
				"east": {"uv": [13.25, 13.25, 15.75, 15.5], "rotation": 270, "texture": "#4"},
				"south": {"uv": [13.25, 13.25, 16, 13.75], "rotation": 270, "texture": "#4"},
				"west": {"uv": [13.25, 13.25, 15.75, 15.5], "rotation": 270, "texture": "#4"},
				"up": {"uv": [13.25, 13.25, 15.75, 15.5], "rotation": 270, "texture": "#4"},
				"down": {"uv": [13.25, 13.25, 15.75, 15.5], "rotation": 270, "texture": "#4"}
			}
		},
		{
			"from": [-2.20116, 2.14802, 1],
			"to": [-0.20116, 13.14802, 15],
			"rotation": {"angle": 22.5, "axis": "z", "origin": [5.79884, 14.14802, 9]},
			"faces": {
				"north": {"uv": [13.25, 13.25, 16, 13.75], "rotation": 270, "texture": "#4"},
				"east": {"uv": [13.25, 13.25, 15.75, 15.5], "rotation": 270, "texture": "#4"},
				"south": {"uv": [13.25, 13.25, 16, 13.75], "rotation": 270, "texture": "#4"},
				"west": {"uv": [13.25, 13.25, 15.75, 15.5], "rotation": 270, "texture": "#4"},
				"up": {"uv": [13.25, 13.25, 15.75, 15.5], "rotation": 270, "texture": "#4"},
				"down": {"uv": [13.25, 13.25, 15.75, 15.5], "rotation": 270, "texture": "#4"}
			}
		},
		{
			"from": [1.79048, 13.16267, 1],
			"to": [14.79048, 15.16267, 15],
			"rotation": {"angle": 0, "axis": "z", "origin": [6.79048, 18.16267, 10]},
			"faces": {
				"north": {"uv": [3.75, 11.75, 4.25, 15], "rotation": 90, "texture": "#4"},
				"east": {"uv": [0, 3.5, 0.5, 7], "rotation": 270, "texture": "#missing"},
				"south": {"uv": [0.75, 1, 1.25, 4.25], "rotation": 270, "texture": "#4"},
				"west": {"uv": [0, 3.5, 0.5, 7], "rotation": 270, "texture": "#missing"},
				"up": {"uv": [0, 0.5, 3.5, 3.75], "rotation": 270, "texture": "#missing"},
				"down": {"uv": [0, 0.5, 3.5, 3.75], "rotation": 270, "texture": "#4"}
			}
		},
		{
			"from": [13.20952, 6.16267, 1],
			"to": [15.20952, 13.16267, 15],
			"rotation": {"angle": 0, "axis": "z", "origin": [17.20952, 6.16267, 10]},
			"faces": {
				"north": {"uv": [13.5, 13.5, 14, 15.25], "rotation": 180, "texture": "#4"},
				"east": {"uv": [13.5, 13.5, 14, 15.25], "rotation": 180, "texture": "#4"},
				"south": {"uv": [13.5, 13.5, 14, 15.25], "rotation": 180, "texture": "#4"},
				"west": {"uv": [13.5, 13.5, 14, 15.25], "rotation": 180, "texture": "#4"},
				"up": {"uv": [13.5, 13.5, 14, 15.25], "rotation": 180, "texture": "#4"},
				"down": {"uv": [13.5, 13.5, 14, 15.25], "rotation": 180, "texture": "#4"}
			}
		},
		{
			"from": [12.20952, 4.16267, 2],
			"to": [13.20952, 13.16267, 14],
			"rotation": {"angle": 0, "axis": "z", "origin": [9.20952, 6.16267, 10]},
			"faces": {
				"north": {"uv": [0, 0.5, 0.25, 2.75], "rotation": 180, "texture": "#2"},
				"east": {"uv": [0, 0.5, 3, 2.75], "rotation": 180, "texture": "#missing"},
				"south": {"uv": [0, 0.5, 0.25, 2.75], "rotation": 180, "texture": "#missing"},
				"west": {"uv": [8, 9.75, 12.25, 13.25], "rotation": 180, "texture": "#7"},
				"up": {"uv": [0, 3.5, 0.25, 6.5], "rotation": 180, "texture": "#missing"},
				"down": {"uv": [0, 3.5, 0.25, 6.5], "rotation": 180, "texture": "#missing"}
			}
		},
		{
			"from": [2.79048, 4.16267, 2],
			"to": [3.79048, 13.16267, 14],
			"rotation": {"angle": 0, "axis": "z", "origin": [-0.20952, 6.16267, 10]},
			"faces": {
				"north": {"uv": [0, 0.5, 0.25, 2.75], "rotation": 180, "texture": "#2"},
				"east": {"uv": [8.25, 9.75, 12.5, 13.25], "rotation": 180, "texture": "#7"},
				"south": {"uv": [0, 0.5, 0.25, 2.75], "rotation": 180, "texture": "#missing"},
				"west": {"uv": [0, 0.5, 3, 2.75], "rotation": 180, "texture": "#missing"},
				"up": {"uv": [0, 3.5, 0.25, 6.5], "rotation": 180, "texture": "#missing"},
				"down": {"uv": [0, 3.5, 0.25, 6.5], "rotation": 180, "texture": "#missing"}
			}
		},
		{
			"from": [3.20952, 3.16267, 2],
			"to": [13.20952, 4.16267, 14],
			"rotation": {"angle": 0, "axis": "z", "origin": [5.20952, 7.16267, 10]},
			"faces": {
				"north": {"uv": [0, 0.5, 0.25, 3], "rotation": 90, "texture": "#2"},
				"east": {"uv": [0, 3.5, 0.25, 6.5], "rotation": 270, "texture": "#missing"},
				"south": {"uv": [0, 0.5, 0.25, 3], "rotation": 270, "texture": "#missing"},
				"west": {"uv": [0, 3.5, 0.25, 6.5], "rotation": 270, "texture": "#missing"},
				"up": {"uv": [8.25, 9, 12.5, 12.5], "rotation": 180, "texture": "#7"},
				"down": {"uv": [0, 0.5, 3, 3], "rotation": 270, "texture": "#4"}
			}
		},
		{
			"from": [3.20952, 12.16267, 2],
			"to": [12.20952, 13.16267, 14],
			"rotation": {"angle": 0, "axis": "z", "origin": [5.20952, 16.16267, 10]},
			"faces": {
				"north": {"uv": [0, 0.5, 0.25, 2.75], "rotation": 90, "texture": "#2"},
				"east": {"uv": [0, 3.5, 0.25, 6.5], "rotation": 270, "texture": "#missing"},
				"south": {"uv": [0, 0.5, 0.25, 2.75], "rotation": 270, "texture": "#missing"},
				"west": {"uv": [0, 3.5, 0.25, 6.5], "rotation": 270, "texture": "#missing"},
				"up": {"uv": [0, 0.5, 3, 2.75], "rotation": 270, "texture": "#missing"},
				"down": {"uv": [8.25, 10.25, 12.5, 13.75], "rotation": 180, "texture": "#7"}
			}
		},
		{
			"from": [0.79048, 6.16267, 1],
			"to": [2.79048, 13.16267, 15],
			"rotation": {"angle": 0, "axis": "z", "origin": [-1.20952, 6.16267, 10]},
			"faces": {
				"north": {"uv": [13.5, 13.5, 14, 15.25], "rotation": 180, "texture": "#4"},
				"east": {"uv": [13.5, 13.5, 14, 15.25], "rotation": 180, "texture": "#4"},
				"south": {"uv": [13.5, 13.5, 14, 15.25], "rotation": 180, "texture": "#4"},
				"west": {"uv": [13.5, 13.5, 14, 15.25], "rotation": 180, "texture": "#4"},
				"up": {"uv": [13.5, 13.5, 14, 15.25], "rotation": 180, "texture": "#4"},
				"down": {"uv": [13.5, 13.5, 14, 15.25], "rotation": 180, "texture": "#4"}
			}
		},
		{
			"from": [-1.20952, 10.16267, 1],
			"to": [1.79048, 15.16267, 15],
			"rotation": {"angle": 0, "axis": "z", "origin": [6.79048, 18.16267, 10]},
			"faces": {
				"north": {"uv": [5.75, 1, 7, 1.75], "rotation": 90, "texture": "#4"},
				"east": {"uv": [6, 1, 7, 4.5], "rotation": 90, "texture": "#4"},
				"south": {"uv": [5.75, 1, 7, 1.75], "rotation": 90, "texture": "#4"},
				"west": {"uv": [6, 1, 7, 4.5], "rotation": 90, "texture": "#4"},
				"up": {"uv": [0, 0.5, 3.5, 1.25], "rotation": 270, "texture": "#4"},
				"down": {"uv": [0, 0.5, 3.5, 1.25], "rotation": 270, "texture": "#4"}
			}
		},
		{
			"from": [14.20952, 10.16267, 1],
			"to": [17.20952, 15.16267, 15],
			"rotation": {"angle": 0, "axis": "z", "origin": [9.20952, 18.16267, 10]},
			"faces": {
				"north": {"uv": [5.75, 1, 7, 1.75], "rotation": 90, "texture": "#4"},
				"east": {"uv": [6, 1, 7, 4.5], "rotation": 90, "texture": "#4"},
				"south": {"uv": [5.75, 1, 7, 1.75], "rotation": 90, "texture": "#4"},
				"west": {"uv": [6, 1, 7, 4.5], "rotation": 90, "texture": "#4"},
				"up": {"uv": [5.75, 1, 7, 1.75], "rotation": 90, "texture": "#4"},
				"down": {"uv": [5.75, 1, 7, 1.75], "rotation": 90, "texture": "#4"}
			}
		},
		{
			"from": [-0.5, 15, 0.5],
			"to": [16.5, 17, 15.5],
			"rotation": {"angle": 0, "axis": "z", "origin": [10.5, 20, 9.5]},
			"faces": {
				"north": {"uv": [0.75, 1, 1.25, 5.25], "rotation": 90, "texture": "#4"},
				"east": {"uv": [0.75, 1, 1.25, 5.25], "rotation": 90, "texture": "#4"},
				"south": {"uv": [0.75, 1, 1.25, 5.25], "rotation": 90, "texture": "#4"},
				"west": {"uv": [0.75, 1, 1.25, 5.25], "rotation": 90, "texture": "#4"},
				"up": {"uv": [0.75, 1, 1.25, 5.25], "rotation": 90, "texture": "#4"},
				"down": {"uv": [0.75, 1, 1.25, 5.25], "rotation": 90, "texture": "#4"}
			}
		},
		{
			"from": [2.5, 17, 2.5],
			"to": [13.5, 19, 13.5],
			"rotation": {"angle": 0, "axis": "z", "origin": [10.5, 22, 9.5]},
			"faces": {
				"north": {"uv": [1.5, 7.25, 2, 10], "rotation": 270, "texture": "#4"},
				"east": {"uv": [6.5, 10.75, 7, 13.5], "rotation": 270, "texture": "#4"},
				"south": {"uv": [0.75, 7, 1.25, 9.75], "rotation": 270, "texture": "#4"},
				"west": {"uv": [1, 7, 1.5, 9.75], "rotation": 270, "texture": "#4"},
				"up": {"uv": [12, 13, 14.75, 15.75], "rotation": 270, "texture": "#4"},
				"down": {"uv": [0, 7.25, 0.5, 10], "rotation": 270, "texture": "#4"}
			}
		},
		{
			"from": [3, 2, 3],
			"to": [13, 4, 13],
			"rotation": {"angle": 0, "axis": "y", "origin": [14, 10, 9]},
			"faces": {
				"north": {"uv": [0, 0, 2.5, 0.5], "texture": "#5"},
				"east": {"uv": [0, 0, 2.5, 0.5], "texture": "#5"},
				"south": {"uv": [0, 0, 2.5, 0.5], "texture": "#5"},
				"west": {"uv": [0, 0, 2.5, 0.5], "texture": "#5"},
				"up": {"uv": [0, 0, 2.5, 0.5], "texture": "#5"},
				"down": {"uv": [0, 0, 2.5, 0.5], "texture": "#5"}
			}
		},
		{
			"from": [5, 19, 8],
			"to": [6, 21, 9],
			"rotation": {"angle": 0, "axis": "y", "origin": [13, 27, 16]},
			"faces": {
				"north": {"uv": [0, 0, 0.25, 0.5], "texture": "#5"},
				"east": {"uv": [0, 0, 0.25, 0.5], "texture": "#5"},
				"south": {"uv": [0, 0, 0.25, 0.5], "texture": "#5"},
				"west": {"uv": [0, 0, 0.25, 0.5], "texture": "#5"},
				"up": {"uv": [0, 0, 0.25, 0.5], "texture": "#5"},
				"down": {"uv": [0, 0, 0.25, 0.5], "texture": "#5"}
			}
		},
		{
			"from": [8.31371, 13, 8],
			"to": [9.31371, 15, 9],
			"rotation": {"angle": -45, "axis": "z", "origin": [16.31371, 21, 16]},
			"faces": {
				"north": {"uv": [0, 0, 0.25, 0.5], "texture": "#5"},
				"east": {"uv": [0, 0, 0.25, 0.5], "texture": "#5"},
				"south": {"uv": [0, 0, 0.25, 0.5], "texture": "#5"},
				"west": {"uv": [0, 0, 0.25, 0.5], "texture": "#5"},
				"up": {"uv": [0, 0, 0.25, 0.5], "texture": "#5"},
				"down": {"uv": [0, 0, 0.25, 0.5], "texture": "#5"}
			}
		},
		{
			"from": [6.68629, 13, 8],
			"to": [7.68629, 15, 9],
			"rotation": {"angle": 45, "axis": "z", "origin": [-0.31371, 21, 16]},
			"faces": {
				"north": {"uv": [0.25, 0, 0.5, 0.5], "texture": "#5"},
				"east": {"uv": [0.25, 0, 0.5, 0.5], "texture": "#5"},
				"south": {"uv": [0.25, 0, 0.5, 0.5], "texture": "#5"},
				"west": {"uv": [0.25, 0, 0.5, 0.5], "texture": "#5"},
				"up": {"uv": [0.25, 0, 0.5, 0.5], "texture": "#5"},
				"down": {"uv": [0.25, 0, 0.5, 0.5], "texture": "#5"}
			}
		},
		{
			"from": [6.41421, 21.41421, 8],
			"to": [9.58421, 22.41421, 9],
			"rotation": {"angle": 0, "axis": "z", "origin": [0.41421, 14.41421, 16]},
			"faces": {
				"north": {"uv": [0.25, 0, 0.5, 0.7925], "rotation": 270, "texture": "#5"},
				"east": {"uv": [0.25, 0, 0.5, 0.7925], "rotation": 270, "texture": "#5"},
				"south": {"uv": [0.25, 0, 0.5, 0.7925], "rotation": 270, "texture": "#5"},
				"west": {"uv": [0.25, 0, 0.5, 0.7925], "rotation": 270, "texture": "#5"},
				"up": {"uv": [0.25, 0, 0.5, 0.7925], "rotation": 270, "texture": "#5"},
				"down": {"uv": [0.25, 0, 0.5, 0.7925], "rotation": 270, "texture": "#5"}
			}
		},
		{
			"from": [10, 19, 8],
			"to": [11, 21, 9],
			"rotation": {"angle": 0, "axis": "y", "origin": [18, 27, 16]},
			"faces": {
				"north": {"uv": [0, 0, 0.25, 0.5], "texture": "#5"},
				"east": {"uv": [0, 0, 0.25, 0.5], "texture": "#5"},
				"south": {"uv": [0, 0, 0.25, 0.5], "texture": "#5"},
				"west": {"uv": [0, 0, 0.25, 0.5], "texture": "#5"},
				"up": {"uv": [0, 0, 0.25, 0.5], "texture": "#5"},
				"down": {"uv": [0, 0, 0.25, 0.5], "texture": "#5"}
			}
		},
		{
			"name": "Head",
			"from": [4, 4, 5],
			"to": [12, 12, 13],
			"rotation": {"angle": 0, "axis": "y", "origin": [8, -20, 9]},
			"faces": {
				"north": {"uv": [2, 2, 4, 4], "texture": "#6"},
				"east": {"uv": [0, 2, 2, 4], "texture": "#6"},
				"south": {"uv": [6, 2, 8, 4], "texture": "#6"},
				"west": {"uv": [4, 2, 6, 4], "texture": "#6"},
				"up": {"uv": [4, 2, 2, 0], "texture": "#6"},
				"down": {"uv": [6, 0, 4, 1.5], "texture": "#6"}
			}
		},
		{
			"name": "Hat Layer",
			"from": [3.5, 3.5, 4.5],
			"to": [12.5, 12.5, 13.5],
			"rotation": {"angle": 0, "axis": "y", "origin": [8, -20, 9]},
			"faces": {
				"north": {"uv": [10, 2, 12, 4], "texture": "#6"},
				"east": {"uv": [8, 2, 10, 4], "texture": "#6"},
				"south": {"uv": [14, 2, 16, 4], "texture": "#6"},
				"west": {"uv": [12, 2, 14, 4], "texture": "#6"},
				"up": {"uv": [12, 2, 10, 0], "texture": "#6"},
				"down": {"uv": [14, 0, 12, 2], "texture": "#6"}
			}
		}
	],
	"display": {
		"thirdperson_righthand": {
			"rotation": [67.5, 0, 0],
			"translation": [0, -3.75, -5.5],
			"scale": [0.38, 0.38, 0.38]
		},
		"thirdperson_lefthand": {
			"rotation": [67.5, 0, 0],
			"translation": [0, -3.75, -5.5],
			"scale": [0.38, 0.38, 0.38]
		},
		"firstperson_righthand": {
			"rotation": [-24, 131, 0],
			"translation": [4.25, 1.25, -1],
			"scale": [0.4, 0.4, 0.4]
		},
		"firstperson_lefthand": {
			"rotation": [-24, 131, 0],
			"translation": [4.25, 1.25, -1],
			"scale": [0.4, 0.4, 0.4]
		},
		"gui": {
			"rotation": [-11, 175, -1],
			"translation": [0, -1, -1.25],
			"scale": [0.6, 0.6, 0.6]
		},
		"head": {
			"translation": [0, 2, -1.75],
			"scale": [1.22, 1.22, 1.4]
		},
		"fixed": {
			"translation": [0, -1, -1.25],
			"scale": [0.75, 0.75, 0.27]
		}
	},
	"groups": [0, 1, 2, 3, 4, 5, 6, 7, 8, 9, 10, 11, 12, 13, 14, 15, 16, 17, 18, 19, 20, 21, 22,
		{
			"name": "Head",
			"origin": [0, 4, 0],
			"children": [23, 24]
		}
	]
}
