{
	"credit": "Made by PanicAtTheJedi",
	"textures": {
		"14": "block/bookshelf",
		"15": "block/oak_planks",
		"1_1": "block/black_wool"
	},
	"elements": [
		{
			"from": [-0.5, 5.5, 0],
			"to": [16, 6.5, 15],
			"rotation": {"angle": 45, "axis": "y", "origin": [8, 1, 8]},
			"faces": {
				"north": {"uv": [12.5, 10.75, 12.75, 11], "texture": "#14"},
				"east": {"uv": [12.5, 10.75, 12.75, 11], "texture": "#14"},
				"south": {"uv": [12.5, 10.75, 12.75, 11], "texture": "#14"},
				"west": {"uv": [12.5, 10.75, 12.75, 11], "texture": "#14"},
				"up": {"uv": [12.5, 10.75, 12.75, 11], "texture": "#14"},
				"down": {"uv": [12.5, 10.75, 12.75, 11], "texture": "#14"}
			}
		},
		{
			"name": "hexadecagon",
			"from": [-0.74811, -0.45702, 7.60515],
			"to": [-0.59216, 2.46298, 8.38915],
			"rotation": {"angle": -45, "axis": "y", "origin": [-0.67013, 6.87298, 7.99715]},
			"faces": {
				"north": {"uv": [0.375, 7.625, 4.125, 8.125], "rotation": 90, "texture": "#15"},
				"east": {"uv": [0.375, 7.625, 4.125, 8.125], "rotation": 90, "texture": "#15"},
				"south": {"uv": [0.375, 7.625, 4.125, 8.125], "rotation": 90, "texture": "#15"},
				"west": {"uv": [0.375, 7.625, 4.125, 8.125], "rotation": 90, "texture": "#15"},
				"up": {"uv": [0.375, 7.625, 4.125, 8.125], "rotation": 90, "texture": "#15"},
				"down": {"uv": [0.375, 7.625, 4.125, 8.125], "rotation": 90, "texture": "#15"}
			}
		},
		{
			"name": "hexadecagon",
			"from": [-0.74715, -0.45702, 7.6042],
			"to": [-0.5912, 2.46298, 8.3882],
			"rotation": {"angle": -22.5, "axis": "y", "origin": [-0.66918, 6.87298, 7.9962]},
			"faces": {
				"north": {"uv": [0.375, 7.625, 4.125, 8.125], "rotation": 90, "texture": "#15"},
				"east": {"uv": [0.375, 7.625, 4.125, 8.125], "rotation": 90, "texture": "#15"},
				"south": {"uv": [0.375, 7.625, 4.125, 8.125], "rotation": 90, "texture": "#15"},
				"west": {"uv": [0.375, 7.625, 4.125, 8.125], "rotation": 90, "texture": "#15"},
				"up": {"uv": [0.375, 7.625, 4.125, 8.125], "rotation": 90, "texture": "#15"},
				"down": {"uv": [0.375, 7.625, 4.125, 8.125], "rotation": 90, "texture": "#15"}
			}
		},
		{
			"name": "hexadecagon",
			"from": [-0.7462, -0.45702, 7.60324],
			"to": [-0.59025, 2.46298, 8.38724],
			"rotation": {"angle": 0, "axis": "y", "origin": [8, 2.12, 8]},
			"faces": {
				"north": {"uv": [0.375, 7.625, 4.125, 8.125], "rotation": 90, "texture": "#15"},
				"east": {"uv": [0.375, 7.625, 4.125, 8.125], "rotation": 90, "texture": "#15"},
				"south": {"uv": [0.375, 7.625, 4.125, 8.125], "rotation": 90, "texture": "#15"},
				"west": {"uv": [0.375, 7.625, 4.125, 8.125], "rotation": 90, "texture": "#15"},
				"up": {"uv": [0.375, 7.625, 4.125, 8.125], "rotation": 90, "texture": "#15"},
				"down": {"uv": [0.375, 7.625, 4.125, 8.125], "rotation": 90, "texture": "#15"}
			}
		},
		{
			"name": "hexadecagon",
			"from": [-0.74525, -0.45701, 7.60229],
			"to": [-0.5893, 2.46299, 8.38629],
			"rotation": {"angle": 22.5, "axis": "y", "origin": [-0.66728, 6.87299, 7.99429]},
			"faces": {
				"north": {"uv": [0.375, 7.625, 4.125, 8.125], "rotation": 90, "texture": "#15"},
				"east": {"uv": [0.375, 7.625, 4.125, 8.125], "rotation": 90, "texture": "#15"},
				"south": {"uv": [0.375, 7.625, 4.125, 8.125], "rotation": 90, "texture": "#15"},
				"west": {"uv": [0.375, 7.625, 4.125, 8.125], "rotation": 90, "texture": "#15"},
				"up": {"uv": [0.375, 7.625, 4.125, 8.125], "rotation": 90, "texture": "#15"},
				"down": {"uv": [0.375, 7.625, 4.125, 8.125], "rotation": 90, "texture": "#15"}
			}
		},
		{
			"name": "hexadecagon",
			"from": [-0.74811, -0.45702, 7.60515],
			"to": [-0.59216, 2.46298, 8.38915],
			"rotation": {"angle": 45, "axis": "y", "origin": [-0.67013, 6.87298, 7.99715]},
			"faces": {
				"north": {"uv": [0.375, 7.625, 4.125, 8.125], "rotation": 90, "texture": "#15"},
				"east": {"uv": [0.375, 7.625, 4.125, 8.125], "rotation": 90, "texture": "#15"},
				"south": {"uv": [0.375, 7.625, 4.125, 8.125], "rotation": 90, "texture": "#15"},
				"west": {"uv": [0.375, 7.625, 4.125, 8.125], "rotation": 90, "texture": "#15"},
				"up": {"uv": [0.375, 7.625, 4.125, 8.125], "rotation": 90, "texture": "#15"},
				"down": {"uv": [0.375, 7.625, 4.125, 8.125], "rotation": 90, "texture": "#15"}
			}
		},
		{
			"name": "hexadecagon",
			"from": [-1.06309, -0.45702, 7.92013],
			"to": [-0.27909, 2.46298, 8.07608],
			"rotation": {"angle": -22.5, "axis": "y", "origin": [-0.67109, 6.87298, 7.9981]},
			"faces": {
				"north": {"uv": [0.375, 7.625, 4.125, 8.125], "rotation": 90, "texture": "#15"},
				"east": {"uv": [0.375, 7.625, 4.125, 8.125], "rotation": 90, "texture": "#15"},
				"south": {"uv": [0.375, 7.625, 4.125, 8.125], "rotation": 90, "texture": "#15"},
				"west": {"uv": [0.375, 7.625, 4.125, 8.125], "rotation": 90, "texture": "#15"},
				"up": {"uv": [0.375, 7.625, 4.125, 8.125], "rotation": 90, "texture": "#15"},
				"down": {"uv": [0.375, 7.625, 4.125, 8.125], "rotation": 90, "texture": "#15"}
			}
		},
		{
			"name": "hexadecagon",
			"from": [-1.06404, -0.45701, 7.92108],
			"to": [-0.28004, 2.46299, 8.07703],
			"rotation": {"angle": 0, "axis": "y", "origin": [8, 2.12, 8]},
			"faces": {
				"north": {"uv": [0.375, 7.625, 4.125, 8.125], "rotation": 90, "texture": "#15"},
				"east": {"uv": [0.375, 7.625, 4.125, 8.125], "rotation": 90, "texture": "#15"},
				"south": {"uv": [0.375, 7.625, 4.125, 8.125], "rotation": 90, "texture": "#15"},
				"west": {"uv": [0.375, 7.625, 4.125, 8.125], "rotation": 90, "texture": "#15"},
				"up": {"uv": [0.375, 7.625, 4.125, 8.125], "rotation": 90, "texture": "#15"},
				"down": {"uv": [0.375, 7.625, 4.125, 8.125], "rotation": 90, "texture": "#15"}
			}
		},
		{
			"name": "hexadecagon",
			"from": [-1.06309, -0.45702, 7.92013],
			"to": [-0.27909, 2.46298, 8.07608],
			"rotation": {"angle": 22.5, "axis": "y", "origin": [-0.67109, 6.87298, 7.9981]},
			"faces": {
				"north": {"uv": [0.375, 7.625, 4.125, 8.125], "rotation": 90, "texture": "#15"},
				"east": {"uv": [0.375, 7.625, 4.125, 8.125], "rotation": 90, "texture": "#15"},
				"south": {"uv": [0.375, 7.625, 4.125, 8.125], "rotation": 90, "texture": "#15"},
				"west": {"uv": [0.375, 7.625, 4.125, 8.125], "rotation": 90, "texture": "#15"},
				"up": {"uv": [0.375, 7.625, 4.125, 8.125], "rotation": 90, "texture": "#15"},
				"down": {"uv": [0.375, 7.625, 4.125, 8.125], "rotation": 90, "texture": "#15"}
			}
		},
		{
			"name": "hexadecagon",
			"from": [12.22854, 6.075, 7.35],
			"to": [13.52146, 12.575, 8.65],
			"rotation": {"angle": -45, "axis": "z", "origin": [12.875, 9.325, 8]},
			"faces": {
				"north": {"uv": [0, 0, 1, 1], "texture": "#1_1"},
				"east": {"uv": [0, 0, 1, 1], "texture": "#1_1"},
				"south": {"uv": [0, 0, 1, 1], "texture": "#1_1"},
				"west": {"uv": [0, 0, 1, 1], "texture": "#1_1"},
				"up": {"uv": [0, 0, 1, 1], "texture": "#1_1"},
				"down": {"uv": [0, 0, 1, 1], "texture": "#1_1"}
			}
		},
		{
			"name": "hexadecagon",
			"from": [12.22854, 6.075, 7.35],
			"to": [13.52146, 12.575, 8.65],
			"rotation": {"angle": -22.5, "axis": "z", "origin": [12.875, 9.325, 8]},
			"faces": {
				"north": {"uv": [0, 0, 1, 1], "texture": "#1_1"},
				"east": {"uv": [0, 0, 1, 1], "texture": "#1_1"},
				"south": {"uv": [0, 0, 1, 1], "texture": "#1_1"},
				"west": {"uv": [0, 0, 1, 1], "texture": "#1_1"},
				"up": {"uv": [0, 0, 1, 1], "texture": "#1_1"},
				"down": {"uv": [0, 0, 1, 1], "texture": "#1_1"}
			}
		},
		{
			"name": "hexadecagon",
			"from": [12.22854, 6.075, 7.35],
			"to": [13.52146, 12.575, 8.65],
			"rotation": {"angle": 0, "axis": "y", "origin": [8, -0.1, 8]},
			"faces": {
				"north": {"uv": [0, 0, 1, 1], "texture": "#1_1"},
				"east": {"uv": [0, 0, 1, 1], "texture": "#1_1"},
				"south": {"uv": [0, 0, 1, 1], "texture": "#1_1"},
				"west": {"uv": [0, 0, 1, 1], "texture": "#1_1"},
				"up": {"uv": [0, 0, 1, 1], "texture": "#1_1"},
				"down": {"uv": [0, 0, 1, 1], "texture": "#1_1"}
			}
		},
		{
			"name": "hexadecagon",
			"from": [12.22854, 6.075, 7.35],
			"to": [13.52146, 12.575, 8.65],
			"rotation": {"angle": 22.5, "axis": "z", "origin": [12.875, 9.325, 8]},
			"faces": {
				"north": {"uv": [0, 0, 1, 1], "texture": "#1_1"},
				"east": {"uv": [0, 0, 1, 1], "texture": "#1_1"},
				"south": {"uv": [0, 0, 1, 1], "texture": "#1_1"},
				"west": {"uv": [0, 0, 1, 1], "texture": "#1_1"},
				"up": {"uv": [0, 0, 1, 1], "texture": "#1_1"},
				"down": {"uv": [0, 0, 1, 1], "texture": "#1_1"}
			}
		},
		{
			"name": "hexadecagon",
			"from": [12.22854, 6.075, 7.35],
			"to": [13.52146, 12.575, 8.65],
			"rotation": {"angle": 45, "axis": "z", "origin": [12.875, 9.325, 8]},
			"faces": {
				"north": {"uv": [0, 0, 1, 1], "texture": "#1_1"},
				"east": {"uv": [0, 0, 1, 1], "texture": "#1_1"},
				"south": {"uv": [0, 0, 1, 1], "texture": "#1_1"},
				"west": {"uv": [0, 0, 1, 1], "texture": "#1_1"},
				"up": {"uv": [0, 0, 1, 1], "texture": "#1_1"},
				"down": {"uv": [0, 0, 1, 1], "texture": "#1_1"}
			}
		},
		{
			"name": "hexadecagon",
			"from": [9.625, 8.67854, 7.35],
			"to": [16.125, 9.97146, 8.65],
			"rotation": {"angle": -22.5, "axis": "z", "origin": [12.875, 9.325, 8]},
			"faces": {
				"north": {"uv": [0, 0, 1, 1], "texture": "#1_1"},
				"east": {"uv": [0, 0, 1, 1], "texture": "#1_1"},
				"south": {"uv": [0, 0, 1, 1], "texture": "#1_1"},
				"west": {"uv": [0, 0, 1, 1], "texture": "#1_1"},
				"up": {"uv": [0, 0, 1, 1], "texture": "#1_1"},
				"down": {"uv": [0, 0, 1, 1], "texture": "#1_1"}
			}
		},
		{
			"name": "hexadecagon",
			"from": [9.625, 8.67854, 7.35],
			"to": [16.125, 9.97146, 8.65],
			"rotation": {"angle": 22.5, "axis": "z", "origin": [12.875, 9.325, 8]},
			"faces": {
				"north": {"uv": [0, 0, 1, 1], "texture": "#1_1"},
				"east": {"uv": [0, 0, 1, 1], "texture": "#1_1"},
				"south": {"uv": [0, 0, 1, 1], "texture": "#1_1"},
				"west": {"uv": [0, 0, 1, 1], "texture": "#1_1"},
				"up": {"uv": [0, 0, 1, 1], "texture": "#1_1"},
				"down": {"uv": [0, 0, 1, 1], "texture": "#1_1"}
			}
		},
		{
			"name": "hexadecagon",
			"from": [9.625, 8.67854, 7.35],
			"to": [16.125, 9.97146, 8.65],
			"rotation": {"angle": 0, "axis": "y", "origin": [8, -0.1, 8]},
			"faces": {
				"north": {"uv": [0, 0, 1, 1], "texture": "#1_1"},
				"east": {"uv": [0, 0, 1, 1], "texture": "#1_1"},
				"south": {"uv": [0, 0, 1, 1], "texture": "#1_1"},
				"west": {"uv": [0, 0, 1, 1], "texture": "#1_1"},
				"up": {"uv": [0, 0, 1, 1], "texture": "#1_1"},
				"down": {"uv": [0, 0, 1, 1], "texture": "#1_1"}
			}
		},
		{
			"name": "hexadecagon",
			"from": [1.82854, 6.075, 7.35],
			"to": [3.12146, 12.575, 8.65],
			"rotation": {"angle": -45, "axis": "z", "origin": [2.475, 9.325, 8]},
			"faces": {
				"north": {"uv": [0, 0, 1, 1], "texture": "#1_1"},
				"east": {"uv": [0, 0, 1, 1], "texture": "#1_1"},
				"south": {"uv": [0, 0, 1, 1], "texture": "#1_1"},
				"west": {"uv": [0, 0, 1, 1], "texture": "#1_1"},
				"up": {"uv": [0, 0, 1, 1], "texture": "#1_1"},
				"down": {"uv": [0, 0, 1, 1], "texture": "#1_1"}
			}
		},
		{
			"name": "hexadecagon",
			"from": [1.82854, 6.075, 7.35],
			"to": [3.12146, 12.575, 8.65],
			"rotation": {"angle": -22.5, "axis": "z", "origin": [2.475, 9.325, 8]},
			"faces": {
				"north": {"uv": [0, 0, 1, 1], "texture": "#1_1"},
				"east": {"uv": [0, 0, 1, 1], "texture": "#1_1"},
				"south": {"uv": [0, 0, 1, 1], "texture": "#1_1"},
				"west": {"uv": [0, 0, 1, 1], "texture": "#1_1"},
				"up": {"uv": [0, 0, 1, 1], "texture": "#1_1"},
				"down": {"uv": [0, 0, 1, 1], "texture": "#1_1"}
			}
		},
		{
			"name": "hexadecagon",
			"from": [1.82854, 6.075, 7.35],
			"to": [3.12146, 12.575, 8.65],
			"rotation": {"angle": 0, "axis": "y", "origin": [8, -0.1, 8]},
			"faces": {
				"north": {"uv": [0, 0, 1, 1], "texture": "#1_1"},
				"east": {"uv": [0, 0, 1, 1], "texture": "#1_1"},
				"south": {"uv": [0, 0, 1, 1], "texture": "#1_1"},
				"west": {"uv": [0, 0, 1, 1], "texture": "#1_1"},
				"up": {"uv": [0, 0, 1, 1], "texture": "#1_1"},
				"down": {"uv": [0, 0, 1, 1], "texture": "#1_1"}
			}
		},
		{
			"name": "hexadecagon",
			"from": [1.82854, 6.075, 7.35],
			"to": [3.12146, 12.575, 8.65],
			"rotation": {"angle": 22.5, "axis": "z", "origin": [2.475, 9.325, 8]},
			"faces": {
				"north": {"uv": [0, 0, 1, 1], "texture": "#1_1"},
				"east": {"uv": [0, 0, 1, 1], "texture": "#1_1"},
				"south": {"uv": [0, 0, 1, 1], "texture": "#1_1"},
				"west": {"uv": [0, 0, 1, 1], "texture": "#1_1"},
				"up": {"uv": [0, 0, 1, 1], "texture": "#1_1"},
				"down": {"uv": [0, 0, 1, 1], "texture": "#1_1"}
			}
		},
		{
			"name": "hexadecagon",
			"from": [1.82854, 6.075, 7.35],
			"to": [3.12146, 12.575, 8.65],
			"rotation": {"angle": 45, "axis": "z", "origin": [2.475, 9.325, 8]},
			"faces": {
				"north": {"uv": [0, 0, 1, 1], "texture": "#1_1"},
				"east": {"uv": [0, 0, 1, 1], "texture": "#1_1"},
				"south": {"uv": [0, 0, 1, 1], "texture": "#1_1"},
				"west": {"uv": [0, 0, 1, 1], "texture": "#1_1"},
				"up": {"uv": [0, 0, 1, 1], "texture": "#1_1"},
				"down": {"uv": [0, 0, 1, 1], "texture": "#1_1"}
			}
		},
		{
			"name": "hexadecagon",
			"from": [-0.775, 8.67854, 7.35],
			"to": [5.725, 9.97146, 8.65],
			"rotation": {"angle": -22.5, "axis": "z", "origin": [2.475, 9.325, 8]},
			"faces": {
				"north": {"uv": [0, 0, 1, 1], "texture": "#1_1"},
				"east": {"uv": [0, 0, 1, 1], "texture": "#1_1"},
				"south": {"uv": [0, 0, 1, 1], "texture": "#1_1"},
				"west": {"uv": [0, 0, 1, 1], "texture": "#1_1"},
				"up": {"uv": [0, 0, 1, 1], "texture": "#1_1"},
				"down": {"uv": [0, 0, 1, 1], "texture": "#1_1"}
			}
		},
		{
			"name": "hexadecagon",
			"from": [-0.775, 8.67854, 7.35],
			"to": [5.725, 9.97146, 8.65],
			"rotation": {"angle": 0, "axis": "y", "origin": [8, -0.1, 8]},
			"faces": {
				"north": {"uv": [0, 0, 1, 1], "texture": "#1_1"},
				"east": {"uv": [0, 0, 1, 1], "texture": "#1_1"},
				"south": {"uv": [0, 0, 1, 1], "texture": "#1_1"},
				"west": {"uv": [0, 0, 1, 1], "texture": "#1_1"},
				"up": {"uv": [0, 0, 1, 1], "texture": "#1_1"},
				"down": {"uv": [0, 0, 1, 1], "texture": "#1_1"}
			}
		},
		{
			"name": "hexadecagon",
			"from": [-0.775, 8.67854, 7.35],
			"to": [5.725, 9.97146, 8.65],
			"rotation": {"angle": 22.5, "axis": "z", "origin": [2.475, 9.325, 8]},
			"faces": {
				"north": {"uv": [0, 0, 1, 1], "texture": "#1_1"},
				"east": {"uv": [0, 0, 1, 1], "texture": "#1_1"},
				"south": {"uv": [0, 0, 1, 1], "texture": "#1_1"},
				"west": {"uv": [0, 0, 1, 1], "texture": "#1_1"},
				"up": {"uv": [0, 0, 1, 1], "texture": "#1_1"},
				"down": {"uv": [0, 0, 1, 1], "texture": "#1_1"}
			}
		},
		{
			"name": "Rim 1",
			"from": [6, 0, 1.5],
			"to": [10, 1, 14],
			"faces": {
				"north": {"uv": [12.5, 10.75, 12.75, 11], "texture": "#14"},
				"east": {"uv": [12.5, 10.75, 12.75, 11], "texture": "#14"},
				"south": {"uv": [12.5, 10.75, 12.75, 11], "texture": "#14"},
				"west": {"uv": [12.5, 10.75, 12.75, 11], "texture": "#14"},
				"up": {"uv": [12.5, 10.75, 12.75, 11], "texture": "#14"},
				"down": {"uv": [12.5, 10.75, 12.75, 11], "texture": "#14"}
			}
		},
		{
			"name": "Rim 2",
			"from": [1.5, 0, 6],
			"to": [2, 1, 10],
			"faces": {
				"north": {"uv": [12.5, 10.75, 12.75, 11], "texture": "#14"},
				"east": {"uv": [12.5, 10.75, 12.75, 11], "texture": "#14"},
				"south": {"uv": [12.5, 10.75, 12.75, 11], "texture": "#14"},
				"west": {"uv": [12.5, 10.75, 12.75, 11], "texture": "#14"},
				"up": {"uv": [12.5, 10.75, 12.75, 11], "texture": "#14"},
				"down": {"uv": [12.5, 10.75, 12.75, 11], "texture": "#14"}
			}
		},
		{
			"name": "Rim 3",
			"from": [6, 0, 14],
			"to": [10, 1, 14.5],
			"faces": {
				"north": {"uv": [12.5, 10.75, 12.75, 11], "texture": "#14"},
				"east": {"uv": [12.5, 10.75, 12.75, 11], "texture": "#14"},
				"south": {"uv": [12.5, 10.75, 12.75, 11], "texture": "#14"},
				"west": {"uv": [12.5, 10.75, 12.75, 11], "texture": "#14"},
				"up": {"uv": [12.5, 10.75, 12.75, 11], "texture": "#14"},
				"down": {"uv": [12.5, 10.75, 12.75, 11], "texture": "#14"}
			}
		},
		{
			"name": "Rim 4",
			"from": [2, 0, 6],
			"to": [14.5, 1, 10],
			"faces": {
				"north": {"uv": [12.5, 10.75, 12.75, 11], "texture": "#14"},
				"east": {"uv": [12.5, 10.75, 12.75, 11], "texture": "#14"},
				"south": {"uv": [12.5, 10.75, 12.75, 11], "texture": "#14"},
				"west": {"uv": [12.5, 10.75, 12.75, 11], "texture": "#14"},
				"up": {"uv": [12.5, 10.75, 12.75, 11], "texture": "#14"},
				"down": {"uv": [12.5, 10.75, 12.75, 11], "texture": "#14"}
			}
		},
		{
			"name": "Rim 5",
			"from": [2, 0, 4],
			"to": [4, 1, 6],
			"faces": {
				"north": {"uv": [12.5, 10.75, 12.75, 11], "texture": "#14"},
				"east": {"uv": [12.5, 10.75, 12.75, 11], "texture": "#14"},
				"south": {"uv": [12.5, 10.75, 12.75, 11], "texture": "#14"},
				"west": {"uv": [12.5, 10.75, 12.75, 11], "texture": "#14"},
				"up": {"uv": [12.5, 10.75, 12.75, 11], "texture": "#14"},
				"down": {"uv": [12.5, 10.75, 12.75, 11], "texture": "#14"}
			}
		},
		{
			"name": "Rim 6",
			"from": [2, 0, 10],
			"to": [4, 1, 12],
			"faces": {
				"north": {"uv": [12.5, 10.75, 12.75, 11], "texture": "#14"},
				"east": {"uv": [12.5, 10.75, 12.75, 11], "texture": "#14"},
				"south": {"uv": [12.5, 10.75, 12.75, 11], "texture": "#14"},
				"west": {"uv": [12.5, 10.75, 12.75, 11], "texture": "#14"},
				"up": {"uv": [12.5, 10.75, 12.75, 11], "texture": "#14"},
				"down": {"uv": [12.5, 10.75, 12.75, 11], "texture": "#14"}
			}
		},
		{
			"name": "Rim 7",
			"from": [12, 0, 10],
			"to": [14, 1, 12],
			"faces": {
				"north": {"uv": [12.5, 10.75, 12.75, 11], "texture": "#14"},
				"east": {"uv": [12.5, 10.75, 12.75, 11], "texture": "#14"},
				"south": {"uv": [12.5, 10.75, 12.75, 11], "texture": "#14"},
				"west": {"uv": [12.5, 10.75, 12.75, 11], "texture": "#14"},
				"up": {"uv": [12.5, 10.75, 12.75, 11], "texture": "#14"},
				"down": {"uv": [12.5, 10.75, 12.75, 11], "texture": "#14"}
			}
		},
		{
			"name": "Rim 8",
			"from": [12, 0, 4],
			"to": [14, 1, 6],
			"faces": {
				"north": {"uv": [12.5, 10.75, 12.75, 11], "texture": "#14"},
				"east": {"uv": [12.5, 10.75, 12.75, 11], "texture": "#14"},
				"south": {"uv": [12.5, 10.75, 12.75, 11], "texture": "#14"},
				"west": {"uv": [12.5, 10.75, 12.75, 11], "texture": "#14"},
				"up": {"uv": [12.5, 10.75, 12.75, 11], "texture": "#14"},
				"down": {"uv": [12.5, 10.75, 12.75, 11], "texture": "#14"}
			}
		},
		{
			"name": "Rim 9",
			"from": [10, 0, 2],
			"to": [12, 1, 3],
			"faces": {
				"north": {"uv": [12.5, 10.75, 12.75, 11], "texture": "#14"},
				"east": {"uv": [12.5, 10.75, 12.75, 11], "texture": "#14"},
				"south": {"uv": [12.5, 10.75, 12.75, 11], "texture": "#14"},
				"west": {"uv": [12.5, 10.75, 12.75, 11], "texture": "#14"},
				"up": {"uv": [12.5, 10.75, 12.75, 11], "texture": "#14"},
				"down": {"uv": [12.5, 10.75, 12.75, 11], "texture": "#14"}
			}
		},
		{
			"name": "Rim 10",
			"from": [4, 0, 2],
			"to": [6, 1, 3],
			"faces": {
				"north": {"uv": [12.5, 10.75, 12.75, 11], "texture": "#14"},
				"east": {"uv": [12.5, 10.75, 12.75, 11], "texture": "#14"},
				"south": {"uv": [12.5, 10.75, 12.75, 11], "texture": "#14"},
				"west": {"uv": [12.5, 10.75, 12.75, 11], "texture": "#14"},
				"up": {"uv": [12.5, 10.75, 12.75, 11], "texture": "#14"},
				"down": {"uv": [12.5, 10.75, 12.75, 11], "texture": "#14"}
			}
		},
		{
			"name": "Rim 11",
			"from": [4, 0, 3],
			"to": [6, 1, 14],
			"faces": {
				"north": {"uv": [12.5, 10.75, 12.75, 11], "texture": "#14"},
				"east": {"uv": [12.5, 10.75, 12.75, 11], "texture": "#14"},
				"south": {"uv": [12.5, 10.75, 12.75, 11], "texture": "#14"},
				"west": {"uv": [12.5, 10.75, 12.75, 11], "texture": "#14"},
				"up": {"uv": [12.5, 10.75, 12.75, 11], "texture": "#14"},
				"down": {"uv": [12.5, 10.75, 12.75, 11], "texture": "#14"}
			}
		},
		{
			"name": "Rim 12",
			"from": [10, 0, 3],
			"to": [12, 1, 14],
			"faces": {
				"north": {"uv": [12.5, 10.75, 12.75, 11], "texture": "#14"},
				"east": {"uv": [12.5, 10.75, 12.75, 11], "texture": "#14"},
				"south": {"uv": [12.5, 10.75, 12.75, 11], "texture": "#14"},
				"west": {"uv": [12.5, 10.75, 12.75, 11], "texture": "#14"},
				"up": {"uv": [12.5, 10.75, 12.75, 11], "texture": "#14"},
				"down": {"uv": [12.5, 10.75, 12.75, 11], "texture": "#14"}
			}
		},
		{
			"name": "Rim 13",
			"from": [3, 0, 3],
			"to": [4, 1, 4],
			"faces": {
				"north": {"uv": [12.5, 10.75, 12.75, 11], "texture": "#14"},
				"east": {"uv": [12.5, 10.75, 12.75, 11], "texture": "#14"},
				"south": {"uv": [12.5, 10.75, 12.75, 11], "texture": "#14"},
				"west": {"uv": [12.5, 10.75, 12.75, 11], "texture": "#14"},
				"up": {"uv": [12.5, 10.75, 12.75, 11], "texture": "#14"},
				"down": {"uv": [12.5, 10.75, 12.75, 11], "texture": "#14"}
			}
		},
		{
			"name": "Rim 14",
			"from": [3, 0, 12],
			"to": [4, 1, 13],
			"faces": {
				"north": {"uv": [12.5, 10.75, 12.75, 11], "texture": "#14"},
				"east": {"uv": [12.5, 10.75, 12.75, 11], "texture": "#14"},
				"south": {"uv": [12.5, 10.75, 12.75, 11], "texture": "#14"},
				"west": {"uv": [12.5, 10.75, 12.75, 11], "texture": "#14"},
				"up": {"uv": [12.5, 10.75, 12.75, 11], "texture": "#14"},
				"down": {"uv": [12.5, 10.75, 12.75, 11], "texture": "#14"}
			}
		},
		{
			"name": "Rim 15",
			"from": [12, 0, 12],
			"to": [13, 1, 13],
			"faces": {
				"north": {"uv": [12.5, 10.75, 12.75, 11], "texture": "#14"},
				"east": {"uv": [12.5, 10.75, 12.75, 11], "texture": "#14"},
				"south": {"uv": [12.5, 10.75, 12.75, 11], "texture": "#14"},
				"west": {"uv": [12.5, 10.75, 12.75, 11], "texture": "#14"},
				"up": {"uv": [12.5, 10.75, 12.75, 11], "texture": "#14"},
				"down": {"uv": [12.5, 10.75, 12.75, 11], "texture": "#14"}
			}
		},
		{
			"name": "Rim 16",
			"from": [12, 0, 3],
			"to": [13, 1, 4],
			"faces": {
				"north": {"uv": [12.5, 10.75, 12.75, 11], "texture": "#14"},
				"east": {"uv": [12.5, 10.75, 12.75, 11], "texture": "#14"},
				"south": {"uv": [12.5, 10.75, 12.75, 11], "texture": "#14"},
				"west": {"uv": [12.5, 10.75, 12.75, 11], "texture": "#14"},
				"up": {"uv": [12.5, 10.75, 12.75, 11], "texture": "#14"},
				"down": {"uv": [12.5, 10.75, 12.75, 11], "texture": "#14"}
			}
		},
		{
			"name": "Top 1",
			"from": [2, 1, 5],
			"to": [3, 2, 11],
			"faces": {
				"north": {"uv": [12.5, 10.75, 12.75, 11], "texture": "#14"},
				"east": {"uv": [12.5, 10.75, 12.75, 11], "texture": "#14"},
				"south": {"uv": [12.5, 10.75, 12.75, 11], "texture": "#14"},
				"west": {"uv": [12.5, 10.75, 12.75, 11], "texture": "#14"},
				"up": {"uv": [12.5, 10.75, 12.75, 11], "texture": "#14"},
				"down": {"uv": [12.5, 10.75, 12.75, 11], "texture": "#14"}
			}
		},
		{
			"name": "Top 2",
			"from": [13, 1, 5],
			"to": [14, 2, 11],
			"faces": {
				"north": {"uv": [12.5, 10.75, 12.75, 11], "texture": "#14"},
				"east": {"uv": [12.5, 10.75, 12.75, 11], "texture": "#14"},
				"south": {"uv": [12.5, 10.75, 12.75, 11], "texture": "#14"},
				"west": {"uv": [12.5, 10.75, 12.75, 11], "texture": "#14"},
				"up": {"uv": [12.5, 10.75, 12.75, 11], "texture": "#14"},
				"down": {"uv": [12.5, 10.75, 12.75, 11], "texture": "#14"}
			}
		},
		{
			"name": "Top 3",
			"from": [5, 1, 13],
			"to": [11, 2, 14],
			"faces": {
				"north": {"uv": [12.5, 10.75, 12.75, 11], "texture": "#14"},
				"east": {"uv": [12.5, 10.75, 12.75, 11], "texture": "#14"},
				"south": {"uv": [12.5, 10.75, 12.75, 11], "texture": "#14"},
				"west": {"uv": [12.5, 10.75, 12.75, 11], "texture": "#14"},
				"up": {"uv": [12.5, 10.75, 12.75, 11], "texture": "#14"},
				"down": {"uv": [12.5, 10.75, 12.75, 11], "texture": "#14"}
			}
		},
		{
			"name": "Top 4",
			"from": [5, 1, 2],
			"to": [11, 2, 3],
			"faces": {
				"north": {"uv": [12.5, 10.75, 12.75, 11], "texture": "#14"},
				"east": {"uv": [12.5, 10.75, 12.75, 11], "texture": "#14"},
				"south": {"uv": [12.5, 10.75, 12.75, 11], "texture": "#14"},
				"west": {"uv": [12.5, 10.75, 12.75, 11], "texture": "#14"},
				"up": {"uv": [12.5, 10.75, 12.75, 11], "texture": "#14"},
				"down": {"uv": [12.5, 10.75, 12.75, 11], "texture": "#14"}
			}
		},
		{
			"name": "Cube",
			"from": [7, 2, 2.4],
			"to": [9, 3, 3.4],
			"faces": {
				"north": {"uv": [12.5, 10.75, 12.75, 11], "texture": "#14"},
				"east": {"uv": [12.5, 10.75, 12.75, 11], "texture": "#14"},
				"south": {"uv": [12.5, 10.75, 12.75, 11], "texture": "#14"},
				"west": {"uv": [12.5, 10.75, 12.75, 11], "texture": "#14"},
				"up": {"uv": [12.5, 10.75, 12.75, 11], "texture": "#14"},
				"down": {"uv": [12.5, 10.75, 12.75, 11], "texture": "#14"}
			}
		},
		{
			"name": "Cube",
			"from": [7, 2, 12],
			"to": [9, 3, 13.6],
			"faces": {
				"north": {"uv": [12.5, 10.75, 12.75, 11], "texture": "#14"},
				"east": {"uv": [12.5, 10.75, 12.75, 11], "texture": "#14"},
				"south": {"uv": [12.5, 10.75, 12.75, 11], "texture": "#14"},
				"west": {"uv": [12.5, 10.75, 12.75, 11], "texture": "#14"},
				"up": {"uv": [12.5, 10.75, 12.75, 11], "texture": "#14"},
				"down": {"uv": [12.5, 10.75, 12.75, 11], "texture": "#14"}
			}
		},
		{
			"name": "Cube",
			"from": [2.4, 2, 7],
			"to": [3.4, 3, 9],
			"faces": {
				"north": {"uv": [12.5, 10.75, 12.75, 11], "texture": "#14"},
				"east": {"uv": [12.5, 10.75, 12.75, 11], "texture": "#14"},
				"south": {"uv": [12.5, 10.75, 12.75, 11], "texture": "#14"},
				"west": {"uv": [12.5, 10.75, 12.75, 11], "texture": "#14"},
				"up": {"uv": [12.5, 10.75, 12.75, 11], "texture": "#14"},
				"down": {"uv": [12.5, 10.75, 12.75, 11], "texture": "#14"}
			}
		},
		{
			"name": "Cube",
			"from": [13, 2, 7],
			"to": [13.6, 3, 9],
			"faces": {
				"north": {"uv": [12.5, 10.75, 12.75, 11], "texture": "#14"},
				"east": {"uv": [12.5, 10.75, 12.75, 11], "texture": "#14"},
				"south": {"uv": [12.5, 10.75, 12.75, 11], "texture": "#14"},
				"west": {"uv": [12.5, 10.75, 12.75, 11], "texture": "#14"},
				"up": {"uv": [12.5, 10.75, 12.75, 11], "texture": "#14"},
				"down": {"uv": [12.5, 10.75, 12.75, 11], "texture": "#14"}
			}
		},
		{
			"name": "Cube",
			"from": [4, 1, 3],
			"to": [6, 2, 4],
			"faces": {
				"north": {"uv": [12.5, 10.75, 12.75, 11], "texture": "#14"},
				"east": {"uv": [12.5, 10.75, 12.75, 11], "texture": "#14"},
				"south": {"uv": [12.5, 10.75, 12.75, 11], "texture": "#14"},
				"west": {"uv": [12.5, 10.75, 12.75, 11], "texture": "#14"},
				"up": {"uv": [12.5, 10.75, 12.75, 11], "texture": "#14"},
				"down": {"uv": [12.5, 10.75, 12.75, 11], "texture": "#14"}
			}
		},
		{
			"name": "Cube",
			"from": [4, 1, 12],
			"to": [6, 2, 13],
			"faces": {
				"north": {"uv": [12.5, 10.75, 12.75, 11], "texture": "#14"},
				"east": {"uv": [12.5, 10.75, 12.75, 11], "texture": "#14"},
				"south": {"uv": [12.5, 10.75, 12.75, 11], "texture": "#14"},
				"west": {"uv": [12.5, 10.75, 12.75, 11], "texture": "#14"},
				"up": {"uv": [12.5, 10.75, 12.75, 11], "texture": "#14"},
				"down": {"uv": [12.5, 10.75, 12.75, 11], "texture": "#14"}
			}
		},
		{
			"name": "Cube",
			"from": [10, 1, 12],
			"to": [12, 2, 13],
			"faces": {
				"north": {"uv": [12.5, 10.75, 12.75, 11], "texture": "#14"},
				"east": {"uv": [12.5, 10.75, 12.75, 11], "texture": "#14"},
				"south": {"uv": [12.5, 10.75, 12.75, 11], "texture": "#14"},
				"west": {"uv": [12.5, 10.75, 12.75, 11], "texture": "#14"},
				"up": {"uv": [12.5, 10.75, 12.75, 11], "texture": "#14"},
				"down": {"uv": [12.5, 10.75, 12.75, 11], "texture": "#14"}
			}
		},
		{
			"name": "Cube",
			"from": [10, 1, 3],
			"to": [12, 2, 4],
			"faces": {
				"north": {"uv": [12.5, 10.75, 12.75, 11], "texture": "#14"},
				"east": {"uv": [12.5, 10.75, 12.75, 11], "texture": "#14"},
				"south": {"uv": [12.5, 10.75, 12.75, 11], "texture": "#14"},
				"west": {"uv": [12.5, 10.75, 12.75, 11], "texture": "#14"},
				"up": {"uv": [12.5, 10.75, 12.75, 11], "texture": "#14"},
				"down": {"uv": [12.5, 10.75, 12.75, 11], "texture": "#14"}
			}
		},
		{
			"name": "Cube",
			"from": [12, 1, 4],
			"to": [13, 2, 6],
			"faces": {
				"north": {"uv": [12.5, 10.75, 12.75, 11], "texture": "#14"},
				"east": {"uv": [12.5, 10.75, 12.75, 11], "texture": "#14"},
				"south": {"uv": [12.5, 10.75, 12.75, 11], "texture": "#14"},
				"west": {"uv": [12.5, 10.75, 12.75, 11], "texture": "#14"},
				"up": {"uv": [12.5, 10.75, 12.75, 11], "texture": "#14"},
				"down": {"uv": [12.5, 10.75, 12.75, 11], "texture": "#14"}
			}
		},
		{
			"name": "Cube",
			"from": [12, 1, 10],
			"to": [13, 2, 12],
			"faces": {
				"north": {"uv": [12.5, 10.75, 12.75, 11], "texture": "#14"},
				"east": {"uv": [12.5, 10.75, 12.75, 11], "texture": "#14"},
				"south": {"uv": [12.5, 10.75, 12.75, 11], "texture": "#14"},
				"west": {"uv": [12.5, 10.75, 12.75, 11], "texture": "#14"},
				"up": {"uv": [12.5, 10.75, 12.75, 11], "texture": "#14"},
				"down": {"uv": [12.5, 10.75, 12.75, 11], "texture": "#14"}
			}
		},
		{
			"name": "Cube",
			"from": [3, 1, 4],
			"to": [4, 2, 6],
			"faces": {
				"north": {"uv": [12.5, 10.75, 12.75, 11], "texture": "#14"},
				"east": {"uv": [12.5, 10.75, 12.75, 11], "texture": "#14"},
				"south": {"uv": [12.5, 10.75, 12.75, 11], "texture": "#14"},
				"west": {"uv": [12.5, 10.75, 12.75, 11], "texture": "#14"},
				"up": {"uv": [12.5, 10.75, 12.75, 11], "texture": "#14"},
				"down": {"uv": [12.5, 10.75, 12.75, 11], "texture": "#14"}
			}
		},
		{
			"name": "Cube",
			"from": [3, 2, 6],
			"to": [4, 3, 7],
			"faces": {
				"north": {"uv": [12.5, 10.75, 12.75, 11], "texture": "#14"},
				"east": {"uv": [12.5, 10.75, 12.75, 11], "texture": "#14"},
				"south": {"uv": [12.5, 10.75, 12.75, 11], "texture": "#14"},
				"west": {"uv": [12.5, 10.75, 12.75, 11], "texture": "#14"},
				"up": {"uv": [12.5, 10.75, 12.75, 11], "texture": "#14"},
				"down": {"uv": [12.5, 10.75, 12.75, 11], "texture": "#14"}
			}
		},
		{
			"name": "Cube",
			"from": [12, 2, 6],
			"to": [13, 3, 7],
			"faces": {
				"north": {"uv": [12.5, 10.75, 12.75, 11], "texture": "#14"},
				"east": {"uv": [12.5, 10.75, 12.75, 11], "texture": "#14"},
				"south": {"uv": [12.5, 10.75, 12.75, 11], "texture": "#14"},
				"west": {"uv": [12.5, 10.75, 12.75, 11], "texture": "#14"},
				"up": {"uv": [12.5, 10.75, 12.75, 11], "texture": "#14"},
				"down": {"uv": [12.5, 10.75, 12.75, 11], "texture": "#14"}
			}
		},
		{
			"name": "Cube",
			"from": [12, 2, 9],
			"to": [13, 3, 10],
			"faces": {
				"north": {"uv": [12.5, 10.75, 12.75, 11], "texture": "#14"},
				"east": {"uv": [12.5, 10.75, 12.75, 11], "texture": "#14"},
				"south": {"uv": [12.5, 10.75, 12.75, 11], "texture": "#14"},
				"west": {"uv": [12.5, 10.75, 12.75, 11], "texture": "#14"},
				"up": {"uv": [12.5, 10.75, 12.75, 11], "texture": "#14"},
				"down": {"uv": [12.5, 10.75, 12.75, 11], "texture": "#14"}
			}
		},
		{
			"name": "Cube",
			"from": [3, 2, 9],
			"to": [4, 3, 10],
			"faces": {
				"north": {"uv": [12.5, 10.75, 12.75, 11], "texture": "#14"},
				"east": {"uv": [12.5, 10.75, 12.75, 11], "texture": "#14"},
				"south": {"uv": [12.5, 10.75, 12.75, 11], "texture": "#14"},
				"west": {"uv": [12.5, 10.75, 12.75, 11], "texture": "#14"},
				"up": {"uv": [12.5, 10.75, 12.75, 11], "texture": "#14"},
				"down": {"uv": [12.5, 10.75, 12.75, 11], "texture": "#14"}
			}
		},
		{
			"name": "Cube",
			"from": [6, 2, 12],
			"to": [7, 3, 13],
			"faces": {
				"north": {"uv": [12.5, 10.75, 12.75, 11], "texture": "#14"},
				"east": {"uv": [12.5, 10.75, 12.75, 11], "texture": "#14"},
				"south": {"uv": [12.5, 10.75, 12.75, 11], "texture": "#14"},
				"west": {"uv": [12.5, 10.75, 12.75, 11], "texture": "#14"},
				"up": {"uv": [12.5, 10.75, 12.75, 11], "texture": "#14"},
				"down": {"uv": [12.5, 10.75, 12.75, 11], "texture": "#14"}
			}
		},
		{
			"name": "Cube",
			"from": [9, 2, 12],
			"to": [10, 3, 13],
			"faces": {
				"north": {"uv": [12.5, 10.75, 12.75, 11], "texture": "#14"},
				"east": {"uv": [12.5, 10.75, 12.75, 11], "texture": "#14"},
				"south": {"uv": [12.5, 10.75, 12.75, 11], "texture": "#14"},
				"west": {"uv": [12.5, 10.75, 12.75, 11], "texture": "#14"},
				"up": {"uv": [12.5, 10.75, 12.75, 11], "texture": "#14"},
				"down": {"uv": [12.5, 10.75, 12.75, 11], "texture": "#14"}
			}
		},
		{
			"name": "Cube",
			"from": [9, 2, 3],
			"to": [10, 3, 4],
			"faces": {
				"north": {"uv": [12.5, 10.75, 12.75, 11], "texture": "#14"},
				"east": {"uv": [12.5, 10.75, 12.75, 11], "texture": "#14"},
				"south": {"uv": [12.5, 10.75, 12.75, 11], "texture": "#14"},
				"west": {"uv": [12.5, 10.75, 12.75, 11], "texture": "#14"},
				"up": {"uv": [12.5, 10.75, 12.75, 11], "texture": "#14"},
				"down": {"uv": [12.5, 10.75, 12.75, 11], "texture": "#14"}
			}
		},
		{
			"name": "Cube",
			"from": [6, 2, 3],
			"to": [7, 3, 4],
			"faces": {
				"north": {"uv": [12.5, 10.75, 12.75, 11], "texture": "#14"},
				"east": {"uv": [12.5, 10.75, 12.75, 11], "texture": "#14"},
				"south": {"uv": [12.5, 10.75, 12.75, 11], "texture": "#14"},
				"west": {"uv": [12.5, 10.75, 12.75, 11], "texture": "#14"},
				"up": {"uv": [12.5, 10.75, 12.75, 11], "texture": "#14"},
				"down": {"uv": [12.5, 10.75, 12.75, 11], "texture": "#14"}
			}
		},
		{
			"name": "Cube",
			"from": [4, 2, 4],
			"to": [5, 3, 6],
			"faces": {
				"north": {"uv": [12.5, 10.75, 12.75, 11], "texture": "#14"},
				"east": {"uv": [12.5, 10.75, 12.75, 11], "texture": "#14"},
				"south": {"uv": [12.5, 10.75, 12.75, 11], "texture": "#14"},
				"west": {"uv": [12.5, 10.75, 12.75, 11], "texture": "#14"},
				"up": {"uv": [12.5, 10.75, 12.75, 11], "texture": "#14"},
				"down": {"uv": [12.5, 10.75, 12.75, 11], "texture": "#14"}
			}
		},
		{
			"name": "Cube",
			"from": [4, 2, 10],
			"to": [5, 3, 12],
			"faces": {
				"north": {"uv": [12.5, 10.75, 12.75, 11], "texture": "#14"},
				"east": {"uv": [12.5, 10.75, 12.75, 11], "texture": "#14"},
				"south": {"uv": [12.5, 10.75, 12.75, 11], "texture": "#14"},
				"west": {"uv": [12.5, 10.75, 12.75, 11], "texture": "#14"},
				"up": {"uv": [12.5, 10.75, 12.75, 11], "texture": "#14"},
				"down": {"uv": [12.5, 10.75, 12.75, 11], "texture": "#14"}
			}
		},
		{
			"name": "Cube",
			"from": [11, 2, 10],
			"to": [12, 3, 12],
			"faces": {
				"north": {"uv": [12.5, 10.75, 12.75, 11], "texture": "#14"},
				"east": {"uv": [12.5, 10.75, 12.75, 11], "texture": "#14"},
				"south": {"uv": [12.5, 10.75, 12.75, 11], "texture": "#14"},
				"west": {"uv": [12.5, 10.75, 12.75, 11], "texture": "#14"},
				"up": {"uv": [12.5, 10.75, 12.75, 11], "texture": "#14"},
				"down": {"uv": [12.5, 10.75, 12.75, 11], "texture": "#14"}
			}
		},
		{
			"name": "Cube",
			"from": [11, 2, 4],
			"to": [12, 3, 6],
			"faces": {
				"north": {"uv": [12.5, 10.75, 12.75, 11], "texture": "#14"},
				"east": {"uv": [12.5, 10.75, 12.75, 11], "texture": "#14"},
				"south": {"uv": [12.5, 10.75, 12.75, 11], "texture": "#14"},
				"west": {"uv": [12.5, 10.75, 12.75, 11], "texture": "#14"},
				"up": {"uv": [12.5, 10.75, 12.75, 11], "texture": "#14"},
				"down": {"uv": [12.5, 10.75, 12.75, 11], "texture": "#14"}
			}
		},
		{
			"name": "Cube",
			"from": [10, 2, 4],
			"to": [11, 3, 5],
			"faces": {
				"north": {"uv": [12.5, 10.75, 12.75, 11], "texture": "#14"},
				"east": {"uv": [12.5, 10.75, 12.75, 11], "texture": "#14"},
				"south": {"uv": [12.5, 10.75, 12.75, 11], "texture": "#14"},
				"west": {"uv": [12.5, 10.75, 12.75, 11], "texture": "#14"},
				"up": {"uv": [12.5, 10.75, 12.75, 11], "texture": "#14"},
				"down": {"uv": [12.5, 10.75, 12.75, 11], "texture": "#14"}
			}
		},
		{
			"name": "Cube",
			"from": [5, 2, 4],
			"to": [6, 3, 5],
			"faces": {
				"north": {"uv": [12.5, 10.75, 12.75, 11], "texture": "#14"},
				"east": {"uv": [12.5, 10.75, 12.75, 11], "texture": "#14"},
				"south": {"uv": [12.5, 10.75, 12.75, 11], "texture": "#14"},
				"west": {"uv": [12.5, 10.75, 12.75, 11], "texture": "#14"},
				"up": {"uv": [12.5, 10.75, 12.75, 11], "texture": "#14"},
				"down": {"uv": [12.5, 10.75, 12.75, 11], "texture": "#14"}
			}
		},
		{
			"name": "Cube",
			"from": [5, 2, 11],
			"to": [6, 3, 12],
			"faces": {
				"north": {"uv": [12.5, 10.75, 12.75, 11], "texture": "#14"},
				"east": {"uv": [12.5, 10.75, 12.75, 11], "texture": "#14"},
				"south": {"uv": [12.5, 10.75, 12.75, 11], "texture": "#14"},
				"west": {"uv": [12.5, 10.75, 12.75, 11], "texture": "#14"},
				"up": {"uv": [12.5, 10.75, 12.75, 11], "texture": "#14"},
				"down": {"uv": [12.5, 10.75, 12.75, 11], "texture": "#14"}
			}
		},
		{
			"name": "Cube",
			"from": [10, 2, 11],
			"to": [11, 3, 12],
			"faces": {
				"north": {"uv": [12.5, 10.75, 12.75, 11], "texture": "#14"},
				"east": {"uv": [12.5, 10.75, 12.75, 11], "texture": "#14"},
				"south": {"uv": [12.5, 10.75, 12.75, 11], "texture": "#14"},
				"west": {"uv": [12.5, 10.75, 12.75, 11], "texture": "#14"},
				"up": {"uv": [12.5, 10.75, 12.75, 11], "texture": "#14"},
				"down": {"uv": [12.5, 10.75, 12.75, 11], "texture": "#14"}
			}
		},
		{
			"name": "Cube",
			"from": [3, 3, 7],
			"to": [4, 4.7, 9],
			"faces": {
				"north": {"uv": [12.5, 10.75, 12.75, 11], "texture": "#14"},
				"east": {"uv": [12.5, 10.75, 12.75, 11], "texture": "#14"},
				"south": {"uv": [12.5, 10.75, 12.75, 11], "texture": "#14"},
				"west": {"uv": [12.5, 10.75, 12.75, 11], "texture": "#14"},
				"up": {"uv": [12.5, 10.75, 12.75, 11], "texture": "#14"},
				"down": {"uv": [12.5, 10.75, 12.75, 11], "texture": "#14"}
			}
		},
		{
			"name": "Cube",
			"from": [12, 3, 7],
			"to": [13, 4.7, 9],
			"faces": {
				"north": {"uv": [12.5, 10.75, 12.75, 11], "texture": "#14"},
				"east": {"uv": [12.5, 10.75, 12.75, 11], "texture": "#14"},
				"south": {"uv": [12.5, 10.75, 12.75, 11], "texture": "#14"},
				"west": {"uv": [12.5, 10.75, 12.75, 11], "texture": "#14"},
				"up": {"uv": [12.5, 10.75, 12.75, 11], "texture": "#14"},
				"down": {"uv": [12.5, 10.75, 12.75, 11], "texture": "#14"}
			}
		},
		{
			"name": "Cube",
			"from": [7, 3, 12],
			"to": [9, 4.7, 13],
			"faces": {
				"north": {"uv": [12.5, 10.75, 12.75, 11], "texture": "#14"},
				"east": {"uv": [12.5, 10.75, 12.75, 11], "texture": "#14"},
				"south": {"uv": [12.5, 10.75, 12.75, 11], "texture": "#14"},
				"west": {"uv": [12.5, 10.75, 12.75, 11], "texture": "#14"},
				"up": {"uv": [12.5, 10.75, 12.75, 11], "texture": "#14"},
				"down": {"uv": [12.5, 10.75, 12.75, 11], "texture": "#14"}
			}
		},
		{
			"name": "Cube",
			"from": [7, 3, 3],
			"to": [9, 4.7, 4],
			"faces": {
				"north": {"uv": [12.5, 10.75, 12.75, 11], "texture": "#14"},
				"east": {"uv": [12.5, 10.75, 12.75, 11], "texture": "#14"},
				"south": {"uv": [12.5, 10.75, 12.75, 11], "texture": "#14"},
				"west": {"uv": [12.5, 10.75, 12.75, 11], "texture": "#14"},
				"up": {"uv": [12.5, 10.75, 12.75, 11], "texture": "#14"},
				"down": {"uv": [12.5, 10.75, 12.75, 11], "texture": "#14"}
			}
		},
		{
			"name": "Cube",
			"from": [6, 3, 4],
			"to": [7, 5, 5],
			"faces": {
				"north": {"uv": [12.5, 10.75, 12.75, 11], "texture": "#14"},
				"east": {"uv": [12.5, 10.75, 12.75, 11], "texture": "#14"},
				"south": {"uv": [12.5, 10.75, 12.75, 11], "texture": "#14"},
				"west": {"uv": [12.5, 10.75, 12.75, 11], "texture": "#14"},
				"up": {"uv": [12.5, 10.75, 12.75, 11], "texture": "#14"},
				"down": {"uv": [12.5, 10.75, 12.75, 11], "texture": "#14"}
			}
		},
		{
			"name": "Cube",
			"from": [5, 3, 4],
			"to": [6, 4, 5],
			"faces": {
				"north": {"uv": [12.5, 10.75, 12.75, 11], "texture": "#14"},
				"east": {"uv": [12.5, 10.75, 12.75, 11], "texture": "#14"},
				"south": {"uv": [12.5, 10.75, 12.75, 11], "texture": "#14"},
				"west": {"uv": [12.5, 10.75, 12.75, 11], "texture": "#14"},
				"up": {"uv": [12.5, 10.75, 12.75, 11], "texture": "#14"},
				"down": {"uv": [12.5, 10.75, 12.75, 11], "texture": "#14"}
			}
		},
		{
			"name": "Cube",
			"from": [4, 3, 5],
			"to": [5, 4, 6],
			"faces": {
				"north": {"uv": [12.5, 10.75, 12.75, 11], "texture": "#14"},
				"east": {"uv": [12.5, 10.75, 12.75, 11], "texture": "#14"},
				"south": {"uv": [12.5, 10.75, 12.75, 11], "texture": "#14"},
				"west": {"uv": [12.5, 10.75, 12.75, 11], "texture": "#14"},
				"up": {"uv": [12.5, 10.75, 12.75, 11], "texture": "#14"},
				"down": {"uv": [12.5, 10.75, 12.75, 11], "texture": "#14"}
			}
		},
		{
			"name": "Cube",
			"from": [4, 3, 6],
			"to": [5, 5, 7],
			"faces": {
				"north": {"uv": [12.5, 10.75, 12.75, 11], "texture": "#14"},
				"east": {"uv": [12.5, 10.75, 12.75, 11], "texture": "#14"},
				"south": {"uv": [12.5, 10.75, 12.75, 11], "texture": "#14"},
				"west": {"uv": [12.5, 10.75, 12.75, 11], "texture": "#14"},
				"up": {"uv": [12.5, 10.75, 12.75, 11], "texture": "#14"},
				"down": {"uv": [12.5, 10.75, 12.75, 11], "texture": "#14"}
			}
		},
		{
			"name": "Cube",
			"from": [4, 3, 9],
			"to": [5, 5, 10],
			"faces": {
				"north": {"uv": [12.5, 10.75, 12.75, 11], "texture": "#14"},
				"east": {"uv": [12.5, 10.75, 12.75, 11], "texture": "#14"},
				"south": {"uv": [12.5, 10.75, 12.75, 11], "texture": "#14"},
				"west": {"uv": [12.5, 10.75, 12.75, 11], "texture": "#14"},
				"up": {"uv": [12.5, 10.75, 12.75, 11], "texture": "#14"},
				"down": {"uv": [12.5, 10.75, 12.75, 11], "texture": "#14"}
			}
		},
		{
			"name": "Cube",
			"from": [4, 3, 10],
			"to": [5, 4, 11],
			"faces": {
				"north": {"uv": [12.5, 10.75, 12.75, 11], "texture": "#14"},
				"east": {"uv": [12.5, 10.75, 12.75, 11], "texture": "#14"},
				"south": {"uv": [12.5, 10.75, 12.75, 11], "texture": "#14"},
				"west": {"uv": [12.5, 10.75, 12.75, 11], "texture": "#14"},
				"up": {"uv": [12.5, 10.75, 12.75, 11], "texture": "#14"},
				"down": {"uv": [12.5, 10.75, 12.75, 11], "texture": "#14"}
			}
		},
		{
			"name": "Cube",
			"from": [6, 3, 11],
			"to": [7, 5, 12],
			"faces": {
				"north": {"uv": [12.5, 10.75, 12.75, 11], "texture": "#14"},
				"east": {"uv": [12.5, 10.75, 12.75, 11], "texture": "#14"},
				"south": {"uv": [12.5, 10.75, 12.75, 11], "texture": "#14"},
				"west": {"uv": [12.5, 10.75, 12.75, 11], "texture": "#14"},
				"up": {"uv": [12.5, 10.75, 12.75, 11], "texture": "#14"},
				"down": {"uv": [12.5, 10.75, 12.75, 11], "texture": "#14"}
			}
		},
		{
			"name": "Cube",
			"from": [5, 3, 11],
			"to": [6, 4, 12],
			"faces": {
				"north": {"uv": [12.5, 10.75, 12.75, 11], "texture": "#14"},
				"east": {"uv": [12.5, 10.75, 12.75, 11], "texture": "#14"},
				"south": {"uv": [12.5, 10.75, 12.75, 11], "texture": "#14"},
				"west": {"uv": [12.5, 10.75, 12.75, 11], "texture": "#14"},
				"up": {"uv": [12.5, 10.75, 12.75, 11], "texture": "#14"},
				"down": {"uv": [12.5, 10.75, 12.75, 11], "texture": "#14"}
			}
		},
		{
			"name": "Cube",
			"from": [9, 3, 11],
			"to": [10, 5, 12],
			"faces": {
				"north": {"uv": [12.5, 10.75, 12.75, 11], "texture": "#14"},
				"east": {"uv": [12.5, 10.75, 12.75, 11], "texture": "#14"},
				"south": {"uv": [12.5, 10.75, 12.75, 11], "texture": "#14"},
				"west": {"uv": [12.5, 10.75, 12.75, 11], "texture": "#14"},
				"up": {"uv": [12.5, 10.75, 12.75, 11], "texture": "#14"},
				"down": {"uv": [12.5, 10.75, 12.75, 11], "texture": "#14"}
			}
		},
		{
			"name": "Cube",
			"from": [10, 3, 11],
			"to": [11, 4, 12],
			"faces": {
				"north": {"uv": [12.5, 10.75, 12.75, 11], "texture": "#14"},
				"east": {"uv": [12.5, 10.75, 12.75, 11], "texture": "#14"},
				"south": {"uv": [12.5, 10.75, 12.75, 11], "texture": "#14"},
				"west": {"uv": [12.5, 10.75, 12.75, 11], "texture": "#14"},
				"up": {"uv": [12.5, 10.75, 12.75, 11], "texture": "#14"},
				"down": {"uv": [12.5, 10.75, 12.75, 11], "texture": "#14"}
			}
		},
		{
			"name": "Cube",
			"from": [11, 3, 10],
			"to": [12, 4, 11],
			"faces": {
				"north": {"uv": [12.5, 10.75, 12.75, 11], "texture": "#14"},
				"east": {"uv": [12.5, 10.75, 12.75, 11], "texture": "#14"},
				"south": {"uv": [12.5, 10.75, 12.75, 11], "texture": "#14"},
				"west": {"uv": [12.5, 10.75, 12.75, 11], "texture": "#14"},
				"up": {"uv": [12.5, 10.75, 12.75, 11], "texture": "#14"},
				"down": {"uv": [12.5, 10.75, 12.75, 11], "texture": "#14"}
			}
		},
		{
			"name": "Cube",
			"from": [11, 3, 9],
			"to": [12, 5, 10],
			"faces": {
				"north": {"uv": [12.5, 10.75, 12.75, 11], "texture": "#14"},
				"east": {"uv": [12.5, 10.75, 12.75, 11], "texture": "#14"},
				"south": {"uv": [12.5, 10.75, 12.75, 11], "texture": "#14"},
				"west": {"uv": [12.5, 10.75, 12.75, 11], "texture": "#14"},
				"up": {"uv": [12.5, 10.75, 12.75, 11], "texture": "#14"},
				"down": {"uv": [12.5, 10.75, 12.75, 11], "texture": "#14"}
			}
		},
		{
			"name": "Cube",
			"from": [11, 3, 6],
			"to": [12, 5, 7],
			"faces": {
				"north": {"uv": [12.5, 10.75, 12.75, 11], "texture": "#14"},
				"east": {"uv": [12.5, 10.75, 12.75, 11], "texture": "#14"},
				"south": {"uv": [12.5, 10.75, 12.75, 11], "texture": "#14"},
				"west": {"uv": [12.5, 10.75, 12.75, 11], "texture": "#14"},
				"up": {"uv": [12.5, 10.75, 12.75, 11], "texture": "#14"},
				"down": {"uv": [12.5, 10.75, 12.75, 11], "texture": "#14"}
			}
		},
		{
			"name": "Cube",
			"from": [11, 3, 5],
			"to": [12, 4, 6],
			"faces": {
				"north": {"uv": [12.5, 10.75, 12.75, 11], "texture": "#14"},
				"east": {"uv": [12.5, 10.75, 12.75, 11], "texture": "#14"},
				"south": {"uv": [12.5, 10.75, 12.75, 11], "texture": "#14"},
				"west": {"uv": [12.5, 10.75, 12.75, 11], "texture": "#14"},
				"up": {"uv": [12.5, 10.75, 12.75, 11], "texture": "#14"},
				"down": {"uv": [12.5, 10.75, 12.75, 11], "texture": "#14"}
			}
		},
		{
			"name": "Cube",
			"from": [10, 3, 4],
			"to": [11, 4, 5],
			"faces": {
				"north": {"uv": [12.5, 10.75, 12.75, 11], "texture": "#14"},
				"east": {"uv": [12.5, 10.75, 12.75, 11], "texture": "#14"},
				"south": {"uv": [12.5, 10.75, 12.75, 11], "texture": "#14"},
				"west": {"uv": [12.5, 10.75, 12.75, 11], "texture": "#14"},
				"up": {"uv": [12.5, 10.75, 12.75, 11], "texture": "#14"},
				"down": {"uv": [12.5, 10.75, 12.75, 11], "texture": "#14"}
			}
		},
		{
			"name": "Cube",
			"from": [9, 3, 4],
			"to": [10, 5, 5],
			"faces": {
				"north": {"uv": [12.5, 10.75, 12.75, 11], "texture": "#14"},
				"east": {"uv": [12.5, 10.75, 12.75, 11], "texture": "#14"},
				"south": {"uv": [12.5, 10.75, 12.75, 11], "texture": "#14"},
				"west": {"uv": [12.5, 10.75, 12.75, 11], "texture": "#14"},
				"up": {"uv": [12.5, 10.75, 12.75, 11], "texture": "#14"},
				"down": {"uv": [12.5, 10.75, 12.75, 11], "texture": "#14"}
			}
		},
		{
			"name": "Cube",
			"from": [3, 3, 6],
			"to": [4, 4, 7],
			"faces": {
				"north": {"uv": [12.5, 10.75, 12.75, 11], "texture": "#14"},
				"east": {"uv": [12.5, 10.75, 12.75, 11], "texture": "#14"},
				"south": {"uv": [12.5, 10.75, 12.75, 11], "texture": "#14"},
				"west": {"uv": [12.5, 10.75, 12.75, 11], "texture": "#14"},
				"up": {"uv": [12.5, 10.75, 12.75, 11], "texture": "#14"},
				"down": {"uv": [12.5, 10.75, 12.75, 11], "texture": "#14"}
			}
		},
		{
			"name": "Cube",
			"from": [3, 3, 9],
			"to": [4, 4, 10],
			"faces": {
				"north": {"uv": [12.5, 10.75, 12.75, 11], "texture": "#14"},
				"east": {"uv": [12.5, 10.75, 12.75, 11], "texture": "#14"},
				"south": {"uv": [12.5, 10.75, 12.75, 11], "texture": "#14"},
				"west": {"uv": [12.5, 10.75, 12.75, 11], "texture": "#14"},
				"up": {"uv": [12.5, 10.75, 12.75, 11], "texture": "#14"},
				"down": {"uv": [12.5, 10.75, 12.75, 11], "texture": "#14"}
			}
		},
		{
			"name": "Cube",
			"from": [6, 3, 12],
			"to": [7, 4, 13],
			"faces": {
				"north": {"uv": [12.5, 10.75, 12.75, 11], "texture": "#14"},
				"east": {"uv": [12.5, 10.75, 12.75, 11], "texture": "#14"},
				"south": {"uv": [12.5, 10.75, 12.75, 11], "texture": "#14"},
				"west": {"uv": [12.5, 10.75, 12.75, 11], "texture": "#14"},
				"up": {"uv": [12.5, 10.75, 12.75, 11], "texture": "#14"},
				"down": {"uv": [12.5, 10.75, 12.75, 11], "texture": "#14"}
			}
		},
		{
			"name": "Cube",
			"from": [9, 3, 12],
			"to": [10, 4, 13],
			"faces": {
				"north": {"uv": [12.5, 10.75, 12.75, 11], "texture": "#14"},
				"east": {"uv": [12.5, 10.75, 12.75, 11], "texture": "#14"},
				"south": {"uv": [12.5, 10.75, 12.75, 11], "texture": "#14"},
				"west": {"uv": [12.5, 10.75, 12.75, 11], "texture": "#14"},
				"up": {"uv": [12.5, 10.75, 12.75, 11], "texture": "#14"},
				"down": {"uv": [12.5, 10.75, 12.75, 11], "texture": "#14"}
			}
		},
		{
			"name": "Cube",
			"from": [12, 3, 9],
			"to": [13, 4, 10],
			"faces": {
				"north": {"uv": [12.5, 10.75, 12.75, 11], "texture": "#14"},
				"east": {"uv": [12.5, 10.75, 12.75, 11], "texture": "#14"},
				"south": {"uv": [12.5, 10.75, 12.75, 11], "texture": "#14"},
				"west": {"uv": [12.5, 10.75, 12.75, 11], "texture": "#14"},
				"up": {"uv": [12.5, 10.75, 12.75, 11], "texture": "#14"},
				"down": {"uv": [12.5, 10.75, 12.75, 11], "texture": "#14"}
			}
		},
		{
			"name": "Cube",
			"from": [12, 3, 6],
			"to": [13, 4, 7],
			"faces": {
				"north": {"uv": [12.5, 10.75, 12.75, 11], "texture": "#14"},
				"east": {"uv": [12.5, 10.75, 12.75, 11], "texture": "#14"},
				"south": {"uv": [12.5, 10.75, 12.75, 11], "texture": "#14"},
				"west": {"uv": [12.5, 10.75, 12.75, 11], "texture": "#14"},
				"up": {"uv": [12.5, 10.75, 12.75, 11], "texture": "#14"},
				"down": {"uv": [12.5, 10.75, 12.75, 11], "texture": "#14"}
			}
		},
		{
			"name": "Cube",
			"from": [9, 3, 3],
			"to": [10, 4, 4],
			"faces": {
				"north": {"uv": [12.5, 10.75, 12.75, 11], "texture": "#14"},
				"east": {"uv": [12.5, 10.75, 12.75, 11], "texture": "#14"},
				"south": {"uv": [12.5, 10.75, 12.75, 11], "texture": "#14"},
				"west": {"uv": [12.5, 10.75, 12.75, 11], "texture": "#14"},
				"up": {"uv": [12.5, 10.75, 12.75, 11], "texture": "#14"},
				"down": {"uv": [12.5, 10.75, 12.75, 11], "texture": "#14"}
			}
		},
		{
			"name": "Cube",
			"from": [6, 3, 3],
			"to": [7, 4, 4],
			"faces": {
				"north": {"uv": [12.5, 10.75, 12.75, 11], "texture": "#14"},
				"east": {"uv": [12.5, 10.75, 12.75, 11], "texture": "#14"},
				"south": {"uv": [12.5, 10.75, 12.75, 11], "texture": "#14"},
				"west": {"uv": [12.5, 10.75, 12.75, 11], "texture": "#14"},
				"up": {"uv": [12.5, 10.75, 12.75, 11], "texture": "#14"},
				"down": {"uv": [12.5, 10.75, 12.75, 11], "texture": "#14"}
			}
		},
		{
			"name": "Cube",
			"from": [6, 4, 5],
			"to": [7, 5, 6],
			"faces": {
				"north": {"uv": [12.5, 10.75, 12.75, 11], "texture": "#14"},
				"east": {"uv": [12.5, 10.75, 12.75, 11], "texture": "#14"},
				"south": {"uv": [12.5, 10.75, 12.75, 11], "texture": "#14"},
				"west": {"uv": [12.5, 10.75, 12.75, 11], "texture": "#14"},
				"up": {"uv": [12.5, 10.75, 12.75, 11], "texture": "#14"},
				"down": {"uv": [12.5, 10.75, 12.75, 11], "texture": "#14"}
			}
		},
		{
			"name": "Cube",
			"from": [5, 4, 6],
			"to": [6, 5, 7],
			"faces": {
				"north": {"uv": [12.5, 10.75, 12.75, 11], "texture": "#14"},
				"east": {"uv": [12.5, 10.75, 12.75, 11], "texture": "#14"},
				"south": {"uv": [12.5, 10.75, 12.75, 11], "texture": "#14"},
				"west": {"uv": [12.5, 10.75, 12.75, 11], "texture": "#14"},
				"up": {"uv": [12.5, 10.75, 12.75, 11], "texture": "#14"},
				"down": {"uv": [12.5, 10.75, 12.75, 11], "texture": "#14"}
			}
		},
		{
			"name": "Cube",
			"from": [10, 4, 6],
			"to": [11, 5, 7],
			"faces": {
				"north": {"uv": [12.5, 10.75, 12.75, 11], "texture": "#14"},
				"east": {"uv": [12.5, 10.75, 12.75, 11], "texture": "#14"},
				"south": {"uv": [12.5, 10.75, 12.75, 11], "texture": "#14"},
				"west": {"uv": [12.5, 10.75, 12.75, 11], "texture": "#14"},
				"up": {"uv": [12.5, 10.75, 12.75, 11], "texture": "#14"},
				"down": {"uv": [12.5, 10.75, 12.75, 11], "texture": "#14"}
			}
		},
		{
			"name": "Cube",
			"from": [10, 4, 9],
			"to": [11, 5, 10],
			"faces": {
				"north": {"uv": [12.5, 10.75, 12.75, 11], "texture": "#14"},
				"east": {"uv": [12.5, 10.75, 12.75, 11], "texture": "#14"},
				"south": {"uv": [12.5, 10.75, 12.75, 11], "texture": "#14"},
				"west": {"uv": [12.5, 10.75, 12.75, 11], "texture": "#14"},
				"up": {"uv": [12.5, 10.75, 12.75, 11], "texture": "#14"},
				"down": {"uv": [12.5, 10.75, 12.75, 11], "texture": "#14"}
			}
		},
		{
			"name": "Cube",
			"from": [9, 4, 5],
			"to": [10, 5, 6],
			"faces": {
				"north": {"uv": [12.5, 10.75, 12.75, 11], "texture": "#14"},
				"east": {"uv": [12.5, 10.75, 12.75, 11], "texture": "#14"},
				"south": {"uv": [12.5, 10.75, 12.75, 11], "texture": "#14"},
				"west": {"uv": [12.5, 10.75, 12.75, 11], "texture": "#14"},
				"up": {"uv": [12.5, 10.75, 12.75, 11], "texture": "#14"},
				"down": {"uv": [12.5, 10.75, 12.75, 11], "texture": "#14"}
			}
		},
		{
			"name": "Cube",
			"from": [9, 4, 10],
			"to": [10, 5, 11],
			"faces": {
				"north": {"uv": [12.5, 10.75, 12.75, 11], "texture": "#14"},
				"east": {"uv": [12.5, 10.75, 12.75, 11], "texture": "#14"},
				"south": {"uv": [12.5, 10.75, 12.75, 11], "texture": "#14"},
				"west": {"uv": [12.5, 10.75, 12.75, 11], "texture": "#14"},
				"up": {"uv": [12.5, 10.75, 12.75, 11], "texture": "#14"},
				"down": {"uv": [12.5, 10.75, 12.75, 11], "texture": "#14"}
			}
		},
		{
			"name": "Cube",
			"from": [6, 4, 10],
			"to": [7, 5, 11],
			"faces": {
				"north": {"uv": [12.5, 10.75, 12.75, 11], "texture": "#14"},
				"east": {"uv": [12.5, 10.75, 12.75, 11], "texture": "#14"},
				"south": {"uv": [12.5, 10.75, 12.75, 11], "texture": "#14"},
				"west": {"uv": [12.5, 10.75, 12.75, 11], "texture": "#14"},
				"up": {"uv": [12.5, 10.75, 12.75, 11], "texture": "#14"},
				"down": {"uv": [12.5, 10.75, 12.75, 11], "texture": "#14"}
			}
		},
		{
			"name": "Cube",
			"from": [5, 4, 9],
			"to": [6, 5, 10],
			"faces": {
				"north": {"uv": [12.5, 10.75, 12.75, 11], "texture": "#14"},
				"east": {"uv": [12.5, 10.75, 12.75, 11], "texture": "#14"},
				"south": {"uv": [12.5, 10.75, 12.75, 11], "texture": "#14"},
				"west": {"uv": [12.5, 10.75, 12.75, 11], "texture": "#14"},
				"up": {"uv": [12.5, 10.75, 12.75, 11], "texture": "#14"},
				"down": {"uv": [12.5, 10.75, 12.75, 11], "texture": "#14"}
			}
		},
		{
			"name": "Cube",
			"from": [5, 3, 5],
			"to": [6, 4, 6],
			"faces": {
				"north": {"uv": [12.5, 10.75, 12.75, 11], "texture": "#14"},
				"east": {"uv": [12.5, 10.75, 12.75, 11], "texture": "#14"},
				"south": {"uv": [12.5, 10.75, 12.75, 11], "texture": "#14"},
				"west": {"uv": [12.5, 10.75, 12.75, 11], "texture": "#14"},
				"up": {"uv": [12.5, 10.75, 12.75, 11], "texture": "#14"},
				"down": {"uv": [12.5, 10.75, 12.75, 11], "texture": "#14"}
			}
		},
		{
			"name": "Cube",
			"from": [5, 3, 10],
			"to": [6, 5, 11],
			"faces": {
				"north": {"uv": [12.5, 10.75, 12.75, 11], "texture": "#14"},
				"east": {"uv": [12.5, 10.75, 12.75, 11], "texture": "#14"},
				"south": {"uv": [12.5, 10.75, 12.75, 11], "texture": "#14"},
				"west": {"uv": [12.5, 10.75, 12.75, 11], "texture": "#14"},
				"up": {"uv": [12.5, 10.75, 12.75, 11], "texture": "#14"},
				"down": {"uv": [12.5, 10.75, 12.75, 11], "texture": "#14"}
			}
		},
		{
			"name": "Cube",
			"from": [10, 3, 10],
			"to": [11, 4, 11],
			"faces": {
				"north": {"uv": [12.5, 10.75, 12.75, 11], "texture": "#14"},
				"east": {"uv": [12.5, 10.75, 12.75, 11], "texture": "#14"},
				"south": {"uv": [12.5, 10.75, 12.75, 11], "texture": "#14"},
				"west": {"uv": [12.5, 10.75, 12.75, 11], "texture": "#14"},
				"up": {"uv": [12.5, 10.75, 12.75, 11], "texture": "#14"},
				"down": {"uv": [12.5, 10.75, 12.75, 11], "texture": "#14"}
			}
		},
		{
			"name": "Cube",
			"from": [10, 3, 5],
			"to": [11, 4, 6],
			"faces": {
				"north": {"uv": [12.5, 10.75, 12.75, 11], "texture": "#14"},
				"east": {"uv": [12.5, 10.75, 12.75, 11], "texture": "#14"},
				"south": {"uv": [12.5, 10.75, 12.75, 11], "texture": "#14"},
				"west": {"uv": [12.5, 10.75, 12.75, 11], "texture": "#14"},
				"up": {"uv": [12.5, 10.75, 12.75, 11], "texture": "#14"},
				"down": {"uv": [12.5, 10.75, 12.75, 11], "texture": "#14"}
			}
		},
		{
			"name": "Cube",
			"from": [10, 4, 5],
			"to": [11, 4.7, 6],
			"faces": {
				"north": {"uv": [12.5, 10.75, 12.75, 11], "texture": "#14"},
				"east": {"uv": [12.5, 10.75, 12.75, 11], "texture": "#14"},
				"south": {"uv": [12.5, 10.75, 12.75, 11], "texture": "#14"},
				"west": {"uv": [12.5, 10.75, 12.75, 11], "texture": "#14"},
				"up": {"uv": [12.5, 10.75, 12.75, 11], "texture": "#14"},
				"down": {"uv": [12.5, 10.75, 12.75, 11], "texture": "#14"}
			}
		},
		{
			"name": "Cube",
			"from": [5, 4, 5],
			"to": [6, 4.7, 6],
			"faces": {
				"north": {"uv": [12.5, 10.75, 12.75, 11], "texture": "#14"},
				"east": {"uv": [12.5, 10.75, 12.75, 11], "texture": "#14"},
				"south": {"uv": [12.5, 10.75, 12.75, 11], "texture": "#14"},
				"west": {"uv": [12.5, 10.75, 12.75, 11], "texture": "#14"},
				"up": {"uv": [12.5, 10.75, 12.75, 11], "texture": "#14"},
				"down": {"uv": [12.5, 10.75, 12.75, 11], "texture": "#14"}
			}
		},
		{
			"name": "Cube",
			"from": [5, 4, 10],
			"to": [6, 4.7, 11],
			"faces": {
				"north": {"uv": [12.5, 10.75, 12.75, 11], "texture": "#14"},
				"east": {"uv": [12.5, 10.75, 12.75, 11], "texture": "#14"},
				"south": {"uv": [12.5, 10.75, 12.75, 11], "texture": "#14"},
				"west": {"uv": [12.5, 10.75, 12.75, 11], "texture": "#14"},
				"up": {"uv": [12.5, 10.75, 12.75, 11], "texture": "#14"},
				"down": {"uv": [12.5, 10.75, 12.75, 11], "texture": "#14"}
			}
		},
		{
			"name": "Cube",
			"from": [10, 4, 10],
			"to": [11, 4.7, 11],
			"faces": {
				"north": {"uv": [12.5, 10.75, 12.75, 11], "texture": "#14"},
				"east": {"uv": [12.5, 10.75, 12.75, 11], "texture": "#14"},
				"south": {"uv": [12.5, 10.75, 12.75, 11], "texture": "#14"},
				"west": {"uv": [12.5, 10.75, 12.75, 11], "texture": "#14"},
				"up": {"uv": [12.5, 10.75, 12.75, 11], "texture": "#14"},
				"down": {"uv": [12.5, 10.75, 12.75, 11], "texture": "#14"}
			}
		},
		{
			"name": "Cube",
			"from": [3, 1, 10],
			"to": [4, 2, 12],
			"faces": {
				"north": {"uv": [12.5, 10.75, 12.75, 11], "texture": "#14"},
				"east": {"uv": [12.5, 10.75, 12.75, 11], "texture": "#14"},
				"south": {"uv": [12.5, 10.75, 12.75, 11], "texture": "#14"},
				"west": {"uv": [12.5, 10.75, 12.75, 11], "texture": "#14"},
				"up": {"uv": [12.5, 10.75, 12.75, 11], "texture": "#14"},
				"down": {"uv": [12.5, 10.75, 12.75, 11], "texture": "#14"}
			}
		},
		{
			"name": "Cube",
			"from": [4, 4, 7],
			"to": [5, 5, 9],
			"faces": {
				"north": {"uv": [12.5, 10.75, 12.75, 11], "texture": "#14"},
				"east": {"uv": [12.5, 10.75, 12.75, 11], "texture": "#14"},
				"south": {"uv": [12.5, 10.75, 12.75, 11], "texture": "#14"},
				"west": {"uv": [12.5, 10.75, 12.75, 11], "texture": "#14"},
				"up": {"uv": [12.5, 10.75, 12.75, 11], "texture": "#14"},
				"down": {"uv": [12.5, 10.75, 12.75, 11], "texture": "#14"}
			}
		},
		{
			"name": "Cube",
			"from": [11, 4, 7],
			"to": [12, 5, 9],
			"faces": {
				"north": {"uv": [12.5, 10.75, 12.75, 11], "texture": "#14"},
				"east": {"uv": [12.5, 10.75, 12.75, 11], "texture": "#14"},
				"south": {"uv": [12.5, 10.75, 12.75, 11], "texture": "#14"},
				"west": {"uv": [12.5, 10.75, 12.75, 11], "texture": "#14"},
				"up": {"uv": [12.5, 10.75, 12.75, 11], "texture": "#14"},
				"down": {"uv": [12.5, 10.75, 12.75, 11], "texture": "#14"}
			}
		},
		{
			"name": "Cube",
			"from": [7, 4, 11],
			"to": [9, 5, 12],
			"faces": {
				"north": {"uv": [12.5, 10.75, 12.75, 11], "texture": "#14"},
				"east": {"uv": [12.5, 10.75, 12.75, 11], "texture": "#14"},
				"south": {"uv": [12.5, 10.75, 12.75, 11], "texture": "#14"},
				"west": {"uv": [12.5, 10.75, 12.75, 11], "texture": "#14"},
				"up": {"uv": [12.5, 10.75, 12.75, 11], "texture": "#14"},
				"down": {"uv": [12.5, 10.75, 12.75, 11], "texture": "#14"}
			}
		},
		{
			"name": "Cube",
			"from": [7, 4, 4],
			"to": [9, 5, 5],
			"faces": {
				"north": {"uv": [12.5, 10.75, 12.75, 11], "texture": "#14"},
				"east": {"uv": [12.5, 10.75, 12.75, 11], "texture": "#14"},
				"south": {"uv": [12.5, 10.75, 12.75, 11], "texture": "#14"},
				"west": {"uv": [12.5, 10.75, 12.75, 11], "texture": "#14"},
				"up": {"uv": [12.5, 10.75, 12.75, 11], "texture": "#14"},
				"down": {"uv": [12.5, 10.75, 12.75, 11], "texture": "#14"}
			}
		},
		{
			"name": "Cube",
			"from": [5, 5, 7],
			"to": [6, 6, 9],
			"faces": {
				"north": {"uv": [12.5, 10.75, 12.75, 11], "texture": "#14"},
				"east": {"uv": [12.5, 10.75, 12.75, 11], "texture": "#14"},
				"south": {"uv": [12.5, 10.75, 12.75, 11], "texture": "#14"},
				"west": {"uv": [12.5, 10.75, 12.75, 11], "texture": "#14"},
				"up": {"uv": [12.5, 10.75, 12.75, 11], "texture": "#14"},
				"down": {"uv": [12.5, 10.75, 12.75, 11], "texture": "#14"}
			}
		},
		{
			"name": "Cube",
			"from": [10, 5, 7],
			"to": [11, 6, 9],
			"faces": {
				"north": {"uv": [12.5, 10.75, 12.75, 11], "texture": "#14"},
				"east": {"uv": [12.5, 10.75, 12.75, 11], "texture": "#14"},
				"south": {"uv": [12.5, 10.75, 12.75, 11], "texture": "#14"},
				"west": {"uv": [12.5, 10.75, 12.75, 11], "texture": "#14"},
				"up": {"uv": [12.5, 10.75, 12.75, 11], "texture": "#14"},
				"down": {"uv": [12.5, 10.75, 12.75, 11], "texture": "#14"}
			}
		},
		{
			"name": "Cube",
			"from": [7, 5, 10],
			"to": [9, 6, 11],
			"faces": {
				"north": {"uv": [12.5, 10.75, 12.75, 11], "texture": "#14"},
				"east": {"uv": [12.5, 10.75, 12.75, 11], "texture": "#14"},
				"south": {"uv": [12.5, 10.75, 12.75, 11], "texture": "#14"},
				"west": {"uv": [12.5, 10.75, 12.75, 11], "texture": "#14"},
				"up": {"uv": [12.5, 10.75, 12.75, 11], "texture": "#14"},
				"down": {"uv": [12.5, 10.75, 12.75, 11], "texture": "#14"}
			}
		},
		{
			"name": "Cube",
			"from": [7, 5, 5],
			"to": [9, 6, 6],
			"faces": {
				"north": {"uv": [12.5, 10.75, 12.75, 11], "texture": "#14"},
				"east": {"uv": [12.5, 10.75, 12.75, 11], "texture": "#14"},
				"south": {"uv": [12.5, 10.75, 12.75, 11], "texture": "#14"},
				"west": {"uv": [12.5, 10.75, 12.75, 11], "texture": "#14"},
				"up": {"uv": [12.5, 10.75, 12.75, 11], "texture": "#14"},
				"down": {"uv": [12.5, 10.75, 12.75, 11], "texture": "#14"}
			}
		},
		{
			"name": "Cube",
			"from": [6, 5, 6],
			"to": [10, 6, 10],
			"faces": {
				"north": {"uv": [12.5, 10.75, 12.75, 11], "texture": "#14"},
				"east": {"uv": [12.5, 10.75, 12.75, 11], "texture": "#14"},
				"south": {"uv": [12.5, 10.75, 12.75, 11], "texture": "#14"},
				"west": {"uv": [12.5, 10.75, 12.75, 11], "texture": "#14"},
				"up": {"uv": [12.5, 10.75, 12.75, 11], "texture": "#14"},
				"down": {"uv": [12.5, 10.75, 12.75, 11], "texture": "#14"}
			}
		},
		{
			"name": "Cube",
			"from": [6, 4.7, 5],
			"to": [7, 5.7, 6],
			"faces": {
				"north": {"uv": [12.5, 10.75, 12.75, 11], "texture": "#14"},
				"east": {"uv": [12.5, 10.75, 12.75, 11], "texture": "#14"},
				"south": {"uv": [12.5, 10.75, 12.75, 11], "texture": "#14"},
				"west": {"uv": [12.5, 10.75, 12.75, 11], "texture": "#14"},
				"up": {"uv": [12.5, 10.75, 12.75, 11], "texture": "#14"},
				"down": {"uv": [12.5, 10.75, 12.75, 11], "texture": "#14"}
			}
		},
		{
			"name": "Cube",
			"from": [6, 4.7, 10],
			"to": [7, 5.7, 11],
			"faces": {
				"north": {"uv": [12.5, 10.75, 12.75, 11], "texture": "#14"},
				"east": {"uv": [12.5, 10.75, 12.75, 11], "texture": "#14"},
				"south": {"uv": [12.5, 10.75, 12.75, 11], "texture": "#14"},
				"west": {"uv": [12.5, 10.75, 12.75, 11], "texture": "#14"},
				"up": {"uv": [12.5, 10.75, 12.75, 11], "texture": "#14"},
				"down": {"uv": [12.5, 10.75, 12.75, 11], "texture": "#14"}
			}
		},
		{
			"name": "Cube",
			"from": [5, 4.7, 9],
			"to": [6, 5.7, 10],
			"faces": {
				"north": {"uv": [12.5, 10.75, 12.75, 11], "texture": "#14"},
				"east": {"uv": [12.5, 10.75, 12.75, 11], "texture": "#14"},
				"south": {"uv": [12.5, 10.75, 12.75, 11], "texture": "#14"},
				"west": {"uv": [12.5, 10.75, 12.75, 11], "texture": "#14"},
				"up": {"uv": [12.5, 10.75, 12.75, 11], "texture": "#14"},
				"down": {"uv": [12.5, 10.75, 12.75, 11], "texture": "#14"}
			}
		},
		{
			"name": "Cube",
			"from": [10, 4.7, 9],
			"to": [11, 5.7, 10],
			"faces": {
				"north": {"uv": [12.5, 10.75, 12.75, 11], "texture": "#14"},
				"east": {"uv": [12.5, 10.75, 12.75, 11], "texture": "#14"},
				"south": {"uv": [12.5, 10.75, 12.75, 11], "texture": "#14"},
				"west": {"uv": [12.5, 10.75, 12.75, 11], "texture": "#14"},
				"up": {"uv": [12.5, 10.75, 12.75, 11], "texture": "#14"},
				"down": {"uv": [12.5, 10.75, 12.75, 11], "texture": "#14"}
			}
		},
		{
			"name": "Cube",
			"from": [9, 4.7, 10],
			"to": [10, 5.7, 11],
			"faces": {
				"north": {"uv": [12.5, 10.75, 12.75, 11], "texture": "#14"},
				"east": {"uv": [12.5, 10.75, 12.75, 11], "texture": "#14"},
				"south": {"uv": [12.5, 10.75, 12.75, 11], "texture": "#14"},
				"west": {"uv": [12.5, 10.75, 12.75, 11], "texture": "#14"},
				"up": {"uv": [12.5, 10.75, 12.75, 11], "texture": "#14"},
				"down": {"uv": [12.5, 10.75, 12.75, 11], "texture": "#14"}
			}
		},
		{
			"name": "Cube",
			"from": [9, 4.7, 5],
			"to": [10, 5.7, 6],
			"faces": {
				"north": {"uv": [12.5, 10.75, 12.75, 11], "texture": "#14"},
				"east": {"uv": [12.5, 10.75, 12.75, 11], "texture": "#14"},
				"south": {"uv": [12.5, 10.75, 12.75, 11], "texture": "#14"},
				"west": {"uv": [12.5, 10.75, 12.75, 11], "texture": "#14"},
				"up": {"uv": [12.5, 10.75, 12.75, 11], "texture": "#14"},
				"down": {"uv": [12.5, 10.75, 12.75, 11], "texture": "#14"}
			}
		},
		{
			"name": "Cube",
			"from": [10, 4.7, 6],
			"to": [11, 5.7, 7],
			"faces": {
				"north": {"uv": [12.5, 10.75, 12.75, 11], "texture": "#14"},
				"east": {"uv": [12.5, 10.75, 12.75, 11], "texture": "#14"},
				"south": {"uv": [12.5, 10.75, 12.75, 11], "texture": "#14"},
				"west": {"uv": [12.5, 10.75, 12.75, 11], "texture": "#14"},
				"up": {"uv": [12.5, 10.75, 12.75, 11], "texture": "#14"},
				"down": {"uv": [12.5, 10.75, 12.75, 11], "texture": "#14"}
			}
		},
		{
			"name": "Cube",
			"from": [5, 4.7, 6],
			"to": [6, 5.7, 7],
			"faces": {
				"north": {"uv": [12.5, 10.75, 12.75, 11], "texture": "#14"},
				"east": {"uv": [12.5, 10.75, 12.75, 11], "texture": "#14"},
				"south": {"uv": [12.5, 10.75, 12.75, 11], "texture": "#14"},
				"west": {"uv": [12.5, 10.75, 12.75, 11], "texture": "#14"},
				"up": {"uv": [12.5, 10.75, 12.75, 11], "texture": "#14"},
				"down": {"uv": [12.5, 10.75, 12.75, 11], "texture": "#14"}
			}
		},
		{
			"name": "Cube",
			"from": [4, 5, 7],
			"to": [5, 5.5, 9],
			"faces": {
				"north": {"uv": [12.5, 10.75, 12.75, 11], "texture": "#14"},
				"east": {"uv": [12.5, 10.75, 12.75, 11], "texture": "#14"},
				"south": {"uv": [12.5, 10.75, 12.75, 11], "texture": "#14"},
				"west": {"uv": [12.5, 10.75, 12.75, 11], "texture": "#14"},
				"up": {"uv": [12.5, 10.75, 12.75, 11], "texture": "#14"},
				"down": {"uv": [12.5, 10.75, 12.75, 11], "texture": "#14"}
			}
		},
		{
			"name": "Cube",
			"from": [11, 5, 7],
			"to": [12, 5.5, 9],
			"faces": {
				"north": {"uv": [12.5, 10.75, 12.75, 11], "texture": "#14"},
				"east": {"uv": [12.5, 10.75, 12.75, 11], "texture": "#14"},
				"south": {"uv": [12.5, 10.75, 12.75, 11], "texture": "#14"},
				"west": {"uv": [12.5, 10.75, 12.75, 11], "texture": "#14"},
				"up": {"uv": [12.5, 10.75, 12.75, 11], "texture": "#14"},
				"down": {"uv": [12.5, 10.75, 12.75, 11], "texture": "#14"}
			}
		},
		{
			"name": "Cube",
			"from": [7, 5, 4],
			"to": [9, 5.5, 5],
			"faces": {
				"north": {"uv": [12.5, 10.75, 12.75, 11], "texture": "#14"},
				"east": {"uv": [12.5, 10.75, 12.75, 11], "texture": "#14"},
				"south": {"uv": [12.5, 10.75, 12.75, 11], "texture": "#14"},
				"west": {"uv": [12.5, 10.75, 12.75, 11], "texture": "#14"},
				"up": {"uv": [12.5, 10.75, 12.75, 11], "texture": "#14"},
				"down": {"uv": [12.5, 10.75, 12.75, 11], "texture": "#14"}
			}
		},
		{
			"name": "Cube",
			"from": [7, 5, 11],
			"to": [9, 5.5, 12],
			"faces": {
				"north": {"uv": [12.5, 10.75, 12.75, 11], "texture": "#14"},
				"east": {"uv": [12.5, 10.75, 12.75, 11], "texture": "#14"},
				"south": {"uv": [12.5, 10.75, 12.75, 11], "texture": "#14"},
				"west": {"uv": [12.5, 10.75, 12.75, 11], "texture": "#14"},
				"up": {"uv": [12.5, 10.75, 12.75, 11], "texture": "#14"},
				"down": {"uv": [12.5, 10.75, 12.75, 11], "texture": "#14"}
			}
		},
		{
			"name": "Cube",
			"from": [12, 2, 5],
			"to": [13, 2.5, 6],
			"faces": {
				"north": {"uv": [12.5, 10.75, 12.75, 11], "texture": "#14"},
				"east": {"uv": [12.5, 10.75, 12.75, 11], "texture": "#14"},
				"south": {"uv": [12.5, 10.75, 12.75, 11], "texture": "#14"},
				"west": {"uv": [12.5, 10.75, 12.75, 11], "texture": "#14"},
				"up": {"uv": [12.5, 10.75, 12.75, 11], "texture": "#14"},
				"down": {"uv": [12.5, 10.75, 12.75, 11], "texture": "#14"}
			}
		},
		{
			"name": "Cube",
			"from": [12, 2, 10],
			"to": [13, 2.5, 11],
			"faces": {
				"north": {"uv": [12.5, 10.75, 12.75, 11], "texture": "#14"},
				"east": {"uv": [12.5, 10.75, 12.75, 11], "texture": "#14"},
				"south": {"uv": [12.5, 10.75, 12.75, 11], "texture": "#14"},
				"west": {"uv": [12.5, 10.75, 12.75, 11], "texture": "#14"},
				"up": {"uv": [12.5, 10.75, 12.75, 11], "texture": "#14"},
				"down": {"uv": [12.5, 10.75, 12.75, 11], "texture": "#14"}
			}
		},
		{
			"name": "Cube",
			"from": [3, 2, 10],
			"to": [4, 2.5, 11],
			"faces": {
				"north": {"uv": [12.5, 10.75, 12.75, 11], "texture": "#14"},
				"east": {"uv": [12.5, 10.75, 12.75, 11], "texture": "#14"},
				"south": {"uv": [12.5, 10.75, 12.75, 11], "texture": "#14"},
				"west": {"uv": [12.5, 10.75, 12.75, 11], "texture": "#14"},
				"up": {"uv": [12.5, 10.75, 12.75, 11], "texture": "#14"},
				"down": {"uv": [12.5, 10.75, 12.75, 11], "texture": "#14"}
			}
		},
		{
			"name": "Cube",
			"from": [5, 2, 12],
			"to": [6, 2.5, 13],
			"faces": {
				"north": {"uv": [12.5, 10.75, 12.75, 11], "texture": "#14"},
				"east": {"uv": [12.5, 10.75, 12.75, 11], "texture": "#14"},
				"south": {"uv": [12.5, 10.75, 12.75, 11], "texture": "#14"},
				"west": {"uv": [12.5, 10.75, 12.75, 11], "texture": "#14"},
				"up": {"uv": [12.5, 10.75, 12.75, 11], "texture": "#14"},
				"down": {"uv": [12.5, 10.75, 12.75, 11], "texture": "#14"}
			}
		},
		{
			"name": "Cube",
			"from": [10, 2, 12],
			"to": [11, 2.5, 13],
			"faces": {
				"north": {"uv": [12.5, 10.75, 12.75, 11], "texture": "#14"},
				"east": {"uv": [12.5, 10.75, 12.75, 11], "texture": "#14"},
				"south": {"uv": [12.5, 10.75, 12.75, 11], "texture": "#14"},
				"west": {"uv": [12.5, 10.75, 12.75, 11], "texture": "#14"},
				"up": {"uv": [12.5, 10.75, 12.75, 11], "texture": "#14"},
				"down": {"uv": [12.5, 10.75, 12.75, 11], "texture": "#14"}
			}
		},
		{
			"name": "Cube",
			"from": [10, 2, 3],
			"to": [11, 2.5, 4],
			"faces": {
				"north": {"uv": [12.5, 10.75, 12.75, 11], "texture": "#14"},
				"east": {"uv": [12.5, 10.75, 12.75, 11], "texture": "#14"},
				"south": {"uv": [12.5, 10.75, 12.75, 11], "texture": "#14"},
				"west": {"uv": [12.5, 10.75, 12.75, 11], "texture": "#14"},
				"up": {"uv": [12.5, 10.75, 12.75, 11], "texture": "#14"},
				"down": {"uv": [12.5, 10.75, 12.75, 11], "texture": "#14"}
			}
		},
		{
			"name": "Cube",
			"from": [5, 2, 3],
			"to": [6, 2.5, 4],
			"faces": {
				"north": {"uv": [12.5, 10.75, 12.75, 11], "texture": "#14"},
				"east": {"uv": [12.5, 10.75, 12.75, 11], "texture": "#14"},
				"south": {"uv": [12.5, 10.75, 12.75, 11], "texture": "#14"},
				"west": {"uv": [12.5, 10.75, 12.75, 11], "texture": "#14"},
				"up": {"uv": [12.5, 10.75, 12.75, 11], "texture": "#14"},
				"down": {"uv": [12.5, 10.75, 12.75, 11], "texture": "#14"}
			}
		},
		{
			"name": "Cube",
			"from": [3, 2, 5],
			"to": [4, 2.5, 6],
			"faces": {
				"north": {"uv": [12.5, 10.75, 12.75, 11], "texture": "#14"},
				"east": {"uv": [12.5, 10.75, 12.75, 11], "texture": "#14"},
				"south": {"uv": [12.5, 10.75, 12.75, 11], "texture": "#14"},
				"west": {"uv": [12.5, 10.75, 12.75, 11], "texture": "#14"},
				"up": {"uv": [12.5, 10.75, 12.75, 11], "texture": "#14"},
				"down": {"uv": [12.5, 10.75, 12.75, 11], "texture": "#14"}
			}
		},
		{
			"name": "Cube",
			"from": [9, 2, 2.6],
			"to": [10, 2.7, 3.6],
			"faces": {
				"north": {"uv": [12.5, 10.75, 12.75, 11], "texture": "#14"},
				"east": {"uv": [12.5, 10.75, 12.75, 11], "texture": "#14"},
				"south": {"uv": [12.5, 10.75, 12.75, 11], "texture": "#14"},
				"west": {"uv": [12.5, 10.75, 12.75, 11], "texture": "#14"},
				"up": {"uv": [12.5, 10.75, 12.75, 11], "texture": "#14"},
				"down": {"uv": [12.5, 10.75, 12.75, 11], "texture": "#14"}
			}
		},
		{
			"name": "Cube",
			"from": [6, 2, 2.6],
			"to": [7, 2.7, 3.6],
			"faces": {
				"north": {"uv": [12.5, 10.75, 12.75, 11], "texture": "#14"},
				"east": {"uv": [12.5, 10.75, 12.75, 11], "texture": "#14"},
				"south": {"uv": [12.5, 10.75, 12.75, 11], "texture": "#14"},
				"west": {"uv": [12.5, 10.75, 12.75, 11], "texture": "#14"},
				"up": {"uv": [12.5, 10.75, 12.75, 11], "texture": "#14"},
				"down": {"uv": [12.5, 10.75, 12.75, 11], "texture": "#14"}
			}
		},
		{
			"name": "Cube",
			"from": [9, 2, 12.6],
			"to": [10, 2.7, 13.4],
			"faces": {
				"north": {"uv": [12.5, 10.75, 12.75, 11], "texture": "#14"},
				"east": {"uv": [12.5, 10.75, 12.75, 11], "texture": "#14"},
				"south": {"uv": [12.5, 10.75, 12.75, 11], "texture": "#14"},
				"west": {"uv": [12.5, 10.75, 12.75, 11], "texture": "#14"},
				"up": {"uv": [12.5, 10.75, 12.75, 11], "texture": "#14"},
				"down": {"uv": [12.5, 10.75, 12.75, 11], "texture": "#14"}
			}
		},
		{
			"name": "Cube",
			"from": [2.6, 2, 9],
			"to": [3.6, 2.7, 10],
			"faces": {
				"north": {"uv": [12.5, 10.75, 12.75, 11], "texture": "#14"},
				"east": {"uv": [12.5, 10.75, 12.75, 11], "texture": "#14"},
				"south": {"uv": [12.5, 10.75, 12.75, 11], "texture": "#14"},
				"west": {"uv": [12.5, 10.75, 12.75, 11], "texture": "#14"},
				"up": {"uv": [12.5, 10.75, 12.75, 11], "texture": "#14"},
				"down": {"uv": [12.5, 10.75, 12.75, 11], "texture": "#14"}
			}
		},
		{
			"name": "Cube",
			"from": [6, 2, 12.6],
			"to": [7, 2.7, 13.4],
			"faces": {
				"north": {"uv": [12.5, 10.75, 12.75, 11], "texture": "#14"},
				"east": {"uv": [12.5, 10.75, 12.75, 11], "texture": "#14"},
				"south": {"uv": [12.5, 10.75, 12.75, 11], "texture": "#14"},
				"west": {"uv": [12.5, 10.75, 12.75, 11], "texture": "#14"},
				"up": {"uv": [12.5, 10.75, 12.75, 11], "texture": "#14"},
				"down": {"uv": [12.5, 10.75, 12.75, 11], "texture": "#14"}
			}
		},
		{
			"name": "Cube",
			"from": [2.6, 2, 6],
			"to": [3.6, 2.7, 7],
			"faces": {
				"north": {"uv": [12.5, 10.75, 12.75, 11], "texture": "#14"},
				"east": {"uv": [12.5, 10.75, 12.75, 11], "texture": "#14"},
				"south": {"uv": [12.5, 10.75, 12.75, 11], "texture": "#14"},
				"west": {"uv": [12.5, 10.75, 12.75, 11], "texture": "#14"},
				"up": {"uv": [12.5, 10.75, 12.75, 11], "texture": "#14"},
				"down": {"uv": [12.5, 10.75, 12.75, 11], "texture": "#14"}
			}
		},
		{
			"name": "Cube",
			"from": [7.2, 3, 2.7],
			"to": [8.8, 3.8, 3.7],
			"faces": {
				"north": {"uv": [12.5, 10.75, 12.75, 11], "texture": "#14"},
				"east": {"uv": [12.5, 10.75, 12.75, 11], "texture": "#14"},
				"south": {"uv": [12.5, 10.75, 12.75, 11], "texture": "#14"},
				"west": {"uv": [12.5, 10.75, 12.75, 11], "texture": "#14"},
				"up": {"uv": [12.5, 10.75, 12.75, 11], "texture": "#14"},
				"down": {"uv": [12.5, 10.75, 12.75, 11], "texture": "#14"}
			}
		},
		{
			"name": "Cube",
			"from": [7.2, 3, 12.3],
			"to": [8.8, 3.8, 13.3],
			"faces": {
				"north": {"uv": [12.5, 10.75, 12.75, 11], "texture": "#14"},
				"east": {"uv": [12.5, 10.75, 12.75, 11], "texture": "#14"},
				"south": {"uv": [12.5, 10.75, 12.75, 11], "texture": "#14"},
				"west": {"uv": [12.5, 10.75, 12.75, 11], "texture": "#14"},
				"up": {"uv": [12.5, 10.75, 12.75, 11], "texture": "#14"},
				"down": {"uv": [12.5, 10.75, 12.75, 11], "texture": "#14"}
			}
		},
		{
			"name": "Cube",
			"from": [12.2, 3, 7.2],
			"to": [13.3, 3.8, 8.8],
			"faces": {
				"north": {"uv": [12.5, 10.75, 12.75, 11], "texture": "#14"},
				"east": {"uv": [12.5, 10.75, 12.75, 11], "texture": "#14"},
				"south": {"uv": [12.5, 10.75, 12.75, 11], "texture": "#14"},
				"west": {"uv": [12.5, 10.75, 12.75, 11], "texture": "#14"},
				"up": {"uv": [12.5, 10.75, 12.75, 11], "texture": "#14"},
				"down": {"uv": [12.5, 10.75, 12.75, 11], "texture": "#14"}
			}
		},
		{
			"name": "Cube",
			"from": [2.7, 3, 7.2],
			"to": [3.8, 3.8, 8.8],
			"faces": {
				"north": {"uv": [12.5, 10.75, 12.75, 11], "texture": "#14"},
				"east": {"uv": [12.5, 10.75, 12.75, 11], "texture": "#14"},
				"south": {"uv": [12.5, 10.75, 12.75, 11], "texture": "#14"},
				"west": {"uv": [12.5, 10.75, 12.75, 11], "texture": "#14"},
				"up": {"uv": [12.5, 10.75, 12.75, 11], "texture": "#14"},
				"down": {"uv": [12.5, 10.75, 12.75, 11], "texture": "#14"}
			}
		},
		{
			"name": "Cube",
			"from": [12.4, 2, 9],
			"to": [13.4, 2.7, 10],
			"faces": {
				"north": {"uv": [12.5, 10.75, 12.75, 11], "texture": "#14"},
				"east": {"uv": [12.5, 10.75, 12.75, 11], "texture": "#14"},
				"south": {"uv": [12.5, 10.75, 12.75, 11], "texture": "#14"},
				"west": {"uv": [12.5, 10.75, 12.75, 11], "texture": "#14"},
				"up": {"uv": [12.5, 10.75, 12.75, 11], "texture": "#14"},
				"down": {"uv": [12.5, 10.75, 12.75, 11], "texture": "#14"}
			}
		},
		{
			"name": "Cube",
			"from": [12.4, 2, 6],
			"to": [13.4, 2.7, 7],
			"faces": {
				"north": {"uv": [12.5, 10.75, 12.75, 11], "texture": "#14"},
				"east": {"uv": [12.5, 10.75, 12.75, 11], "texture": "#14"},
				"south": {"uv": [12.5, 10.75, 12.75, 11], "texture": "#14"},
				"west": {"uv": [12.5, 10.75, 12.75, 11], "texture": "#14"},
				"up": {"uv": [12.5, 10.75, 12.75, 11], "texture": "#14"},
				"down": {"uv": [12.5, 10.75, 12.75, 11], "texture": "#14"}
			}
		},
		{
			"name": "Cube",
			"from": [6.5, 1, 1.7],
			"to": [9.5, 1.7, 2.2],
			"faces": {
				"north": {"uv": [12.5, 10.75, 12.75, 11], "texture": "#14"},
				"east": {"uv": [12.5, 10.75, 12.75, 11], "texture": "#14"},
				"south": {"uv": [12.5, 10.75, 12.75, 11], "texture": "#14"},
				"west": {"uv": [12.5, 10.75, 12.75, 11], "texture": "#14"},
				"up": {"uv": [12.5, 10.75, 12.75, 11], "texture": "#14"},
				"down": {"uv": [12.5, 10.75, 12.75, 11], "texture": "#14"}
			}
		},
		{
			"name": "Cube",
			"from": [6.5, 1, 13.8],
			"to": [9.5, 1.7, 14.3],
			"faces": {
				"north": {"uv": [12.5, 10.75, 12.75, 11], "texture": "#14"},
				"east": {"uv": [12.5, 10.75, 12.75, 11], "texture": "#14"},
				"south": {"uv": [12.5, 10.75, 12.75, 11], "texture": "#14"},
				"west": {"uv": [12.5, 10.75, 12.75, 11], "texture": "#14"},
				"up": {"uv": [12.5, 10.75, 12.75, 11], "texture": "#14"},
				"down": {"uv": [12.5, 10.75, 12.75, 11], "texture": "#14"}
			}
		},
		{
			"name": "Cube",
			"from": [1.7, 1, 6.5],
			"to": [2.2, 1.7, 9.5],
			"faces": {
				"north": {"uv": [12.5, 10.75, 12.75, 11], "texture": "#14"},
				"east": {"uv": [12.5, 10.75, 12.75, 11], "texture": "#14"},
				"south": {"uv": [12.5, 10.75, 12.75, 11], "texture": "#14"},
				"west": {"uv": [12.5, 10.75, 12.75, 11], "texture": "#14"},
				"up": {"uv": [12.5, 10.75, 12.75, 11], "texture": "#14"},
				"down": {"uv": [12.5, 10.75, 12.75, 11], "texture": "#14"}
			}
		},
		{
			"name": "Cube",
			"from": [13.8, 1, 6.5],
			"to": [14.3, 1.7, 9.5],
			"faces": {
				"north": {"uv": [12.5, 10.75, 12.75, 11], "texture": "#14"},
				"east": {"uv": [12.5, 10.75, 12.75, 11], "texture": "#14"},
				"south": {"uv": [12.5, 10.75, 12.75, 11], "texture": "#14"},
				"west": {"uv": [12.5, 10.75, 12.75, 11], "texture": "#14"},
				"up": {"uv": [12.5, 10.75, 12.75, 11], "texture": "#14"},
				"down": {"uv": [12.5, 10.75, 12.75, 11], "texture": "#14"}
			}
		},
		{
			"name": "Cube",
			"from": [2.1, 2, 7.2],
			"to": [3.1, 2.8, 8.8],
			"faces": {
				"north": {"uv": [12.5, 10.75, 12.75, 11], "texture": "#14"},
				"east": {"uv": [12.5, 10.75, 12.75, 11], "texture": "#14"},
				"south": {"uv": [12.5, 10.75, 12.75, 11], "texture": "#14"},
				"west": {"uv": [12.5, 10.75, 12.75, 11], "texture": "#14"},
				"up": {"uv": [12.5, 10.75, 12.75, 11], "texture": "#14"},
				"down": {"uv": [12.5, 10.75, 12.75, 11], "texture": "#14"}
			}
		},
		{
			"name": "Cube",
			"from": [13, 2, 7.2],
			"to": [14, 2.8, 8.8],
			"faces": {
				"north": {"uv": [12.5, 10.75, 12.75, 11], "texture": "#14"},
				"east": {"uv": [12.5, 10.75, 12.75, 11], "texture": "#14"},
				"south": {"uv": [12.5, 10.75, 12.75, 11], "texture": "#14"},
				"west": {"uv": [12.5, 10.75, 12.75, 11], "texture": "#14"},
				"up": {"uv": [12.5, 10.75, 12.75, 11], "texture": "#14"},
				"down": {"uv": [12.5, 10.75, 12.75, 11], "texture": "#14"}
			}
		},
		{
			"name": "Cube",
			"from": [7.2, 2, 12.5],
			"to": [8.8, 2.8, 14],
			"faces": {
				"north": {"uv": [12.5, 10.75, 12.75, 11], "texture": "#14"},
				"east": {"uv": [12.5, 10.75, 12.75, 11], "texture": "#14"},
				"south": {"uv": [12.5, 10.75, 12.75, 11], "texture": "#14"},
				"west": {"uv": [12.5, 10.75, 12.75, 11], "texture": "#14"},
				"up": {"uv": [12.5, 10.75, 12.75, 11], "texture": "#14"},
				"down": {"uv": [12.5, 10.75, 12.75, 11], "texture": "#14"}
			}
		},
		{
			"name": "Cube",
			"from": [7.2, 2, 2],
			"to": [8.8, 2.8, 3.5],
			"faces": {
				"north": {"uv": [12.5, 10.75, 12.75, 11], "texture": "#14"},
				"east": {"uv": [12.5, 10.75, 12.75, 11], "texture": "#14"},
				"south": {"uv": [12.5, 10.75, 12.75, 11], "texture": "#14"},
				"west": {"uv": [12.5, 10.75, 12.75, 11], "texture": "#14"},
				"up": {"uv": [12.5, 10.75, 12.75, 11], "texture": "#14"},
				"down": {"uv": [12.5, 10.75, 12.75, 11], "texture": "#14"}
			}
		},
		{
			"name": "hexadecagon",
			"from": [-0.64185, 1.62199, 7.79049],
			"to": [-0.55911, 6.30199, 8.20649],
			"rotation": {"angle": -45, "axis": "y", "origin": [-0.60048, 6.04199, 7.99849]},
			"faces": {
				"north": {"uv": [0.375, 7.625, 4.125, 8.125], "rotation": 90, "texture": "#15"},
				"east": {"uv": [0.375, 7.625, 4.125, 8.125], "rotation": 90, "texture": "#15"},
				"south": {"uv": [0.375, 7.625, 4.125, 8.125], "rotation": 90, "texture": "#15"},
				"west": {"uv": [0.375, 7.625, 4.125, 8.125], "rotation": 90, "texture": "#15"},
				"up": {"uv": [0.375, 7.625, 4.125, 8.125], "rotation": 90, "texture": "#15"},
				"down": {"uv": [0.375, 7.625, 4.125, 8.125], "rotation": 90, "texture": "#15"}
			}
		},
		{
			"name": "hexadecagon",
			"from": [-0.64134, 1.62199, 7.78998],
			"to": [-0.5586, 6.30199, 8.20598],
			"rotation": {"angle": -22.5, "axis": "y", "origin": [-0.59997, 6.04199, 7.99798]},
			"faces": {
				"north": {"uv": [0.375, 7.625, 4.125, 8.125], "rotation": 90, "texture": "#15"},
				"east": {"uv": [0.375, 7.625, 4.125, 8.125], "rotation": 90, "texture": "#15"},
				"south": {"uv": [0.375, 7.625, 4.125, 8.125], "rotation": 90, "texture": "#15"},
				"west": {"uv": [0.375, 7.625, 4.125, 8.125], "rotation": 90, "texture": "#15"},
				"up": {"uv": [0.375, 7.625, 4.125, 8.125], "rotation": 90, "texture": "#15"},
				"down": {"uv": [0.375, 7.625, 4.125, 8.125], "rotation": 90, "texture": "#15"}
			}
		},
		{
			"name": "hexadecagon",
			"from": [-0.64084, 1.62199, 7.78947],
			"to": [-0.55809, 6.30199, 8.20547],
			"rotation": {"angle": 0, "axis": "y", "origin": [4, 3.52, 8]},
			"faces": {
				"north": {"uv": [0.375, 7.625, 4.125, 8.125], "rotation": 90, "texture": "#15"},
				"east": {"uv": [0.375, 7.625, 4.125, 8.125], "rotation": 90, "texture": "#15"},
				"south": {"uv": [0.375, 7.625, 4.125, 8.125], "rotation": 90, "texture": "#15"},
				"west": {"uv": [0.375, 7.625, 4.125, 8.125], "rotation": 90, "texture": "#15"},
				"up": {"uv": [0.375, 7.625, 4.125, 8.125], "rotation": 90, "texture": "#15"},
				"down": {"uv": [0.375, 7.625, 4.125, 8.125], "rotation": 90, "texture": "#15"}
			}
		},
		{
			"name": "hexadecagon",
			"from": [-0.64033, 1.62199, 7.78897],
			"to": [-0.55759, 6.30199, 8.20497],
			"rotation": {"angle": 22.5, "axis": "y", "origin": [-0.59896, 6.04199, 7.99697]},
			"faces": {
				"north": {"uv": [0.375, 7.625, 4.125, 8.125], "rotation": 90, "texture": "#15"},
				"east": {"uv": [0.375, 7.625, 4.125, 8.125], "rotation": 90, "texture": "#15"},
				"south": {"uv": [0.375, 7.625, 4.125, 8.125], "rotation": 90, "texture": "#15"},
				"west": {"uv": [0.375, 7.625, 4.125, 8.125], "rotation": 90, "texture": "#15"},
				"up": {"uv": [0.375, 7.625, 4.125, 8.125], "rotation": 90, "texture": "#15"},
				"down": {"uv": [0.375, 7.625, 4.125, 8.125], "rotation": 90, "texture": "#15"}
			}
		},
		{
			"name": "hexadecagon",
			"from": [-0.64185, 1.62199, 7.79049],
			"to": [-0.55911, 6.30199, 8.20649],
			"rotation": {"angle": 45, "axis": "y", "origin": [-0.60048, 6.04199, 7.99849]},
			"faces": {
				"north": {"uv": [0.375, 7.625, 4.125, 8.125], "rotation": 90, "texture": "#15"},
				"east": {"uv": [0.375, 7.625, 4.125, 8.125], "rotation": 90, "texture": "#15"},
				"south": {"uv": [0.375, 7.625, 4.125, 8.125], "rotation": 90, "texture": "#15"},
				"west": {"uv": [0.375, 7.625, 4.125, 8.125], "rotation": 90, "texture": "#15"},
				"up": {"uv": [0.375, 7.625, 4.125, 8.125], "rotation": 90, "texture": "#15"},
				"down": {"uv": [0.375, 7.625, 4.125, 8.125], "rotation": 90, "texture": "#15"}
			}
		},
		{
			"name": "hexadecagon",
			"from": [-0.80899, 1.62199, 7.95762],
			"to": [-0.39299, 6.30199, 8.04037],
			"rotation": {"angle": -22.5, "axis": "y", "origin": [-0.60099, 6.04199, 7.99899]},
			"faces": {
				"north": {"uv": [0.375, 7.625, 4.125, 8.125], "rotation": 90, "texture": "#15"},
				"east": {"uv": [0.375, 7.625, 4.125, 8.125], "rotation": 90, "texture": "#15"},
				"south": {"uv": [0.375, 7.625, 4.125, 8.125], "rotation": 90, "texture": "#15"},
				"west": {"uv": [0.375, 7.625, 4.125, 8.125], "rotation": 90, "texture": "#15"},
				"up": {"uv": [0.375, 7.625, 4.125, 8.125], "rotation": 90, "texture": "#15"},
				"down": {"uv": [0.375, 7.625, 4.125, 8.125], "rotation": 90, "texture": "#15"}
			}
		},
		{
			"name": "hexadecagon",
			"from": [-0.80949, 1.62199, 7.95812],
			"to": [-0.39349, 6.30199, 8.04087],
			"rotation": {"angle": 0, "axis": "y", "origin": [4, 3.52, 8]},
			"faces": {
				"north": {"uv": [0.375, 7.625, 4.125, 8.125], "rotation": 90, "texture": "#15"},
				"east": {"uv": [0.375, 7.625, 4.125, 8.125], "rotation": 90, "texture": "#15"},
				"south": {"uv": [0.375, 7.625, 4.125, 8.125], "rotation": 90, "texture": "#15"},
				"west": {"uv": [0.375, 7.625, 4.125, 8.125], "rotation": 90, "texture": "#15"},
				"up": {"uv": [0.375, 7.625, 4.125, 8.125], "rotation": 90, "texture": "#15"},
				"down": {"uv": [0.375, 7.625, 4.125, 8.125], "rotation": 90, "texture": "#15"}
			}
		},
		{
			"name": "hexadecagon",
			"from": [-0.80899, 1.62199, 7.95762],
			"to": [-0.39299, 6.30199, 8.04037],
			"rotation": {"angle": 22.5, "axis": "y", "origin": [-0.60099, 6.04199, 7.99899]},
			"faces": {
				"north": {"uv": [0.5, 5.5, 6.375, 7.625], "rotation": 90, "texture": "#15"},
				"east": {"uv": [0.5, 5.5, 6.375, 7.625], "rotation": 90, "texture": "#15"},
				"south": {"uv": [0.5, 5.5, 6.375, 7.625], "rotation": 90, "texture": "#15"},
				"west": {"uv": [0.5, 5.5, 6.375, 7.625], "rotation": 90, "texture": "#15"},
				"up": {"uv": [0.5, 5.5, 6.375, 7.625], "rotation": 90, "texture": "#15"},
				"down": {"uv": [0.5, 5.5, 6.375, 7.625], "rotation": 90, "texture": "#15"}
			}
		}
	],
	"display": {
		"thirdperson_righthand": {
			"rotation": [0, -44, 0],
			"translation": [-2.78, 2.086, 0],
			"scale": [0.547, 0.486, 0.408]
		},
		"thirdperson_lefthand": {
			"rotation": [0, 144, 0],
			"translation": [-2.782, 2.0869, 0],
			"scale": [0.5478, 0.4869, 0.4086]
		},
		"firstperson_righthand": {
			"rotation": [-19, -61, 5],
			"translation": [-1.391, 2.25, -0.695]
		},
		"firstperson_lefthand": {
			"rotation": [-19, -61, 5],
			"translation": [-1.391, 2.25, -0.695]
		},
		"ground": {
			"rotation": [0, 0, -17],
			"translation": [0, 3.4782, 0],
			"scale": [0.7565, 0.7565, 0.7217]
		},
		"gui": {
			"rotation": [0, 180, 0],
			"translation": [0.055, 1.3912, 0],
			"scale": [0.67, 0.84, 1]
		},
		"head": {
			"rotation": [3, 0, 0],
			"translation": [0, 16, 0.5],
			"scale": [1.22, 1.2, 1.2]
		},
		"fixed": {
			"translation": [0, 3.25, -0.5],
			"scale": [1, 1, 0.31]
		}
	},
	"groups": [
		{
			"name": "hexadecagon",
			"origin": [8, 8, 8],
			"children": [0]
		},
		{
			"name": "hexadecagon",
			"origin": [8, 8, 8],
			"children": [1, 2, 3, 4, 5, 6, 7, 8]
		},
		{
			"name": "hexadecagon",
			"origin": [8, 8, 8],
			"children": [9, 10, 11, 12, 13, 14, 15, 16]
		},
		{
			"name": "hexadecagon",
			"origin": [8, 8, 8],
			"children": [17, 18, 19, 20, 21, 22, 23, 24]
		},
		{
			"name": "mickey_ears_hat",
			"origin": [8, 8, 8],
			"children": [25, 26, 27, 28, 29, 30, 31, 32, 33, 34, 35, 36, 37, 38, 39, 40, 41, 42, 43, 44, 45, 46, 47, 48, 49, 50, 51, 52, 53, 54, 55, 56, 57, 58, 59, 60, 61, 62, 63, 64, 65, 66, 67, 68, 69, 70, 71, 72, 73, 74, 75, 76, 77, 78, 79, 80, 81, 82, 83, 84, 85, 86, 87, 88, 89, 90, 91, 92, 93, 94, 95, 96, 97, 98, 99, 100, 101, 102, 103, 104, 105, 106, 107, 108, 109, 110, 111, 112, 113, 114, 115, 116, 117, 118, 119, 120, 121, 122, 123, 124, 125, 126, 127, 128, 129, 130, 131, 132, 133, 134, 135, 136, 137, 138, 139, 140, 141, 142, 143, 144, 145, 146, 147, 148, 149, 150, 151, 152, 153, 154, 155, 156, 157, 158, 159, 160, 161, 162, 163, 164, 165]
		},
		{
			"name": "hexadecagon",
			"origin": [8, 8, 8],
			"children": [166, 167, 168, 169, 170, 171, 172]
		}, 173]
}
