{
	"credit": "Made with Blockbench",
	"textures": {
		"0": "custom/ship2",
		"particle": "custom/ship2"
	},
	"elements": [
		{
			"from": [0, -16, -16],
			"to": [0.001, 15, 32],
			"faces": {
				"north": {"uv": [0, 0, 16, 5.75594], "texture": "#0"},
				"east": {"uv": [16, 0, 0, 5.75594], "texture": "#0"},
				"south": {"uv": [0, 0, 16, 5.75594], "texture": "#0"},
				"west": {"uv": [0, 0, 16, 5.75594], "texture": "#0"},
				"up": {"uv": [0, 0, 16, 5.75594], "texture": "#0"},
				"down": {"uv": [0, 0, 16, 5.75594], "texture": "#0"}
			}
		}
	],
	"display": {
		"thirdperson_righthand": {
			"rotation": [90, 90, 0],
			"translation": [0, 36.5, 30],
			"scale": [4, 4, 4]
		},
		"gui": {
			"rotation": [0, 90, 0],
			"scale": [0.2, 0.2, 0.2]
		}
	}
}
