{
	"credit": "Made by Autvmn",
	"ambientocclusion": false,
	"textures": {
		"0": "block/beacon",
		"1": "block/obsidian"
	},
	"elements": [
		{
			"name": "hexadecagon",
			"from": [6.62856, 4.0967, 1.10528],
			"to": [9.37144, 8.23354, 14.89472],
			"rotation": {"angle": -45, "axis": "y", "origin": [8, 4.78618, 8]},
			"faces": {
				"north": {"uv": [1, 1, 14.998, 14.998], "texture": "#0"},
				"east": {"uv": [1, 1, 14.998, 14.998], "texture": "#0"},
				"south": {"uv": [1, 1, 14.998, 14.998], "texture": "#0"},
				"west": {"uv": [1, 1, 14.998, 14.998], "texture": "#0"},
				"up": {"uv": [1, 1, 14.997, 14.997], "texture": "#0"},
				"down": {"uv": [1, 1, 14.998, 14.997], "texture": "#0"}
			}
		},
		{
			"name": "hexadecagon",
			"from": [6.62856, 4.0967, 1.10528],
			"to": [9.37144, 8.23354, 14.89472],
			"rotation": {"angle": -22.5, "axis": "y", "origin": [8, 4.78618, 8]},
			"faces": {
				"north": {"uv": [1, 1, 14.998, 14.998], "texture": "#0"},
				"east": {"uv": [1, 1, 14.998, 14.998], "texture": "#0"},
				"south": {"uv": [1, 1, 14.998, 14.998], "texture": "#0"},
				"west": {"uv": [1, 1, 14.998, 14.998], "texture": "#0"},
				"up": {"uv": [1, 1, 14.997, 14.997], "texture": "#0"},
				"down": {"uv": [1, 1, 14.998, 14.997], "texture": "#0"}
			}
		},
		{
			"name": "hexadecagon",
			"from": [6.62856, 4.0967, 1.10528],
			"to": [9.37144, 8.23354, 14.89472],
			"faces": {
				"north": {"uv": [1, 1, 14.998, 14.998], "texture": "#0"},
				"east": {"uv": [1, 1, 14.998, 14.998], "texture": "#0"},
				"south": {"uv": [1, 1, 14.998, 14.998], "texture": "#0"},
				"west": {"uv": [1, 1, 14.998, 14.998], "texture": "#0"},
				"up": {"uv": [1, 1, 14.997, 14.997], "texture": "#0"},
				"down": {"uv": [1, 1, 14.998, 14.997], "texture": "#0"}
			}
		},
		{
			"name": "hexadecagon",
			"from": [6.62856, 4.0967, 1.10528],
			"to": [9.37144, 8.23354, 14.89472],
			"rotation": {"angle": 22.5, "axis": "y", "origin": [8, 4.78618, 8]},
			"faces": {
				"north": {"uv": [1, 1, 14.998, 14.998], "texture": "#0"},
				"east": {"uv": [1, 1, 14.998, 14.998], "texture": "#0"},
				"south": {"uv": [1, 1, 14.998, 14.998], "texture": "#0"},
				"west": {"uv": [1, 1, 14.998, 14.998], "texture": "#0"},
				"up": {"uv": [1, 1, 14.997, 14.997], "texture": "#0"},
				"down": {"uv": [1, 1, 14.998, 14.997], "texture": "#0"}
			}
		},
		{
			"name": "hexadecagon",
			"from": [6.62856, 4.0967, 1.10528],
			"to": [9.37144, 8.23354, 14.89472],
			"rotation": {"angle": 45, "axis": "y", "origin": [8, 4.78618, 8]},
			"faces": {
				"north": {"uv": [1, 1, 14.998, 14.998], "texture": "#0"},
				"east": {"uv": [1, 1, 14.998, 14.998], "texture": "#0"},
				"south": {"uv": [1, 1, 14.998, 14.998], "texture": "#0"},
				"west": {"uv": [1, 1, 14.998, 14.998], "texture": "#0"},
				"up": {"uv": [1, 1, 14.997, 14.997], "texture": "#0"},
				"down": {"uv": [1, 1, 14.998, 14.997], "texture": "#0"}
			}
		},
		{
			"name": "hexadecagon",
			"from": [1.10528, 4.0967, 6.62856],
			"to": [14.89472, 8.23354, 9.37144],
			"rotation": {"angle": -22.5, "axis": "y", "origin": [8, 4.78618, 8]},
			"faces": {
				"north": {"uv": [1, 1, 14.998, 14.998], "texture": "#0"},
				"east": {"uv": [1, 1, 14.998, 14.998], "texture": "#0"},
				"south": {"uv": [1, 1, 14.998, 14.998], "texture": "#0"},
				"west": {"uv": [1, 1, 14.998, 14.998], "texture": "#0"},
				"up": {"uv": [1, 1, 14.997, 14.997], "texture": "#0"},
				"down": {"uv": [1, 1, 14.998, 14.997], "texture": "#0"}
			}
		},
		{
			"name": "hexadecagon",
			"from": [1.10528, 4.0967, 6.62856],
			"to": [14.89472, 8.23354, 9.37144],
			"faces": {
				"north": {"uv": [1, 1, 14.998, 14.998], "texture": "#0"},
				"east": {"uv": [1, 1, 14.998, 14.998], "texture": "#0"},
				"south": {"uv": [1, 1, 14.998, 14.998], "texture": "#0"},
				"west": {"uv": [1, 1, 14.998, 14.998], "texture": "#0"},
				"up": {"uv": [1, 1, 14.997, 14.997], "texture": "#0"},
				"down": {"uv": [1, 1, 14.998, 14.997], "texture": "#0"}
			}
		},
		{
			"name": "hexadecagon",
			"from": [1.10528, 4.0967, 6.62856],
			"to": [14.89472, 8.23354, 9.37144],
			"rotation": {"angle": 22.5, "axis": "y", "origin": [8, 4.78618, 8]},
			"faces": {
				"north": {"uv": [1, 1, 14.998, 14.998], "texture": "#0"},
				"east": {"uv": [1, 1, 14.998, 14.998], "texture": "#0"},
				"south": {"uv": [1, 1, 14.998, 14.998], "texture": "#0"},
				"west": {"uv": [1, 1, 14.998, 14.998], "texture": "#0"},
				"up": {"uv": [1, 1, 14.997, 14.997], "texture": "#0"},
				"down": {"uv": [1, 1, 14.998, 14.997], "texture": "#0"}
			}
		},
		{
			"name": "hexadecagon",
			"from": [6.69658, 2.77843, 1.44726],
			"to": [9.30342, 10.71012, 14.55274],
			"rotation": {"angle": -45, "axis": "y", "origin": [8, 3.43371, 8]},
			"faces": {
				"north": {"uv": [1, 1, 14.998, 14.998], "texture": "#0"},
				"east": {"uv": [1, 1, 14.998, 14.998], "texture": "#0"},
				"south": {"uv": [1, 1, 14.998, 14.998], "texture": "#0"},
				"west": {"uv": [1, 1, 14.998, 14.998], "texture": "#0"},
				"up": {"uv": [1, 1, 14.997, 14.997], "texture": "#0"},
				"down": {"uv": [1, 1, 14.998, 14.997], "texture": "#0"}
			}
		},
		{
			"name": "hexadecagon",
			"from": [6.69658, 2.77843, 1.44726],
			"to": [9.30342, 10.71012, 14.55274],
			"rotation": {"angle": -22.5, "axis": "y", "origin": [8, 3.43371, 8]},
			"faces": {
				"north": {"uv": [1, 1, 14.998, 14.998], "texture": "#0"},
				"east": {"uv": [1, 1, 14.998, 14.998], "texture": "#0"},
				"south": {"uv": [1, 1, 14.998, 14.998], "texture": "#0"},
				"west": {"uv": [1, 1, 14.998, 14.998], "texture": "#0"},
				"up": {"uv": [1, 1, 14.997, 14.997], "texture": "#0"},
				"down": {"uv": [1, 1, 14.998, 14.997], "texture": "#0"}
			}
		},
		{
			"name": "hexadecagon",
			"from": [6.69658, 2.77843, 1.44726],
			"to": [9.30342, 10.71012, 14.55274],
			"faces": {
				"north": {"uv": [1, 1, 14.998, 14.998], "texture": "#0"},
				"east": {"uv": [1, 1, 14.998, 14.998], "texture": "#0"},
				"south": {"uv": [1, 1, 14.998, 14.998], "texture": "#0"},
				"west": {"uv": [1, 1, 14.998, 14.998], "texture": "#0"},
				"up": {"uv": [1, 1, 14.997, 14.997], "texture": "#0"},
				"down": {"uv": [1, 1, 14.998, 14.997], "texture": "#0"}
			}
		},
		{
			"name": "hexadecagon",
			"from": [6.69658, 2.77843, 1.44726],
			"to": [9.30342, 10.71012, 14.55274],
			"rotation": {"angle": 22.5, "axis": "y", "origin": [8, 3.43371, 8]},
			"faces": {
				"north": {"uv": [1, 1, 14.998, 14.998], "texture": "#0"},
				"east": {"uv": [1, 1, 14.998, 14.998], "texture": "#0"},
				"south": {"uv": [1, 1, 14.998, 14.998], "texture": "#0"},
				"west": {"uv": [1, 1, 14.998, 14.998], "texture": "#0"},
				"up": {"uv": [1, 1, 14.997, 14.997], "texture": "#0"},
				"down": {"uv": [1, 1, 14.998, 14.997], "texture": "#0"}
			}
		},
		{
			"name": "hexadecagon",
			"from": [6.69658, 2.77843, 1.44726],
			"to": [9.30342, 10.71012, 14.55274],
			"rotation": {"angle": 45, "axis": "y", "origin": [8, 3.43371, 8]},
			"faces": {
				"north": {"uv": [1, 1, 14.998, 14.998], "texture": "#0"},
				"east": {"uv": [1, 1, 14.998, 14.998], "texture": "#0"},
				"south": {"uv": [1, 1, 14.998, 14.998], "texture": "#0"},
				"west": {"uv": [1, 1, 14.998, 14.998], "texture": "#0"},
				"up": {"uv": [1, 1, 14.997, 14.997], "texture": "#0"},
				"down": {"uv": [1, 1, 14.998, 14.997], "texture": "#0"}
			}
		},
		{
			"name": "hexadecagon",
			"from": [1.44726, 2.77843, 6.69658],
			"to": [14.55274, 10.71012, 9.30342],
			"rotation": {"angle": -22.5, "axis": "y", "origin": [8, 3.43371, 8]},
			"faces": {
				"north": {"uv": [1, 1, 14.998, 14.998], "texture": "#0"},
				"east": {"uv": [1, 1, 14.998, 14.998], "texture": "#0"},
				"south": {"uv": [1, 1, 14.998, 14.998], "texture": "#0"},
				"west": {"uv": [1, 1, 14.998, 14.998], "texture": "#0"},
				"up": {"uv": [1, 1, 14.997, 14.997], "texture": "#0"},
				"down": {"uv": [1, 1, 14.998, 14.997], "texture": "#0"}
			}
		},
		{
			"name": "hexadecagon",
			"from": [1.44726, 2.77843, 6.69658],
			"to": [14.55274, 10.71012, 9.30342],
			"faces": {
				"north": {"uv": [1, 1, 14.998, 14.998], "texture": "#0"},
				"east": {"uv": [1, 1, 14.998, 14.998], "texture": "#0"},
				"south": {"uv": [1, 1, 14.998, 14.998], "texture": "#0"},
				"west": {"uv": [1, 1, 14.998, 14.998], "texture": "#0"},
				"up": {"uv": [1, 1, 14.997, 14.997], "texture": "#0"},
				"down": {"uv": [1, 1, 14.998, 14.997], "texture": "#0"}
			}
		},
		{
			"name": "hexadecagon",
			"from": [1.44726, 2.77843, 6.69658],
			"to": [14.55274, 10.71012, 9.30342],
			"rotation": {"angle": 22.5, "axis": "y", "origin": [8, 3.43371, 8]},
			"faces": {
				"north": {"uv": [1, 1, 14.998, 14.998], "texture": "#0"},
				"east": {"uv": [1, 1, 14.998, 14.998], "texture": "#0"},
				"south": {"uv": [1, 1, 14.998, 14.998], "texture": "#0"},
				"west": {"uv": [1, 1, 14.998, 14.998], "texture": "#0"},
				"up": {"uv": [1, 1, 14.997, 14.997], "texture": "#0"},
				"down": {"uv": [1, 1, 14.998, 14.997], "texture": "#0"}
			}
		},
		{
			"name": "hexadecagon",
			"from": [6.77375, 1.7092, 1.83518],
			"to": [9.22625, 12.01085, 14.16482],
			"rotation": {"angle": -45, "axis": "y", "origin": [8, 2.32567, 8]},
			"faces": {
				"north": {"uv": [1, 1, 14.998, 14.998], "texture": "#0"},
				"east": {"uv": [1, 1, 14.998, 14.998], "texture": "#0"},
				"south": {"uv": [1, 1, 14.998, 14.998], "texture": "#0"},
				"west": {"uv": [1, 1, 14.998, 14.998], "texture": "#0"},
				"up": {"uv": [1, 1, 14.997, 14.997], "texture": "#0"},
				"down": {"uv": [1, 1, 14.998, 14.997], "texture": "#0"}
			}
		},
		{
			"name": "hexadecagon",
			"from": [6.77375, 1.7092, 1.83518],
			"to": [9.22625, 12.01085, 14.16482],
			"rotation": {"angle": -22.5, "axis": "y", "origin": [8, 2.32567, 8]},
			"faces": {
				"north": {"uv": [1, 1, 14.998, 14.998], "texture": "#0"},
				"east": {"uv": [1, 1, 14.998, 14.998], "texture": "#0"},
				"south": {"uv": [1, 1, 14.998, 14.998], "texture": "#0"},
				"west": {"uv": [1, 1, 14.998, 14.998], "texture": "#0"},
				"up": {"uv": [1, 1, 14.997, 14.997], "texture": "#0"},
				"down": {"uv": [1, 1, 14.998, 14.997], "texture": "#0"}
			}
		},
		{
			"name": "hexadecagon",
			"from": [6.77375, 1.7092, 1.83518],
			"to": [9.22625, 12.01085, 14.16482],
			"faces": {
				"north": {"uv": [1, 1, 14.998, 14.998], "texture": "#0"},
				"east": {"uv": [1, 1, 14.998, 14.998], "texture": "#0"},
				"south": {"uv": [1, 1, 14.998, 14.998], "texture": "#0"},
				"west": {"uv": [1, 1, 14.998, 14.998], "texture": "#0"},
				"up": {"uv": [1, 1, 14.997, 14.997], "texture": "#0"},
				"down": {"uv": [1, 1, 14.998, 14.997], "texture": "#0"}
			}
		},
		{
			"name": "hexadecagon",
			"from": [6.77375, 1.7092, 1.83518],
			"to": [9.22625, 12.01085, 14.16482],
			"rotation": {"angle": 22.5, "axis": "y", "origin": [8, 2.32567, 8]},
			"faces": {
				"north": {"uv": [1, 1, 14.998, 14.998], "texture": "#0"},
				"east": {"uv": [1, 1, 14.998, 14.998], "texture": "#0"},
				"south": {"uv": [1, 1, 14.998, 14.998], "texture": "#0"},
				"west": {"uv": [1, 1, 14.998, 14.998], "texture": "#0"},
				"up": {"uv": [1, 1, 14.997, 14.997], "texture": "#0"},
				"down": {"uv": [1, 1, 14.998, 14.997], "texture": "#0"}
			}
		},
		{
			"name": "hexadecagon",
			"from": [6.77375, 1.7092, 1.83518],
			"to": [9.22625, 12.01085, 14.16482],
			"rotation": {"angle": 45, "axis": "y", "origin": [8, 2.32567, 8]},
			"faces": {
				"north": {"uv": [1, 1, 14.998, 14.998], "texture": "#0"},
				"east": {"uv": [1, 1, 14.998, 14.998], "texture": "#0"},
				"south": {"uv": [1, 1, 14.998, 14.998], "texture": "#0"},
				"west": {"uv": [1, 1, 14.998, 14.998], "texture": "#0"},
				"up": {"uv": [1, 1, 14.997, 14.997], "texture": "#0"},
				"down": {"uv": [1, 1, 14.998, 14.997], "texture": "#0"}
			}
		},
		{
			"name": "hexadecagon",
			"from": [1.83518, 1.7092, 6.77375],
			"to": [14.16482, 12.01085, 9.22625],
			"rotation": {"angle": -22.5, "axis": "y", "origin": [8, 2.32567, 8]},
			"faces": {
				"north": {"uv": [1, 1, 14.998, 14.998], "texture": "#0"},
				"east": {"uv": [1, 1, 14.998, 14.998], "texture": "#0"},
				"south": {"uv": [1, 1, 14.998, 14.998], "texture": "#0"},
				"west": {"uv": [1, 1, 14.998, 14.998], "texture": "#0"},
				"up": {"uv": [1, 1, 14.997, 14.997], "texture": "#0"},
				"down": {"uv": [1, 1, 14.998, 14.997], "texture": "#0"}
			}
		},
		{
			"name": "hexadecagon",
			"from": [1.83518, 1.7092, 6.77375],
			"to": [14.16482, 12.01085, 9.22625],
			"faces": {
				"north": {"uv": [1, 1, 14.998, 14.998], "texture": "#0"},
				"east": {"uv": [1, 1, 14.998, 14.998], "texture": "#0"},
				"south": {"uv": [1, 1, 14.998, 14.998], "texture": "#0"},
				"west": {"uv": [1, 1, 14.998, 14.998], "texture": "#0"},
				"up": {"uv": [1, 1, 14.997, 14.997], "texture": "#0"},
				"down": {"uv": [1, 1, 14.998, 14.997], "texture": "#0"}
			}
		},
		{
			"name": "hexadecagon",
			"from": [1.83518, 1.7092, 6.77375],
			"to": [14.16482, 12.01085, 9.22625],
			"rotation": {"angle": 22.5, "axis": "y", "origin": [8, 2.32567, 8]},
			"faces": {
				"north": {"uv": [1, 1, 14.998, 14.998], "texture": "#0"},
				"east": {"uv": [1, 1, 14.998, 14.998], "texture": "#0"},
				"south": {"uv": [1, 1, 14.998, 14.998], "texture": "#0"},
				"west": {"uv": [1, 1, 14.998, 14.998], "texture": "#0"},
				"up": {"uv": [1, 1, 14.997, 14.997], "texture": "#0"},
				"down": {"uv": [1, 1, 14.998, 14.997], "texture": "#0"}
			}
		},
		{
			"name": "hexadecagon",
			"from": [6.89636, 1.05164, 2.45167],
			"to": [9.10364, 13.49469, 13.54833],
			"rotation": {"angle": -45, "axis": "y", "origin": [8, 1.60647, 8]},
			"faces": {
				"north": {"uv": [1, 1, 14.998, 14.998], "texture": "#0"},
				"east": {"uv": [1, 1, 14.998, 14.998], "texture": "#0"},
				"south": {"uv": [1, 1, 14.998, 14.998], "texture": "#0"},
				"west": {"uv": [1, 1, 14.998, 14.998], "texture": "#0"},
				"up": {"uv": [1, 1, 14.997, 14.997], "texture": "#0"},
				"down": {"uv": [1, 1, 14.998, 14.997], "texture": "#0"}
			}
		},
		{
			"name": "hexadecagon",
			"from": [6.89636, 1.05164, 2.45167],
			"to": [9.10364, 13.49469, 13.54833],
			"rotation": {"angle": -22.5, "axis": "y", "origin": [8, 1.60647, 8]},
			"faces": {
				"north": {"uv": [1, 1, 14.998, 14.998], "texture": "#0"},
				"east": {"uv": [1, 1, 14.998, 14.998], "texture": "#0"},
				"south": {"uv": [1, 1, 14.998, 14.998], "texture": "#0"},
				"west": {"uv": [1, 1, 14.998, 14.998], "texture": "#0"},
				"up": {"uv": [1, 1, 14.997, 14.997], "texture": "#0"},
				"down": {"uv": [1, 1, 14.998, 14.997], "texture": "#0"}
			}
		},
		{
			"name": "hexadecagon",
			"from": [6.89636, 1.05164, 2.45167],
			"to": [9.10364, 13.49469, 13.54833],
			"faces": {
				"north": {"uv": [1, 1, 14.998, 14.998], "texture": "#0"},
				"east": {"uv": [1, 1, 14.998, 14.998], "texture": "#0"},
				"south": {"uv": [1, 1, 14.998, 14.998], "texture": "#0"},
				"west": {"uv": [1, 1, 14.998, 14.998], "texture": "#0"},
				"up": {"uv": [1, 1, 14.997, 14.997], "texture": "#0"},
				"down": {"uv": [1, 1, 14.998, 14.997], "texture": "#0"}
			}
		},
		{
			"name": "hexadecagon",
			"from": [6.89636, 1.05164, 2.45167],
			"to": [9.10364, 13.49469, 13.54833],
			"rotation": {"angle": 22.5, "axis": "y", "origin": [8, 1.60647, 8]},
			"faces": {
				"north": {"uv": [1, 1, 14.998, 14.998], "texture": "#0"},
				"east": {"uv": [1, 1, 14.998, 14.998], "texture": "#0"},
				"south": {"uv": [1, 1, 14.998, 14.998], "texture": "#0"},
				"west": {"uv": [1, 1, 14.998, 14.998], "texture": "#0"},
				"up": {"uv": [1, 1, 14.997, 14.997], "texture": "#0"},
				"down": {"uv": [1, 1, 14.998, 14.997], "texture": "#0"}
			}
		},
		{
			"name": "hexadecagon",
			"from": [6.89636, 1.05164, 2.45167],
			"to": [9.10364, 13.49469, 13.54833],
			"rotation": {"angle": 45, "axis": "y", "origin": [8, 1.60647, 8]},
			"faces": {
				"north": {"uv": [1, 1, 14.998, 14.998], "texture": "#0"},
				"east": {"uv": [1, 1, 14.998, 14.998], "texture": "#0"},
				"south": {"uv": [1, 1, 14.998, 14.998], "texture": "#0"},
				"west": {"uv": [1, 1, 14.998, 14.998], "texture": "#0"},
				"up": {"uv": [1, 1, 14.997, 14.997], "texture": "#0"},
				"down": {"uv": [1, 1, 14.998, 14.997], "texture": "#0"}
			}
		},
		{
			"name": "hexadecagon",
			"from": [2.45167, 1.05164, 6.89636],
			"to": [13.54833, 13.49469, 9.10364],
			"rotation": {"angle": -22.5, "axis": "y", "origin": [8, 1.60647, 8]},
			"faces": {
				"north": {"uv": [1, 1, 14.998, 14.998], "texture": "#0"},
				"east": {"uv": [1, 1, 14.998, 14.998], "texture": "#0"},
				"south": {"uv": [1, 1, 14.998, 14.998], "texture": "#0"},
				"west": {"uv": [1, 1, 14.998, 14.998], "texture": "#0"},
				"up": {"uv": [1, 1, 14.997, 14.997], "texture": "#0"},
				"down": {"uv": [1, 1, 14.998, 14.997], "texture": "#0"}
			}
		},
		{
			"name": "hexadecagon",
			"from": [2.45167, 1.05164, 6.89636],
			"to": [13.54833, 13.49469, 9.10364],
			"faces": {
				"north": {"uv": [1, 1, 14.998, 14.998], "texture": "#0"},
				"east": {"uv": [1, 1, 14.998, 14.998], "texture": "#0"},
				"south": {"uv": [1, 1, 14.998, 14.998], "texture": "#0"},
				"west": {"uv": [1, 1, 14.998, 14.998], "texture": "#0"},
				"up": {"uv": [1, 1, 14.997, 14.997], "texture": "#0"},
				"down": {"uv": [1, 1, 14.998, 14.997], "texture": "#0"}
			}
		},
		{
			"name": "hexadecagon",
			"from": [2.45167, 1.05164, 6.89636],
			"to": [13.54833, 13.49469, 9.10364],
			"rotation": {"angle": 22.5, "axis": "y", "origin": [8, 1.60647, 8]},
			"faces": {
				"north": {"uv": [1, 1, 14.998, 14.998], "texture": "#0"},
				"east": {"uv": [1, 1, 14.998, 14.998], "texture": "#0"},
				"south": {"uv": [1, 1, 14.998, 14.998], "texture": "#0"},
				"west": {"uv": [1, 1, 14.998, 14.998], "texture": "#0"},
				"up": {"uv": [1, 1, 14.997, 14.997], "texture": "#0"},
				"down": {"uv": [1, 1, 14.998, 14.997], "texture": "#0"}
			}
		},
		{
			"name": "hexadecagon",
			"from": [7.00673, 0.45982, 3.0065],
			"to": [8.99327, 12.34804, 12.9935],
			"rotation": {"angle": -45, "axis": "y", "origin": [8, 0.95918, 8]},
			"faces": {
				"north": {"uv": [1, 1, 14.998, 14.998], "texture": "#0"},
				"east": {"uv": [1, 1, 14.998, 14.998], "texture": "#0"},
				"south": {"uv": [1, 1, 14.998, 14.998], "texture": "#0"},
				"west": {"uv": [1, 1, 14.998, 14.998], "texture": "#0"},
				"up": {"uv": [1, 1, 14.997, 14.997], "texture": "#0"},
				"down": {"uv": [1, 1, 14.998, 14.997], "texture": "#0"}
			}
		},
		{
			"name": "hexadecagon",
			"from": [7.00673, 0.45982, 3.0065],
			"to": [8.99327, 12.34804, 12.9935],
			"rotation": {"angle": -22.5, "axis": "y", "origin": [8, 0.95918, 8]},
			"faces": {
				"north": {"uv": [1, 1, 14.998, 14.998], "texture": "#0"},
				"east": {"uv": [1, 1, 14.998, 14.998], "texture": "#0"},
				"south": {"uv": [1, 1, 14.998, 14.998], "texture": "#0"},
				"west": {"uv": [1, 1, 14.998, 14.998], "texture": "#0"},
				"up": {"uv": [1, 1, 14.997, 14.997], "texture": "#0"},
				"down": {"uv": [1, 1, 14.998, 14.997], "texture": "#0"}
			}
		},
		{
			"name": "hexadecagon",
			"from": [7.00673, 0.45982, 3.0065],
			"to": [8.99327, 12.34804, 12.9935],
			"faces": {
				"north": {"uv": [1, 1, 14.998, 14.998], "texture": "#0"},
				"east": {"uv": [1, 1, 14.998, 14.998], "texture": "#0"},
				"south": {"uv": [1, 1, 14.998, 14.998], "texture": "#0"},
				"west": {"uv": [1, 1, 14.998, 14.998], "texture": "#0"},
				"up": {"uv": [1, 1, 14.997, 14.997], "texture": "#0"},
				"down": {"uv": [1, 1, 14.998, 14.997], "texture": "#0"}
			}
		},
		{
			"name": "hexadecagon",
			"from": [7.00673, 0.45982, 3.0065],
			"to": [8.99327, 12.34804, 12.9935],
			"rotation": {"angle": 22.5, "axis": "y", "origin": [8, 0.95918, 8]},
			"faces": {
				"north": {"uv": [1, 1, 14.998, 14.998], "texture": "#0"},
				"east": {"uv": [1, 1, 14.998, 14.998], "texture": "#0"},
				"south": {"uv": [1, 1, 14.998, 14.998], "texture": "#0"},
				"west": {"uv": [1, 1, 14.998, 14.998], "texture": "#0"},
				"up": {"uv": [1, 1, 14.997, 14.997], "texture": "#0"},
				"down": {"uv": [1, 1, 14.998, 14.997], "texture": "#0"}
			}
		},
		{
			"name": "hexadecagon",
			"from": [7.00673, 0.45982, 3.0065],
			"to": [8.99327, 12.34804, 12.9935],
			"rotation": {"angle": 45, "axis": "y", "origin": [8, 0.95918, 8]},
			"faces": {
				"north": {"uv": [1, 1, 14.998, 14.998], "texture": "#0"},
				"east": {"uv": [1, 1, 14.998, 14.998], "texture": "#0"},
				"south": {"uv": [1, 1, 14.998, 14.998], "texture": "#0"},
				"west": {"uv": [1, 1, 14.998, 14.998], "texture": "#0"},
				"up": {"uv": [1, 1, 14.997, 14.997], "texture": "#0"},
				"down": {"uv": [1, 1, 14.998, 14.997], "texture": "#0"}
			}
		},
		{
			"name": "hexadecagon",
			"from": [3.0065, 0.45982, 7.00673],
			"to": [12.9935, 12.34804, 8.99327],
			"rotation": {"angle": -22.5, "axis": "y", "origin": [8, 0.95918, 8]},
			"faces": {
				"north": {"uv": [1, 1, 14.998, 14.998], "texture": "#0"},
				"east": {"uv": [1, 1, 14.998, 14.998], "texture": "#0"},
				"south": {"uv": [1, 1, 14.998, 14.998], "texture": "#0"},
				"west": {"uv": [1, 1, 14.998, 14.998], "texture": "#0"},
				"up": {"uv": [1, 1, 14.997, 14.997], "texture": "#0"},
				"down": {"uv": [1, 1, 14.998, 14.997], "texture": "#0"}
			}
		},
		{
			"name": "hexadecagon",
			"from": [3.0065, 0.45982, 7.00673],
			"to": [12.9935, 12.34804, 8.99327],
			"faces": {
				"north": {"uv": [1, 1, 14.998, 14.998], "texture": "#0"},
				"east": {"uv": [1, 1, 14.998, 14.998], "texture": "#0"},
				"south": {"uv": [1, 1, 14.998, 14.998], "texture": "#0"},
				"west": {"uv": [1, 1, 14.998, 14.998], "texture": "#0"},
				"up": {"uv": [1, 1, 14.997, 14.997], "texture": "#0"},
				"down": {"uv": [1, 1, 14.998, 14.997], "texture": "#0"}
			}
		},
		{
			"name": "hexadecagon",
			"from": [3.0065, 0.45982, 7.00673],
			"to": [12.9935, 12.34804, 8.99327],
			"rotation": {"angle": 22.5, "axis": "y", "origin": [8, 0.95918, 8]},
			"faces": {
				"north": {"uv": [1, 1, 14.998, 14.998], "texture": "#0"},
				"east": {"uv": [1, 1, 14.998, 14.998], "texture": "#0"},
				"south": {"uv": [1, 1, 14.998, 14.998], "texture": "#0"},
				"west": {"uv": [1, 1, 14.998, 14.998], "texture": "#0"},
				"up": {"uv": [1, 1, 14.997, 14.997], "texture": "#0"},
				"down": {"uv": [1, 1, 14.998, 14.997], "texture": "#0"}
			}
		},
		{
			"name": "hexadecagon",
			"from": [7.10606, 0.20299, 3.50584],
			"to": [8.89394, 14.34975, 12.49416],
			"rotation": {"angle": -45, "axis": "y", "origin": [8, -0.72654, 8]},
			"faces": {
				"north": {"uv": [1, 1, 14.998, 14.998], "texture": "#0"},
				"east": {"uv": [1, 1, 14.998, 14.998], "texture": "#0"},
				"south": {"uv": [1, 1, 14.998, 14.998], "texture": "#0"},
				"west": {"uv": [1, 1, 14.998, 14.998], "texture": "#0"},
				"up": {"uv": [1, 1, 14.997, 14.997], "texture": "#0"},
				"down": {"uv": [1, 1, 14.998, 14.997], "texture": "#0"}
			}
		},
		{
			"name": "hexadecagon",
			"from": [7.10606, 0.20299, 3.50584],
			"to": [8.89394, 14.34975, 12.49416],
			"rotation": {"angle": -22.5, "axis": "y", "origin": [8, -0.72654, 8]},
			"faces": {
				"north": {"uv": [1, 1, 14.998, 14.998], "texture": "#0"},
				"east": {"uv": [1, 1, 14.998, 14.998], "texture": "#0"},
				"south": {"uv": [1, 1, 14.998, 14.998], "texture": "#0"},
				"west": {"uv": [1, 1, 14.998, 14.998], "texture": "#0"},
				"up": {"uv": [1, 1, 14.997, 14.997], "texture": "#0"},
				"down": {"uv": [1, 1, 14.998, 14.997], "texture": "#0"}
			}
		},
		{
			"name": "hexadecagon",
			"from": [7.10606, 0.20299, 3.50584],
			"to": [8.89394, 14.34975, 12.49416],
			"faces": {
				"north": {"uv": [1, 1, 14.998, 14.998], "texture": "#0"},
				"east": {"uv": [1, 1, 14.998, 14.998], "texture": "#0"},
				"south": {"uv": [1, 1, 14.998, 14.998], "texture": "#0"},
				"west": {"uv": [1, 1, 14.998, 14.998], "texture": "#0"},
				"up": {"uv": [1, 1, 14.997, 14.997], "texture": "#0"},
				"down": {"uv": [1, 1, 14.998, 14.997], "texture": "#0"}
			}
		},
		{
			"name": "hexadecagon",
			"from": [7.10606, 0.20299, 3.50584],
			"to": [8.89394, 14.34975, 12.49416],
			"rotation": {"angle": 22.5, "axis": "y", "origin": [8, -0.72654, 8]},
			"faces": {
				"north": {"uv": [1, 1, 14.998, 14.998], "texture": "#0"},
				"east": {"uv": [1, 1, 14.998, 14.998], "texture": "#0"},
				"south": {"uv": [1, 1, 14.998, 14.998], "texture": "#0"},
				"west": {"uv": [1, 1, 14.998, 14.998], "texture": "#0"},
				"up": {"uv": [1, 1, 14.997, 14.997], "texture": "#0"},
				"down": {"uv": [1, 1, 14.998, 14.997], "texture": "#0"}
			}
		},
		{
			"name": "hexadecagon",
			"from": [7.10606, 0.20299, 3.50584],
			"to": [8.89394, 14.34975, 12.49416],
			"rotation": {"angle": 45, "axis": "y", "origin": [8, -0.72654, 8]},
			"faces": {
				"north": {"uv": [1, 1, 14.998, 14.998], "texture": "#0"},
				"east": {"uv": [1, 1, 14.998, 14.998], "texture": "#0"},
				"south": {"uv": [1, 1, 14.998, 14.998], "texture": "#0"},
				"west": {"uv": [1, 1, 14.998, 14.998], "texture": "#0"},
				"up": {"uv": [1, 1, 14.997, 14.997], "texture": "#0"},
				"down": {"uv": [1, 1, 14.998, 14.997], "texture": "#0"}
			}
		},
		{
			"name": "hexadecagon",
			"from": [3.50584, 0.20299, 7.10606],
			"to": [12.49416, 14.34975, 8.89394],
			"rotation": {"angle": -22.5, "axis": "y", "origin": [8, -0.72654, 8]},
			"faces": {
				"north": {"uv": [1, 1, 14.998, 14.998], "texture": "#0"},
				"east": {"uv": [1, 1, 14.998, 14.998], "texture": "#0"},
				"south": {"uv": [1, 1, 14.998, 14.998], "texture": "#0"},
				"west": {"uv": [1, 1, 14.998, 14.998], "texture": "#0"},
				"up": {"uv": [1, 1, 14.997, 14.997], "texture": "#0"},
				"down": {"uv": [1, 1, 14.998, 14.997], "texture": "#0"}
			}
		},
		{
			"name": "hexadecagon",
			"from": [3.50584, 0.20299, 7.10606],
			"to": [12.49416, 14.34975, 8.89394],
			"faces": {
				"north": {"uv": [1, 1, 14.998, 14.998], "texture": "#0"},
				"east": {"uv": [1, 1, 14.998, 14.998], "texture": "#0"},
				"south": {"uv": [1, 1, 14.998, 14.998], "texture": "#0"},
				"west": {"uv": [1, 1, 14.998, 14.998], "texture": "#0"},
				"up": {"uv": [1, 1, 14.997, 14.997], "texture": "#0"},
				"down": {"uv": [1, 1, 14.998, 14.997], "texture": "#0"}
			}
		},
		{
			"name": "hexadecagon",
			"from": [3.50584, 0.20299, 7.10606],
			"to": [12.49416, 14.34975, 8.89394],
			"rotation": {"angle": 22.5, "axis": "y", "origin": [8, -0.72654, 8]},
			"faces": {
				"north": {"uv": [1, 1, 14.998, 14.998], "texture": "#0"},
				"east": {"uv": [1, 1, 14.998, 14.998], "texture": "#0"},
				"south": {"uv": [1, 1, 14.998, 14.998], "texture": "#0"},
				"west": {"uv": [1, 1, 14.998, 14.998], "texture": "#0"},
				"up": {"uv": [1, 1, 14.997, 14.997], "texture": "#0"},
				"down": {"uv": [1, 1, 14.998, 14.997], "texture": "#0"}
			}
		},
		{
			"name": "hexadecagon",
			"from": [7.23121, -0.12063, 4.13503],
			"to": [8.76879, 14.96895, 11.86497],
			"rotation": {"angle": -45, "axis": "y", "origin": [8, -2.29896, 8]},
			"faces": {
				"north": {"uv": [1, 1, 14.998, 14.998], "texture": "#0"},
				"east": {"uv": [1, 1, 14.998, 14.998], "texture": "#0"},
				"south": {"uv": [1, 1, 14.998, 14.998], "texture": "#0"},
				"west": {"uv": [1, 1, 14.998, 14.998], "texture": "#0"},
				"up": {"uv": [1, 1, 14.997, 14.997], "texture": "#0"},
				"down": {"uv": [0, 13, 0.999, 13.998], "texture": "#0"}
			}
		},
		{
			"name": "hexadecagon",
			"from": [7.23121, -0.12063, 4.13503],
			"to": [8.76879, 14.96895, 11.86497],
			"rotation": {"angle": -22.5, "axis": "y", "origin": [8, -2.29896, 8]},
			"faces": {
				"north": {"uv": [1, 1, 14.998, 14.998], "texture": "#0"},
				"east": {"uv": [1, 1, 14.998, 14.998], "texture": "#0"},
				"south": {"uv": [1, 1, 14.998, 14.998], "texture": "#0"},
				"west": {"uv": [1, 1, 14.998, 14.998], "texture": "#0"},
				"up": {"uv": [1, 1, 14.997, 14.997], "texture": "#0"},
				"down": {"uv": [0, 13, 0.999, 13.998], "texture": "#0"}
			}
		},
		{
			"name": "hexadecagon",
			"from": [7.23121, -0.12063, 4.13503],
			"to": [8.76879, 14.96895, 11.86497],
			"faces": {
				"north": {"uv": [1, 1, 14.998, 14.998], "texture": "#0"},
				"east": {"uv": [1, 1, 14.998, 14.998], "texture": "#0"},
				"south": {"uv": [1, 1, 14.998, 14.998], "texture": "#0"},
				"west": {"uv": [1, 1, 14.998, 14.998], "texture": "#0"},
				"up": {"uv": [1, 1, 14.997, 14.997], "texture": "#0"},
				"down": {"uv": [0, 13, 0.999, 13.998], "texture": "#0"}
			}
		},
		{
			"name": "hexadecagon",
			"from": [7.23121, -0.12063, 4.13503],
			"to": [8.76879, 14.96895, 11.86497],
			"rotation": {"angle": 22.5, "axis": "y", "origin": [8, -2.29896, 8]},
			"faces": {
				"north": {"uv": [1, 1, 14.998, 14.998], "texture": "#0"},
				"east": {"uv": [1, 1, 14.998, 14.998], "texture": "#0"},
				"south": {"uv": [1, 1, 14.998, 14.998], "texture": "#0"},
				"west": {"uv": [1, 1, 14.998, 14.998], "texture": "#0"},
				"up": {"uv": [1, 1, 14.997, 14.997], "texture": "#0"},
				"down": {"uv": [0, 13, 0.999, 13.998], "texture": "#0"}
			}
		},
		{
			"name": "hexadecagon",
			"from": [7.23121, -0.12063, 4.13503],
			"to": [8.76879, 14.96895, 11.86497],
			"rotation": {"angle": 45, "axis": "y", "origin": [8, -2.29896, 8]},
			"faces": {
				"north": {"uv": [1, 1, 14.998, 14.998], "texture": "#0"},
				"east": {"uv": [1, 1, 14.998, 14.998], "texture": "#0"},
				"south": {"uv": [1, 1, 14.998, 14.998], "texture": "#0"},
				"west": {"uv": [1, 1, 14.998, 14.998], "texture": "#0"},
				"up": {"uv": [1, 1, 14.997, 14.997], "texture": "#0"},
				"down": {"uv": [0, 13, 0.999, 13.998], "texture": "#0"}
			}
		},
		{
			"name": "hexadecagon",
			"from": [4.13503, -0.12063, 7.23121],
			"to": [11.86497, 14.96895, 8.76879],
			"rotation": {"angle": -22.5, "axis": "y", "origin": [8, -2.29896, 8]},
			"faces": {
				"north": {"uv": [1, 1, 14.998, 14.998], "texture": "#0"},
				"east": {"uv": [1, 1, 14.998, 14.998], "texture": "#0"},
				"south": {"uv": [1, 1, 14.998, 14.998], "texture": "#0"},
				"west": {"uv": [1, 1, 14.998, 14.998], "texture": "#0"},
				"up": {"uv": [1, 1, 14.997, 14.997], "texture": "#0"},
				"down": {"uv": [0, 13, 0.999, 13.998], "texture": "#0"}
			}
		},
		{
			"name": "hexadecagon",
			"from": [4.13503, -0.12063, 7.23121],
			"to": [11.86497, 14.96895, 8.76879],
			"faces": {
				"north": {"uv": [1, 1, 14.998, 14.998], "texture": "#0"},
				"east": {"uv": [1, 1, 14.998, 14.998], "texture": "#0"},
				"south": {"uv": [1, 1, 14.998, 14.998], "texture": "#0"},
				"west": {"uv": [1, 1, 14.998, 14.998], "texture": "#0"},
				"up": {"uv": [1, 1, 14.997, 14.997], "texture": "#0"},
				"down": {"uv": [0, 13, 0.999, 13.998], "texture": "#0"}
			}
		},
		{
			"name": "hexadecagon",
			"from": [4.13503, -0.12063, 7.23121],
			"to": [11.86497, 14.96895, 8.76879],
			"rotation": {"angle": 22.5, "axis": "y", "origin": [8, -2.29896, 8]},
			"faces": {
				"north": {"uv": [1, 1, 14.998, 14.998], "texture": "#0"},
				"east": {"uv": [1, 1, 14.998, 14.998], "texture": "#0"},
				"south": {"uv": [1, 1, 14.998, 14.998], "texture": "#0"},
				"west": {"uv": [1, 1, 14.998, 14.998], "texture": "#0"},
				"up": {"uv": [1, 1, 14.997, 14.997], "texture": "#0"},
				"down": {"uv": [0, 13, 0.999, 13.998], "texture": "#0"}
			}
		},
		{
			"name": "hexadecagon",
			"from": [4.13503, 15.04775, 7.23121],
			"to": [11.86497, 16.34789, 8.76879],
			"rotation": {"angle": 22.5, "axis": "y", "origin": [8, -0.92002, 8]},
			"faces": {
				"north": {"uv": [0, 0, 15.999, 15.999], "texture": "#1"},
				"east": {"uv": [0, 0, 15.999, 15.999], "texture": "#1"},
				"south": {"uv": [0, 0, 15.999, 15.999], "texture": "#1"},
				"west": {"uv": [0, 0, 15.999, 15.999], "texture": "#1"},
				"up": {"uv": [0, 0, 0.998, 0.998], "texture": "#1"},
				"down": {"uv": [0, 0, 15.999, 15.999], "texture": "#1"}
			}
		},
		{
			"name": "hexadecagon",
			"from": [4.13503, 15.04775, 7.23121],
			"to": [11.86497, 16.34789, 8.76879],
			"faces": {
				"north": {"uv": [0, 0, 15.999, 15.999], "texture": "#1"},
				"east": {"uv": [0, 0, 15.999, 15.999], "texture": "#1"},
				"south": {"uv": [0, 0, 15.999, 15.999], "texture": "#1"},
				"west": {"uv": [0, 0, 15.999, 15.999], "texture": "#1"},
				"up": {"uv": [0, 0, 0.998, 0.998], "texture": "#1"},
				"down": {"uv": [0, 0, 15.999, 15.999], "texture": "#1"}
			}
		},
		{
			"name": "hexadecagon",
			"from": [4.13503, 15.04775, 7.23121],
			"to": [11.86497, 16.34789, 8.76879],
			"rotation": {"angle": -22.5, "axis": "y", "origin": [8, -0.92002, 8]},
			"faces": {
				"north": {"uv": [0, 0, 15.999, 15.999], "texture": "#1"},
				"east": {"uv": [0, 0, 15.999, 15.999], "texture": "#1"},
				"south": {"uv": [0, 0, 15.999, 15.999], "texture": "#1"},
				"west": {"uv": [0, 0, 15.999, 15.999], "texture": "#1"},
				"up": {"uv": [0, 0, 0.998, 0.998], "texture": "#1"},
				"down": {"uv": [0, 0, 15.999, 15.999], "texture": "#1"}
			}
		},
		{
			"name": "hexadecagon",
			"from": [7.23121, 15.04775, 4.13503],
			"to": [8.76879, 16.34789, 11.86497],
			"rotation": {"angle": 45, "axis": "y", "origin": [8, -0.92002, 8]},
			"faces": {
				"north": {"uv": [0, 0, 15.999, 15.999], "texture": "#1"},
				"east": {"uv": [0, 0, 15.999, 15.999], "texture": "#1"},
				"south": {"uv": [0, 0, 15.999, 15.999], "texture": "#1"},
				"west": {"uv": [0, 0, 15.999, 15.999], "texture": "#1"},
				"up": {"uv": [0, 0, 0.998, 0.998], "texture": "#1"},
				"down": {"uv": [0, 0, 15.999, 15.999], "texture": "#1"}
			}
		},
		{
			"name": "hexadecagon",
			"from": [7.23121, 15.04775, 4.13503],
			"to": [8.76879, 16.34789, 11.86497],
			"rotation": {"angle": 22.5, "axis": "y", "origin": [8, -0.92002, 8]},
			"faces": {
				"north": {"uv": [0, 0, 15.999, 15.999], "texture": "#1"},
				"east": {"uv": [0, 0, 15.999, 15.999], "texture": "#1"},
				"south": {"uv": [0, 0, 15.999, 15.999], "texture": "#1"},
				"west": {"uv": [0, 0, 15.999, 15.999], "texture": "#1"},
				"up": {"uv": [0, 0, 0.998, 0.998], "texture": "#1"},
				"down": {"uv": [0, 0, 15.999, 15.999], "texture": "#1"}
			}
		},
		{
			"name": "hexadecagon",
			"from": [7.23121, 15.04775, 4.13503],
			"to": [8.76879, 16.34789, 11.86497],
			"faces": {
				"north": {"uv": [0, 0, 15.999, 15.999], "texture": "#1"},
				"east": {"uv": [0, 0, 15.999, 15.999], "texture": "#1"},
				"south": {"uv": [0, 0, 15.999, 15.999], "texture": "#1"},
				"west": {"uv": [0, 0, 15.999, 15.999], "texture": "#1"},
				"up": {"uv": [0, 0, 0.998, 0.998], "texture": "#1"},
				"down": {"uv": [0, 0, 15.999, 15.999], "texture": "#1"}
			}
		},
		{
			"name": "hexadecagon",
			"from": [7.23121, 15.04775, 4.13503],
			"to": [8.76879, 16.34789, 11.86497],
			"rotation": {"angle": -22.5, "axis": "y", "origin": [8, -0.92002, 8]},
			"faces": {
				"north": {"uv": [0, 0, 15.999, 15.999], "texture": "#1"},
				"east": {"uv": [0, 0, 15.999, 15.999], "texture": "#1"},
				"south": {"uv": [0, 0, 15.999, 15.999], "texture": "#1"},
				"west": {"uv": [0, 0, 15.999, 15.999], "texture": "#1"},
				"up": {"uv": [0, 0, 0.998, 0.998], "texture": "#1"},
				"down": {"uv": [0, 0, 15.999, 15.999], "texture": "#1"}
			}
		},
		{
			"name": "hexadecagon",
			"from": [7.23121, 15.04775, 4.13503],
			"to": [8.76879, 16.34789, 11.86497],
			"rotation": {"angle": -45, "axis": "y", "origin": [8, -0.92002, 8]},
			"faces": {
				"north": {"uv": [0, 0, 15.999, 15.999], "texture": "#1"},
				"east": {"uv": [0, 0, 15.999, 15.999], "texture": "#1"},
				"south": {"uv": [0, 0, 15.999, 15.999], "texture": "#1"},
				"west": {"uv": [0, 0, 15.999, 15.999], "texture": "#1"},
				"up": {"uv": [0, 0, 0.998, 0.998], "texture": "#1"},
				"down": {"uv": [0, 0, 15.999, 15.999], "texture": "#1"}
			}
		},
		{
			"from": [7.31053, 15.81773, 7.31053],
			"to": [8.68947, 18.57562, 8.68947],
			"faces": {
				"north": {"uv": [0, 0, 1, 2], "texture": "#1"},
				"east": {"uv": [0, 0, 1, 2], "texture": "#1"},
				"south": {"uv": [0, 0, 1, 2], "texture": "#1"},
				"west": {"uv": [0, 0, 1, 2], "texture": "#1"},
				"up": {"uv": [0, 0, 1, 1], "texture": "#1"},
				"down": {"uv": [0, 0, 1, 1], "texture": "#1"}
			}
		}
	],
	"groups": [
		{
			"name": "hexadecagon",
			"children": [
				{
					"name": "group",
					"children": [0, 1, 2, 3, 4, 5, 6, 7]
				}
			]
		},
		{
			"name": "hexadecagon2",
			"children": [8, 9, 10, 11, 12, 13, 14, 15]
		},
		{
			"name": "hexadecagon3",
			"children": [16, 17, 18, 19, 20, 21, 22, 23]
		},
		{
			"name": "hexadecagon4",
			"children": [24, 25, 26, 27, 28, 29, 30, 31, 32, 33, 34, 35, 36, 37, 38, 39, 40, 41, 42, 43, 44, 45, 46, 47, 48, 49, 50, 51, 52, 53, 54, 55]
		}, 56, 57, 58, 59, 60, 61, 62, 63, 64]
}
