{
	"credit": "Made with Blockbench",
	"textures": {
		"2": "block/birch_door_bottom",
		"3": "block/emerald_block",
		"4": "block/flower_paeonia",
		"particle": "block/birch_door_bottom"
	},
	"elements": [
		{
			"name": "hexadecagon",
			"from": [4.52261, 5.6, 7.85],
			"to": [5.47739, 10.4, 8.15],
			"rotation": {"angle": -45, "axis": "z", "origin": [5, 8, 8]},
			"faces": {
				"north": {"uv": [10.75, 10.25, 10.75, 10.25], "rotation": 180, "texture": "#3"},
				"east": {"uv": [10.75, 10.25, 10.75, 10.25], "rotation": 180, "texture": "#3"},
				"south": {"uv": [10.75, 10.25, 10.75, 10.25], "rotation": 180, "texture": "#3"},
				"west": {"uv": [10.75, 10.25, 10.75, 10.25], "rotation": 180, "texture": "#3"},
				"up": {"uv": [10.75, 10.25, 10.75, 10.25], "rotation": 180, "texture": "#3"},
				"down": {"uv": [10.75, 10.25, 10.75, 10.25], "rotation": 180, "texture": "#3"}
			}
		},
		{
			"name": "hexadecagon",
			"from": [4.52261, 5.6, 7.85],
			"to": [5.47739, 10.4, 8.15],
			"rotation": {"angle": -22.5, "axis": "z", "origin": [5, 8, 8]},
			"faces": {
				"north": {"uv": [10.75, 10.25, 10.75, 10.25], "rotation": 180, "texture": "#3"},
				"east": {"uv": [10.75, 10.25, 10.75, 10.25], "rotation": 180, "texture": "#3"},
				"south": {"uv": [10.75, 10.25, 10.75, 10.25], "rotation": 180, "texture": "#3"},
				"west": {"uv": [10.75, 10.25, 10.75, 10.25], "rotation": 180, "texture": "#3"},
				"up": {"uv": [10.75, 10.25, 10.75, 10.25], "rotation": 180, "texture": "#3"},
				"down": {"uv": [10.75, 10.25, 10.75, 10.25], "rotation": 180, "texture": "#3"}
			}
		},
		{
			"name": "hexadecagon",
			"from": [4.52261, 5.6, 7.85],
			"to": [5.47739, 10.4, 8.15],
			"rotation": {"angle": 0, "axis": "y", "origin": [5, 8, 8]},
			"faces": {
				"north": {"uv": [10.75, 10.25, 10.75, 10.25], "rotation": 180, "texture": "#3"},
				"east": {"uv": [10.75, 10.25, 10.75, 10.25], "rotation": 180, "texture": "#3"},
				"south": {"uv": [10.75, 10.25, 10.75, 10.25], "rotation": 180, "texture": "#3"},
				"west": {"uv": [10.75, 10.25, 10.75, 10.25], "rotation": 180, "texture": "#3"},
				"up": {"uv": [10.75, 10.25, 10.75, 10.25], "rotation": 180, "texture": "#3"},
				"down": {"uv": [10.75, 10.25, 10.75, 10.25], "rotation": 180, "texture": "#3"}
			}
		},
		{
			"name": "hexadecagon",
			"from": [4.52261, 5.6, 7.85],
			"to": [5.47739, 10.4, 8.15],
			"rotation": {"angle": 22.5, "axis": "z", "origin": [5, 8, 8]},
			"faces": {
				"north": {"uv": [10.75, 10.25, 10.75, 10.25], "rotation": 180, "texture": "#3"},
				"east": {"uv": [10.75, 10.25, 10.75, 10.25], "rotation": 180, "texture": "#3"},
				"south": {"uv": [10.75, 10.25, 10.75, 10.25], "rotation": 180, "texture": "#3"},
				"west": {"uv": [10.75, 10.25, 10.75, 10.25], "rotation": 180, "texture": "#3"},
				"up": {"uv": [10.75, 10.25, 10.75, 10.25], "rotation": 180, "texture": "#3"},
				"down": {"uv": [10.75, 10.25, 10.75, 10.25], "rotation": 180, "texture": "#3"}
			}
		},
		{
			"name": "hexadecagon",
			"from": [4.52261, 5.6, 7.85],
			"to": [5.47739, 10.4, 8.15],
			"rotation": {"angle": 45, "axis": "z", "origin": [5, 8, 8]},
			"faces": {
				"north": {"uv": [10.75, 10.25, 10.75, 10.25], "rotation": 180, "texture": "#3"},
				"east": {"uv": [10.75, 10.25, 10.75, 10.25], "rotation": 180, "texture": "#3"},
				"south": {"uv": [10.75, 10.25, 10.75, 10.25], "rotation": 180, "texture": "#3"},
				"west": {"uv": [10.75, 10.25, 10.75, 10.25], "rotation": 180, "texture": "#3"},
				"up": {"uv": [10.75, 10.25, 10.75, 10.25], "rotation": 180, "texture": "#3"},
				"down": {"uv": [10.75, 10.25, 10.75, 10.25], "rotation": 180, "texture": "#3"}
			}
		},
		{
			"name": "hexadecagon",
			"from": [2.6, 7.52261, 7.85],
			"to": [7.4, 8.47739, 8.15],
			"rotation": {"angle": -22.5, "axis": "z", "origin": [5, 8, 8]},
			"faces": {
				"north": {"uv": [10.75, 10.25, 10.75, 10.25], "rotation": 180, "texture": "#3"},
				"east": {"uv": [10.75, 10.25, 10.75, 10.25], "rotation": 180, "texture": "#3"},
				"south": {"uv": [10.75, 10.25, 10.75, 10.25], "rotation": 180, "texture": "#3"},
				"west": {"uv": [10.75, 10.25, 10.75, 10.25], "rotation": 180, "texture": "#3"},
				"up": {"uv": [10.75, 10.25, 10.75, 10.25], "rotation": 180, "texture": "#3"},
				"down": {"uv": [10.75, 10.25, 10.75, 10.25], "rotation": 180, "texture": "#3"}
			}
		},
		{
			"name": "hexadecagon",
			"from": [2.6, 7.52261, 7.85],
			"to": [7.4, 8.47739, 8.15],
			"rotation": {"angle": 0, "axis": "y", "origin": [5, 8, 8]},
			"faces": {
				"north": {"uv": [10.75, 10.25, 10.75, 10.25], "rotation": 180, "texture": "#3"},
				"east": {"uv": [10.75, 10.25, 10.75, 10.25], "rotation": 180, "texture": "#3"},
				"south": {"uv": [10.75, 10.25, 10.75, 10.25], "rotation": 180, "texture": "#3"},
				"west": {"uv": [10.75, 10.25, 10.75, 10.25], "rotation": 180, "texture": "#3"},
				"up": {"uv": [10.75, 10.25, 10.75, 10.25], "rotation": 180, "texture": "#3"},
				"down": {"uv": [10.75, 10.25, 10.75, 10.25], "rotation": 180, "texture": "#3"}
			}
		},
		{
			"name": "hexadecagon",
			"from": [2.6, 7.52261, 7.85],
			"to": [7.4, 8.47739, 8.15],
			"rotation": {"angle": 22.5, "axis": "z", "origin": [5, 8, 8]},
			"faces": {
				"north": {"uv": [10.75, 10.25, 10.75, 10.25], "rotation": 180, "texture": "#3"},
				"east": {"uv": [10.75, 10.25, 10.75, 10.25], "rotation": 180, "texture": "#3"},
				"south": {"uv": [10.75, 10.25, 10.75, 10.25], "rotation": 180, "texture": "#3"},
				"west": {"uv": [10.75, 10.25, 10.75, 10.25], "rotation": 180, "texture": "#3"},
				"up": {"uv": [10.75, 10.25, 10.75, 10.25], "rotation": 180, "texture": "#3"},
				"down": {"uv": [10.75, 10.25, 10.75, 10.25], "rotation": 180, "texture": "#3"}
			}
		},
		{
			"name": "hexadecagon",
			"from": [10.52261, 5.6, 7.85],
			"to": [11.47739, 10.4, 8.15],
			"rotation": {"angle": -45, "axis": "z", "origin": [11, 8, 8]},
			"faces": {
				"north": {"uv": [10.75, 10.25, 10.75, 10.25], "rotation": 180, "texture": "#3"},
				"east": {"uv": [10.75, 10.25, 10.75, 10.25], "rotation": 180, "texture": "#3"},
				"south": {"uv": [10.75, 10.25, 10.75, 10.25], "rotation": 180, "texture": "#3"},
				"west": {"uv": [10.75, 10.25, 10.75, 10.25], "rotation": 180, "texture": "#3"},
				"up": {"uv": [10.75, 10.25, 10.75, 10.25], "rotation": 180, "texture": "#3"},
				"down": {"uv": [10.75, 10.25, 10.75, 10.25], "rotation": 180, "texture": "#3"}
			}
		},
		{
			"name": "hexadecagon",
			"from": [10.52261, 5.6, 7.85],
			"to": [11.47739, 10.4, 8.15],
			"rotation": {"angle": -22.5, "axis": "z", "origin": [11, 8, 8]},
			"faces": {
				"north": {"uv": [10.75, 10.25, 10.75, 10.25], "rotation": 180, "texture": "#3"},
				"east": {"uv": [10.75, 10.25, 10.75, 10.25], "rotation": 180, "texture": "#3"},
				"south": {"uv": [10.75, 10.25, 10.75, 10.25], "rotation": 180, "texture": "#3"},
				"west": {"uv": [10.75, 10.25, 10.75, 10.25], "rotation": 180, "texture": "#3"},
				"up": {"uv": [10.75, 10.25, 10.75, 10.25], "rotation": 180, "texture": "#3"},
				"down": {"uv": [10.75, 10.25, 10.75, 10.25], "rotation": 180, "texture": "#3"}
			}
		},
		{
			"name": "hexadecagon",
			"from": [10.52261, 5.6, 7.85],
			"to": [11.47739, 10.4, 8.15],
			"rotation": {"angle": 0, "axis": "y", "origin": [11, 8, 8]},
			"faces": {
				"north": {"uv": [10.75, 10.25, 10.75, 10.25], "rotation": 180, "texture": "#3"},
				"east": {"uv": [10.75, 10.25, 10.75, 10.25], "rotation": 180, "texture": "#3"},
				"south": {"uv": [10.75, 10.25, 10.75, 10.25], "rotation": 180, "texture": "#3"},
				"west": {"uv": [10.75, 10.25, 10.75, 10.25], "rotation": 180, "texture": "#3"},
				"up": {"uv": [10.75, 10.25, 10.75, 10.25], "rotation": 180, "texture": "#3"},
				"down": {"uv": [10.75, 10.25, 10.75, 10.25], "rotation": 180, "texture": "#3"}
			}
		},
		{
			"name": "hexadecagon",
			"from": [10.52261, 5.6, 7.85],
			"to": [11.47739, 10.4, 8.15],
			"rotation": {"angle": 22.5, "axis": "z", "origin": [11, 8, 8]},
			"faces": {
				"north": {"uv": [10.75, 10.25, 10.75, 10.25], "rotation": 180, "texture": "#3"},
				"east": {"uv": [10.75, 10.25, 10.75, 10.25], "rotation": 180, "texture": "#3"},
				"south": {"uv": [10.75, 10.25, 10.75, 10.25], "rotation": 180, "texture": "#3"},
				"west": {"uv": [10.75, 10.25, 10.75, 10.25], "rotation": 180, "texture": "#3"},
				"up": {"uv": [10.75, 10.25, 10.75, 10.25], "rotation": 180, "texture": "#3"},
				"down": {"uv": [10.75, 10.25, 10.75, 10.25], "rotation": 180, "texture": "#3"}
			}
		},
		{
			"name": "hexadecagon",
			"from": [10.52261, 5.6, 7.85],
			"to": [11.47739, 10.4, 8.15],
			"rotation": {"angle": 45, "axis": "z", "origin": [11, 8, 8]},
			"faces": {
				"north": {"uv": [10.75, 10.25, 10.75, 10.25], "rotation": 180, "texture": "#3"},
				"east": {"uv": [10.75, 10.25, 10.75, 10.25], "rotation": 180, "texture": "#3"},
				"south": {"uv": [10.75, 10.25, 10.75, 10.25], "rotation": 180, "texture": "#3"},
				"west": {"uv": [10.75, 10.25, 10.75, 10.25], "rotation": 180, "texture": "#3"},
				"up": {"uv": [10.75, 10.25, 10.75, 10.25], "rotation": 180, "texture": "#3"},
				"down": {"uv": [10.75, 10.25, 10.75, 10.25], "rotation": 180, "texture": "#3"}
			}
		},
		{
			"name": "hexadecagon",
			"from": [8.6, 7.52261, 7.85],
			"to": [13.4, 8.47739, 8.15],
			"rotation": {"angle": -22.5, "axis": "z", "origin": [11, 8, 8]},
			"faces": {
				"north": {"uv": [10.75, 10.25, 10.75, 10.25], "rotation": 180, "texture": "#3"},
				"east": {"uv": [10.75, 10.25, 10.75, 10.25], "rotation": 180, "texture": "#3"},
				"south": {"uv": [10.75, 10.25, 10.75, 10.25], "rotation": 180, "texture": "#3"},
				"west": {"uv": [10.75, 10.25, 10.75, 10.25], "rotation": 180, "texture": "#3"},
				"up": {"uv": [10.75, 10.25, 10.75, 10.25], "rotation": 180, "texture": "#3"},
				"down": {"uv": [10.75, 10.25, 10.75, 10.25], "rotation": 180, "texture": "#3"}
			}
		},
		{
			"name": "hexadecagon",
			"from": [8.6, 7.52261, 7.85],
			"to": [13.4, 8.47739, 8.15],
			"rotation": {"angle": 0, "axis": "y", "origin": [11, 8, 8]},
			"faces": {
				"north": {"uv": [10.75, 10.25, 10.75, 10.25], "rotation": 180, "texture": "#3"},
				"east": {"uv": [10.75, 10.25, 10.75, 10.25], "rotation": 180, "texture": "#3"},
				"south": {"uv": [10.75, 10.25, 10.75, 10.25], "rotation": 180, "texture": "#3"},
				"west": {"uv": [10.75, 10.25, 10.75, 10.25], "rotation": 180, "texture": "#3"},
				"up": {"uv": [10.75, 10.25, 10.75, 10.25], "rotation": 180, "texture": "#3"},
				"down": {"uv": [10.75, 10.25, 10.75, 10.25], "rotation": 180, "texture": "#3"}
			}
		},
		{
			"name": "hexadecagon",
			"from": [8.6, 7.52261, 7.85],
			"to": [13.4, 8.47739, 8.15],
			"rotation": {"angle": 22.5, "axis": "z", "origin": [11, 8, 8]},
			"faces": {
				"north": {"uv": [10.75, 10.25, 10.75, 10.25], "rotation": 180, "texture": "#3"},
				"east": {"uv": [10.75, 10.25, 10.75, 10.25], "rotation": 180, "texture": "#3"},
				"south": {"uv": [10.75, 10.25, 10.75, 10.25], "rotation": 180, "texture": "#3"},
				"west": {"uv": [10.75, 10.25, 10.75, 10.25], "rotation": 180, "texture": "#3"},
				"up": {"uv": [10.75, 10.25, 10.75, 10.25], "rotation": 180, "texture": "#3"},
				"down": {"uv": [10.75, 10.25, 10.75, 10.25], "rotation": 180, "texture": "#3"}
			}
		},
		{
			"from": [6.802, 7.418, 7.61525],
			"to": [9.267, 8.659, 8.04025],
			"rotation": {"angle": 0, "axis": "y", "origin": [8, 7.869, 7.77575]},
			"faces": {
				"north": {"uv": [5, 2, 5.25, 2.25], "rotation": 270, "texture": "#4"},
				"east": {"uv": [5, 2, 5.25, 2.25], "rotation": 270, "texture": "#4"},
				"south": {"uv": [5, 2, 5.25, 2.25], "rotation": 270, "texture": "#4"},
				"west": {"uv": [5, 2, 5.25, 2.25], "rotation": 270, "texture": "#4"},
				"up": {"uv": [5, 2, 5.25, 2.25], "rotation": 270, "texture": "#4"},
				"down": {"uv": [5, 2, 5.25, 2.25], "rotation": 270, "texture": "#4"}
			}
		},
		{
			"from": [6.41612, 7.98114, 7.59625],
			"to": [7.38212, 10.01664, 8.05175],
			"rotation": {"angle": 45, "axis": "z", "origin": [6.69212, 8.67114, 7.70675]},
			"faces": {
				"north": {"uv": [4.75, 2, 5, 2.25], "rotation": 180, "texture": "#4"},
				"east": {"uv": [4.75, 2, 5, 2.25], "rotation": 180, "texture": "#4"},
				"south": {"uv": [4.75, 2, 5, 2.25], "rotation": 180, "texture": "#4"},
				"west": {"uv": [4.75, 2, 5, 2.25], "rotation": 180, "texture": "#4"},
				"up": {"uv": [4.75, 2, 5, 2.25], "rotation": 180, "texture": "#4"},
				"down": {"uv": [4.75, 2, 5, 2.25], "rotation": 180, "texture": "#4"}
			}
		},
		{
			"from": [5.17907, 7.99902, 7.59625],
			"to": [7.21457, 8.96502, 8.05175],
			"rotation": {"angle": -22.5, "axis": "z", "origin": [6.52457, 8.27502, 7.70675]},
			"faces": {
				"north": {"uv": [4.75, 2, 5, 2.25], "rotation": 270, "texture": "#4"},
				"east": {"uv": [4.75, 2, 5, 2.25], "rotation": 270, "texture": "#4"},
				"south": {"uv": [4.75, 2, 5, 2.25], "rotation": 270, "texture": "#4"},
				"west": {"uv": [4.75, 2, 5, 2.25], "rotation": 270, "texture": "#4"},
				"up": {"uv": [4.75, 2, 5, 2.25], "rotation": 270, "texture": "#4"},
				"down": {"uv": [4.75, 2, 5, 2.25], "rotation": 270, "texture": "#4"}
			}
		},
		{
			"from": [5.17587, 7.56893, 7.59625],
			"to": [7.21137, 8.53493, 8.05175],
			"rotation": {"angle": 0, "axis": "y", "origin": [6.52137, 7.84493, 7.70675]},
			"faces": {
				"north": {"uv": [4.75, 2, 5, 2.25], "rotation": 270, "texture": "#4"},
				"east": {"uv": [4.75, 2, 5, 2.25], "rotation": 270, "texture": "#4"},
				"south": {"uv": [4.75, 2, 5, 2.25], "rotation": 270, "texture": "#4"},
				"west": {"uv": [4.75, 2, 5, 2.25], "rotation": 270, "texture": "#4"},
				"up": {"uv": [4.75, 2, 5, 2.25], "rotation": 270, "texture": "#4"},
				"down": {"uv": [4.75, 2, 5, 2.25], "rotation": 270, "texture": "#4"}
			}
		},
		{
			"from": [5.3375, 7.17035, 7.59625],
			"to": [7.373, 8.13635, 8.05175],
			"rotation": {"angle": 22.5, "axis": "z", "origin": [6.683, 7.44635, 7.70675]},
			"faces": {
				"north": {"uv": [4.75, 2, 5, 2.25], "rotation": 270, "texture": "#4"},
				"east": {"uv": [4.75, 2, 5, 2.25], "rotation": 270, "texture": "#4"},
				"south": {"uv": [4.75, 2, 5, 2.25], "rotation": 270, "texture": "#4"},
				"west": {"uv": [4.75, 2, 5, 2.25], "rotation": 270, "texture": "#4"},
				"up": {"uv": [4.75, 2, 5, 2.25], "rotation": 270, "texture": "#4"},
				"down": {"uv": [4.75, 2, 5, 2.25], "rotation": 270, "texture": "#4"}
			}
		},
		{
			"from": [5.63936, 6.86397, 7.59625],
			"to": [7.67486, 7.82997, 8.05175],
			"rotation": {"angle": 45, "axis": "z", "origin": [6.98486, 7.13997, 7.70675]},
			"faces": {
				"north": {"uv": [4.75, 2, 5, 2.25], "rotation": 270, "texture": "#4"},
				"east": {"uv": [4.75, 2, 5, 2.25], "rotation": 270, "texture": "#4"},
				"south": {"uv": [4.75, 2, 5, 2.25], "rotation": 270, "texture": "#4"},
				"west": {"uv": [4.75, 2, 5, 2.25], "rotation": 270, "texture": "#4"},
				"up": {"uv": [4.75, 2, 5, 2.25], "rotation": 270, "texture": "#4"},
				"down": {"uv": [4.75, 2, 5, 2.25], "rotation": 270, "texture": "#4"}
			}
		},
		{
			"from": [8.61788, 7.98114, 7.59625],
			"to": [9.58388, 10.01664, 8.05175],
			"rotation": {"angle": -45, "axis": "z", "origin": [9.30788, 8.67114, 7.70675]},
			"faces": {
				"north": {"uv": [4.75, 2, 5, 2.25], "rotation": 180, "texture": "#4"},
				"east": {"uv": [4.75, 2, 5, 2.25], "rotation": 180, "texture": "#4"},
				"south": {"uv": [4.75, 2, 5, 2.25], "rotation": 180, "texture": "#4"},
				"west": {"uv": [4.75, 2, 5, 2.25], "rotation": 180, "texture": "#4"},
				"up": {"uv": [4.75, 2, 5, 2.25], "rotation": 180, "texture": "#4"},
				"down": {"uv": [4.75, 2, 5, 2.25], "rotation": 180, "texture": "#4"}
			}
		},
		{
			"from": [8.78543, 7.99902, 7.59625],
			"to": [10.82093, 8.96502, 8.05175],
			"rotation": {"angle": 22.5, "axis": "z", "origin": [9.47543, 8.27502, 7.70675]},
			"faces": {
				"north": {"uv": [4.75, 2, 5, 2.25], "rotation": 270, "texture": "#4"},
				"east": {"uv": [4.75, 2, 5, 2.25], "rotation": 270, "texture": "#4"},
				"south": {"uv": [4.75, 2, 5, 2.25], "rotation": 270, "texture": "#4"},
				"west": {"uv": [4.75, 2, 5, 2.25], "rotation": 270, "texture": "#4"},
				"up": {"uv": [4.75, 2, 5, 2.25], "rotation": 270, "texture": "#4"},
				"down": {"uv": [4.75, 2, 5, 2.25], "rotation": 270, "texture": "#4"}
			}
		},
		{
			"from": [8.78863, 7.56893, 7.59625],
			"to": [10.82413, 8.53493, 8.05175],
			"rotation": {"angle": 0, "axis": "y", "origin": [9.47863, 7.84493, 7.70675]},
			"faces": {
				"north": {"uv": [4.75, 2, 5, 2.25], "rotation": 270, "texture": "#4"},
				"east": {"uv": [4.75, 2, 5, 2.25], "rotation": 270, "texture": "#4"},
				"south": {"uv": [4.75, 2, 5, 2.25], "rotation": 270, "texture": "#4"},
				"west": {"uv": [4.75, 2, 5, 2.25], "rotation": 270, "texture": "#4"},
				"up": {"uv": [4.75, 2, 5, 2.25], "rotation": 270, "texture": "#4"},
				"down": {"uv": [4.75, 2, 5, 2.25], "rotation": 270, "texture": "#4"}
			}
		},
		{
			"from": [8.627, 7.17035, 7.59625],
			"to": [10.6625, 8.13635, 8.05175],
			"rotation": {"angle": -22.5, "axis": "z", "origin": [9.317, 7.44635, 7.70675]},
			"faces": {
				"north": {"uv": [4.75, 2, 5, 2.25], "rotation": 270, "texture": "#4"},
				"east": {"uv": [4.75, 2, 5, 2.25], "rotation": 270, "texture": "#4"},
				"south": {"uv": [4.75, 2, 5, 2.25], "rotation": 270, "texture": "#4"},
				"west": {"uv": [4.75, 2, 5, 2.25], "rotation": 270, "texture": "#4"},
				"up": {"uv": [4.75, 2, 5, 2.25], "rotation": 270, "texture": "#4"},
				"down": {"uv": [4.75, 2, 5, 2.25], "rotation": 270, "texture": "#4"}
			}
		},
		{
			"from": [8.32514, 6.86397, 7.59625],
			"to": [10.36064, 7.82997, 8.05175],
			"rotation": {"angle": -45, "axis": "z", "origin": [9.01514, 7.13997, 7.70675]},
			"faces": {
				"north": {"uv": [4.75, 2, 5, 2.25], "rotation": 270, "texture": "#4"},
				"east": {"uv": [4.75, 2, 5, 2.25], "rotation": 270, "texture": "#4"},
				"south": {"uv": [4.75, 2, 5, 2.25], "rotation": 270, "texture": "#4"},
				"west": {"uv": [4.75, 2, 5, 2.25], "rotation": 270, "texture": "#4"},
				"up": {"uv": [4.75, 2, 5, 2.25], "rotation": 270, "texture": "#4"},
				"down": {"uv": [4.75, 2, 5, 2.25], "rotation": 270, "texture": "#4"}
			}
		},
		{
			"from": [2.95135, 13.24806, 7.8955],
			"to": [3.57055, 14.67066, 8.1271],
			"rotation": {"angle": 0, "axis": "y", "origin": [4.329, 13.03098, 8.1688]},
			"faces": {
				"north": {"uv": [5, 1.5, 5.25, 1.75], "rotation": 180, "texture": "#2"},
				"east": {"uv": [5, 1.5, 5.25, 1.75], "rotation": 180, "texture": "#2"},
				"south": {"uv": [5, 1.5, 5.25, 1.75], "rotation": 180, "texture": "#2"},
				"west": {"uv": [5, 1.5, 5.25, 1.75], "rotation": 180, "texture": "#2"},
				"up": {"uv": [5, 1.5, 5.25, 1.75], "rotation": 180, "texture": "#2"},
				"down": {"uv": [5, 1.5, 5.25, 1.75], "rotation": 180, "texture": "#2"}
			}
		},
		{
			"from": [2.42874, 14.01864, 7.8955],
			"to": [3.04794, 14.93124, 8.1271],
			"rotation": {"angle": -22.5, "axis": "z", "origin": [4.329, 13.03098, 8.1688]},
			"faces": {
				"north": {"uv": [5, 1.5, 5.25, 1.75], "rotation": 180, "texture": "#2"},
				"east": {"uv": [5, 1.5, 5.25, 1.75], "rotation": 180, "texture": "#2"},
				"south": {"uv": [5, 1.5, 5.25, 1.75], "rotation": 180, "texture": "#2"},
				"west": {"uv": [5, 1.5, 5.25, 1.75], "rotation": 180, "texture": "#2"},
				"up": {"uv": [5, 1.5, 5.25, 1.75], "rotation": 180, "texture": "#2"},
				"down": {"uv": [5, 1.5, 5.25, 1.75], "rotation": 180, "texture": "#2"}
			}
		},
		{
			"from": [3.13929, 11.31614, 7.8955],
			"to": [3.75849, 13.75874, 8.1271],
			"rotation": {"angle": 22.5, "axis": "z", "origin": [4.329, 13.03098, 8.1688]},
			"faces": {
				"north": {"uv": [5, 1.5, 5.25, 1.75], "rotation": 180, "texture": "#2"},
				"east": {"uv": [5, 1.5, 5.25, 1.75], "rotation": 180, "texture": "#2"},
				"south": {"uv": [5, 1.5, 5.25, 1.75], "rotation": 180, "texture": "#2"},
				"west": {"uv": [5, 1.5, 5.25, 1.75], "rotation": 180, "texture": "#2"},
				"up": {"uv": [5, 1.5, 5.25, 1.75], "rotation": 180, "texture": "#2"},
				"down": {"uv": [5, 1.5, 5.25, 1.75], "rotation": 180, "texture": "#2"}
			}
		},
		{
			"from": [3.7616, 10.34053, 7.9555],
			"to": [5.1008, 14.82313, 8.0671],
			"rotation": {"angle": 22.5, "axis": "z", "origin": [4.29131, 13.01537, 8.1088]},
			"faces": {
				"north": {"uv": [5, 1.75, 5.25, 2], "rotation": 180, "texture": "#4"},
				"east": {"uv": [5, 1.75, 5.25, 2], "rotation": 180, "texture": "#4"},
				"south": {"uv": [5, 1.75, 5.25, 2], "rotation": 180, "texture": "#4"},
				"west": {"uv": [5, 1.75, 5.25, 2], "rotation": 180, "texture": "#4"},
				"up": {"uv": [5, 1.75, 5.25, 2], "rotation": 180, "texture": "#4"},
				"down": {"uv": [5, 1.75, 5.25, 2], "rotation": 180, "texture": "#4"}
			}
		},
		{
			"from": [4.0116, 10.09053, 7.9555],
			"to": [4.7008, 10.62313, 8.0671],
			"rotation": {"angle": 22.5, "axis": "z", "origin": [4.29131, 13.01537, 8.1088]},
			"faces": {
				"north": {"uv": [5, 1.75, 5.25, 2], "rotation": 180, "texture": "#4"},
				"east": {"uv": [5, 1.75, 5.25, 2], "rotation": 180, "texture": "#4"},
				"south": {"uv": [5, 1.75, 5.25, 2], "rotation": 180, "texture": "#4"},
				"west": {"uv": [5, 1.75, 5.25, 2], "rotation": 180, "texture": "#4"},
				"up": {"uv": [5, 1.75, 5.25, 2], "rotation": 180, "texture": "#4"},
				"down": {"uv": [5, 1.75, 5.25, 2], "rotation": 180, "texture": "#4"}
			}
		},
		{
			"from": [10.8992, 10.34053, 7.9555],
			"to": [12.2384, 14.82313, 8.0671],
			"rotation": {"angle": -22.5, "axis": "z", "origin": [11.70869, 13.01537, 8.1088]},
			"faces": {
				"north": {"uv": [5.25, 1.75, 5, 2], "rotation": 180, "texture": "#4"},
				"east": {"uv": [5.25, 1.75, 5, 2], "rotation": 180, "texture": "#4"},
				"south": {"uv": [5.25, 1.75, 5, 2], "rotation": 180, "texture": "#4"},
				"west": {"uv": [5.25, 1.75, 5, 2], "rotation": 180, "texture": "#4"},
				"up": {"uv": [5.25, 1.75, 5, 2], "rotation": 180, "texture": "#4"},
				"down": {"uv": [5.25, 1.75, 5, 2], "rotation": 180, "texture": "#4"}
			}
		},
		{
			"from": [11.2992, 10.09053, 7.9555],
			"to": [11.9884, 10.62313, 8.0671],
			"rotation": {"angle": -22.5, "axis": "z", "origin": [11.70869, 13.01537, 8.1088]},
			"faces": {
				"north": {"uv": [5.25, 1.75, 5, 2], "rotation": 180, "texture": "#4"},
				"east": {"uv": [5.25, 1.75, 5, 2], "rotation": 180, "texture": "#4"},
				"south": {"uv": [5.25, 1.75, 5, 2], "rotation": 180, "texture": "#4"},
				"west": {"uv": [5.25, 1.75, 5, 2], "rotation": 180, "texture": "#4"},
				"up": {"uv": [5.25, 1.75, 5, 2], "rotation": 180, "texture": "#4"},
				"down": {"uv": [5.25, 1.75, 5, 2], "rotation": 180, "texture": "#4"}
			}
		},
		{
			"from": [2.57361, 9.57936, 7.8955],
			"to": [3.19281, 11.90196, 8.1271],
			"rotation": {"angle": 45, "axis": "z", "origin": [4.329, 13.03098, 8.1688]},
			"faces": {
				"north": {"uv": [5, 1.5, 5.25, 1.75], "rotation": 180, "texture": "#2"},
				"east": {"uv": [5, 1.5, 5.25, 1.75], "rotation": 180, "texture": "#2"},
				"south": {"uv": [5, 1.5, 5.25, 1.75], "rotation": 180, "texture": "#2"},
				"west": {"uv": [5, 1.5, 5.25, 1.75], "rotation": 180, "texture": "#2"},
				"up": {"uv": [5, 1.5, 5.25, 1.75], "rotation": 180, "texture": "#2"},
				"down": {"uv": [5, 1.5, 5.25, 1.75], "rotation": 180, "texture": "#2"}
			}
		},
		{
			"from": [5.08746, 13.24806, 7.8955],
			"to": [5.70666, 14.67066, 8.1271],
			"rotation": {"angle": 45, "axis": "z", "origin": [4.329, 13.03098, 8.1688]},
			"faces": {
				"north": {"uv": [5, 1.5, 5.25, 1.75], "rotation": 180, "texture": "#2"},
				"east": {"uv": [5, 1.5, 5.25, 1.75], "rotation": 180, "texture": "#2"},
				"south": {"uv": [5, 1.5, 5.25, 1.75], "rotation": 180, "texture": "#2"},
				"west": {"uv": [5, 1.5, 5.25, 1.75], "rotation": 180, "texture": "#2"},
				"up": {"uv": [5, 1.5, 5.25, 1.75], "rotation": 180, "texture": "#2"},
				"down": {"uv": [5, 1.5, 5.25, 1.75], "rotation": 180, "texture": "#2"}
			}
		},
		{
			"from": [2.42874, 14.31204, 7.8955],
			"to": [3.34134, 14.93124, 8.1271],
			"rotation": {"angle": -22.5, "axis": "z", "origin": [4.329, 13.03098, 8.1688]},
			"faces": {
				"north": {"uv": [5, 1.5, 5.25, 1.75], "rotation": 270, "texture": "#2"},
				"east": {"uv": [5, 1.5, 5.25, 1.75], "rotation": 270, "texture": "#2"},
				"south": {"uv": [5, 1.5, 5.25, 1.75], "rotation": 270, "texture": "#2"},
				"west": {"uv": [5, 1.5, 5.25, 1.75], "rotation": 270, "texture": "#2"},
				"up": {"uv": [5, 1.5, 5.25, 1.75], "rotation": 270, "texture": "#2"},
				"down": {"uv": [5, 1.5, 5.25, 1.75], "rotation": 270, "texture": "#2"}
			}
		},
		{
			"from": [4.89951, 11.31614, 7.8955],
			"to": [5.51871, 13.75874, 8.1271],
			"rotation": {"angle": 22.5, "axis": "z", "origin": [4.329, 13.03098, 8.1688]},
			"faces": {
				"north": {"uv": [5, 1.5, 5.25, 1.75], "rotation": 180, "texture": "#2"},
				"east": {"uv": [5, 1.5, 5.25, 1.75], "rotation": 180, "texture": "#2"},
				"south": {"uv": [5, 1.5, 5.25, 1.75], "rotation": 180, "texture": "#2"},
				"west": {"uv": [5, 1.5, 5.25, 1.75], "rotation": 180, "texture": "#2"},
				"up": {"uv": [5, 1.5, 5.25, 1.75], "rotation": 180, "texture": "#2"},
				"down": {"uv": [5, 1.5, 5.25, 1.75], "rotation": 180, "texture": "#2"}
			}
		},
		{
			"from": [5.46519, 9.36936, 7.8955],
			"to": [6.08439, 11.90196, 8.1271],
			"rotation": {"angle": 0, "axis": "y", "origin": [4.329, 13.03098, 8.1688]},
			"faces": {
				"north": {"uv": [5, 1.5, 5.25, 1.75], "rotation": 180, "texture": "#2"},
				"east": {"uv": [5, 1.5, 5.25, 1.75], "rotation": 180, "texture": "#2"},
				"south": {"uv": [5, 1.5, 5.25, 1.75], "rotation": 180, "texture": "#2"},
				"west": {"uv": [5, 1.5, 5.25, 1.75], "rotation": 180, "texture": "#2"},
				"up": {"uv": [5, 1.5, 5.25, 1.75], "rotation": 180, "texture": "#2"},
				"down": {"uv": [5, 1.5, 5.25, 1.75], "rotation": 180, "texture": "#2"}
			}
		},
		{
			"from": [12.42945, 13.24806, 7.8955],
			"to": [13.04865, 14.67066, 8.1271],
			"rotation": {"angle": 0, "axis": "y", "origin": [11.671, 13.03098, 8.1688]},
			"faces": {
				"north": {"uv": [5.25, 1.5, 5, 1.75], "rotation": 180, "texture": "#2"},
				"east": {"uv": [5.25, 1.5, 5, 1.75], "rotation": 180, "texture": "#2"},
				"south": {"uv": [5.25, 1.5, 5, 1.75], "rotation": 180, "texture": "#2"},
				"west": {"uv": [5.25, 1.5, 5, 1.75], "rotation": 180, "texture": "#2"},
				"up": {"uv": [5.25, 1.5, 5, 1.75], "rotation": 180, "texture": "#2"},
				"down": {"uv": [5.25, 1.5, 5, 1.75], "rotation": 180, "texture": "#2"}
			}
		},
		{
			"from": [12.95206, 14.01864, 7.8955],
			"to": [13.57126, 14.93124, 8.1271],
			"rotation": {"angle": 22.5, "axis": "z", "origin": [11.671, 13.03098, 8.1688]},
			"faces": {
				"north": {"uv": [5.25, 1.5, 5, 1.75], "rotation": 180, "texture": "#2"},
				"east": {"uv": [5.25, 1.5, 5, 1.75], "rotation": 180, "texture": "#2"},
				"south": {"uv": [5.25, 1.5, 5, 1.75], "rotation": 180, "texture": "#2"},
				"west": {"uv": [5.25, 1.5, 5, 1.75], "rotation": 180, "texture": "#2"},
				"up": {"uv": [5.25, 1.5, 5, 1.75], "rotation": 180, "texture": "#2"},
				"down": {"uv": [5.25, 1.5, 5, 1.75], "rotation": 180, "texture": "#2"}
			}
		},
		{
			"from": [12.24151, 11.31614, 7.8955],
			"to": [12.86071, 13.75874, 8.1271],
			"rotation": {"angle": -22.5, "axis": "z", "origin": [11.671, 13.03098, 8.1688]},
			"faces": {
				"north": {"uv": [5.25, 1.5, 5, 1.75], "rotation": 180, "texture": "#2"},
				"east": {"uv": [5.25, 1.5, 5, 1.75], "rotation": 180, "texture": "#2"},
				"south": {"uv": [5.25, 1.5, 5, 1.75], "rotation": 180, "texture": "#2"},
				"west": {"uv": [5.25, 1.5, 5, 1.75], "rotation": 180, "texture": "#2"},
				"up": {"uv": [5.25, 1.5, 5, 1.75], "rotation": 180, "texture": "#2"},
				"down": {"uv": [5.25, 1.5, 5, 1.75], "rotation": 180, "texture": "#2"}
			}
		},
		{
			"from": [12.80719, 9.57936, 7.8955],
			"to": [13.42639, 11.90196, 8.1271],
			"rotation": {"angle": -45, "axis": "z", "origin": [11.671, 13.03098, 8.1688]},
			"faces": {
				"north": {"uv": [5.25, 1.5, 5, 1.75], "rotation": 180, "texture": "#2"},
				"east": {"uv": [5.25, 1.5, 5, 1.75], "rotation": 180, "texture": "#2"},
				"south": {"uv": [5.25, 1.5, 5, 1.75], "rotation": 180, "texture": "#2"},
				"west": {"uv": [5.25, 1.5, 5, 1.75], "rotation": 180, "texture": "#2"},
				"up": {"uv": [5.25, 1.5, 5, 1.75], "rotation": 180, "texture": "#2"},
				"down": {"uv": [5.25, 1.5, 5, 1.75], "rotation": 180, "texture": "#2"}
			}
		},
		{
			"from": [10.29334, 13.24806, 7.8955],
			"to": [10.91254, 14.67066, 8.1271],
			"rotation": {"angle": -45, "axis": "z", "origin": [11.671, 13.03098, 8.1688]},
			"faces": {
				"north": {"uv": [5.25, 1.5, 5, 1.75], "rotation": 180, "texture": "#2"},
				"east": {"uv": [5.25, 1.5, 5, 1.75], "rotation": 180, "texture": "#2"},
				"south": {"uv": [5.25, 1.5, 5, 1.75], "rotation": 180, "texture": "#2"},
				"west": {"uv": [5.25, 1.5, 5, 1.75], "rotation": 180, "texture": "#2"},
				"up": {"uv": [5.25, 1.5, 5, 1.75], "rotation": 180, "texture": "#2"},
				"down": {"uv": [5.25, 1.5, 5, 1.75], "rotation": 180, "texture": "#2"}
			}
		},
		{
			"from": [12.65866, 14.31204, 7.8955],
			"to": [13.57126, 14.93124, 8.1271],
			"rotation": {"angle": 22.5, "axis": "z", "origin": [11.671, 13.03098, 8.1688]},
			"faces": {
				"north": {"uv": [5, 1.75, 5.25, 1.5], "rotation": 270, "texture": "#2"},
				"east": {"uv": [5, 1.75, 5.25, 1.5], "rotation": 270, "texture": "#2"},
				"south": {"uv": [5, 1.75, 5.25, 1.5], "rotation": 270, "texture": "#2"},
				"west": {"uv": [5, 1.75, 5.25, 1.5], "rotation": 270, "texture": "#2"},
				"up": {"uv": [5, 1.75, 5.25, 1.5], "rotation": 270, "texture": "#2"},
				"down": {"uv": [5, 1.75, 5.25, 1.5], "rotation": 270, "texture": "#2"}
			}
		},
		{
			"from": [10.48129, 11.31614, 7.8955],
			"to": [11.10049, 13.75874, 8.1271],
			"rotation": {"angle": -22.5, "axis": "z", "origin": [11.671, 13.03098, 8.1688]},
			"faces": {
				"north": {"uv": [5.25, 1.5, 5, 1.75], "rotation": 180, "texture": "#2"},
				"east": {"uv": [5.25, 1.5, 5, 1.75], "rotation": 180, "texture": "#2"},
				"south": {"uv": [5.25, 1.5, 5, 1.75], "rotation": 180, "texture": "#2"},
				"west": {"uv": [5.25, 1.5, 5, 1.75], "rotation": 180, "texture": "#2"},
				"up": {"uv": [5.25, 1.5, 5, 1.75], "rotation": 180, "texture": "#2"},
				"down": {"uv": [5.25, 1.5, 5, 1.75], "rotation": 180, "texture": "#2"}
			}
		},
		{
			"from": [9.91561, 9.36936, 7.8955],
			"to": [10.53481, 11.90196, 8.1271],
			"rotation": {"angle": 0, "axis": "y", "origin": [11.671, 13.03098, 8.1688]},
			"faces": {
				"north": {"uv": [5.25, 1.5, 5, 1.75], "rotation": 180, "texture": "#2"},
				"east": {"uv": [5.25, 1.5, 5, 1.75], "rotation": 180, "texture": "#2"},
				"south": {"uv": [5.25, 1.5, 5, 1.75], "rotation": 180, "texture": "#2"},
				"west": {"uv": [5.25, 1.5, 5, 1.75], "rotation": 180, "texture": "#2"},
				"up": {"uv": [5.25, 1.5, 5, 1.75], "rotation": 180, "texture": "#2"},
				"down": {"uv": [5.25, 1.5, 5, 1.75], "rotation": 180, "texture": "#2"}
			}
		}
	],
	"display": {
		"thirdperson_righthand": {
			"scale": [0.72, 0.72, 0.72]
		},
		"thirdperson_lefthand": {
			"scale": [0.72, 0.72, 0.72]
		},
		"firstperson_righthand": {
			"rotation": [0, -180, 0],
			"translation": [0, 3.25, 0]
		},
		"firstperson_lefthand": {
			"rotation": [0, -180, 0],
			"translation": [0, 3.25, 0]
		},
		"ground": {
			"rotation": [0, -180, 0],
			"scale": [0.72, 0.72, 0.72]
		},
		"gui": {
			"rotation": [0, -180, 0],
			"translation": [0, -0.5, 0]
		},
		"head": {
			"translation": [0, 8.25, -5.25],
			"scale": [1.26, 1.26, 1.26]
		},
		"fixed": {
			"translation": [0, -0.75, 0],
			"scale": [1.46, 1.46, 1.46]
		}
	},
	"groups": [
		{
			"name": "group",
			"origin": [8, 8, 8],
			"children": [
				{
					"name": "hexadecagon",
					"origin": [8, 8, 8],
					"children": [0, 1, 2, 3, 4, 5, 6, 7]
				},
				{
					"name": "hexadecagon",
					"origin": [8, 8, 8],
					"children": [8, 9, 10, 11, 12, 13, 14, 15]
				}
			]
		},
		{
			"name": "bow",
			"origin": [8, 8, 8],
			"children": [16,
				{
					"name": "group",
					"origin": [8, 8, 8],
					"children": [
						{
							"name": "group",
							"origin": [8, 8, 8],
							"children": [17, 18, 19, 20, 21]
						},
						{
							"name": "group",
							"origin": [8, 8, 8],
							"children": [22, 23, 24, 25, 26]
						}
					]
				}
			]
		},
		{
			"name": "group",
			"origin": [8, 8, 8],
			"children": [27, 28, 29,
				{
					"name": "group",
					"origin": [4.29131, 13.01537, 8.1088],
					"children": [30, 31, 32, 33]
				}, 34,
				{
					"name": "group",
					"origin": [8, 8, 8],
					"children": [35, 36, 37, 38]
				},
				{
					"name": "group",
					"origin": [8, 8, 8],
					"children": [39, 40, 41, 42,
						{
							"name": "group",
							"origin": [8, 8, 8],
							"children": [43, 44, 45, 46]
						}
					]
				}
			]
		}
	]
}