{
	"credit": "Made with Blockbench",
	"textures": {
		"0": "custom/ohanaears",
		"1": "block/red_mushroom_block",
		"5": "block/blue_orchid",
		"particle": "cusotm/ohanaears"
	},
	"elements": [
		{
			"name": "hexadecagon",
			"from": [14.20435, 4, 7.5],
			"to": [15.79565, 12, 8.5],
			"rotation": {"angle": -45, "axis": "z", "origin": [15, 8, 8]},
			"faces": {
				"north": {"uv": [0, 0, 1, 1], "texture": "#1"},
				"east": {"uv": [0, 0, 1, 1], "texture": "#1"},
				"south": {"uv": [0, 0, 1, 1], "texture": "#1"},
				"west": {"uv": [0, 0, 1, 1], "texture": "#1"},
				"up": {"uv": [0, 0, 1, 1], "texture": "#1"},
				"down": {"uv": [0, 0, 1, 1], "texture": "#1"}
			}
		},
		{
			"name": "hexadecagon",
			"from": [14.20435, 4, 7.5],
			"to": [15.79565, 12, 8.5],
			"rotation": {"angle": -22.5, "axis": "z", "origin": [15, 8, 8]},
			"faces": {
				"north": {"uv": [0, 0, 1, 1], "texture": "#1"},
				"east": {"uv": [0, 0, 1, 1], "texture": "#1"},
				"south": {"uv": [0, 0, 1, 1], "texture": "#1"},
				"west": {"uv": [0, 0, 1, 1], "texture": "#1"},
				"up": {"uv": [0, 0, 1, 1], "texture": "#1"},
				"down": {"uv": [0, 0, 1, 1], "texture": "#1"}
			}
		},
		{
			"name": "hexadecagon",
			"from": [14.20435, 4, 7.5],
			"to": [15.79565, 12, 8.5],
			"faces": {
				"north": {"uv": [0, 0, 1, 1], "texture": "#1"},
				"east": {"uv": [0, 0, 1, 1], "texture": "#1"},
				"south": {"uv": [0, 0, 1, 1], "texture": "#1"},
				"west": {"uv": [0, 0, 1, 1], "texture": "#1"},
				"up": {"uv": [0, 0, 1, 1], "texture": "#1"},
				"down": {"uv": [0, 0, 1, 1], "texture": "#1"}
			}
		},
		{
			"name": "hexadecagon",
			"from": [14.20435, 4, 7.5],
			"to": [15.79565, 12, 8.5],
			"rotation": {"angle": 22.5, "axis": "z", "origin": [15, 8, 8]},
			"faces": {
				"north": {"uv": [0, 0, 1, 1], "texture": "#1"},
				"east": {"uv": [0, 0, 1, 1], "texture": "#1"},
				"south": {"uv": [0, 0, 1, 1], "texture": "#1"},
				"west": {"uv": [0, 0, 1, 1], "texture": "#1"},
				"up": {"uv": [0, 0, 1, 1], "texture": "#1"},
				"down": {"uv": [0, 0, 1, 1], "texture": "#1"}
			}
		},
		{
			"name": "hexadecagon",
			"from": [14.20435, 4, 7.5],
			"to": [15.79565, 12, 8.5],
			"rotation": {"angle": 45, "axis": "z", "origin": [15, 8, 8]},
			"faces": {
				"north": {"uv": [0, 0, 1, 1], "texture": "#1"},
				"east": {"uv": [0, 0, 1, 1], "texture": "#1"},
				"south": {"uv": [0, 0, 1, 1], "texture": "#1"},
				"west": {"uv": [0, 0, 1, 1], "texture": "#1"},
				"up": {"uv": [0, 0, 1, 1], "texture": "#1"},
				"down": {"uv": [0, 0, 1, 1], "texture": "#1"}
			}
		},
		{
			"name": "hexadecagon",
			"from": [11, 7.20435, 7.5],
			"to": [19, 8.79565, 8.5],
			"rotation": {"angle": -22.5, "axis": "z", "origin": [15, 8, 8]},
			"faces": {
				"north": {"uv": [0, 0, 1, 1], "texture": "#1"},
				"east": {"uv": [0, 0, 1, 1], "texture": "#1"},
				"south": {"uv": [0, 0, 1, 1], "texture": "#1"},
				"west": {"uv": [0, 0, 1, 1], "texture": "#1"},
				"up": {"uv": [0, 0, 1, 1], "texture": "#1"},
				"down": {"uv": [0, 0, 1, 1], "texture": "#1"}
			}
		},
		{
			"name": "hexadecagon",
			"from": [11, 7.20435, 7.5],
			"to": [19, 8.79565, 8.5],
			"faces": {
				"north": {"uv": [0, 0, 1, 1], "texture": "#1"},
				"east": {"uv": [0, 0, 1, 1], "texture": "#1"},
				"south": {"uv": [0, 0, 1, 1], "texture": "#1"},
				"west": {"uv": [0, 0, 1, 1], "texture": "#1"},
				"up": {"uv": [0, 0, 1, 1], "texture": "#1"},
				"down": {"uv": [0, 0, 1, 1], "texture": "#1"}
			}
		},
		{
			"name": "hexadecagon",
			"from": [11, 7.20435, 7.5],
			"to": [19, 8.79565, 8.5],
			"rotation": {"angle": 22.5, "axis": "z", "origin": [15, 8, 8]},
			"faces": {
				"north": {"uv": [0, 0, 1, 1], "texture": "#1"},
				"east": {"uv": [0, 0, 1, 1], "texture": "#1"},
				"south": {"uv": [0, 0, 1, 1], "texture": "#1"},
				"west": {"uv": [0, 0, 1, 1], "texture": "#1"},
				"up": {"uv": [0, 0, 1, 1], "texture": "#1"},
				"down": {"uv": [0, 0, 1, 1], "texture": "#1"}
			}
		},
		{
			"name": "hexadecagon",
			"from": [10.95435, 4, 7.44],
			"to": [19.04565, 12, 7.44],
			"faces": {
				"north": {"uv": [0, 0, 15.952, 15.952], "texture": "#0"}
			}
		},
		{
			"name": "hexadecagon",
			"from": [10.95435, 4, 8.56],
			"to": [19.04565, 12, 8.56],
			"faces": {
				"south": {"uv": [0, 0, 15.953, 15.953], "texture": "#0"}
			}
		},
		{
			"from": [6.9392, 7.1892, 6.3936],
			"to": [9.0608, 8.8108, 7.7044],
			"faces": {
				"north": {"uv": [8.75, 5.5, 11, 7.25], "texture": "#5"},
				"east": {"uv": [8.75, 5.75, 10.75, 7.75], "texture": "#5"},
				"south": {"uv": [8.75, 5.25, 10.75, 7], "texture": "#5"},
				"west": {"uv": [8.75, 6, 11.25, 8.25], "texture": "#5"},
				"up": {"uv": [10.75, 7.25, 8.75, 5.5], "texture": "#5"},
				"down": {"uv": [10.75, 5.25, 8.5, 7], "texture": "#5"}
			}
		},
		{
			"from": [6.9392, 8.6892, 6.6436],
			"to": [9.0608, 9.0608, 7.7044],
			"faces": {
				"north": {"uv": [8.75, 5.5, 11, 7.25], "texture": "#5"},
				"east": {"uv": [8.75, 5.75, 10.75, 7.75], "texture": "#5"},
				"south": {"uv": [8.75, 5.25, 10.75, 7], "texture": "#5"},
				"west": {"uv": [8.75, 6, 11.25, 8.25], "texture": "#5"},
				"up": {"uv": [10.75, 7.25, 8.75, 5.5], "texture": "#5"},
				"down": {"uv": [10.75, 5.25, 8.5, 7], "texture": "#5"}
			}
		},
		{
			"from": [6.93997, 7.37616, 6.09947],
			"to": [9.06157, 7.74776, 6.41027],
			"rotation": {"angle": 45, "axis": "x", "origin": [8.00077, 7.74776, 7.95587]},
			"faces": {
				"north": {"uv": [8.75, 5.5, 11, 7.25], "texture": "#5"},
				"east": {"uv": [8.75, 5.75, 10.75, 7.75], "texture": "#5"},
				"south": {"uv": [8.75, 5.25, 10.75, 7], "texture": "#5"},
				"west": {"uv": [8.75, 6, 11.25, 8.25], "texture": "#5"},
				"up": {"uv": [10.75, 7.25, 8.75, 5.5], "texture": "#5"},
				"down": {"uv": [10.75, 5.25, 8.5, 7], "texture": "#5"}
			}
		},
		{
			"from": [6.93997, 8.00224, 6.34947],
			"to": [9.06157, 8.62384, 6.41027],
			"rotation": {"angle": -45, "axis": "x", "origin": [8.00077, 8.25224, 7.95587]},
			"faces": {
				"north": {"uv": [8.75, 5.5, 11, 7.25], "texture": "#5"},
				"east": {"uv": [8.75, 5.75, 10.75, 7.75], "texture": "#5"},
				"south": {"uv": [8.75, 5.25, 10.75, 7], "texture": "#5"},
				"west": {"uv": [8.75, 6, 11.25, 8.25], "texture": "#5"},
				"up": {"uv": [10.75, 7.25, 8.75, 5.5], "texture": "#5"},
				"down": {"uv": [10.75, 5.25, 8.5, 7], "texture": "#5"}
			}
		},
		{
			"from": [6.9392, 6.9392, 6.6436],
			"to": [9.0608, 7.3108, 7.7044],
			"faces": {
				"north": {"uv": [8.75, 5.5, 11, 7.25], "texture": "#5"},
				"east": {"uv": [8.75, 5.75, 10.75, 7.75], "texture": "#5"},
				"south": {"uv": [8.75, 5.25, 10.75, 7], "texture": "#5"},
				"west": {"uv": [8.75, 6, 11.25, 8.25], "texture": "#5"},
				"up": {"uv": [10.75, 7.25, 8.75, 5.5], "texture": "#5"},
				"down": {"uv": [10.75, 5.25, 8.5, 7], "texture": "#5"}
			}
		},
		{
			"from": [18.75958, 14.40262, 6.40591],
			"to": [20.35078, 18.64582, 7.46671],
			"rotation": {"angle": 45, "axis": "z", "origin": [21.14638, -4.16138, 14.89231]},
			"faces": {
				"north": {"uv": [8.75, 5.5, 11, 7.25], "texture": "#5"},
				"east": {"uv": [8.75, 5.75, 10.75, 7.75], "texture": "#5"},
				"south": {"uv": [8.75, 5.25, 10.75, 7], "texture": "#5"},
				"west": {"uv": [8.75, 6, 11.25, 8.25], "texture": "#5"},
				"up": {"uv": [10.75, 7.25, 8.75, 5.5], "texture": "#5"},
				"down": {"uv": [10.75, 5.25, 8.5, 7], "texture": "#5"}
			}
		},
		{
			"from": [-4.35078, 14.40262, 6.40591],
			"to": [-2.75958, 18.64582, 7.46671],
			"rotation": {"angle": -45, "axis": "z", "origin": [-5.14638, -4.16138, 14.89231]},
			"faces": {
				"north": {"uv": [8.75, 5.5, 11, 7.25], "texture": "#5"},
				"east": {"uv": [8.75, 5.75, 10.75, 7.75], "texture": "#5"},
				"south": {"uv": [8.75, 5.25, 10.75, 7], "texture": "#5"},
				"west": {"uv": [8.75, 6, 11.25, 8.25], "texture": "#5"},
				"up": {"uv": [10.75, 7.25, 8.75, 5.5], "texture": "#5"},
				"down": {"uv": [10.75, 5.25, 8.5, 7], "texture": "#5"}
			}
		},
		{
			"from": [7.08665, 1.05147, 6.40366],
			"to": [11.32985, 2.64267, 7.46446],
			"rotation": {"angle": 22.5, "axis": "z", "origin": [-7.23415, 9.80307, 14.89006]},
			"faces": {
				"north": {"uv": [8.75, 5.5, 11, 7.25], "texture": "#5"},
				"east": {"uv": [8.75, 5.75, 10.75, 7.75], "texture": "#5"},
				"south": {"uv": [8.75, 5.25, 10.75, 7], "texture": "#5"},
				"west": {"uv": [8.75, 6, 11.25, 8.25], "texture": "#5"},
				"up": {"uv": [10.75, 7.25, 8.75, 5.5], "texture": "#5"},
				"down": {"uv": [10.75, 5.25, 8.5, 7], "texture": "#5"}
			}
		},
		{
			"from": [4.67015, 1.05147, 6.40366],
			"to": [8.91335, 2.64267, 7.46446],
			"rotation": {"angle": -22.5, "axis": "z", "origin": [23.23415, 9.80307, 14.89006]},
			"faces": {
				"north": {"uv": [8.75, 5.5, 11, 7.25], "texture": "#5"},
				"east": {"uv": [8.75, 5.75, 10.75, 7.75], "texture": "#5"},
				"south": {"uv": [8.75, 5.25, 10.75, 7], "texture": "#5"},
				"west": {"uv": [8.75, 6, 11.25, 8.25], "texture": "#5"},
				"up": {"uv": [10.75, 7.25, 8.75, 5.5], "texture": "#5"},
				"down": {"uv": [10.75, 5.25, 8.5, 7], "texture": "#5"}
			}
		},
		{
			"from": [9.01784, 7.24446, 6.3946],
			"to": [13.26104, 8.83566, 7.4554],
			"faces": {
				"north": {"uv": [8.75, 5.5, 11, 7.25], "texture": "#5"},
				"east": {"uv": [8.75, 5.75, 10.75, 7.75], "texture": "#5"},
				"south": {"uv": [8.75, 5.25, 10.75, 7], "texture": "#5"},
				"west": {"uv": [8.75, 6, 11.25, 8.25], "texture": "#5"},
				"up": {"uv": [10.75, 7.25, 8.75, 5.5], "texture": "#5"},
				"down": {"uv": [10.75, 5.25, 8.5, 7], "texture": "#5"}
			}
		},
		{
			"from": [2.73896, 7.24446, 6.3946],
			"to": [6.98216, 8.83566, 7.4554],
			"faces": {
				"north": {"uv": [8.75, 5.5, 11, 7.25], "texture": "#5"},
				"east": {"uv": [8.75, 5.75, 10.75, 7.75], "texture": "#5"},
				"south": {"uv": [8.75, 5.25, 10.75, 7], "texture": "#5"},
				"west": {"uv": [8.75, 6, 11.25, 8.25], "texture": "#5"},
				"up": {"uv": [10.75, 7.25, 8.75, 5.5], "texture": "#5"},
				"down": {"uv": [10.75, 5.25, 8.5, 7], "texture": "#5"}
			}
		},
		{
			"from": [12.38498, 6.95496, 6.38866],
			"to": [16.62818, 8.79616, 7.44946],
			"rotation": {"angle": -22.5, "axis": "z", "origin": [11.05898, 16.48696, 14.87506]},
			"faces": {
				"north": {"uv": [8.75, 5.5, 11, 7.25], "texture": "#5"},
				"east": {"uv": [8.75, 5.75, 10.75, 7.75], "texture": "#5"},
				"south": {"uv": [8.75, 5.25, 10.75, 7], "texture": "#5"},
				"west": {"uv": [8.75, 6, 11.25, 8.25], "texture": "#5"},
				"up": {"uv": [10.75, 7.25, 8.75, 5.5], "texture": "#5"},
				"down": {"uv": [10.75, 5.25, 8.5, 7], "texture": "#5"}
			}
		},
		{
			"from": [-0.62818, 6.95496, 6.38866],
			"to": [3.61502, 8.79616, 7.44946],
			"rotation": {"angle": 22.5, "axis": "z", "origin": [4.94102, 16.48696, 14.87506]},
			"faces": {
				"north": {"uv": [8.75, 5.5, 11, 7.25], "texture": "#5"},
				"east": {"uv": [8.75, 5.75, 10.75, 7.75], "texture": "#5"},
				"south": {"uv": [8.75, 5.25, 10.75, 7], "texture": "#5"},
				"west": {"uv": [8.75, 6, 11.25, 8.25], "texture": "#5"},
				"up": {"uv": [10.75, 7.25, 8.75, 5.5], "texture": "#5"},
				"down": {"uv": [10.75, 5.25, 8.5, 7], "texture": "#5"}
			}
		},
		{
			"name": "hexadecagon",
			"from": [0.20435, 4, 7.5],
			"to": [1.79565, 12, 8.5],
			"rotation": {"angle": -45, "axis": "z", "origin": [1, 8, 8]},
			"faces": {
				"north": {"uv": [0, 0, 1, 1], "texture": "#1"},
				"east": {"uv": [0, 0, 1, 1], "texture": "#1"},
				"south": {"uv": [0, 0, 1, 1], "texture": "#1"},
				"west": {"uv": [0, 0, 1, 1], "texture": "#1"},
				"up": {"uv": [0, 0, 1, 1], "texture": "#1"},
				"down": {"uv": [0, 0, 1, 1], "texture": "#1"}
			}
		},
		{
			"name": "hexadecagon",
			"from": [0.20435, 4, 7.5],
			"to": [1.79565, 12, 8.5],
			"rotation": {"angle": -22.5, "axis": "z", "origin": [1, 8, 8]},
			"faces": {
				"north": {"uv": [0, 0, 1, 1], "texture": "#1"},
				"east": {"uv": [0, 0, 1, 1], "texture": "#1"},
				"south": {"uv": [0, 0, 1, 1], "texture": "#1"},
				"west": {"uv": [0, 0, 1, 1], "texture": "#1"},
				"up": {"uv": [0, 0, 1, 1], "texture": "#1"},
				"down": {"uv": [0, 0, 1, 1], "texture": "#1"}
			}
		},
		{
			"name": "hexadecagon",
			"from": [0.20435, 4, 7.5],
			"to": [1.79565, 12, 8.5],
			"faces": {
				"north": {"uv": [0, 0, 1, 1], "texture": "#1"},
				"east": {"uv": [0, 0, 1, 1], "texture": "#1"},
				"south": {"uv": [0, 0, 1, 1], "texture": "#1"},
				"west": {"uv": [0, 0, 1, 1], "texture": "#1"},
				"up": {"uv": [0, 0, 1, 1], "texture": "#1"},
				"down": {"uv": [0, 0, 1, 1], "texture": "#1"}
			}
		},
		{
			"name": "hexadecagon",
			"from": [0.20435, 4, 7.5],
			"to": [1.79565, 12, 8.5],
			"rotation": {"angle": 22.5, "axis": "z", "origin": [1, 8, 8]},
			"faces": {
				"north": {"uv": [0, 0, 1, 1], "texture": "#1"},
				"east": {"uv": [0, 0, 1, 1], "texture": "#1"},
				"south": {"uv": [0, 0, 1, 1], "texture": "#1"},
				"west": {"uv": [0, 0, 1, 1], "texture": "#1"},
				"up": {"uv": [0, 0, 1, 1], "texture": "#1"},
				"down": {"uv": [0, 0, 1, 1], "texture": "#1"}
			}
		},
		{
			"name": "hexadecagon",
			"from": [0.20435, 4, 7.5],
			"to": [1.79565, 12, 8.5],
			"rotation": {"angle": 45, "axis": "z", "origin": [1, 8, 8]},
			"faces": {
				"north": {"uv": [0, 0, 1, 1], "texture": "#1"},
				"east": {"uv": [0, 0, 1, 1], "texture": "#1"},
				"south": {"uv": [0, 0, 1, 1], "texture": "#1"},
				"west": {"uv": [0, 0, 1, 1], "texture": "#1"},
				"up": {"uv": [0, 0, 1, 1], "texture": "#1"},
				"down": {"uv": [0, 0, 1, 1], "texture": "#1"}
			}
		},
		{
			"name": "hexadecagon",
			"from": [-3, 7.20435, 7.5],
			"to": [5, 8.79565, 8.5],
			"rotation": {"angle": -22.5, "axis": "z", "origin": [1, 8, 8]},
			"faces": {
				"north": {"uv": [0, 0, 1, 1], "texture": "#1"},
				"east": {"uv": [0, 0, 1, 1], "texture": "#1"},
				"south": {"uv": [0, 0, 1, 1], "texture": "#1"},
				"west": {"uv": [0, 0, 1, 1], "texture": "#1"},
				"up": {"uv": [0, 0, 1, 1], "texture": "#1"},
				"down": {"uv": [0, 0, 1, 1], "texture": "#1"}
			}
		},
		{
			"name": "hexadecagon",
			"from": [-3, 7.20435, 7.5],
			"to": [5, 8.79565, 8.5],
			"faces": {
				"north": {"uv": [0, 0, 1, 1], "texture": "#1"},
				"east": {"uv": [0, 0, 1, 1], "texture": "#1"},
				"south": {"uv": [0, 0, 1, 1], "texture": "#1"},
				"west": {"uv": [0, 0, 1, 1], "texture": "#1"},
				"up": {"uv": [0, 0, 1, 1], "texture": "#1"},
				"down": {"uv": [0, 0, 1, 1], "texture": "#1"}
			}
		},
		{
			"name": "hexadecagon",
			"from": [-3, 7.20435, 7.5],
			"to": [5, 8.79565, 8.5],
			"rotation": {"angle": 22.5, "axis": "z", "origin": [1, 8, 8]},
			"faces": {
				"north": {"uv": [0, 0, 1, 1], "texture": "#1"},
				"east": {"uv": [0, 0, 1, 1], "texture": "#1"},
				"south": {"uv": [0, 0, 1, 1], "texture": "#1"},
				"west": {"uv": [0, 0, 1, 1], "texture": "#1"},
				"up": {"uv": [0, 0, 1, 1], "texture": "#1"},
				"down": {"uv": [0, 0, 1, 1], "texture": "#1"}
			}
		},
		{
			"name": "hexadecagon",
			"from": [-3.04565, 4, 7.44],
			"to": [5.04565, 12, 7.44],
			"faces": {
				"north": {"uv": [0, 0, 15.952, 15.952], "texture": "#0"}
			}
		},
		{
			"name": "hexadecagon",
			"from": [-3.04565, 4, 8.56],
			"to": [5.04565, 12, 8.56],
			"faces": {
				"south": {"uv": [0, 0, 15.953, 15.953], "texture": "#0"}
			}
		}
	],
	"display": {
		"head": {
			"translation": [0, 8.75, -3.5]
		}
	},
	"groups": [
		{
			"name": "hexadecagon",
			"origin": [8, 8, 8],
			"children": [0, 1, 2, 3, 4, 5, 6, 7, 8, 9]
		},
		{
			"name": "group",
			"origin": [8, 8, 8],
			"children": [10, 11, 12, 13, 14, 15, 16, 17, 18, 19, 20, 21, 22]
		},
		{
			"name": "hexadecagon",
			"origin": [8, 8, 8],
			"children": [23, 24, 25, 26, 27, 28, 29, 30, 31, 32]
		}
	]
}
