{
	"__comment": "Designed by Boogie with Cubik Studio - https://cubik.studio",
	"textures": {
		"particle": "block/red_wool",
		"texture": "custom/santahat"
	},
	"elements": [
		{
			"__comment": "Bottom Base",
			"from": [ 6, 0, 15 ],
			"to": [ 10, 1, 16 ],
			"faces": {
				"down": { "uv": [ 9, 0, 13, 1 ], "texture": "#texture" },
				"up": { "uv": [ 9, 0, 13, 1 ], "texture": "#texture" },
				"north": { "uv": [ 10, 1, 14, 2 ], "texture": "#texture" },
				"south": { "uv": [ 10, 1.5, 14, 2.5 ], "texture": "#texture" },
				"west": { "uv": [ 11.5, 1, 12.5, 2 ], "texture": "#texture" },
				"east": { "uv": [ 12, 1.5, 11, 2.5 ], "texture": "#texture" }
			}
		},
		{
			"__comment": "Bottom Base1",
			"from": [ 6, 0, 0 ],
			"to": [ 10, 1, 15 ],
			"faces": {
				"down": { "uv": [ 9, 0, 13, 1 ], "texture": "#texture" },
				"up": { "uv": [ 9, 0, 13, 1 ], "texture": "#texture" },
				"north": { "uv": [ 10, 1, 14, 2 ], "texture": "#texture" },
				"south": { "uv": [ 10, 1.5, 14, 2.5 ], "texture": "#texture" },
				"west": { "uv": [ 11.5, 1, 12.5, 2 ], "texture": "#texture" },
				"east": { "uv": [ 12, 1.5, 11, 2.5 ], "texture": "#texture" }
			}
		},
		{
			"__comment": "Bottom Base2",
			"from": [ 15, 0, 6 ],
			"to": [ 16, 1, 10 ],
			"faces": {
				"down": { "uv": [ 9, 0, 13, 1 ], "texture": "#texture" },
				"up": { "uv": [ 9, 0, 13, 1 ], "texture": "#texture" },
				"north": { "uv": [ 10, 1, 14, 2 ], "texture": "#texture" },
				"south": { "uv": [ 10, 1.5, 14, 2.5 ], "texture": "#texture" },
				"west": { "uv": [ 11.5, 1, 12.5, 2 ], "texture": "#texture" },
				"east": { "uv": [ 12, 1.5, 11, 2.5 ], "texture": "#texture" }
			}
		},
		{
			"__comment": "Bottom Base3",
			"from": [ 0, 0, 6 ],
			"to": [ 1, 1, 10 ],
			"faces": {
				"down": { "uv": [ 4, 0.5, 8, 1.5 ], "texture": "#texture" },
				"up": { "uv": [ 2.5, 1, 6.5, 2 ], "texture": "#texture" },
				"north": { "uv": [ 2.5, 0.5, 6.5, 1.5 ], "texture": "#texture" },
				"south": { "uv": [ 2.5, 1.5, 6.5, 2.5 ], "texture": "#texture" },
				"west": { "uv": [ 0.5, 0.5, 1.5, 1.5 ], "texture": "#texture" },
				"east": { "uv": [ 8.5, 1.5, 7.5, 2.5 ], "texture": "#texture" }
			}
		},
		{
			"__comment": "Bottom Base4",
			"from": [ 1, 0, 3 ],
			"to": [ 2, 1, 10 ],
			"faces": {
				"down": { "uv": [ 4, 0.5, 8, 1.5 ], "texture": "#texture" },
				"up": { "uv": [ 2.5, 1, 6.5, 2 ], "texture": "#texture" },
				"north": { "uv": [ 2.5, 0.5, 6.5, 1.5 ], "texture": "#texture" },
				"south": { "uv": [ 2.5, 1.5, 6.5, 2.5 ], "texture": "#texture" },
				"west": { "uv": [ 0.5, 0.5, 1.5, 1.5 ], "texture": "#texture" },
				"east": { "uv": [ 8.5, 1.5, 7.5, 2.5 ], "texture": "#texture" }
			}
		},
		{
			"__comment": "Bottom Base6",
			"from": [ 4, 0, 1 ],
			"to": [ 6, 1, 14 ],
			"faces": {
				"down": { "uv": [ 4, 0.5, 8, 1.5 ], "texture": "#texture" },
				"up": { "uv": [ 2.5, 1, 6.5, 2 ], "texture": "#texture" },
				"north": { "uv": [ 2.5, 0.5, 6.5, 1.5 ], "texture": "#texture" },
				"south": { "uv": [ 2.5, 1.5, 6.5, 2.5 ], "texture": "#texture" },
				"west": { "uv": [ 0.5, 0.5, 1.5, 1.5 ], "texture": "#texture" },
				"east": { "uv": [ 8.5, 1.5, 7.5, 2.5 ], "texture": "#texture" }
			}
		},
		{
			"__comment": "Bottom Base5",
			"from": [ 2, 0, 2 ],
			"to": [ 3, 1, 12 ],
			"faces": {
				"down": { "uv": [ 4, 0.5, 8, 1.5 ], "texture": "#texture" },
				"up": { "uv": [ 2.5, 1, 6.5, 2 ], "texture": "#texture" },
				"north": { "uv": [ 2.5, 0.5, 6.5, 1.5 ], "texture": "#texture" },
				"south": { "uv": [ 2.5, 1.5, 6.5, 2.5 ], "texture": "#texture" },
				"west": { "uv": [ 0.5, 0.5, 1.5, 1.5 ], "texture": "#texture" },
				"east": { "uv": [ 8.5, 1.5, 7.5, 2.5 ], "texture": "#texture" }
			}
		},
		{
			"__comment": "Bottom Base7",
			"from": [ 3, 0, 1 ],
			"to": [ 4, 1, 13 ],
			"faces": {
				"down": { "uv": [ 4, 0.5, 8, 1.5 ], "texture": "#texture" },
				"up": { "uv": [ 2.5, 1, 6.5, 2 ], "texture": "#texture" },
				"north": { "uv": [ 2.5, 0.5, 6.5, 1.5 ], "texture": "#texture" },
				"south": { "uv": [ 2.5, 1.5, 6.5, 2.5 ], "texture": "#texture" },
				"west": { "uv": [ 0.5, 0.5, 1.5, 1.5 ], "texture": "#texture" },
				"east": { "uv": [ 8.5, 1.5, 7.5, 2.5 ], "texture": "#texture" }
			}
		},
		{
			"__comment": "Bottom Base8",
			"from": [ 1, 0, 10 ],
			"to": [ 2, 1, 13 ],
			"faces": {
				"down": { "uv": [ 4, 0.5, 8, 1.5 ], "texture": "#texture" },
				"up": { "uv": [ 2.5, 1, 6.5, 2 ], "texture": "#texture" },
				"north": { "uv": [ 2.5, 0.5, 6.5, 1.5 ], "texture": "#texture" },
				"south": { "uv": [ 2.5, 1.5, 6.5, 2.5 ], "texture": "#texture" },
				"west": { "uv": [ 0.5, 0.5, 1.5, 1.5 ], "texture": "#texture" },
				"east": { "uv": [ 8.5, 1.5, 7.5, 2.5 ], "texture": "#texture" }
			}
		},
		{
			"__comment": "Bottom Base9",
			"from": [ 3, 0, 14 ],
			"to": [ 6, 1, 15 ],
			"faces": {
				"down": { "uv": [ 4, 0.5, 8, 1.5 ], "texture": "#texture" },
				"up": { "uv": [ 2.5, 1, 6.5, 2 ], "texture": "#texture" },
				"north": { "uv": [ 2.5, 0.5, 6.5, 1.5 ], "texture": "#texture" },
				"south": { "uv": [ 2.5, 1.5, 6.5, 2.5 ], "texture": "#texture" },
				"west": { "uv": [ 0.5, 0.5, 1.5, 1.5 ], "texture": "#texture" },
				"east": { "uv": [ 8.5, 1.5, 7.5, 2.5 ], "texture": "#texture" }
			}
		},
		{
			"__comment": "Bottom Base10",
			"from": [ 2, 0, 12 ],
			"to": [ 3, 1, 14 ],
			"faces": {
				"down": { "uv": [ 4, 0.5, 8, 1.5 ], "texture": "#texture" },
				"up": { "uv": [ 2.5, 1, 6.5, 2 ], "texture": "#texture" },
				"north": { "uv": [ 2.5, 0.5, 6.5, 1.5 ], "texture": "#texture" },
				"south": { "uv": [ 2.5, 1.5, 6.5, 2.5 ], "texture": "#texture" },
				"west": { "uv": [ 0.5, 0.5, 1.5, 1.5 ], "texture": "#texture" },
				"east": { "uv": [ 8.5, 1.5, 7.5, 2.5 ], "texture": "#texture" }
			}
		},
		{
			"__comment": "Bottom Base11",
			"from": [ 3, 0, 13 ],
			"to": [ 4, 1, 14 ],
			"faces": {
				"down": { "uv": [ 4, 0.5, 8, 1.5 ], "texture": "#texture" },
				"up": { "uv": [ 2.5, 1, 6.5, 2 ], "texture": "#texture" },
				"north": { "uv": [ 2.5, 0.5, 6.5, 1.5 ], "texture": "#texture" },
				"south": { "uv": [ 2.5, 1.5, 6.5, 2.5 ], "texture": "#texture" },
				"west": { "uv": [ 0.5, 0.5, 1.5, 1.5 ], "texture": "#texture" },
				"east": { "uv": [ 8.5, 1.5, 7.5, 2.5 ], "texture": "#texture" }
			}
		},
		{
			"__comment": "Bottom Base12",
			"from": [ 10, 0, 1 ],
			"to": [ 12, 1, 14 ],
			"faces": {
				"down": { "uv": [ 4, 0.5, 8, 1.5 ], "texture": "#texture" },
				"up": { "uv": [ 2.5, 1, 6.5, 2 ], "texture": "#texture" },
				"north": { "uv": [ 2.5, 0.5, 6.5, 1.5 ], "texture": "#texture" },
				"south": { "uv": [ 2.5, 1.5, 6.5, 2.5 ], "texture": "#texture" },
				"west": { "uv": [ 0.5, 0.5, 1.5, 1.5 ], "texture": "#texture" },
				"east": { "uv": [ 8.5, 1.5, 7.5, 2.5 ], "texture": "#texture" }
			}
		},
		{
			"__comment": "Bottom Base14",
			"from": [ 14, 0, 3 ],
			"to": [ 15, 1, 10 ],
			"faces": {
				"down": { "uv": [ 4, 0.5, 8, 1.5 ], "texture": "#texture" },
				"up": { "uv": [ 2.5, 1, 6.5, 2 ], "texture": "#texture" },
				"north": { "uv": [ 2.5, 0.5, 6.5, 1.5 ], "texture": "#texture" },
				"south": { "uv": [ 2.5, 1.5, 6.5, 2.5 ], "texture": "#texture" },
				"west": { "uv": [ 0.5, 0.5, 1.5, 1.5 ], "texture": "#texture" },
				"east": { "uv": [ 8.5, 1.5, 7.5, 2.5 ], "texture": "#texture" }
			}
		},
		{
			"__comment": "Bottom Base13",
			"from": [ 12, 0, 1 ],
			"to": [ 13, 1, 13 ],
			"faces": {
				"down": { "uv": [ 4, 0.5, 8, 1.5 ], "texture": "#texture" },
				"up": { "uv": [ 2.5, 1, 6.5, 2 ], "texture": "#texture" },
				"north": { "uv": [ 2.5, 0.5, 6.5, 1.5 ], "texture": "#texture" },
				"south": { "uv": [ 2.5, 1.5, 6.5, 2.5 ], "texture": "#texture" },
				"west": { "uv": [ 0.5, 0.5, 1.5, 1.5 ], "texture": "#texture" },
				"east": { "uv": [ 8.5, 1.5, 7.5, 2.5 ], "texture": "#texture" }
			}
		},
		{
			"__comment": "Bottom Base15",
			"from": [ 13, 0, 2 ],
			"to": [ 14, 1, 12 ],
			"faces": {
				"down": { "uv": [ 4, 0.5, 8, 1.5 ], "texture": "#texture" },
				"up": { "uv": [ 2.5, 1, 6.5, 2 ], "texture": "#texture" },
				"north": { "uv": [ 2.5, 0.5, 6.5, 1.5 ], "texture": "#texture" },
				"south": { "uv": [ 2.5, 1.5, 6.5, 2.5 ], "texture": "#texture" },
				"west": { "uv": [ 0.5, 0.5, 1.5, 1.5 ], "texture": "#texture" },
				"east": { "uv": [ 8.5, 1.5, 7.5, 2.5 ], "texture": "#texture" }
			}
		},
		{
			"__comment": "Bottom Base16",
			"from": [ 10, 0, 14 ],
			"to": [ 13, 1, 15 ],
			"faces": {
				"down": { "uv": [ 4, 0.5, 8, 1.5 ], "texture": "#texture" },
				"up": { "uv": [ 2.5, 1, 6.5, 2 ], "texture": "#texture" },
				"north": { "uv": [ 2.5, 0.5, 6.5, 1.5 ], "texture": "#texture" },
				"south": { "uv": [ 2.5, 1.5, 6.5, 2.5 ], "texture": "#texture" },
				"west": { "uv": [ 0.5, 0.5, 1.5, 1.5 ], "texture": "#texture" },
				"east": { "uv": [ 8.5, 1.5, 7.5, 2.5 ], "texture": "#texture" }
			}
		},
		{
			"__comment": "Bottom Base17",
			"from": [ 14, 0, 10 ],
			"to": [ 15, 1, 13 ],
			"faces": {
				"down": { "uv": [ 4, 0.5, 8, 1.5 ], "texture": "#texture" },
				"up": { "uv": [ 2.5, 1, 6.5, 2 ], "texture": "#texture" },
				"north": { "uv": [ 2.5, 0.5, 6.5, 1.5 ], "texture": "#texture" },
				"south": { "uv": [ 2.5, 1.5, 6.5, 2.5 ], "texture": "#texture" },
				"west": { "uv": [ 0.5, 0.5, 1.5, 1.5 ], "texture": "#texture" },
				"east": { "uv": [ 8.5, 1.5, 7.5, 2.5 ], "texture": "#texture" }
			}
		},
		{
			"__comment": "Bottom Base18",
			"from": [ 12, 0, 13 ],
			"to": [ 14, 1, 14 ],
			"faces": {
				"down": { "uv": [ 4, 0.5, 8, 1.5 ], "texture": "#texture" },
				"up": { "uv": [ 2.5, 1, 6.5, 2 ], "texture": "#texture" },
				"north": { "uv": [ 2.5, 0.5, 6.5, 1.5 ], "texture": "#texture" },
				"south": { "uv": [ 2.5, 1.5, 6.5, 2.5 ], "texture": "#texture" },
				"west": { "uv": [ 0.5, 0.5, 1.5, 1.5 ], "texture": "#texture" },
				"east": { "uv": [ 8.5, 1.5, 7.5, 2.5 ], "texture": "#texture" }
			}
		},
		{
			"__comment": "Bottom Base19",
			"from": [ 13, 0, 12 ],
			"to": [ 14, 1, 13 ],
			"faces": {
				"down": { "uv": [ 4, 0.5, 8, 1.5 ], "texture": "#texture" },
				"up": { "uv": [ 2.5, 1, 6.5, 2 ], "texture": "#texture" },
				"north": { "uv": [ 2.5, 0.5, 6.5, 1.5 ], "texture": "#texture" },
				"south": { "uv": [ 2.5, 1.5, 6.5, 2.5 ], "texture": "#texture" },
				"west": { "uv": [ 0.5, 0.5, 1.5, 1.5 ], "texture": "#texture" },
				"east": { "uv": [ 8.5, 1.5, 7.5, 2.5 ], "texture": "#texture" }
			}
		},
		{
			"__comment": "Hat",
			"from": [ 1, 2, 7 ],
			"to": [ 2, 4, 9 ],
			"faces": {
				"down": { "uv": [ 1, 7, 2, 9 ], "texture": "#texture" },
				"up": { "uv": [ 1, 7, 2, 9 ], "texture": "#texture" },
				"north": { "uv": [ 13.5, 5.5, 14.5, 8.5 ], "texture": "#texture" },
				"south": { "uv": [ 1, 6, 2, 9 ], "texture": "#texture" },
				"west": { "uv": [ 8, 5.5, 10, 8.5 ], "texture": "#texture" },
				"east": { "uv": [ 0, 4, 2, 7 ], "texture": "#texture" }
			}
		},
		{
			"__comment": "Hat1",
			"from": [ 2, 4, 7 ],
			"to": [ 3, 6, 9 ],
			"faces": {
				"down": { "uv": [ 1, 7, 2, 9 ], "texture": "#texture" },
				"up": { "uv": [ 1, 7, 2, 9 ], "texture": "#texture" },
				"north": { "uv": [ 13.5, 5.5, 14.5, 8.5 ], "texture": "#texture" },
				"south": { "uv": [ 1, 6, 2, 9 ], "texture": "#texture" },
				"west": { "uv": [ 8, 5.5, 10, 8.5 ], "texture": "#texture" },
				"east": { "uv": [ 0, 4, 2, 7 ], "texture": "#texture" }
			}
		},
		{
			"__comment": "Hat2",
			"from": [ 3, 6, 7 ],
			"to": [ 4, 7, 9 ],
			"faces": {
				"down": { "uv": [ 1, 7, 2, 9 ], "texture": "#texture" },
				"up": { "uv": [ 1, 7, 2, 9 ], "texture": "#texture" },
				"north": { "uv": [ 13.5, 5.5, 14.5, 8.5 ], "texture": "#texture" },
				"south": { "uv": [ 1, 6, 2, 9 ], "texture": "#texture" },
				"west": { "uv": [ 8, 5.5, 10, 8.5 ], "texture": "#texture" },
				"east": { "uv": [ 0, 4, 2, 7 ], "texture": "#texture" }
			}
		},
		{
			"__comment": "Hat3",
			"from": [ 4, 7, 7 ],
			"to": [ 5, 9, 9 ],
			"faces": {
				"down": { "uv": [ 1, 7, 2, 9 ], "texture": "#texture" },
				"up": { "uv": [ 1, 7, 2, 9 ], "texture": "#texture" },
				"north": { "uv": [ 13.5, 5.5, 14.5, 8.5 ], "texture": "#texture" },
				"south": { "uv": [ 1, 6, 2, 9 ], "texture": "#texture" },
				"west": { "uv": [ 8, 5.5, 10, 8.5 ], "texture": "#texture" },
				"east": { "uv": [ 0, 4, 2, 7 ], "texture": "#texture" }
			}
		},
		{
			"__comment": "Hat4",
			"from": [ 5, 9, 7 ],
			"to": [ 6, 11, 9 ],
			"faces": {
				"down": { "uv": [ 1, 7, 2, 9 ], "texture": "#texture" },
				"up": { "uv": [ 1, 7, 2, 9 ], "texture": "#texture" },
				"north": { "uv": [ 13.5, 5.5, 14.5, 8.5 ], "texture": "#texture" },
				"south": { "uv": [ 1, 6, 2, 9 ], "texture": "#texture" },
				"west": { "uv": [ 8, 5.5, 10, 8.5 ], "texture": "#texture" },
				"east": { "uv": [ 0, 4, 2, 7 ], "texture": "#texture" }
			}
		},
		{
			"__comment": "Hat5",
			"from": [ 6, 11, 7 ],
			"to": [ 8, 12, 9 ],
			"faces": {
				"down": { "uv": [ 1, 7, 2, 9 ], "texture": "#texture" },
				"up": { "uv": [ 1, 7, 2, 9 ], "texture": "#texture" },
				"north": { "uv": [ 13.5, 5.5, 14.5, 8.5 ], "texture": "#texture" },
				"south": { "uv": [ 1, 6, 2, 9 ], "texture": "#texture" },
				"west": { "uv": [ 8, 5.5, 10, 8.5 ], "texture": "#texture" },
				"east": { "uv": [ 0, 4, 2, 7 ], "texture": "#texture" }
			}
		},
		{
			"__comment": "Hat6",
			"from": [ 16, 6, 7 ],
			"to": [ 17, 7, 9 ],
			"faces": {
				"down": { "uv": [ 1, 7, 2, 9 ], "texture": "#texture" },
				"up": { "uv": [ 1, 7, 2, 9 ], "texture": "#texture" },
				"north": { "uv": [ 13.5, 5.5, 14.5, 8.5 ], "texture": "#texture" },
				"south": { "uv": [ 1, 6, 2, 9 ], "texture": "#texture" },
				"west": { "uv": [ 8, 5.5, 10, 8.5 ], "texture": "#texture" },
				"east": { "uv": [ 0, 4, 2, 7 ], "texture": "#texture" }
			}
		},
		{
			"__comment": "Hat7",
			"from": [ 8, 12, 7 ],
			"to": [ 10, 13, 9 ],
			"faces": {
				"down": { "uv": [ 1, 7, 2, 9 ], "texture": "#texture" },
				"up": { "uv": [ 1, 7, 2, 9 ], "texture": "#texture" },
				"north": { "uv": [ 13.5, 5.5, 14.5, 8.5 ], "texture": "#texture" },
				"south": { "uv": [ 1, 6, 2, 9 ], "texture": "#texture" },
				"west": { "uv": [ 8, 5.5, 10, 8.5 ], "texture": "#texture" },
				"east": { "uv": [ 0, 4, 2, 7 ], "texture": "#texture" }
			}
		},
		{
			"__comment": "Hat8",
			"from": [ 10, 13, 7 ],
			"to": [ 13, 14, 9 ],
			"faces": {
				"down": { "uv": [ 1, 7, 2, 9 ], "texture": "#texture" },
				"up": { "uv": [ 1, 7, 2, 9 ], "texture": "#texture" },
				"north": { "uv": [ 13.5, 5.5, 14.5, 8.5 ], "texture": "#texture" },
				"south": { "uv": [ 1, 6, 2, 9 ], "texture": "#texture" },
				"west": { "uv": [ 8, 5.5, 10, 8.5 ], "texture": "#texture" },
				"east": { "uv": [ 0, 4, 2, 7 ], "texture": "#texture" }
			}
		},
		{
			"__comment": "Hat9",
			"from": [ 13, 12, 7 ],
			"to": [ 15, 13, 9 ],
			"faces": {
				"down": { "uv": [ 1, 7, 2, 9 ], "texture": "#texture" },
				"up": { "uv": [ 1, 7, 2, 9 ], "texture": "#texture" },
				"north": { "uv": [ 13.5, 5.5, 14.5, 8.5 ], "texture": "#texture" },
				"south": { "uv": [ 1, 6, 2, 9 ], "texture": "#texture" },
				"west": { "uv": [ 8, 5.5, 10, 8.5 ], "texture": "#texture" },
				"east": { "uv": [ 0, 4, 2, 7 ], "texture": "#texture" }
			}
		},
		{
			"__comment": "Hat10",
			"from": [ 14, 1, 6 ],
			"to": [ 15, 2, 10 ],
			"faces": {
				"down": { "uv": [ 1, 7, 2, 9 ], "texture": "#texture" },
				"up": { "uv": [ 1.5, 1, 2.5, 3 ], "texture": "#texture" },
				"north": { "uv": [ 13.5, 0.5, 14.5, 3.5 ], "texture": "#texture" },
				"south": { "uv": [ 1, 0.5, 2, 3.5 ], "texture": "#texture" },
				"west": { "uv": [ 8, 0.5, 10, 3.5 ], "texture": "#texture" },
				"east": { "uv": [ 0, 0, 2, 3 ], "texture": "#texture" }
			}
		},
		{
			"__comment": "Hat11",
			"from": [ 13, 2, 7 ],
			"to": [ 14, 3, 9 ],
			"faces": {
				"down": { "uv": [ 1, 7, 2, 9 ], "texture": "#texture" },
				"up": { "uv": [ 1, 7, 2, 9 ], "texture": "#texture" },
				"north": { "uv": [ 13.5, 5.5, 14.5, 8.5 ], "texture": "#texture" },
				"south": { "uv": [ 1, 6, 2, 9 ], "texture": "#texture" },
				"west": { "uv": [ 8, 5.5, 10, 8.5 ], "texture": "#texture" },
				"east": { "uv": [ 0, 4, 2, 7 ], "texture": "#texture" }
			}
		},
		{
			"__comment": "Hat12",
			"from": [ 12, 3, 7 ],
			"to": [ 13, 6, 9 ],
			"faces": {
				"down": { "uv": [ 1, 7, 2, 9 ], "texture": "#texture" },
				"up": { "uv": [ 1, 7, 2, 9 ], "texture": "#texture" },
				"north": { "uv": [ 13.5, 5.5, 14.5, 8.5 ], "texture": "#texture" },
				"south": { "uv": [ 1, 6, 2, 9 ], "texture": "#texture" },
				"west": { "uv": [ 8, 5.5, 10, 8.5 ], "texture": "#texture" },
				"east": { "uv": [ 0, 4, 2, 7 ], "texture": "#texture" }
			}
		},
		{
			"__comment": "Hat13",
			"from": [ 11, 6, 7 ],
			"to": [ 12, 9, 9 ],
			"faces": {
				"down": { "uv": [ 1, 7, 2, 9 ], "texture": "#texture" },
				"up": { "uv": [ 1, 7, 2, 9 ], "texture": "#texture" },
				"north": { "uv": [ 13.5, 5.5, 14.5, 8.5 ], "texture": "#texture" },
				"south": { "uv": [ 1, 6, 2, 9 ], "texture": "#texture" },
				"west": { "uv": [ 8, 5.5, 10, 8.5 ], "texture": "#texture" },
				"east": { "uv": [ 0, 4, 2, 7 ], "texture": "#texture" }
			}
		},
		{
			"__comment": "Hat14",
			"from": [ 12, 9, 7 ],
			"to": [ 14, 10, 9 ],
			"faces": {
				"down": { "uv": [ 1, 7, 2, 9 ], "texture": "#texture" },
				"up": { "uv": [ 1, 7, 2, 9 ], "texture": "#texture" },
				"north": { "uv": [ 13.5, 5.5, 14.5, 8.5 ], "texture": "#texture" },
				"south": { "uv": [ 1, 6, 2, 9 ], "texture": "#texture" },
				"west": { "uv": [ 8, 5.5, 10, 8.5 ], "texture": "#texture" },
				"east": { "uv": [ 0, 4, 2, 7 ], "texture": "#texture" }
			}
		},
		{
			"__comment": "Hat15",
			"from": [ 16, 10, 7 ],
			"to": [ 17, 11, 9 ],
			"faces": {
				"down": { "uv": [ 1, 7, 2, 9 ], "texture": "#texture" },
				"up": { "uv": [ 1, 7, 2, 9 ], "texture": "#texture" },
				"north": { "uv": [ 13.5, 5.5, 14.5, 8.5 ], "texture": "#texture" },
				"south": { "uv": [ 1, 6, 2, 9 ], "texture": "#texture" },
				"west": { "uv": [ 8, 5.5, 10, 8.5 ], "texture": "#texture" },
				"east": { "uv": [ 0, 4, 2, 7 ], "texture": "#texture" }
			}
		},
		{
			"__comment": "Hat16",
			"from": [ 15, 11, 7 ],
			"to": [ 16, 12, 9 ],
			"faces": {
				"down": { "uv": [ 1, 7, 2, 9 ], "texture": "#texture" },
				"up": { "uv": [ 1, 7, 2, 9 ], "texture": "#texture" },
				"north": { "uv": [ 13.5, 5.5, 14.5, 8.5 ], "texture": "#texture" },
				"south": { "uv": [ 1, 6, 2, 9 ], "texture": "#texture" },
				"west": { "uv": [ 8, 5.5, 10, 8.5 ], "texture": "#texture" },
				"east": { "uv": [ 0, 4, 2, 7 ], "texture": "#texture" }
			}
		},
		{
			"__comment": "Hat17",
			"from": [ 14, 8, 7 ],
			"to": [ 15, 9, 9 ],
			"faces": {
				"down": { "uv": [ 1, 7, 2, 9 ], "texture": "#texture" },
				"up": { "uv": [ 1, 7, 2, 9 ], "texture": "#texture" },
				"north": { "uv": [ 13.5, 5.5, 14.5, 8.5 ], "texture": "#texture" },
				"south": { "uv": [ 1, 6, 2, 9 ], "texture": "#texture" },
				"west": { "uv": [ 8, 5.5, 10, 8.5 ], "texture": "#texture" },
				"east": { "uv": [ 0, 4, 2, 7 ], "texture": "#texture" }
			}
		},
		{
			"__comment": "Hat18",
			"from": [ 15, 7, 7 ],
			"to": [ 16, 9, 9 ],
			"faces": {
				"down": { "uv": [ 1, 7, 2, 9 ], "texture": "#texture" },
				"up": { "uv": [ 1, 7, 2, 9 ], "texture": "#texture" },
				"north": { "uv": [ 13.5, 5.5, 14.5, 8.5 ], "texture": "#texture" },
				"south": { "uv": [ 1, 6, 2, 9 ], "texture": "#texture" },
				"west": { "uv": [ 8, 5.5, 10, 8.5 ], "texture": "#texture" },
				"east": { "uv": [ 0, 4, 2, 7 ], "texture": "#texture" }
			}
		},
		{
			"__comment": "Hat19",
			"from": [ 17, 7, 7 ],
			"to": [ 18, 10, 9 ],
			"faces": {
				"down": { "uv": [ 1, 7, 2, 9 ], "texture": "#texture" },
				"up": { "uv": [ 1, 7, 2, 9 ], "texture": "#texture" },
				"north": { "uv": [ 13.5, 5.5, 14.5, 8.5 ], "texture": "#texture" },
				"south": { "uv": [ 1, 6, 2, 9 ], "texture": "#texture" },
				"west": { "uv": [ 8, 5.5, 10, 8.5 ], "texture": "#texture" },
				"east": { "uv": [ 0, 4, 2, 7 ], "texture": "#texture" }
			}
		},
		{
			"__comment": "Ball",
			"from": [ 15, 4, 6.5 ],
			"to": [ 20, 7, 9.5 ],
			"faces": {
				"down": { "uv": [ 0, 0, 5, 3 ], "texture": "#texture" },
				"up": { "uv": [ 5, 3, 10, 0 ], "texture": "#texture" },
				"north": { "uv": [ 13.5, 0, 8.5, 3 ], "texture": "#texture" },
				"south": { "uv": [ 0, 0, 5, 3 ], "texture": "#texture" },
				"west": { "uv": [ 0, 0, 3, 3 ], "texture": "#texture" },
				"east": { "uv": [ 3, 0, 0, 3 ], "texture": "#texture" }
			}
		},
		{
			"__comment": "Ball1",
			"from": [ 16, 3, 6.5 ],
			"to": [ 19, 4, 9.5 ],
			"faces": {
				"down": { "uv": [ 0, 0, 5, 3 ], "texture": "#texture" },
				"up": { "uv": [ 5, 3, 10, 0 ], "texture": "#texture" },
				"north": { "uv": [ 13.5, 0, 8.5, 3 ], "texture": "#texture" },
				"south": { "uv": [ 0, 0, 5, 3 ], "texture": "#texture" },
				"west": { "uv": [ 0, 0, 3, 3 ], "texture": "#texture" },
				"east": { "uv": [ 3, 0, 0, 3 ], "texture": "#texture" }
			}
		},
		{
			"__comment": "Ball2",
			"from": [ 16, 4, 5.5 ],
			"to": [ 19, 7, 6.5 ],
			"faces": {
				"down": { "uv": [ 0, 0, 5, 3 ], "texture": "#texture" },
				"up": { "uv": [ 5, 3, 10, 0 ], "texture": "#texture" },
				"north": { "uv": [ 13.5, 0, 8.5, 3 ], "texture": "#texture" },
				"south": { "uv": [ 0, 0, 5, 3 ], "texture": "#texture" },
				"west": { "uv": [ 0, 0, 3, 3 ], "texture": "#texture" },
				"east": { "uv": [ 3, 0, 0, 3 ], "texture": "#texture" }
			}
		},
		{
			"__comment": "Ball3",
			"from": [ 16, 4, 9.5 ],
			"to": [ 19, 7, 10.5 ],
			"faces": {
				"down": { "uv": [ 0, 0, 5, 3 ], "texture": "#texture" },
				"up": { "uv": [ 5, 3, 10, 0 ], "texture": "#texture" },
				"north": { "uv": [ 13.5, 0, 8.5, 3 ], "texture": "#texture" },
				"south": { "uv": [ 0, 0, 5, 3 ], "texture": "#texture" },
				"west": { "uv": [ 0, 0, 3, 3 ], "texture": "#texture" },
				"east": { "uv": [ 3, 0, 0, 3 ], "texture": "#texture" }
			}
		},
		{
			"__comment": "Ball4",
			"from": [ 16, 7, 6.5 ],
			"to": [ 19, 8, 9.5 ],
			"faces": {
				"down": { "uv": [ 0, 0, 5, 3 ], "texture": "#texture" },
				"up": { "uv": [ 5, 3, 10, 0 ], "texture": "#texture" },
				"north": { "uv": [ 13.5, 0, 8.5, 3 ], "texture": "#texture" },
				"south": { "uv": [ 0, 0, 5, 3 ], "texture": "#texture" },
				"west": { "uv": [ 0, 0, 3, 3 ], "texture": "#texture" },
				"east": { "uv": [ 3, 0, 0, 3 ], "texture": "#texture" }
			}
		},
		{
			"__comment": "Hat20",
			"from": [ 10, 11, 6 ],
			"to": [ 13, 13, 7 ],
			"faces": {
				"down": { "uv": [ 1, 7, 2, 9 ], "texture": "#texture" },
				"up": { "uv": [ 1, 7, 2, 9 ], "texture": "#texture" },
				"north": { "uv": [ 13.5, 5.5, 14.5, 8.5 ], "texture": "#texture" },
				"south": { "uv": [ 1, 6, 2, 9 ], "texture": "#texture" },
				"west": { "uv": [ 8, 5.5, 10, 8.5 ], "texture": "#texture" },
				"east": { "uv": [ 0, 4, 2, 7 ], "texture": "#texture" }
			}
		},
		{
			"__comment": "Hat21",
			"from": [ 1, 1, 6 ],
			"to": [ 2, 2, 10 ],
			"faces": {
				"down": { "uv": [ 1, 7, 2, 9 ], "texture": "#texture" },
				"up": { "uv": [ 1.5, 1, 2.5, 3 ], "texture": "#texture" },
				"north": { "uv": [ 13.5, 0.5, 14.5, 3.5 ], "texture": "#texture" },
				"south": { "uv": [ 1, 0.5, 2, 3.5 ], "texture": "#texture" },
				"west": { "uv": [ 8, 0.5, 10, 3.5 ], "texture": "#texture" },
				"east": { "uv": [ 0, 0, 2, 3 ], "texture": "#texture" }
			}
		},
		{
			"__comment": "Hat22",
			"from": [ 2, 3, 6 ],
			"to": [ 3, 5, 7 ],
			"faces": {
				"down": { "uv": [ 1, 7, 2, 9 ], "texture": "#texture" },
				"up": { "uv": [ 1, 7, 2, 9 ], "texture": "#texture" },
				"north": { "uv": [ 13.5, 5.5, 14.5, 8.5 ], "texture": "#texture" },
				"south": { "uv": [ 1, 6, 2, 9 ], "texture": "#texture" },
				"west": { "uv": [ 8, 5.5, 10, 8.5 ], "texture": "#texture" },
				"east": { "uv": [ 0, 4, 2, 7 ], "texture": "#texture" }
			}
		},
		{
			"__comment": "Hat23",
			"from": [ 3, 4, 9 ],
			"to": [ 4, 6, 10 ],
			"faces": {
				"down": { "uv": [ 1, 7, 2, 9 ], "texture": "#texture" },
				"up": { "uv": [ 1, 7, 2, 9 ], "texture": "#texture" },
				"north": { "uv": [ 13.5, 5.5, 14.5, 8.5 ], "texture": "#texture" },
				"south": { "uv": [ 1, 6, 2, 9 ], "texture": "#texture" },
				"west": { "uv": [ 8, 5.5, 10, 8.5 ], "texture": "#texture" },
				"east": { "uv": [ 0, 4, 2, 7 ], "texture": "#texture" }
			}
		},
		{
			"__comment": "Hat24",
			"from": [ 5, 8, 6 ],
			"to": [ 6, 10, 7 ],
			"faces": {
				"down": { "uv": [ 1, 7, 2, 9 ], "texture": "#texture" },
				"up": { "uv": [ 1, 7, 2, 9 ], "texture": "#texture" },
				"north": { "uv": [ 13.5, 5.5, 14.5, 8.5 ], "texture": "#texture" },
				"south": { "uv": [ 1, 6, 2, 9 ], "texture": "#texture" },
				"west": { "uv": [ 8, 5.5, 10, 8.5 ], "texture": "#texture" },
				"east": { "uv": [ 0, 4, 2, 7 ], "texture": "#texture" }
			}
		},
		{
			"__comment": "Hat25",
			"from": [ 3, 4, 6 ],
			"to": [ 4, 6, 7 ],
			"faces": {
				"down": { "uv": [ 1, 7, 2, 9 ], "texture": "#texture" },
				"up": { "uv": [ 1, 7, 2, 9 ], "texture": "#texture" },
				"north": { "uv": [ 13.5, 5.5, 14.5, 8.5 ], "texture": "#texture" },
				"south": { "uv": [ 1, 6, 2, 9 ], "texture": "#texture" },
				"west": { "uv": [ 8, 5.5, 10, 8.5 ], "texture": "#texture" },
				"east": { "uv": [ 0, 4, 2, 7 ], "texture": "#texture" }
			}
		},
		{
			"__comment": "Hat26",
			"from": [ 4, 6, 6 ],
			"to": [ 5, 8, 7 ],
			"faces": {
				"down": { "uv": [ 1, 7, 2, 9 ], "texture": "#texture" },
				"up": { "uv": [ 1, 7, 2, 9 ], "texture": "#texture" },
				"north": { "uv": [ 13.5, 5.5, 14.5, 8.5 ], "texture": "#texture" },
				"south": { "uv": [ 1, 6, 2, 9 ], "texture": "#texture" },
				"west": { "uv": [ 8, 5.5, 10, 8.5 ], "texture": "#texture" },
				"east": { "uv": [ 0, 4, 2, 7 ], "texture": "#texture" }
			}
		},
		{
			"__comment": "Hat27",
			"from": [ 6, 9, 6 ],
			"to": [ 7, 11, 7 ],
			"faces": {
				"down": { "uv": [ 1, 7, 2, 9 ], "texture": "#texture" },
				"up": { "uv": [ 1, 7, 2, 9 ], "texture": "#texture" },
				"north": { "uv": [ 13.5, 5.5, 14.5, 8.5 ], "texture": "#texture" },
				"south": { "uv": [ 1, 6, 2, 9 ], "texture": "#texture" },
				"west": { "uv": [ 8, 5.5, 10, 8.5 ], "texture": "#texture" },
				"east": { "uv": [ 0, 4, 2, 7 ], "texture": "#texture" }
			}
		},
		{
			"__comment": "Hat28",
			"from": [ 13, 10, 6 ],
			"to": [ 15, 12, 7 ],
			"faces": {
				"down": { "uv": [ 1, 7, 2, 9 ], "texture": "#texture" },
				"up": { "uv": [ 1, 7, 2, 9 ], "texture": "#texture" },
				"north": { "uv": [ 13.5, 5.5, 14.5, 8.5 ], "texture": "#texture" },
				"south": { "uv": [ 1, 6, 2, 9 ], "texture": "#texture" },
				"west": { "uv": [ 8, 5.5, 10, 8.5 ], "texture": "#texture" },
				"east": { "uv": [ 0, 4, 2, 7 ], "texture": "#texture" }
			}
		},
		{
			"__comment": "Hat29",
			"from": [ 16, 8, 6 ],
			"to": [ 17, 10, 7 ],
			"faces": {
				"down": { "uv": [ 1, 7, 2, 9 ], "texture": "#texture" },
				"up": { "uv": [ 1, 7, 2, 9 ], "texture": "#texture" },
				"north": { "uv": [ 13.5, 5.5, 14.5, 8.5 ], "texture": "#texture" },
				"south": { "uv": [ 1, 6, 2, 9 ], "texture": "#texture" },
				"west": { "uv": [ 8, 5.5, 10, 8.5 ], "texture": "#texture" },
				"east": { "uv": [ 0, 4, 2, 7 ], "texture": "#texture" }
			}
		},
		{
			"__comment": "Hat30",
			"from": [ 9, 10, 6 ],
			"to": [ 10, 12, 7 ],
			"faces": {
				"down": { "uv": [ 1, 7, 2, 9 ], "texture": "#texture" },
				"up": { "uv": [ 1, 7, 2, 9 ], "texture": "#texture" },
				"north": { "uv": [ 13.5, 5.5, 14.5, 8.5 ], "texture": "#texture" },
				"south": { "uv": [ 1, 6, 2, 9 ], "texture": "#texture" },
				"west": { "uv": [ 8, 5.5, 10, 8.5 ], "texture": "#texture" },
				"east": { "uv": [ 0, 4, 2, 7 ], "texture": "#texture" }
			}
		},
		{
			"__comment": "Hat31",
			"from": [ 11, 6, 5 ],
			"to": [ 12, 11, 6 ],
			"faces": {
				"down": { "uv": [ 1, 7, 2, 9 ], "texture": "#texture" },
				"up": { "uv": [ 1, 7, 2, 9 ], "texture": "#texture" },
				"north": { "uv": [ 13.5, 5.5, 14.5, 8.5 ], "texture": "#texture" },
				"south": { "uv": [ 1, 6, 2, 9 ], "texture": "#texture" },
				"west": { "uv": [ 8, 5.5, 10, 8.5 ], "texture": "#texture" },
				"east": { "uv": [ 0, 4, 2, 7 ], "texture": "#texture" }
			}
		},
		{
			"__comment": "Hat32",
			"from": [ 8, 10, 6 ],
			"to": [ 9, 12, 7 ],
			"faces": {
				"down": { "uv": [ 1, 7, 2, 9 ], "texture": "#texture" },
				"up": { "uv": [ 1, 7, 2, 9 ], "texture": "#texture" },
				"north": { "uv": [ 13.5, 5.5, 14.5, 8.5 ], "texture": "#texture" },
				"south": { "uv": [ 1, 6, 2, 9 ], "texture": "#texture" },
				"west": { "uv": [ 8, 5.5, 10, 8.5 ], "texture": "#texture" },
				"east": { "uv": [ 0, 4, 2, 7 ], "texture": "#texture" }
			}
		},
		{
			"__comment": "Hat33",
			"from": [ 15, 9, 6 ],
			"to": [ 16, 11, 7 ],
			"faces": {
				"down": { "uv": [ 1, 7, 2, 9 ], "texture": "#texture" },
				"up": { "uv": [ 1, 7, 2, 9 ], "texture": "#texture" },
				"north": { "uv": [ 13.5, 5.5, 14.5, 8.5 ], "texture": "#texture" },
				"south": { "uv": [ 1, 6, 2, 9 ], "texture": "#texture" },
				"west": { "uv": [ 8, 5.5, 10, 8.5 ], "texture": "#texture" },
				"east": { "uv": [ 0, 4, 2, 7 ], "texture": "#texture" }
			}
		},
		{
			"__comment": "Hat34",
			"from": [ 15, 8, 6 ],
			"to": [ 16, 9, 7 ],
			"faces": {
				"down": { "uv": [ 1, 7, 2, 9 ], "texture": "#texture" },
				"up": { "uv": [ 1, 7, 2, 9 ], "texture": "#texture" },
				"north": { "uv": [ 13.5, 5.5, 14.5, 8.5 ], "texture": "#texture" },
				"south": { "uv": [ 1, 6, 2, 9 ], "texture": "#texture" },
				"west": { "uv": [ 8, 5.5, 10, 8.5 ], "texture": "#texture" },
				"east": { "uv": [ 0, 4, 2, 7 ], "texture": "#texture" }
			}
		},
		{
			"__comment": "Hat35",
			"from": [ 10, 9, 5 ],
			"to": [ 11, 11, 6 ],
			"faces": {
				"down": { "uv": [ 1, 7, 2, 9 ], "texture": "#texture" },
				"up": { "uv": [ 1, 7, 2, 9 ], "texture": "#texture" },
				"north": { "uv": [ 13.5, 5.5, 14.5, 8.5 ], "texture": "#texture" },
				"south": { "uv": [ 1, 6, 2, 9 ], "texture": "#texture" },
				"west": { "uv": [ 8, 5.5, 10, 8.5 ], "texture": "#texture" },
				"east": { "uv": [ 0, 4, 2, 7 ], "texture": "#texture" }
			}
		},
		{
			"__comment": "Hat36",
			"from": [ 3, 2, 5 ],
			"to": [ 4, 4, 6 ],
			"faces": {
				"down": { "uv": [ 1, 7, 2, 9 ], "texture": "#texture" },
				"up": { "uv": [ 1, 7, 2, 9 ], "texture": "#texture" },
				"north": { "uv": [ 13.5, 5.5, 14.5, 8.5 ], "texture": "#texture" },
				"south": { "uv": [ 1, 6, 2, 9 ], "texture": "#texture" },
				"west": { "uv": [ 8, 5.5, 10, 8.5 ], "texture": "#texture" },
				"east": { "uv": [ 0, 4, 2, 7 ], "texture": "#texture" }
			}
		},
		{
			"__comment": "Hat37",
			"from": [ 2, 1, 6 ],
			"to": [ 3, 3, 7 ],
			"faces": {
				"down": { "uv": [ 1, 7, 2, 9 ], "texture": "#texture" },
				"up": { "uv": [ 1, 7, 2, 9 ], "texture": "#texture" },
				"north": { "uv": [ 13.5, 5.5, 14.5, 8.5 ], "texture": "#texture" },
				"south": { "uv": [ 1, 6, 2, 9 ], "texture": "#texture" },
				"west": { "uv": [ 8, 5.5, 10, 8.5 ], "texture": "#texture" },
				"east": { "uv": [ 0, 4, 2, 7 ], "texture": "#texture" }
			}
		},
		{
			"__comment": "Hat38",
			"from": [ 5, 6, 5 ],
			"to": [ 6, 8, 6 ],
			"faces": {
				"down": { "uv": [ 1, 7, 2, 9 ], "texture": "#texture" },
				"up": { "uv": [ 1, 7, 2, 9 ], "texture": "#texture" },
				"north": { "uv": [ 13.5, 5.5, 14.5, 8.5 ], "texture": "#texture" },
				"south": { "uv": [ 1, 6, 2, 9 ], "texture": "#texture" },
				"west": { "uv": [ 8, 5.5, 10, 8.5 ], "texture": "#texture" },
				"east": { "uv": [ 0, 4, 2, 7 ], "texture": "#texture" }
			}
		},
		{
			"__comment": "Hat39",
			"from": [ 6, 7, 5 ],
			"to": [ 8, 9, 6 ],
			"faces": {
				"down": { "uv": [ 1, 7, 2, 9 ], "texture": "#texture" },
				"up": { "uv": [ 1, 7, 2, 9 ], "texture": "#texture" },
				"north": { "uv": [ 13.5, 5.5, 14.5, 8.5 ], "texture": "#texture" },
				"south": { "uv": [ 1, 6, 2, 9 ], "texture": "#texture" },
				"west": { "uv": [ 8, 5.5, 10, 8.5 ], "texture": "#texture" },
				"east": { "uv": [ 0, 4, 2, 7 ], "texture": "#texture" }
			}
		},
		{
			"__comment": "Hat40",
			"from": [ 4, 4, 5 ],
			"to": [ 5, 6, 6 ],
			"faces": {
				"down": { "uv": [ 1, 7, 2, 9 ], "texture": "#texture" },
				"up": { "uv": [ 1, 7, 2, 9 ], "texture": "#texture" },
				"north": { "uv": [ 13.5, 5.5, 14.5, 8.5 ], "texture": "#texture" },
				"south": { "uv": [ 1, 6, 2, 9 ], "texture": "#texture" },
				"west": { "uv": [ 8, 5.5, 10, 8.5 ], "texture": "#texture" },
				"east": { "uv": [ 0, 4, 2, 7 ], "texture": "#texture" }
			}
		},
		{
			"__comment": "Hat41",
			"from": [ 12, 2, 5 ],
			"to": [ 13, 11, 6 ],
			"faces": {
				"down": { "uv": [ 1, 7, 2, 9 ], "texture": "#texture" },
				"up": { "uv": [ 1, 7, 2, 9 ], "texture": "#texture" },
				"north": { "uv": [ 13.5, 5.5, 14.5, 8.5 ], "texture": "#texture" },
				"south": { "uv": [ 1, 6, 2, 9 ], "texture": "#texture" },
				"west": { "uv": [ 8, 5.5, 10, 8.5 ], "texture": "#texture" },
				"east": { "uv": [ 0, 4, 2, 7 ], "texture": "#texture" }
			}
		},
		{
			"__comment": "Hat42",
			"from": [ 8, 8, 5 ],
			"to": [ 10, 10, 6 ],
			"faces": {
				"down": { "uv": [ 1, 7, 2, 9 ], "texture": "#texture" },
				"up": { "uv": [ 1, 7, 2, 9 ], "texture": "#texture" },
				"north": { "uv": [ 13.5, 5.5, 14.5, 8.5 ], "texture": "#texture" },
				"south": { "uv": [ 1, 6, 2, 9 ], "texture": "#texture" },
				"west": { "uv": [ 8, 5.5, 10, 8.5 ], "texture": "#texture" },
				"east": { "uv": [ 0, 4, 2, 7 ], "texture": "#texture" }
			}
		},
		{
			"__comment": "Hat43",
			"from": [ 7, 1, 3 ],
			"to": [ 10, 6, 4 ],
			"faces": {
				"down": { "uv": [ 1, 7, 2, 9 ], "texture": "#texture" },
				"up": { "uv": [ 1, 7, 2, 9 ], "texture": "#texture" },
				"north": { "uv": [ 13.5, 5.5, 14.5, 8.5 ], "texture": "#texture" },
				"south": { "uv": [ 1, 6, 2, 9 ], "texture": "#texture" },
				"west": { "uv": [ 8, 5.5, 10, 8.5 ], "texture": "#texture" },
				"east": { "uv": [ 0, 4, 2, 7 ], "texture": "#texture" }
			}
		},
		{
			"__comment": "Hat44",
			"from": [ 7, 1, 4 ],
			"to": [ 11, 7, 5 ],
			"faces": {
				"down": { "uv": [ 1, 7, 2, 9 ], "texture": "#texture" },
				"up": { "uv": [ 1, 7, 2, 9 ], "texture": "#texture" },
				"north": { "uv": [ 13.5, 5.5, 14.5, 8.5 ], "texture": "#texture" },
				"south": { "uv": [ 1, 6, 2, 9 ], "texture": "#texture" },
				"west": { "uv": [ 8, 5.5, 10, 8.5 ], "texture": "#texture" },
				"east": { "uv": [ 0, 4, 2, 7 ], "texture": "#texture" }
			}
		},
		{
			"__comment": "Hat45",
			"from": [ 5, 1, 4 ],
			"to": [ 6, 6, 5 ],
			"faces": {
				"down": { "uv": [ 1, 7, 2, 9 ], "texture": "#texture" },
				"up": { "uv": [ 1, 7, 2, 9 ], "texture": "#texture" },
				"north": { "uv": [ 13.5, 5.5, 14.5, 8.5 ], "texture": "#texture" },
				"south": { "uv": [ 1, 6, 2, 9 ], "texture": "#texture" },
				"west": { "uv": [ 8, 5.5, 10, 8.5 ], "texture": "#texture" },
				"east": { "uv": [ 0, 4, 2, 7 ], "texture": "#texture" }
			}
		},
		{
			"__comment": "Hat46",
			"from": [ 4, 1, 4 ],
			"to": [ 5, 4, 5 ],
			"faces": {
				"down": { "uv": [ 1, 7, 2, 9 ], "texture": "#texture" },
				"up": { "uv": [ 1, 7, 2, 9 ], "texture": "#texture" },
				"north": { "uv": [ 13.5, 5.5, 14.5, 8.5 ], "texture": "#texture" },
				"south": { "uv": [ 1, 6, 2, 9 ], "texture": "#texture" },
				"west": { "uv": [ 8, 5.5, 10, 8.5 ], "texture": "#texture" },
				"east": { "uv": [ 0, 4, 2, 7 ], "texture": "#texture" }
			}
		},
		{
			"__comment": "Hat47",
			"from": [ 3, 1, 4 ],
			"to": [ 4, 3, 5 ],
			"faces": {
				"down": { "uv": [ 1, 7, 2, 9 ], "texture": "#texture" },
				"up": { "uv": [ 1, 7, 2, 9 ], "texture": "#texture" },
				"north": { "uv": [ 13.5, 5.5, 14.5, 8.5 ], "texture": "#texture" },
				"south": { "uv": [ 1, 6, 2, 9 ], "texture": "#texture" },
				"west": { "uv": [ 8, 5.5, 10, 8.5 ], "texture": "#texture" },
				"east": { "uv": [ 0, 4, 2, 7 ], "texture": "#texture" }
			}
		},
		{
			"__comment": "Hat49",
			"from": [ 2, 1, 3 ],
			"to": [ 3, 2, 5 ],
			"faces": {
				"down": { "uv": [ 1, 7, 2, 9 ], "texture": "#texture" },
				"up": { "uv": [ 1.5, 1, 2.5, 3 ], "texture": "#texture" },
				"north": { "uv": [ 13.5, 0.5, 14.5, 3.5 ], "texture": "#texture" },
				"south": { "uv": [ 1, 0.5, 2, 3.5 ], "texture": "#texture" },
				"west": { "uv": [ 8, 0.5, 10, 3.5 ], "texture": "#texture" },
				"east": { "uv": [ 0, 0, 2, 3 ], "texture": "#texture" }
			}
		},
		{
			"__comment": "Hat48",
			"from": [ 4, 1, 3 ],
			"to": [ 7, 4, 4 ],
			"faces": {
				"down": { "uv": [ 1, 7, 2, 9 ], "texture": "#texture" },
				"up": { "uv": [ 1, 7, 2, 9 ], "texture": "#texture" },
				"north": { "uv": [ 13.5, 5.5, 14.5, 8.5 ], "texture": "#texture" },
				"south": { "uv": [ 1, 6, 2, 9 ], "texture": "#texture" },
				"west": { "uv": [ 8, 5.5, 10, 8.5 ], "texture": "#texture" },
				"east": { "uv": [ 0, 4, 2, 7 ], "texture": "#texture" }
			}
		},
		{
			"__comment": "Hat51",
			"from": [ 3, 1, 3 ],
			"to": [ 5, 2, 4 ],
			"faces": {
				"down": { "uv": [ 1, 7, 2, 9 ], "texture": "#texture" },
				"up": { "uv": [ 1.5, 1, 2.5, 3 ], "texture": "#texture" },
				"north": { "uv": [ 13.5, 0.5, 14.5, 3.5 ], "texture": "#texture" },
				"south": { "uv": [ 1, 0.5, 2, 3.5 ], "texture": "#texture" },
				"west": { "uv": [ 8, 0.5, 10, 3.5 ], "texture": "#texture" },
				"east": { "uv": [ 0, 0, 2, 3 ], "texture": "#texture" }
			}
		},
		{
			"__comment": "Hat50",
			"from": [ 7, 1, 2 ],
			"to": [ 10, 3, 3 ],
			"faces": {
				"down": { "uv": [ 1, 7, 2, 9 ], "texture": "#texture" },
				"up": { "uv": [ 1, 7, 2, 9 ], "texture": "#texture" },
				"north": { "uv": [ 13.5, 5.5, 14.5, 8.5 ], "texture": "#texture" },
				"south": { "uv": [ 1, 6, 2, 9 ], "texture": "#texture" },
				"west": { "uv": [ 8, 5.5, 10, 8.5 ], "texture": "#texture" },
				"east": { "uv": [ 0, 4, 2, 7 ], "texture": "#texture" }
			}
		},
		{
			"__comment": "Hat52",
			"from": [ 3, 1, 2 ],
			"to": [ 6, 2, 3 ],
			"faces": {
				"down": { "uv": [ 1, 7, 2, 9 ], "texture": "#texture" },
				"up": { "uv": [ 1.5, 1, 2.5, 3 ], "texture": "#texture" },
				"north": { "uv": [ 13.5, 0.5, 14.5, 3.5 ], "texture": "#texture" },
				"south": { "uv": [ 1, 0.5, 2, 3.5 ], "texture": "#texture" },
				"west": { "uv": [ 8, 0.5, 10, 3.5 ], "texture": "#texture" },
				"east": { "uv": [ 0, 0, 2, 3 ], "texture": "#texture" }
			}
		},
		{
			"__comment": "Hat53",
			"from": [ 6, 1, 1 ],
			"to": [ 10, 2, 2 ],
			"faces": {
				"down": { "uv": [ 1, 7, 2, 9 ], "texture": "#texture" },
				"up": { "uv": [ 1.5, 1, 2.5, 3 ], "texture": "#texture" },
				"north": { "uv": [ 13.5, 0.5, 14.5, 3.5 ], "texture": "#texture" },
				"south": { "uv": [ 1, 0.5, 2, 3.5 ], "texture": "#texture" },
				"west": { "uv": [ 8, 0.5, 10, 3.5 ], "texture": "#texture" },
				"east": { "uv": [ 0, 0, 2, 3 ], "texture": "#texture" }
			}
		},
		{
			"__comment": "Hat54",
			"from": [ 10, 1, 2 ],
			"to": [ 13, 2, 3 ],
			"faces": {
				"down": { "uv": [ 1, 7, 2, 9 ], "texture": "#texture" },
				"up": { "uv": [ 1.5, 1, 2.5, 3 ], "texture": "#texture" },
				"north": { "uv": [ 13.5, 0.5, 14.5, 3.5 ], "texture": "#texture" },
				"south": { "uv": [ 1, 0.5, 2, 3.5 ], "texture": "#texture" },
				"west": { "uv": [ 8, 0.5, 10, 3.5 ], "texture": "#texture" },
				"east": { "uv": [ 0, 0, 2, 3 ], "texture": "#texture" }
			}
		},
		{
			"__comment": "Hat55",
			"from": [ 10, 1, 3 ],
			"to": [ 11, 5, 4 ],
			"faces": {
				"down": { "uv": [ 1, 7, 2, 9 ], "texture": "#texture" },
				"up": { "uv": [ 1, 7, 2, 9 ], "texture": "#texture" },
				"north": { "uv": [ 13.5, 5.5, 14.5, 8.5 ], "texture": "#texture" },
				"south": { "uv": [ 1, 6, 2, 9 ], "texture": "#texture" },
				"west": { "uv": [ 8, 5.5, 10, 8.5 ], "texture": "#texture" },
				"east": { "uv": [ 0, 4, 2, 7 ], "texture": "#texture" }
			}
		},
		{
			"__comment": "Hat56",
			"from": [ 11, 2, 4 ],
			"to": [ 12, 6, 5 ],
			"faces": {
				"down": { "uv": [ 1, 7, 2, 9 ], "texture": "#texture" },
				"up": { "uv": [ 1, 7, 2, 9 ], "texture": "#texture" },
				"north": { "uv": [ 13.5, 5.5, 14.5, 8.5 ], "texture": "#texture" },
				"south": { "uv": [ 1, 6, 2, 9 ], "texture": "#texture" },
				"west": { "uv": [ 8, 5.5, 10, 8.5 ], "texture": "#texture" },
				"east": { "uv": [ 0, 4, 2, 7 ], "texture": "#texture" }
			}
		},
		{
			"__comment": "Hat57",
			"from": [ 11, 3, 9 ],
			"to": [ 12, 6, 10 ],
			"faces": {
				"down": { "uv": [ 1, 7, 2, 9 ], "texture": "#texture" },
				"up": { "uv": [ 1, 7, 2, 9 ], "texture": "#texture" },
				"north": { "uv": [ 13.5, 5.5, 14.5, 8.5 ], "texture": "#texture" },
				"south": { "uv": [ 1, 6, 2, 9 ], "texture": "#texture" },
				"west": { "uv": [ 8, 5.5, 10, 8.5 ], "texture": "#texture" },
				"east": { "uv": [ 0, 4, 2, 7 ], "texture": "#texture" }
			}
		},
		{
			"__comment": "Hat58",
			"from": [ 10, 7, 5 ],
			"to": [ 11, 9, 6 ],
			"faces": {
				"down": { "uv": [ 1, 7, 2, 9 ], "texture": "#texture" },
				"up": { "uv": [ 1, 7, 2, 9 ], "texture": "#texture" },
				"north": { "uv": [ 13.5, 5.5, 14.5, 8.5 ], "texture": "#texture" },
				"south": { "uv": [ 1, 6, 2, 9 ], "texture": "#texture" },
				"west": { "uv": [ 8, 5.5, 10, 8.5 ], "texture": "#texture" },
				"east": { "uv": [ 0, 4, 2, 7 ], "texture": "#texture" }
			}
		},
		{
			"__comment": "Hat59",
			"from": [ 13, 1, 3 ],
			"to": [ 14, 2, 6 ],
			"faces": {
				"down": { "uv": [ 1, 7, 2, 9 ], "texture": "#texture" },
				"up": { "uv": [ 1.5, 1, 2.5, 3 ], "texture": "#texture" },
				"north": { "uv": [ 13.5, 0.5, 14.5, 3.5 ], "texture": "#texture" },
				"south": { "uv": [ 1, 0.5, 2, 3.5 ], "texture": "#texture" },
				"west": { "uv": [ 8, 0.5, 10, 3.5 ], "texture": "#texture" },
				"east": { "uv": [ 0, 0, 2, 3 ], "texture": "#texture" }
			}
		},
		{
			"__comment": "Hat60",
			"from": [ 12, 1, 3 ],
			"to": [ 13, 2, 4 ],
			"faces": {
				"down": { "uv": [ 1, 7, 2, 9 ], "texture": "#texture" },
				"up": { "uv": [ 1.5, 1, 2.5, 3 ], "texture": "#texture" },
				"north": { "uv": [ 13.5, 0.5, 14.5, 3.5 ], "texture": "#texture" },
				"south": { "uv": [ 1, 0.5, 2, 3.5 ], "texture": "#texture" },
				"west": { "uv": [ 8, 0.5, 10, 3.5 ], "texture": "#texture" },
				"east": { "uv": [ 0, 0, 2, 3 ], "texture": "#texture" }
			}
		},
		{
			"__comment": "Hat61",
			"from": [ 11, 2, 3 ],
			"to": [ 12, 4, 4 ],
			"faces": {
				"down": { "uv": [ 1, 7, 2, 9 ], "texture": "#texture" },
				"up": { "uv": [ 1, 7, 2, 9 ], "texture": "#texture" },
				"north": { "uv": [ 13.5, 5.5, 14.5, 8.5 ], "texture": "#texture" },
				"south": { "uv": [ 1, 6, 2, 9 ], "texture": "#texture" },
				"west": { "uv": [ 8, 5.5, 10, 8.5 ], "texture": "#texture" },
				"east": { "uv": [ 0, 4, 2, 7 ], "texture": "#texture" }
			}
		},
		{
			"__comment": "Hat62",
			"from": [ 12, 2, 4 ],
			"to": [ 13, 4, 5 ],
			"faces": {
				"down": { "uv": [ 1, 7, 2, 9 ], "texture": "#texture" },
				"up": { "uv": [ 1, 7, 2, 9 ], "texture": "#texture" },
				"north": { "uv": [ 13.5, 5.5, 14.5, 8.5 ], "texture": "#texture" },
				"south": { "uv": [ 1, 6, 2, 9 ], "texture": "#texture" },
				"west": { "uv": [ 8, 5.5, 10, 8.5 ], "texture": "#texture" },
				"east": { "uv": [ 0, 4, 2, 7 ], "texture": "#texture" }
			}
		},
		{
			"__comment": "Hat63",
			"from": [ 13, 9, 5 ],
			"to": [ 14, 10, 7 ],
			"faces": {
				"down": { "uv": [ 1, 7, 2, 9 ], "texture": "#texture" },
				"up": { "uv": [ 1, 7, 2, 9 ], "texture": "#texture" },
				"north": { "uv": [ 13.5, 5.5, 14.5, 8.5 ], "texture": "#texture" },
				"south": { "uv": [ 1, 6, 2, 9 ], "texture": "#texture" },
				"west": { "uv": [ 8, 5.5, 10, 8.5 ], "texture": "#texture" },
				"east": { "uv": [ 0, 4, 2, 7 ], "texture": "#texture" }
			}
		},
		{
			"__comment": "Hat64",
			"from": [ 7, 9, 6 ],
			"to": [ 8, 11, 7 ],
			"faces": {
				"down": { "uv": [ 1, 7, 2, 9 ], "texture": "#texture" },
				"up": { "uv": [ 1, 7, 2, 9 ], "texture": "#texture" },
				"north": { "uv": [ 13.5, 5.5, 14.5, 8.5 ], "texture": "#texture" },
				"south": { "uv": [ 1, 6, 2, 9 ], "texture": "#texture" },
				"west": { "uv": [ 8, 5.5, 10, 8.5 ], "texture": "#texture" },
				"east": { "uv": [ 0, 4, 2, 7 ], "texture": "#texture" }
			}
		},
		{
			"__comment": "Hat65",
			"from": [ 12, 2, 6 ],
			"to": [ 13, 10, 7 ],
			"faces": {
				"down": { "uv": [ 1, 7, 2, 9 ], "texture": "#texture" },
				"up": { "uv": [ 1, 7, 2, 9 ], "texture": "#texture" },
				"north": { "uv": [ 13.5, 5.5, 14.5, 8.5 ], "texture": "#texture" },
				"south": { "uv": [ 1, 6, 2, 9 ], "texture": "#texture" },
				"west": { "uv": [ 8, 5.5, 10, 8.5 ], "texture": "#texture" },
				"east": { "uv": [ 0, 4, 2, 7 ], "texture": "#texture" }
			}
		},
		{
			"__comment": "Hat66",
			"from": [ 13, 2, 6 ],
			"to": [ 14, 4, 7 ],
			"faces": {
				"down": { "uv": [ 1, 7, 2, 9 ], "texture": "#texture" },
				"up": { "uv": [ 1, 7, 2, 9 ], "texture": "#texture" },
				"north": { "uv": [ 13.5, 5.5, 14.5, 8.5 ], "texture": "#texture" },
				"south": { "uv": [ 1, 6, 2, 9 ], "texture": "#texture" },
				"west": { "uv": [ 8, 5.5, 10, 8.5 ], "texture": "#texture" },
				"east": { "uv": [ 0, 4, 2, 7 ], "texture": "#texture" }
			}
		},
		{
			"__comment": "Hat67",
			"from": [ 13, 9, 6 ],
			"to": [ 15, 10, 7 ],
			"faces": {
				"down": { "uv": [ 1, 7, 2, 9 ], "texture": "#texture" },
				"up": { "uv": [ 1, 7, 2, 9 ], "texture": "#texture" },
				"north": { "uv": [ 13.5, 5.5, 14.5, 8.5 ], "texture": "#texture" },
				"south": { "uv": [ 1, 6, 2, 9 ], "texture": "#texture" },
				"west": { "uv": [ 8, 5.5, 10, 8.5 ], "texture": "#texture" },
				"east": { "uv": [ 0, 4, 2, 7 ], "texture": "#texture" }
			}
		},
		{
			"__comment": "Hat68",
			"from": [ 1, 2, 6 ],
			"to": [ 2, 3, 7 ],
			"faces": {
				"down": { "uv": [ 1, 7, 2, 9 ], "texture": "#texture" },
				"up": { "uv": [ 1, 7, 2, 9 ], "texture": "#texture" },
				"north": { "uv": [ 13.5, 5.5, 14.5, 8.5 ], "texture": "#texture" },
				"south": { "uv": [ 1, 6, 2, 9 ], "texture": "#texture" },
				"west": { "uv": [ 8, 5.5, 10, 8.5 ], "texture": "#texture" },
				"east": { "uv": [ 0, 4, 2, 7 ], "texture": "#texture" }
			}
		},
		{
			"__comment": "Hat69",
			"from": [ 2, 1, 5 ],
			"to": [ 3, 2, 6 ],
			"faces": {
				"down": { "uv": [ 1, 7, 2, 9 ], "texture": "#texture" },
				"up": { "uv": [ 1.5, 1, 2.5, 3 ], "texture": "#texture" },
				"north": { "uv": [ 13.5, 0.5, 14.5, 3.5 ], "texture": "#texture" },
				"south": { "uv": [ 1, 0.5, 2, 3.5 ], "texture": "#texture" },
				"west": { "uv": [ 8, 0.5, 10, 3.5 ], "texture": "#texture" },
				"east": { "uv": [ 0, 0, 2, 3 ], "texture": "#texture" }
			}
		},
		{
			"__comment": "Hat70",
			"from": [ 2, 1, 10 ],
			"to": [ 3, 2, 11 ],
			"faces": {
				"down": { "uv": [ 1, 7, 2, 9 ], "texture": "#texture" },
				"up": { "uv": [ 1.5, 1, 2.5, 3 ], "texture": "#texture" },
				"north": { "uv": [ 13.5, 0.5, 14.5, 3.5 ], "texture": "#texture" },
				"south": { "uv": [ 1, 0.5, 2, 3.5 ], "texture": "#texture" },
				"west": { "uv": [ 8, 0.5, 10, 3.5 ], "texture": "#texture" },
				"east": { "uv": [ 0, 0, 2, 3 ], "texture": "#texture" }
			}
		},
		{
			"__comment": "Hat71",
			"from": [ 2, 1, 11 ],
			"to": [ 3, 2, 13 ],
			"faces": {
				"down": { "uv": [ 1, 7, 2, 9 ], "texture": "#texture" },
				"up": { "uv": [ 1.5, 1, 2.5, 3 ], "texture": "#texture" },
				"north": { "uv": [ 13.5, 0.5, 14.5, 3.5 ], "texture": "#texture" },
				"south": { "uv": [ 1, 0.5, 2, 3.5 ], "texture": "#texture" },
				"west": { "uv": [ 8, 0.5, 10, 3.5 ], "texture": "#texture" },
				"east": { "uv": [ 0, 0, 2, 3 ], "texture": "#texture" }
			}
		},
		{
			"__comment": "Hat72",
			"from": [ 3, 1, 12 ],
			"to": [ 5, 2, 13 ],
			"faces": {
				"down": { "uv": [ 1, 7, 2, 9 ], "texture": "#texture" },
				"up": { "uv": [ 1.5, 1, 2.5, 3 ], "texture": "#texture" },
				"north": { "uv": [ 13.5, 0.5, 14.5, 3.5 ], "texture": "#texture" },
				"south": { "uv": [ 1, 0.5, 2, 3.5 ], "texture": "#texture" },
				"west": { "uv": [ 8, 0.5, 10, 3.5 ], "texture": "#texture" },
				"east": { "uv": [ 0, 0, 2, 3 ], "texture": "#texture" }
			}
		},
		{
			"__comment": "Hat73",
			"from": [ 3, 1, 11 ],
			"to": [ 4, 3, 12 ],
			"faces": {
				"down": { "uv": [ 1, 7, 2, 9 ], "texture": "#texture" },
				"up": { "uv": [ 1, 7, 2, 9 ], "texture": "#texture" },
				"north": { "uv": [ 13.5, 5.5, 14.5, 8.5 ], "texture": "#texture" },
				"south": { "uv": [ 1, 6, 2, 9 ], "texture": "#texture" },
				"west": { "uv": [ 8, 5.5, 10, 8.5 ], "texture": "#texture" },
				"east": { "uv": [ 0, 4, 2, 7 ], "texture": "#texture" }
			}
		},
		{
			"__comment": "Hat74",
			"from": [ 3, 2, 10 ],
			"to": [ 4, 4, 11 ],
			"faces": {
				"down": { "uv": [ 1, 7, 2, 9 ], "texture": "#texture" },
				"up": { "uv": [ 1, 7, 2, 9 ], "texture": "#texture" },
				"north": { "uv": [ 13.5, 5.5, 14.5, 8.5 ], "texture": "#texture" },
				"south": { "uv": [ 1, 6, 2, 9 ], "texture": "#texture" },
				"west": { "uv": [ 8, 5.5, 10, 8.5 ], "texture": "#texture" },
				"east": { "uv": [ 0, 4, 2, 7 ], "texture": "#texture" }
			}
		},
		{
			"__comment": "Hat75",
			"from": [ 3, 4, 9 ],
			"to": [ 4, 6, 10 ],
			"faces": {
				"down": { "uv": [ 1, 7, 2, 9 ], "texture": "#texture" },
				"up": { "uv": [ 1, 7, 2, 9 ], "texture": "#texture" },
				"north": { "uv": [ 13.5, 5.5, 14.5, 8.5 ], "texture": "#texture" },
				"south": { "uv": [ 1, 6, 2, 9 ], "texture": "#texture" },
				"west": { "uv": [ 8, 5.5, 10, 8.5 ], "texture": "#texture" },
				"east": { "uv": [ 0, 4, 2, 7 ], "texture": "#texture" }
			}
		},
		{
			"__comment": "Hat76",
			"from": [ 4, 6, 9 ],
			"to": [ 5, 8, 10 ],
			"faces": {
				"down": { "uv": [ 1, 7, 2, 9 ], "texture": "#texture" },
				"up": { "uv": [ 1, 7, 2, 9 ], "texture": "#texture" },
				"north": { "uv": [ 13.5, 5.5, 14.5, 8.5 ], "texture": "#texture" },
				"south": { "uv": [ 1, 6, 2, 9 ], "texture": "#texture" },
				"west": { "uv": [ 8, 5.5, 10, 8.5 ], "texture": "#texture" },
				"east": { "uv": [ 0, 4, 2, 7 ], "texture": "#texture" }
			}
		},
		{
			"__comment": "Hat78",
			"from": [ 5, 8, 9 ],
			"to": [ 6, 10, 10 ],
			"faces": {
				"down": { "uv": [ 1, 7, 2, 9 ], "texture": "#texture" },
				"up": { "uv": [ 1, 7, 2, 9 ], "texture": "#texture" },
				"north": { "uv": [ 13.5, 5.5, 14.5, 8.5 ], "texture": "#texture" },
				"south": { "uv": [ 1, 6, 2, 9 ], "texture": "#texture" },
				"west": { "uv": [ 8, 5.5, 10, 8.5 ], "texture": "#texture" },
				"east": { "uv": [ 0, 4, 2, 7 ], "texture": "#texture" }
			}
		},
		{
			"__comment": "Hat77",
			"from": [ 6, 9, 9 ],
			"to": [ 7, 11, 10 ],
			"faces": {
				"down": { "uv": [ 1, 7, 2, 9 ], "texture": "#texture" },
				"up": { "uv": [ 1, 7, 2, 9 ], "texture": "#texture" },
				"north": { "uv": [ 13.5, 5.5, 14.5, 8.5 ], "texture": "#texture" },
				"south": { "uv": [ 1, 6, 2, 9 ], "texture": "#texture" },
				"west": { "uv": [ 8, 5.5, 10, 8.5 ], "texture": "#texture" },
				"east": { "uv": [ 0, 4, 2, 7 ], "texture": "#texture" }
			}
		},
		{
			"__comment": "Hat79",
			"from": [ 7, 9, 9 ],
			"to": [ 8, 11, 10 ],
			"faces": {
				"down": { "uv": [ 1, 7, 2, 9 ], "texture": "#texture" },
				"up": { "uv": [ 1, 7, 2, 9 ], "texture": "#texture" },
				"north": { "uv": [ 13.5, 5.5, 14.5, 8.5 ], "texture": "#texture" },
				"south": { "uv": [ 1, 6, 2, 9 ], "texture": "#texture" },
				"west": { "uv": [ 8, 5.5, 10, 8.5 ], "texture": "#texture" },
				"east": { "uv": [ 0, 4, 2, 7 ], "texture": "#texture" }
			}
		},
		{
			"__comment": "Hat80",
			"from": [ 8, 10, 9 ],
			"to": [ 9, 12, 10 ],
			"faces": {
				"down": { "uv": [ 1, 7, 2, 9 ], "texture": "#texture" },
				"up": { "uv": [ 1, 7, 2, 9 ], "texture": "#texture" },
				"north": { "uv": [ 13.5, 5.5, 14.5, 8.5 ], "texture": "#texture" },
				"south": { "uv": [ 1, 6, 2, 9 ], "texture": "#texture" },
				"west": { "uv": [ 8, 5.5, 10, 8.5 ], "texture": "#texture" },
				"east": { "uv": [ 0, 4, 2, 7 ], "texture": "#texture" }
			}
		},
		{
			"__comment": "Hat81",
			"from": [ 9, 10, 9 ],
			"to": [ 10, 12, 10 ],
			"faces": {
				"down": { "uv": [ 1, 7, 2, 9 ], "texture": "#texture" },
				"up": { "uv": [ 1, 7, 2, 9 ], "texture": "#texture" },
				"north": { "uv": [ 13.5, 5.5, 14.5, 8.5 ], "texture": "#texture" },
				"south": { "uv": [ 1, 6, 2, 9 ], "texture": "#texture" },
				"west": { "uv": [ 8, 5.5, 10, 8.5 ], "texture": "#texture" },
				"east": { "uv": [ 0, 4, 2, 7 ], "texture": "#texture" }
			}
		},
		{
			"__comment": "Hat82",
			"from": [ 10, 11, 9 ],
			"to": [ 13, 13, 10 ],
			"faces": {
				"down": { "uv": [ 1, 7, 2, 9 ], "texture": "#texture" },
				"up": { "uv": [ 1, 7, 2, 9 ], "texture": "#texture" },
				"north": { "uv": [ 13.5, 5.5, 14.5, 8.5 ], "texture": "#texture" },
				"south": { "uv": [ 1, 6, 2, 9 ], "texture": "#texture" },
				"west": { "uv": [ 8, 5.5, 10, 8.5 ], "texture": "#texture" },
				"east": { "uv": [ 0, 4, 2, 7 ], "texture": "#texture" }
			}
		},
		{
			"__comment": "Hat83",
			"from": [ 13, 10, 9 ],
			"to": [ 15, 12, 10 ],
			"faces": {
				"down": { "uv": [ 1, 7, 2, 9 ], "texture": "#texture" },
				"up": { "uv": [ 1, 7, 2, 9 ], "texture": "#texture" },
				"north": { "uv": [ 13.5, 5.5, 14.5, 8.5 ], "texture": "#texture" },
				"south": { "uv": [ 1, 6, 2, 9 ], "texture": "#texture" },
				"west": { "uv": [ 8, 5.5, 10, 8.5 ], "texture": "#texture" },
				"east": { "uv": [ 0, 4, 2, 7 ], "texture": "#texture" }
			}
		},
		{
			"__comment": "Hat84",
			"from": [ 2, 3, 9 ],
			"to": [ 3, 5, 10 ],
			"faces": {
				"down": { "uv": [ 1, 7, 2, 9 ], "texture": "#texture" },
				"up": { "uv": [ 1, 7, 2, 9 ], "texture": "#texture" },
				"north": { "uv": [ 13.5, 5.5, 14.5, 8.5 ], "texture": "#texture" },
				"south": { "uv": [ 1, 6, 2, 9 ], "texture": "#texture" },
				"west": { "uv": [ 8, 5.5, 10, 8.5 ], "texture": "#texture" },
				"east": { "uv": [ 0, 4, 2, 7 ], "texture": "#texture" }
			}
		},
		{
			"__comment": "Hat85",
			"from": [ 4, 4, 10 ],
			"to": [ 5, 6, 11 ],
			"faces": {
				"down": { "uv": [ 1, 7, 2, 9 ], "texture": "#texture" },
				"up": { "uv": [ 1, 7, 2, 9 ], "texture": "#texture" },
				"north": { "uv": [ 13.5, 5.5, 14.5, 8.5 ], "texture": "#texture" },
				"south": { "uv": [ 1, 6, 2, 9 ], "texture": "#texture" },
				"west": { "uv": [ 8, 5.5, 10, 8.5 ], "texture": "#texture" },
				"east": { "uv": [ 0, 4, 2, 7 ], "texture": "#texture" }
			}
		},
		{
			"__comment": "Hat86",
			"from": [ 5, 6, 10 ],
			"to": [ 8, 8, 11 ],
			"faces": {
				"down": { "uv": [ 1, 7, 2, 9 ], "texture": "#texture" },
				"up": { "uv": [ 1, 7, 2, 9 ], "texture": "#texture" },
				"north": { "uv": [ 13.5, 5.5, 14.5, 8.5 ], "texture": "#texture" },
				"south": { "uv": [ 1, 6, 2, 9 ], "texture": "#texture" },
				"west": { "uv": [ 8, 5.5, 10, 8.5 ], "texture": "#texture" },
				"east": { "uv": [ 0, 4, 2, 7 ], "texture": "#texture" }
			}
		},
		{
			"__comment": "Hat87",
			"from": [ 6, 8, 10 ],
			"to": [ 8, 9, 11 ],
			"faces": {
				"down": { "uv": [ 1, 7, 2, 9 ], "texture": "#texture" },
				"up": { "uv": [ 1, 7, 2, 9 ], "texture": "#texture" },
				"north": { "uv": [ 13.5, 5.5, 14.5, 8.5 ], "texture": "#texture" },
				"south": { "uv": [ 1, 6, 2, 9 ], "texture": "#texture" },
				"west": { "uv": [ 8, 5.5, 10, 8.5 ], "texture": "#texture" },
				"east": { "uv": [ 0, 4, 2, 7 ], "texture": "#texture" }
			}
		},
		{
			"__comment": "Hat88",
			"from": [ 8, 7, 5 ],
			"to": [ 10, 10, 6 ],
			"faces": {
				"down": { "uv": [ 1, 7, 2, 9 ], "texture": "#texture" },
				"up": { "uv": [ 1, 7, 2, 9 ], "texture": "#texture" },
				"north": { "uv": [ 13.5, 5.5, 14.5, 8.5 ], "texture": "#texture" },
				"south": { "uv": [ 1, 6, 2, 9 ], "texture": "#texture" },
				"west": { "uv": [ 8, 5.5, 10, 8.5 ], "texture": "#texture" },
				"east": { "uv": [ 0, 4, 2, 7 ], "texture": "#texture" }
			}
		},
		{
			"__comment": "Hat89",
			"from": [ 10, 9, 10 ],
			"to": [ 11, 11, 11 ],
			"faces": {
				"down": { "uv": [ 1, 7, 2, 9 ], "texture": "#texture" },
				"up": { "uv": [ 1, 7, 2, 9 ], "texture": "#texture" },
				"north": { "uv": [ 13.5, 5.5, 14.5, 8.5 ], "texture": "#texture" },
				"south": { "uv": [ 1, 6, 2, 9 ], "texture": "#texture" },
				"west": { "uv": [ 8, 5.5, 10, 8.5 ], "texture": "#texture" },
				"east": { "uv": [ 0, 4, 2, 7 ], "texture": "#texture" }
			}
		},
		{
			"__comment": "Hat90",
			"from": [ 11, 6, 10 ],
			"to": [ 12, 11, 11 ],
			"faces": {
				"down": { "uv": [ 1, 7, 2, 9 ], "texture": "#texture" },
				"up": { "uv": [ 1, 7, 2, 9 ], "texture": "#texture" },
				"north": { "uv": [ 13.5, 5.5, 14.5, 8.5 ], "texture": "#texture" },
				"south": { "uv": [ 1, 6, 2, 9 ], "texture": "#texture" },
				"west": { "uv": [ 8, 5.5, 10, 8.5 ], "texture": "#texture" },
				"east": { "uv": [ 0, 4, 2, 7 ], "texture": "#texture" }
			}
		},
		{
			"__comment": "Hat91",
			"from": [ 12, 2, 10 ],
			"to": [ 13, 11, 11 ],
			"faces": {
				"down": { "uv": [ 1, 7, 2, 9 ], "texture": "#texture" },
				"up": { "uv": [ 1, 7, 2, 9 ], "texture": "#texture" },
				"north": { "uv": [ 13.5, 5.5, 14.5, 8.5 ], "texture": "#texture" },
				"south": { "uv": [ 1, 6, 2, 9 ], "texture": "#texture" },
				"west": { "uv": [ 8, 5.5, 10, 8.5 ], "texture": "#texture" },
				"east": { "uv": [ 0, 4, 2, 7 ], "texture": "#texture" }
			}
		},
		{
			"__comment": "Hat92",
			"from": [ 13, 9, 10 ],
			"to": [ 14, 10, 11 ],
			"faces": {
				"down": { "uv": [ 1, 7, 2, 9 ], "texture": "#texture" },
				"up": { "uv": [ 1, 7, 2, 9 ], "texture": "#texture" },
				"north": { "uv": [ 13.5, 5.5, 14.5, 8.5 ], "texture": "#texture" },
				"south": { "uv": [ 1, 6, 2, 9 ], "texture": "#texture" },
				"west": { "uv": [ 8, 5.5, 10, 8.5 ], "texture": "#texture" },
				"east": { "uv": [ 0, 4, 2, 7 ], "texture": "#texture" }
			}
		},
		{
			"__comment": "Hat93",
			"from": [ 13, 9, 9 ],
			"to": [ 15, 10, 10 ],
			"faces": {
				"down": { "uv": [ 1, 7, 2, 9 ], "texture": "#texture" },
				"up": { "uv": [ 1, 7, 2, 9 ], "texture": "#texture" },
				"north": { "uv": [ 13.5, 5.5, 14.5, 8.5 ], "texture": "#texture" },
				"south": { "uv": [ 1, 6, 2, 9 ], "texture": "#texture" },
				"west": { "uv": [ 8, 5.5, 10, 8.5 ], "texture": "#texture" },
				"east": { "uv": [ 0, 4, 2, 7 ], "texture": "#texture" }
			}
		},
		{
			"__comment": "Hat94",
			"from": [ 15, 9, 9 ],
			"to": [ 16, 11, 10 ],
			"faces": {
				"down": { "uv": [ 1, 7, 2, 9 ], "texture": "#texture" },
				"up": { "uv": [ 1, 7, 2, 9 ], "texture": "#texture" },
				"north": { "uv": [ 13.5, 5.5, 14.5, 8.5 ], "texture": "#texture" },
				"south": { "uv": [ 1, 6, 2, 9 ], "texture": "#texture" },
				"west": { "uv": [ 8, 5.5, 10, 8.5 ], "texture": "#texture" },
				"east": { "uv": [ 0, 4, 2, 7 ], "texture": "#texture" }
			}
		},
		{
			"__comment": "Hat95",
			"from": [ 16, 8, 9 ],
			"to": [ 17, 10, 10 ],
			"faces": {
				"down": { "uv": [ 1, 7, 2, 9 ], "texture": "#texture" },
				"up": { "uv": [ 1, 7, 2, 9 ], "texture": "#texture" },
				"north": { "uv": [ 13.5, 5.5, 14.5, 8.5 ], "texture": "#texture" },
				"south": { "uv": [ 1, 6, 2, 9 ], "texture": "#texture" },
				"west": { "uv": [ 8, 5.5, 10, 8.5 ], "texture": "#texture" },
				"east": { "uv": [ 0, 4, 2, 7 ], "texture": "#texture" }
			}
		},
		{
			"__comment": "Hat96",
			"from": [ 15, 8, 9 ],
			"to": [ 16, 9, 10 ],
			"faces": {
				"down": { "uv": [ 1, 7, 2, 9 ], "texture": "#texture" },
				"up": { "uv": [ 1, 7, 2, 9 ], "texture": "#texture" },
				"north": { "uv": [ 13.5, 5.5, 14.5, 8.5 ], "texture": "#texture" },
				"south": { "uv": [ 1, 6, 2, 9 ], "texture": "#texture" },
				"west": { "uv": [ 8, 5.5, 10, 8.5 ], "texture": "#texture" },
				"east": { "uv": [ 0, 4, 2, 7 ], "texture": "#texture" }
			}
		},
		{
			"__comment": "Hat97",
			"from": [ 4, 1, 11 ],
			"to": [ 5, 4, 12 ],
			"faces": {
				"down": { "uv": [ 1, 7, 2, 9 ], "texture": "#texture" },
				"up": { "uv": [ 1, 7, 2, 9 ], "texture": "#texture" },
				"north": { "uv": [ 13.5, 5.5, 14.5, 8.5 ], "texture": "#texture" },
				"south": { "uv": [ 1, 6, 2, 9 ], "texture": "#texture" },
				"west": { "uv": [ 8, 5.5, 10, 8.5 ], "texture": "#texture" },
				"east": { "uv": [ 0, 4, 2, 7 ], "texture": "#texture" }
			}
		},
		{
			"__comment": "Hat98",
			"from": [ 5, 1, 11 ],
			"to": [ 6, 6, 12 ],
			"faces": {
				"down": { "uv": [ 1, 7, 2, 9 ], "texture": "#texture" },
				"up": { "uv": [ 1, 7, 2, 9 ], "texture": "#texture" },
				"north": { "uv": [ 13.5, 5.5, 14.5, 8.5 ], "texture": "#texture" },
				"south": { "uv": [ 1, 6, 2, 9 ], "texture": "#texture" },
				"west": { "uv": [ 8, 5.5, 10, 8.5 ], "texture": "#texture" },
				"east": { "uv": [ 0, 4, 2, 7 ], "texture": "#texture" }
			}
		},
		{
			"__comment": "Hat99",
			"from": [ 7, 1, 11 ],
			"to": [ 11, 7, 12 ],
			"faces": {
				"down": { "uv": [ 1, 7, 2, 9 ], "texture": "#texture" },
				"up": { "uv": [ 1, 7, 2, 9 ], "texture": "#texture" },
				"north": { "uv": [ 13.5, 5.5, 14.5, 8.5 ], "texture": "#texture" },
				"south": { "uv": [ 1, 6, 2, 9 ], "texture": "#texture" },
				"west": { "uv": [ 8, 5.5, 10, 8.5 ], "texture": "#texture" },
				"east": { "uv": [ 0, 4, 2, 7 ], "texture": "#texture" }
			}
		},
		{
			"__comment": "Hat100",
			"from": [ 11, 2, 11 ],
			"to": [ 12, 6, 12 ],
			"faces": {
				"down": { "uv": [ 1, 7, 2, 9 ], "texture": "#texture" },
				"up": { "uv": [ 1, 7, 2, 9 ], "texture": "#texture" },
				"north": { "uv": [ 13.5, 5.5, 14.5, 8.5 ], "texture": "#texture" },
				"south": { "uv": [ 1, 6, 2, 9 ], "texture": "#texture" },
				"west": { "uv": [ 8, 5.5, 10, 8.5 ], "texture": "#texture" },
				"east": { "uv": [ 0, 4, 2, 7 ], "texture": "#texture" }
			}
		},
		{
			"__comment": "Hat101",
			"from": [ 12, 2, 11 ],
			"to": [ 13, 4, 12 ],
			"faces": {
				"down": { "uv": [ 1, 7, 2, 9 ], "texture": "#texture" },
				"up": { "uv": [ 1, 7, 2, 9 ], "texture": "#texture" },
				"north": { "uv": [ 13.5, 5.5, 14.5, 8.5 ], "texture": "#texture" },
				"south": { "uv": [ 1, 6, 2, 9 ], "texture": "#texture" },
				"west": { "uv": [ 8, 5.5, 10, 8.5 ], "texture": "#texture" },
				"east": { "uv": [ 0, 4, 2, 7 ], "texture": "#texture" }
			}
		},
		{
			"__comment": "Hat102",
			"from": [ 13, 1, 10 ],
			"to": [ 14, 2, 13 ],
			"faces": {
				"down": { "uv": [ 1, 7, 2, 9 ], "texture": "#texture" },
				"up": { "uv": [ 1.5, 1, 2.5, 3 ], "texture": "#texture" },
				"north": { "uv": [ 13.5, 0.5, 14.5, 3.5 ], "texture": "#texture" },
				"south": { "uv": [ 1, 0.5, 2, 3.5 ], "texture": "#texture" },
				"west": { "uv": [ 8, 0.5, 10, 3.5 ], "texture": "#texture" },
				"east": { "uv": [ 0, 0, 2, 3 ], "texture": "#texture" }
			}
		},
		{
			"__comment": "Hat103",
			"from": [ 8, 7, 10 ],
			"to": [ 10, 10, 11 ],
			"faces": {
				"down": { "uv": [ 1, 7, 2, 9 ], "texture": "#texture" },
				"up": { "uv": [ 1, 7, 2, 9 ], "texture": "#texture" },
				"north": { "uv": [ 13.5, 5.5, 14.5, 8.5 ], "texture": "#texture" },
				"south": { "uv": [ 1, 6, 2, 9 ], "texture": "#texture" },
				"west": { "uv": [ 8, 5.5, 10, 8.5 ], "texture": "#texture" },
				"east": { "uv": [ 0, 4, 2, 7 ], "texture": "#texture" }
			}
		},
		{
			"__comment": "Hat104",
			"from": [ 10, 7, 10 ],
			"to": [ 11, 9, 11 ],
			"faces": {
				"down": { "uv": [ 1, 7, 2, 9 ], "texture": "#texture" },
				"up": { "uv": [ 1, 7, 2, 9 ], "texture": "#texture" },
				"north": { "uv": [ 13.5, 5.5, 14.5, 8.5 ], "texture": "#texture" },
				"south": { "uv": [ 1, 6, 2, 9 ], "texture": "#texture" },
				"west": { "uv": [ 8, 5.5, 10, 8.5 ], "texture": "#texture" },
				"east": { "uv": [ 0, 4, 2, 7 ], "texture": "#texture" }
			}
		},
		{
			"__comment": "Hat105",
			"from": [ 4, 1, 12 ],
			"to": [ 7, 4, 13 ],
			"faces": {
				"down": { "uv": [ 1, 7, 2, 9 ], "texture": "#texture" },
				"up": { "uv": [ 1, 7, 2, 9 ], "texture": "#texture" },
				"north": { "uv": [ 13.5, 5.5, 14.5, 8.5 ], "texture": "#texture" },
				"south": { "uv": [ 1, 6, 2, 9 ], "texture": "#texture" },
				"west": { "uv": [ 8, 5.5, 10, 8.5 ], "texture": "#texture" },
				"east": { "uv": [ 0, 4, 2, 7 ], "texture": "#texture" }
			}
		},
		{
			"__comment": "Hat107",
			"from": [ 7, 1, 12 ],
			"to": [ 10, 6, 13 ],
			"faces": {
				"down": { "uv": [ 1, 7, 2, 9 ], "texture": "#texture" },
				"up": { "uv": [ 1, 7, 2, 9 ], "texture": "#texture" },
				"north": { "uv": [ 13.5, 5.5, 14.5, 8.5 ], "texture": "#texture" },
				"south": { "uv": [ 1, 6, 2, 9 ], "texture": "#texture" },
				"west": { "uv": [ 8, 5.5, 10, 8.5 ], "texture": "#texture" },
				"east": { "uv": [ 0, 4, 2, 7 ], "texture": "#texture" }
			}
		},
		{
			"__comment": "Hat106",
			"from": [ 10, 1, 12 ],
			"to": [ 11, 5, 13 ],
			"faces": {
				"down": { "uv": [ 1, 7, 2, 9 ], "texture": "#texture" },
				"up": { "uv": [ 1, 7, 2, 9 ], "texture": "#texture" },
				"north": { "uv": [ 13.5, 5.5, 14.5, 8.5 ], "texture": "#texture" },
				"south": { "uv": [ 1, 6, 2, 9 ], "texture": "#texture" },
				"west": { "uv": [ 8, 5.5, 10, 8.5 ], "texture": "#texture" },
				"east": { "uv": [ 0, 4, 2, 7 ], "texture": "#texture" }
			}
		},
		{
			"__comment": "Hat108",
			"from": [ 11, 2, 12 ],
			"to": [ 12, 4, 13 ],
			"faces": {
				"down": { "uv": [ 1, 7, 2, 9 ], "texture": "#texture" },
				"up": { "uv": [ 1, 7, 2, 9 ], "texture": "#texture" },
				"north": { "uv": [ 13.5, 5.5, 14.5, 8.5 ], "texture": "#texture" },
				"south": { "uv": [ 1, 6, 2, 9 ], "texture": "#texture" },
				"west": { "uv": [ 8, 5.5, 10, 8.5 ], "texture": "#texture" },
				"east": { "uv": [ 0, 4, 2, 7 ], "texture": "#texture" }
			}
		},
		{
			"__comment": "Hat109",
			"from": [ 12, 1, 12 ],
			"to": [ 13, 2, 13 ],
			"faces": {
				"down": { "uv": [ 1, 7, 2, 9 ], "texture": "#texture" },
				"up": { "uv": [ 1.5, 1, 2.5, 3 ], "texture": "#texture" },
				"north": { "uv": [ 13.5, 0.5, 14.5, 3.5 ], "texture": "#texture" },
				"south": { "uv": [ 1, 0.5, 2, 3.5 ], "texture": "#texture" },
				"west": { "uv": [ 8, 0.5, 10, 3.5 ], "texture": "#texture" },
				"east": { "uv": [ 0, 0, 2, 3 ], "texture": "#texture" }
			}
		},
		{
			"__comment": "Hat110",
			"from": [ 3, 1, 13 ],
			"to": [ 6, 2, 14 ],
			"faces": {
				"down": { "uv": [ 1, 7, 2, 9 ], "texture": "#texture" },
				"up": { "uv": [ 1.5, 1, 2.5, 3 ], "texture": "#texture" },
				"north": { "uv": [ 13.5, 0.5, 14.5, 3.5 ], "texture": "#texture" },
				"south": { "uv": [ 1, 0.5, 2, 3.5 ], "texture": "#texture" },
				"west": { "uv": [ 8, 0.5, 10, 3.5 ], "texture": "#texture" },
				"east": { "uv": [ 0, 0, 2, 3 ], "texture": "#texture" }
			}
		},
		{
			"__comment": "Hat111",
			"from": [ 7, 1, 13 ],
			"to": [ 10, 3, 14 ],
			"faces": {
				"down": { "uv": [ 1, 7, 2, 9 ], "texture": "#texture" },
				"up": { "uv": [ 1, 7, 2, 9 ], "texture": "#texture" },
				"north": { "uv": [ 13.5, 5.5, 14.5, 8.5 ], "texture": "#texture" },
				"south": { "uv": [ 1, 6, 2, 9 ], "texture": "#texture" },
				"west": { "uv": [ 8, 5.5, 10, 8.5 ], "texture": "#texture" },
				"east": { "uv": [ 0, 4, 2, 7 ], "texture": "#texture" }
			}
		},
		{
			"__comment": "Hat112",
			"from": [ 10, 1, 13 ],
			"to": [ 13, 2, 14 ],
			"faces": {
				"down": { "uv": [ 1, 7, 2, 9 ], "texture": "#texture" },
				"up": { "uv": [ 1.5, 1, 2.5, 3 ], "texture": "#texture" },
				"north": { "uv": [ 13.5, 0.5, 14.5, 3.5 ], "texture": "#texture" },
				"south": { "uv": [ 1, 0.5, 2, 3.5 ], "texture": "#texture" },
				"west": { "uv": [ 8, 0.5, 10, 3.5 ], "texture": "#texture" },
				"east": { "uv": [ 0, 0, 2, 3 ], "texture": "#texture" }
			}
		},
		{
			"__comment": "Hat113",
			"from": [ 6, 1, 14 ],
			"to": [ 10, 2, 15 ],
			"faces": {
				"down": { "uv": [ 1, 7, 2, 9 ], "texture": "#texture" },
				"up": { "uv": [ 1.5, 1, 2.5, 3 ], "texture": "#texture" },
				"north": { "uv": [ 13.5, 0.5, 14.5, 3.5 ], "texture": "#texture" },
				"south": { "uv": [ 1, 0.5, 2, 3.5 ], "texture": "#texture" },
				"west": { "uv": [ 8, 0.5, 10, 3.5 ], "texture": "#texture" },
				"east": { "uv": [ 0, 0, 2, 3 ], "texture": "#texture" }
			}
		},
		{
			"__comment": "Hat114",
			"from": [ 13, 2, 9 ],
			"to": [ 14, 4, 10 ],
			"faces": {
				"down": { "uv": [ 1, 7, 2, 9 ], "texture": "#texture" },
				"up": { "uv": [ 1, 7, 2, 9 ], "texture": "#texture" },
				"north": { "uv": [ 13.5, 5.5, 14.5, 8.5 ], "texture": "#texture" },
				"south": { "uv": [ 1, 6, 2, 9 ], "texture": "#texture" },
				"west": { "uv": [ 8, 5.5, 10, 8.5 ], "texture": "#texture" },
				"east": { "uv": [ 0, 4, 2, 7 ], "texture": "#texture" }
			}
		},
		{
			"__comment": "Hat115",
			"from": [ 12, 2, 9 ],
			"to": [ 13, 10, 10 ],
			"faces": {
				"down": { "uv": [ 1, 7, 2, 9 ], "texture": "#texture" },
				"up": { "uv": [ 1, 7, 2, 9 ], "texture": "#texture" },
				"north": { "uv": [ 13.5, 5.5, 14.5, 8.5 ], "texture": "#texture" },
				"south": { "uv": [ 1, 6, 2, 9 ], "texture": "#texture" },
				"west": { "uv": [ 8, 5.5, 10, 8.5 ], "texture": "#texture" },
				"east": { "uv": [ 0, 4, 2, 7 ], "texture": "#texture" }
			}
		},
		{
			"__comment": "Ears",
			"from": [ 6, 7, 1 ],
			"to": [ 7, 8, 4 ],
			"faces": {
				"down": { "uv": [ 6, 11, 7, 12 ], "texture": "#texture" },
				"up": { "uv": [ 4.5, 12.5, 5.5, 13.5 ], "texture": "#texture" },
				"north": { "uv": [ 7, 12.5, 8, 13.5 ], "texture": "#texture" },
				"south": { "uv": [ 6, 12, 7, 13 ], "texture": "#texture" },
				"west": { "uv": [ 5, 11.5, 6, 12.5 ], "texture": "#texture" },
				"east": { "uv": [ 0.5, 11, 1.5, 12 ], "texture": "#texture" }
			}
		},
		{
			"__comment": "Ears1",
			"from": [ 6, 6, 0 ],
			"to": [ 7, 7, 1 ],
			"faces": {
				"down": { "uv": [ 6, 11, 7, 12 ], "texture": "#texture" },
				"up": { "uv": [ 4.5, 12.5, 5.5, 13.5 ], "texture": "#texture" },
				"north": { "uv": [ 7, 12.5, 8, 13.5 ], "texture": "#texture" },
				"south": { "uv": [ 6, 12, 7, 13 ], "texture": "#texture" },
				"west": { "uv": [ 5, 11.5, 6, 12.5 ], "texture": "#texture" },
				"east": { "uv": [ 0.5, 11, 1.5, 12 ], "texture": "#texture" }
			}
		},
		{
			"__comment": "Ears2",
			"from": [ 6, 3, -1 ],
			"to": [ 7, 6, 0 ],
			"faces": {
				"down": { "uv": [ 6, 11, 7, 12 ], "texture": "#texture" },
				"up": { "uv": [ 4.5, 12.5, 5.5, 13.5 ], "texture": "#texture" },
				"north": { "uv": [ 7, 12.5, 8, 13.5 ], "texture": "#texture" },
				"south": { "uv": [ 6, 12, 7, 13 ], "texture": "#texture" },
				"west": { "uv": [ 5, 11.5, 6, 12.5 ], "texture": "#texture" },
				"east": { "uv": [ 0.5, 11, 1.5, 12 ], "texture": "#texture" }
			}
		},
		{
			"__comment": "Ears3",
			"from": [ 6, 2, 0 ],
			"to": [ 7, 3, 3 ],
			"faces": {
				"down": { "uv": [ 6, 11, 7, 12 ], "texture": "#texture" },
				"up": { "uv": [ 4.5, 12.5, 5.5, 13.5 ], "texture": "#texture" },
				"north": { "uv": [ 7, 12.5, 8, 13.5 ], "texture": "#texture" },
				"south": { "uv": [ 6, 12, 7, 13 ], "texture": "#texture" },
				"west": { "uv": [ 5, 11.5, 6, 12.5 ], "texture": "#texture" },
				"east": { "uv": [ 0.5, 11, 1.5, 12 ], "texture": "#texture" }
			}
		},
		{
			"__comment": "Ears4",
			"from": [ 6, 4, 0 ],
			"to": [ 7, 6, 5 ],
			"faces": {
				"down": { "uv": [ 6, 11, 7, 12 ], "texture": "#texture" },
				"up": { "uv": [ 4.5, 12.5, 5.5, 13.5 ], "texture": "#texture" },
				"north": { "uv": [ 7, 12.5, 8, 13.5 ], "texture": "#texture" },
				"south": { "uv": [ 6, 12, 7, 13 ], "texture": "#texture" },
				"west": { "uv": [ 5, 11.5, 6, 12.5 ], "texture": "#texture" },
				"east": { "uv": [ 0.5, 11, 1.5, 12 ], "texture": "#texture" }
			}
		},
		{
			"__comment": "Ears5",
			"from": [ 6, 6, 1 ],
			"to": [ 7, 7, 4 ],
			"faces": {
				"down": { "uv": [ 6, 11, 7, 12 ], "texture": "#texture" },
				"up": { "uv": [ 4.5, 12.5, 5.5, 13.5 ], "texture": "#texture" },
				"north": { "uv": [ 7, 12.5, 8, 13.5 ], "texture": "#texture" },
				"south": { "uv": [ 6, 12, 7, 13 ], "texture": "#texture" },
				"west": { "uv": [ 5, 11.5, 6, 12.5 ], "texture": "#texture" },
				"east": { "uv": [ 0.5, 11, 1.5, 12 ], "texture": "#texture" }
			}
		},
		{
			"__comment": "Ears6",
			"from": [ 6, 3, 0 ],
			"to": [ 7, 4, 5 ],
			"faces": {
				"down": { "uv": [ 6, 11, 7, 12 ], "texture": "#texture" },
				"up": { "uv": [ 4.5, 12.5, 5.5, 13.5 ], "texture": "#texture" },
				"north": { "uv": [ 7, 12.5, 8, 13.5 ], "texture": "#texture" },
				"south": { "uv": [ 6, 12, 7, 13 ], "texture": "#texture" },
				"west": { "uv": [ 5, 11.5, 6, 12.5 ], "texture": "#texture" },
				"east": { "uv": [ 0.5, 11, 1.5, 12 ], "texture": "#texture" }
			}
		},
		{
			"__comment": "Ears7",
			"from": [ 6, 6, 11 ],
			"to": [ 7, 7, 12 ],
			"faces": {
				"down": { "uv": [ 6, 11, 7, 12 ], "texture": "#texture" },
				"up": { "uv": [ 4.5, 12.5, 5.5, 13.5 ], "texture": "#texture" },
				"north": { "uv": [ 7, 12.5, 8, 13.5 ], "texture": "#texture" },
				"south": { "uv": [ 6, 12, 7, 13 ], "texture": "#texture" },
				"west": { "uv": [ 5, 11.5, 6, 12.5 ], "texture": "#texture" },
				"east": { "uv": [ 0.5, 11, 1.5, 12 ], "texture": "#texture" }
			}
		},
		{
			"__comment": "Ears8",
			"from": [ 6, 7, 12 ],
			"to": [ 7, 8, 15 ],
			"faces": {
				"down": { "uv": [ 6, 11, 7, 12 ], "texture": "#texture" },
				"up": { "uv": [ 4.5, 12.5, 5.5, 13.5 ], "texture": "#texture" },
				"north": { "uv": [ 7, 12.5, 8, 13.5 ], "texture": "#texture" },
				"south": { "uv": [ 6, 12, 7, 13 ], "texture": "#texture" },
				"west": { "uv": [ 5, 11.5, 6, 12.5 ], "texture": "#texture" },
				"east": { "uv": [ 0.5, 11, 1.5, 12 ], "texture": "#texture" }
			}
		},
		{
			"__comment": "Ears9",
			"from": [ 6, 6, 15 ],
			"to": [ 7, 7, 16 ],
			"faces": {
				"down": { "uv": [ 6, 11, 7, 12 ], "texture": "#texture" },
				"up": { "uv": [ 4.5, 12.5, 5.5, 13.5 ], "texture": "#texture" },
				"north": { "uv": [ 7, 12.5, 8, 13.5 ], "texture": "#texture" },
				"south": { "uv": [ 6, 12, 7, 13 ], "texture": "#texture" },
				"west": { "uv": [ 5, 11.5, 6, 12.5 ], "texture": "#texture" },
				"east": { "uv": [ 0.5, 11, 1.5, 12 ], "texture": "#texture" }
			}
		},
		{
			"__comment": "Ears10",
			"from": [ 6, 3, 16 ],
			"to": [ 7, 6, 17 ],
			"faces": {
				"down": { "uv": [ 6, 11, 7, 12 ], "texture": "#texture" },
				"up": { "uv": [ 4.5, 12.5, 5.5, 13.5 ], "texture": "#texture" },
				"north": { "uv": [ 7, 12.5, 8, 13.5 ], "texture": "#texture" },
				"south": { "uv": [ 6, 12, 7, 13 ], "texture": "#texture" },
				"west": { "uv": [ 5, 11.5, 6, 12.5 ], "texture": "#texture" },
				"east": { "uv": [ 0.5, 11, 1.5, 12 ], "texture": "#texture" }
			}
		},
		{
			"__comment": "Ears11",
			"from": [ 6, 2, 13 ],
			"to": [ 7, 3, 16 ],
			"faces": {
				"down": { "uv": [ 6, 11, 7, 12 ], "texture": "#texture" },
				"up": { "uv": [ 4.5, 12.5, 5.5, 13.5 ], "texture": "#texture" },
				"north": { "uv": [ 7, 12.5, 8, 13.5 ], "texture": "#texture" },
				"south": { "uv": [ 6, 12, 7, 13 ], "texture": "#texture" },
				"west": { "uv": [ 5, 11.5, 6, 12.5 ], "texture": "#texture" },
				"east": { "uv": [ 0.5, 11, 1.5, 12 ], "texture": "#texture" }
			}
		},
		{
			"__comment": "Ears12",
			"from": [ 6, 3, 12 ],
			"to": [ 7, 6, 16 ],
			"faces": {
				"down": { "uv": [ 6, 11, 7, 12 ], "texture": "#texture" },
				"up": { "uv": [ 4.5, 12.5, 5.5, 13.5 ], "texture": "#texture" },
				"north": { "uv": [ 7, 12.5, 8, 13.5 ], "texture": "#texture" },
				"south": { "uv": [ 6, 12, 7, 13 ], "texture": "#texture" },
				"west": { "uv": [ 5, 11.5, 6, 12.5 ], "texture": "#texture" },
				"east": { "uv": [ 0.5, 11, 1.5, 12 ], "texture": "#texture" }
			}
		},
		{
			"__comment": "Ears13",
			"from": [ 6, 6, 12 ],
			"to": [ 7, 7, 15 ],
			"faces": {
				"down": { "uv": [ 6, 11, 7, 12 ], "texture": "#texture" },
				"up": { "uv": [ 4.5, 12.5, 5.5, 13.5 ], "texture": "#texture" },
				"north": { "uv": [ 7, 12.5, 8, 13.5 ], "texture": "#texture" },
				"south": { "uv": [ 6, 12, 7, 13 ], "texture": "#texture" },
				"west": { "uv": [ 5, 11.5, 6, 12.5 ], "texture": "#texture" },
				"east": { "uv": [ 0.5, 11, 1.5, 12 ], "texture": "#texture" }
			}
		},
		{
			"__comment": "Ears14",
			"from": [ 6, 6, 4 ],
			"to": [ 7, 7, 5 ],
			"faces": {
				"down": { "uv": [ 6, 11, 7, 12 ], "texture": "#texture" },
				"up": { "uv": [ 4.5, 12.5, 5.5, 13.5 ], "texture": "#texture" },
				"north": { "uv": [ 7, 12.5, 8, 13.5 ], "texture": "#texture" },
				"south": { "uv": [ 6, 12, 7, 13 ], "texture": "#texture" },
				"west": { "uv": [ 5, 11.5, 6, 12.5 ], "texture": "#texture" },
				"east": { "uv": [ 0.5, 11, 1.5, 12 ], "texture": "#texture" }
			}
		},
		{
			"__comment": "Hat68",
			"from": [ 1, 2, 9 ],
			"to": [ 2, 3, 10 ],
			"faces": {
				"down": { "uv": [ 1, 7, 2, 9 ], "texture": "#texture" },
				"up": { "uv": [ 1, 7, 2, 9 ], "texture": "#texture" },
				"north": { "uv": [ 13.5, 5.5, 14.5, 8.5 ], "texture": "#texture" },
				"south": { "uv": [ 1, 6, 2, 9 ], "texture": "#texture" },
				"west": { "uv": [ 8, 5.5, 10, 8.5 ], "texture": "#texture" },
				"east": { "uv": [ 0, 4, 2, 7 ], "texture": "#texture" }
			}
		},
		{
			"__comment": "Hat70",
			"from": [ 2, 2, 10 ],
			"to": [ 3, 3, 11 ],
			"faces": {
				"down": { "uv": [ 1, 7, 2, 9 ], "texture": "#texture" },
				"up": { "uv": [ 1, 7, 2, 9 ], "texture": "#texture" },
				"north": { "uv": [ 13.5, 5.5, 14.5, 8.5 ], "texture": "#texture" },
				"south": { "uv": [ 1, 6, 2, 9 ], "texture": "#texture" },
				"west": { "uv": [ 8, 5.5, 10, 8.5 ], "texture": "#texture" },
				"east": { "uv": [ 0, 4, 2, 7 ], "texture": "#texture" }
			}
		},
		{
			"__comment": "Hat69",
			"from": [ 2, 2, 5 ],
			"to": [ 3, 3, 6 ],
			"faces": {
				"down": { "uv": [ 1, 7, 2, 9 ], "texture": "#texture" },
				"up": { "uv": [ 1, 7, 2, 9 ], "texture": "#texture" },
				"north": { "uv": [ 13.5, 5.5, 14.5, 8.5 ], "texture": "#texture" },
				"south": { "uv": [ 1, 6, 2, 9 ], "texture": "#texture" },
				"west": { "uv": [ 8, 5.5, 10, 8.5 ], "texture": "#texture" },
				"east": { "uv": [ 0, 4, 2, 7 ], "texture": "#texture" }
			}
		}
	],
	"display": {
		"thirdperson_righthand": {
			"rotation":  [ 0, -44, 0 ],
			"translation":  [ -2.78, 2.086, 0 ],
			"scale":  [ 0.547, 0.486, 0.408 ]
		},
		"thirdperson_lefthand": {
			"rotation":  [ 0, 144, 0 ],
			"translation":  [ -2.782, 2.0869, 0 ],
			"scale":  [ 0.5478, 0.4869, 0.4086 ]
		},
		"firstperson_righthand": {
			"rotation":  [ -19, -61, 5 ],
			"translation":  [ -1.391, -2.086, -0.695 ]
		},
		"firstperson_lefthand": {
			"rotation":  [ -19, 108, -3 ],
			"translation":  [ 0, -2.086, 0 ]
		},
		"gui": {
			"rotation":  [ 4, 32, 0 ],
			"translation":  [ -0.695, 1.3912, 0 ],
			"scale":  [ 0.7565, 1, 1 ]
		},
		"head": {
			"rotation":  [ 0, -90, 0 ],
			"translation":  [ 0, 13.02, 0 ],
			"scale":  [ 1.45, 0.9303, 1.2434 ]
		},
		"ground": {
			"rotation":  [ 0, 0, -17 ],
			"translation":  [ 0, 3.4782, 0 ],
			"scale":  [ 0.7565, 0.7565, 0.7217 ]
		},
		"fixed": {
			"translation":  [ -1.391, 1.3913, 2.0869 ],
			"scale":  [ 0.8608, 1, 1 ]
		}
	}
}