{
	"credit": "Made with Blockbench",
	"textures": {
		"1": "custom/orangebird",
		"4": "block/emerald_block",
		"12": "custom/star"
	},
	"elements": [
		{
			"name": "hexadecagon",
			"from": [14.20435, 4, 1.5],
			"to": [15.79565, 12, 2.5],
			"rotation": {"angle": -45, "axis": "z", "origin": [15, 8, 2]},
			"faces": {
				"north": {"uv": [0.725, 6.797, 1.225, 10.797], "texture": "#1"},
				"east": {"uv": [13.251, 6.072, 13.751, 10.072], "texture": "#1"},
				"south": {"uv": [0.687, 7.981, 1.187, 9.27], "texture": "#1"},
				"west": {"uv": [0.725, 6.797, 1.225, 10.797], "texture": "#1"},
				"up": {"uv": [1.111, 8.214, 0.611, 7.714], "texture": "#1"},
				"down": {"uv": [6.801, 3.857, 6.301, 4.357], "texture": "#1"}
			}
		},
		{
			"name": "hexadecagon",
			"from": [14.20435, 4, 1.5],
			"to": [15.79565, 12, 2.5],
			"rotation": {"angle": -22.5, "axis": "z", "origin": [15, 8, 2]},
			"faces": {
				"north": {"uv": [0.725, 6.797, 1.225, 10.797], "texture": "#1"},
				"east": {"uv": [13.251, 6.072, 13.751, 10.072], "texture": "#1"},
				"south": {"uv": [0.687, 7.981, 1.187, 9.27], "texture": "#1"},
				"west": {"uv": [0.725, 6.797, 1.225, 10.797], "texture": "#1"},
				"up": {"uv": [1.111, 8.214, 0.611, 7.714], "texture": "#1"},
				"down": {"uv": [6.801, 3.857, 6.301, 4.357], "texture": "#1"}
			}
		},
		{
			"name": "hexadecagon",
			"from": [14.20435, 4, 1.5],
			"to": [15.79565, 12, 2.5],
			"faces": {
				"north": {"uv": [0.725, 6.797, 1.225, 10.797], "texture": "#1"},
				"east": {"uv": [13.251, 6.072, 13.751, 10.072], "texture": "#1"},
				"south": {"uv": [0.687, 7.981, 1.187, 9.27], "texture": "#1"},
				"west": {"uv": [0.725, 6.797, 1.225, 10.797], "texture": "#1"},
				"up": {"uv": [1.111, 8.214, 0.611, 7.714], "texture": "#1"},
				"down": {"uv": [6.801, 3.857, 6.301, 4.357], "texture": "#1"}
			}
		},
		{
			"name": "hexadecagon",
			"from": [14.20435, 4, 1.5],
			"to": [15.79565, 12, 2.5],
			"rotation": {"angle": 22.5, "axis": "z", "origin": [15, 8, 2]},
			"faces": {
				"north": {"uv": [0.725, 6.797, 1.225, 10.797], "texture": "#1"},
				"east": {"uv": [13.251, 6.072, 13.751, 10.072], "texture": "#1"},
				"south": {"uv": [0.687, 7.981, 1.187, 9.27], "texture": "#1"},
				"west": {"uv": [0.725, 6.797, 1.225, 10.797], "texture": "#1"},
				"up": {"uv": [1.111, 8.214, 0.611, 7.714], "texture": "#1"},
				"down": {"uv": [6.801, 3.857, 6.301, 4.357], "texture": "#1"}
			}
		},
		{
			"name": "hexadecagon",
			"from": [14.20435, 4, 1.5],
			"to": [15.79565, 12, 2.5],
			"rotation": {"angle": 45, "axis": "z", "origin": [15, 8, 2]},
			"faces": {
				"north": {"uv": [0.725, 6.797, 1.225, 10.797], "texture": "#1"},
				"east": {"uv": [13.251, 6.072, 13.751, 10.072], "texture": "#1"},
				"south": {"uv": [0.687, 7.981, 1.187, 9.27], "texture": "#1"},
				"west": {"uv": [0.725, 6.797, 1.225, 10.797], "texture": "#1"},
				"up": {"uv": [1.111, 8.214, 0.611, 7.714], "texture": "#1"},
				"down": {"uv": [6.801, 3.857, 6.301, 4.357], "texture": "#1"}
			}
		},
		{
			"name": "hexadecagon",
			"from": [11, 7.20435, 1.5],
			"to": [19, 8.79565, 2.5],
			"rotation": {"angle": -22.5, "axis": "z", "origin": [15, 8, 2]},
			"faces": {
				"north": {"uv": [0.725, 6.797, 1.225, 10.797], "texture": "#1"},
				"east": {"uv": [13.251, 6.072, 13.751, 10.072], "texture": "#1"},
				"south": {"uv": [0.687, 7.981, 1.187, 9.27], "texture": "#1"},
				"west": {"uv": [0.725, 6.797, 1.225, 10.797], "texture": "#1"},
				"up": {"uv": [1.111, 8.214, 0.611, 7.714], "texture": "#1"},
				"down": {"uv": [6.801, 3.857, 6.301, 4.357], "texture": "#1"}
			}
		},
		{
			"name": "hexadecagon",
			"from": [11, 7.20435, 1.5],
			"to": [19, 8.79565, 2.5],
			"faces": {
				"north": {"uv": [0.725, 6.797, 1.225, 10.797], "texture": "#1"},
				"east": {"uv": [13.251, 6.072, 13.751, 10.072], "texture": "#1"},
				"south": {"uv": [0.687, 7.981, 1.187, 9.27], "texture": "#1"},
				"west": {"uv": [0.725, 6.797, 1.225, 10.797], "texture": "#1"},
				"up": {"uv": [1.111, 8.214, 0.611, 7.714], "texture": "#1"},
				"down": {"uv": [6.801, 3.857, 6.301, 4.357], "texture": "#1"}
			}
		},
		{
			"name": "hexadecagon",
			"from": [11, 7.20435, 1.5],
			"to": [19, 8.79565, 2.5],
			"rotation": {"angle": 22.5, "axis": "z", "origin": [15, 8, 2]},
			"faces": {
				"north": {"uv": [0.725, 6.797, 1.225, 10.797], "texture": "#1"},
				"east": {"uv": [13.251, 6.072, 13.751, 10.072], "texture": "#1"},
				"south": {"uv": [0.687, 7.981, 1.187, 9.27], "texture": "#1"},
				"west": {"uv": [0.725, 6.797, 1.225, 10.797], "texture": "#1"},
				"up": {"uv": [1.111, 8.214, 0.611, 7.714], "texture": "#1"},
				"down": {"uv": [6.801, 3.857, 6.301, 4.357], "texture": "#1"}
			}
		},
		{
			"name": "hexadecagon",
			"from": [10.95435, 4, 1.42],
			"to": [19.04565, 12, 1.42],
			"faces": {
				"north": {"uv": [0, 0, 15.966, 15.99], "texture": "#1"}
			}
		},
		{
			"name": "hexadecagon",
			"from": [1.20435, 4, 1.5],
			"to": [2.79565, 12, 2.5],
			"rotation": {"angle": 45, "axis": "z", "origin": [2, 8, 2]},
			"faces": {
				"north": {"uv": [1.225, 6.797, 0.725, 10.797], "texture": "#1"},
				"east": {"uv": [1.225, 6.797, 0.725, 10.797], "texture": "#1"},
				"south": {"uv": [1.187, 7.981, 0.687, 9.27], "texture": "#1"},
				"west": {"uv": [13.751, 6.072, 13.251, 10.072], "texture": "#1"},
				"up": {"uv": [0.611, 8.214, 1.111, 7.714], "texture": "#1"},
				"down": {"uv": [6.301, 3.857, 6.801, 4.357], "texture": "#1"}
			}
		},
		{
			"name": "hexadecagon",
			"from": [1.20435, 4, 1.5],
			"to": [2.79565, 12, 2.5],
			"rotation": {"angle": 22.5, "axis": "z", "origin": [2, 8, 2]},
			"faces": {
				"north": {"uv": [1.225, 6.797, 0.725, 10.797], "texture": "#1"},
				"east": {"uv": [1.225, 6.797, 0.725, 10.797], "texture": "#1"},
				"south": {"uv": [1.187, 7.981, 0.687, 9.27], "texture": "#1"},
				"west": {"uv": [13.751, 6.072, 13.251, 10.072], "texture": "#1"},
				"up": {"uv": [0.611, 8.214, 1.111, 7.714], "texture": "#1"},
				"down": {"uv": [6.301, 3.857, 6.801, 4.357], "texture": "#1"}
			}
		},
		{
			"name": "hexadecagon",
			"from": [1.20435, 4, 1.5],
			"to": [2.79565, 12, 2.5],
			"faces": {
				"north": {"uv": [1.225, 6.797, 0.725, 10.797], "texture": "#1"},
				"east": {"uv": [1.225, 6.797, 0.725, 10.797], "texture": "#1"},
				"south": {"uv": [1.187, 7.981, 0.687, 9.27], "texture": "#1"},
				"west": {"uv": [13.751, 6.072, 13.251, 10.072], "texture": "#1"},
				"up": {"uv": [0.611, 8.214, 1.111, 7.714], "texture": "#1"},
				"down": {"uv": [6.301, 3.857, 6.801, 4.357], "texture": "#1"}
			}
		},
		{
			"name": "hexadecagon",
			"from": [1.20435, 4, 1.5],
			"to": [2.79565, 12, 2.5],
			"rotation": {"angle": -22.5, "axis": "z", "origin": [2, 8, 2]},
			"faces": {
				"north": {"uv": [1.225, 6.797, 0.725, 10.797], "texture": "#1"},
				"east": {"uv": [1.225, 6.797, 0.725, 10.797], "texture": "#1"},
				"south": {"uv": [1.187, 7.981, 0.687, 9.27], "texture": "#1"},
				"west": {"uv": [13.751, 6.072, 13.251, 10.072], "texture": "#1"},
				"up": {"uv": [0.611, 8.214, 1.111, 7.714], "texture": "#1"},
				"down": {"uv": [6.301, 3.857, 6.801, 4.357], "texture": "#1"}
			}
		},
		{
			"name": "hexadecagon",
			"from": [1.20435, 4, 1.5],
			"to": [2.79565, 12, 2.5],
			"rotation": {"angle": -45, "axis": "z", "origin": [2, 8, 2]},
			"faces": {
				"north": {"uv": [1.225, 6.797, 0.725, 10.797], "texture": "#1"},
				"east": {"uv": [1.225, 6.797, 0.725, 10.797], "texture": "#1"},
				"south": {"uv": [1.187, 7.981, 0.687, 9.27], "texture": "#1"},
				"west": {"uv": [13.751, 6.072, 13.251, 10.072], "texture": "#1"},
				"up": {"uv": [0.611, 8.214, 1.111, 7.714], "texture": "#1"},
				"down": {"uv": [6.301, 3.857, 6.801, 4.357], "texture": "#1"}
			}
		},
		{
			"name": "hexadecagon",
			"from": [-2, 7.20435, 1.5],
			"to": [6, 8.79565, 2.5],
			"rotation": {"angle": 22.5, "axis": "z", "origin": [2, 8, 2]},
			"faces": {
				"north": {"uv": [1.225, 6.797, 0.725, 10.797], "texture": "#1"},
				"east": {"uv": [1.225, 6.797, 0.725, 10.797], "texture": "#1"},
				"south": {"uv": [1.187, 7.981, 0.687, 9.27], "texture": "#1"},
				"west": {"uv": [13.751, 6.072, 13.251, 10.072], "texture": "#1"},
				"up": {"uv": [0.611, 8.214, 1.111, 7.714], "texture": "#1"},
				"down": {"uv": [6.301, 3.857, 6.801, 4.357], "texture": "#1"}
			}
		},
		{
			"name": "hexadecagon",
			"from": [-2, 7.20435, 1.5],
			"to": [6, 8.79565, 2.5],
			"faces": {
				"north": {"uv": [1.225, 6.797, 0.725, 10.797], "texture": "#1"},
				"east": {"uv": [1.225, 6.797, 0.725, 10.797], "texture": "#1"},
				"south": {"uv": [1.187, 7.981, 0.687, 9.27], "texture": "#1"},
				"west": {"uv": [13.751, 6.072, 13.251, 10.072], "texture": "#1"},
				"up": {"uv": [0.611, 8.214, 1.111, 7.714], "texture": "#1"},
				"down": {"uv": [6.301, 3.857, 6.801, 4.357], "texture": "#1"}
			}
		},
		{
			"name": "hexadecagon",
			"from": [-2, 7.20435, 1.5],
			"to": [6, 8.79565, 2.5],
			"rotation": {"angle": -22.5, "axis": "z", "origin": [2, 8, 2]},
			"faces": {
				"north": {"uv": [1.225, 6.797, 0.725, 10.797], "texture": "#1"},
				"east": {"uv": [1.225, 6.797, 0.725, 10.797], "texture": "#1"},
				"south": {"uv": [1.187, 7.981, 0.687, 9.27], "texture": "#1"},
				"west": {"uv": [13.751, 6.072, 13.251, 10.072], "texture": "#1"},
				"up": {"uv": [0.611, 8.214, 1.111, 7.714], "texture": "#1"},
				"down": {"uv": [6.301, 3.857, 6.801, 4.357], "texture": "#1"}
			}
		},
		{
			"from": [8.68954, 10.68141, 0.87423],
			"to": [10.14282, 11.37898, 1.60087],
			"rotation": {"angle": -22.5, "axis": "z", "origin": [7.9629, 10.68141, 8.86726]},
			"faces": {
				"north": {"uv": [6.25, 2.5, 6.75, 3], "texture": "#4"},
				"east": {"uv": [5, 5, 6, 6], "texture": "#4"},
				"south": {"uv": [4.5, 2.5, 6.5, 4.5], "texture": "#4"},
				"west": {"uv": [7, 5, 8, 6], "texture": "#4"},
				"up": {"uv": [7, 5, 6, 4], "texture": "#4"},
				"down": {"uv": [8, 4, 7, 5], "texture": "#4"}
			}
		},
		{
			"from": [11.3866, 8.3081, 0.87334],
			"to": [12.11324, 10.48801, 1.59998],
			"rotation": {"angle": 22.5, "axis": "z", "origin": [12.83987, 7.58146, 8.86637]},
			"faces": {
				"north": {"uv": [6.25, 2.5, 6.75, 3], "texture": "#4"},
				"east": {"uv": [0, 8, 1, 10], "texture": "#4"},
				"south": {"uv": [4.5, 2.5, 6.5, 4.5], "texture": "#4"},
				"west": {"uv": [2, 8, 3, 10], "texture": "#4"},
				"up": {"uv": [2, 8, 1, 7], "texture": "#4"},
				"down": {"uv": [3, 7, 2, 8], "texture": "#4"}
			}
		},
		{
			"from": [10.70472, 10.497, 0.87546],
			"to": [11.43136, 11.76862, 1.6021],
			"rotation": {"angle": -22.5, "axis": "z", "origin": [8.52481, 10.67866, 8.86849]},
			"faces": {
				"north": {"uv": [6.25, 2.5, 6.75, 3], "texture": "#4"},
				"east": {"uv": [0, 11, 1, 12], "texture": "#4"},
				"south": {"uv": [4.5, 2.5, 6.5, 4.5], "texture": "#4"},
				"west": {"uv": [2, 11, 3, 12], "texture": "#4"},
				"up": {"uv": [2, 11, 1, 10], "texture": "#4"},
				"down": {"uv": [3, 10, 2, 11], "texture": "#4"}
			}
		},
		{
			"from": [12.38383, 7.24412, 0.87418],
			"to": [13.55291, 9.19491, 1.60082],
			"rotation": {"angle": 22.5, "axis": "z", "origin": [10.4647, 1.61267, 8.86721]},
			"faces": {
				"north": {"uv": [6.25, 2.5, 6.75, 3], "texture": "#4"},
				"east": {"uv": [5, 7, 6, 9], "texture": "#4"},
				"south": {"uv": [4.5, 2.5, 6.5, 4.5], "texture": "#4"},
				"west": {"uv": [7, 7, 8, 9], "texture": "#4"},
				"up": {"uv": [7, 7, 6, 6], "texture": "#4"},
				"down": {"uv": [8, 6, 7, 7], "texture": "#4"}
			}
		},
		{
			"from": [9.10182, 4.73354, 0.87413],
			"to": [9.74643, 5.98465, 1.60077],
			"rotation": {"angle": -22.5, "axis": "z", "origin": [14.8329, 3.80473, 8.86716]},
			"faces": {
				"north": {"uv": [6.25, 2.5, 6.75, 3], "texture": "#4"},
				"east": {"uv": [9, 2, 10, 3], "texture": "#4"},
				"south": {"uv": [4.5, 2.5, 6.5, 4.5], "texture": "#4"},
				"west": {"uv": [11, 2, 12, 3], "texture": "#4"},
				"up": {"uv": [11, 2, 10, 1], "texture": "#4"},
				"down": {"uv": [12, 1, 11, 2], "texture": "#4"}
			}
		},
		{
			"from": [7.06599, 3.58764, 0.87133],
			"to": [7.79379, 4.83875, 1.59797],
			"rotation": {"angle": -45, "axis": "z", "origin": [12.79707, 2.65883, 8.86436]},
			"faces": {
				"north": {"uv": [6.25, 2.5, 6.75, 3], "texture": "#4"},
				"east": {"uv": [3, 10, 4, 11], "texture": "#4"},
				"south": {"uv": [4.5, 2.5, 6.5, 4.5], "texture": "#4"},
				"west": {"uv": [5, 10, 6, 11], "texture": "#4"},
				"up": {"uv": [5, 10, 4, 9], "texture": "#4"},
				"down": {"uv": [6, 9, 5, 10], "texture": "#4"}
			}
		},
		{
			"from": [9.10182, 4.73354, 0.87413],
			"to": [9.74643, 5.98465, 1.60077],
			"rotation": {"angle": -22.5, "axis": "z", "origin": [14.8329, 3.80473, 8.86716]},
			"faces": {
				"north": {"uv": [6.25, 2.5, 6.75, 3], "texture": "#4"},
				"east": {"uv": [8, 6, 9, 7], "texture": "#4"},
				"south": {"uv": [4.5, 2.5, 6.5, 4.5], "texture": "#4"},
				"west": {"uv": [10, 6, 11, 7], "texture": "#4"},
				"up": {"uv": [10, 6, 9, 5], "texture": "#4"},
				"down": {"uv": [11, 5, 10, 6], "texture": "#4"}
			}
		},
		{
			"from": [10.49158, 6.6069, 0.87405],
			"to": [11.21822, 8.06017, 1.60069],
			"faces": {
				"north": {"uv": [6.25, 2.5, 6.75, 3], "texture": "#4"},
				"east": {"uv": [8, 4, 9, 5], "texture": "#4"},
				"south": {"uv": [4.5, 2.5, 6.5, 4.5], "texture": "#4"},
				"west": {"uv": [10, 4, 11, 5], "texture": "#4"},
				"up": {"uv": [10, 4, 9, 3], "texture": "#4"},
				"down": {"uv": [11, 3, 10, 4], "texture": "#4"}
			}
		},
		{
			"from": [11.05387, 8.88682, 0.87394],
			"to": [11.78051, 9.61346, 1.60058],
			"rotation": {"angle": 22.5, "axis": "z", "origin": [16.86698, 8.16019, 8.86697]},
			"faces": {
				"north": {"uv": [6.25, 2.5, 6.75, 3], "texture": "#4"},
				"east": {"uv": [10, 11, 11, 12], "texture": "#4"},
				"south": {"uv": [4.5, 2.5, 6.5, 4.5], "texture": "#4"},
				"west": {"uv": [12, 11, 13, 12], "texture": "#4"},
				"up": {"uv": [12, 11, 11, 10], "texture": "#4"},
				"down": {"uv": [13, 10, 12, 11], "texture": "#4"}
			}
		},
		{
			"from": [11.16313, 6.88491, 0.87389],
			"to": [11.88977, 7.97486, 1.60053],
			"faces": {
				"north": {"uv": [6.25, 2.5, 6.75, 3], "texture": "#4"},
				"east": {"uv": [8, 9, 9, 10], "texture": "#4"},
				"south": {"uv": [4.5, 2.5, 6.5, 4.5], "texture": "#4"},
				"west": {"uv": [10, 9, 11, 10], "texture": "#4"},
				"up": {"uv": [10, 9, 9, 8], "texture": "#4"},
				"down": {"uv": [11, 8, 10, 9], "texture": "#4"}
			}
		},
		{
			"from": [11.15106, 11.11961, 0.87128],
			"to": [12.05936, 11.84625, 1.59792],
			"rotation": {"angle": -45, "axis": "z", "origin": [11.15106, 12.57289, 8.86431]},
			"faces": {
				"north": {"uv": [6.25, 2.5, 6.75, 3], "texture": "#4"},
				"east": {"uv": [5, 3, 6, 4], "texture": "#4"},
				"south": {"uv": [4.5, 2.5, 6.5, 4.5], "texture": "#4"},
				"west": {"uv": [7, 3, 8, 4], "texture": "#4"},
				"up": {"uv": [7, 3, 6, 2], "texture": "#4"},
				"down": {"uv": [8, 2, 7, 3], "texture": "#4"}
			}
		},
		{
			"from": [10.49909, 10.78799, 0.86835],
			"to": [11.22573, 11.69629, 1.59499],
			"rotation": {"angle": 22.5, "axis": "z", "origin": [11.95237, 11.69629, 8.86139]},
			"faces": {
				"north": {"uv": [6.25, 2.5, 6.75, 3], "texture": "#4"},
				"east": {"uv": [6, 1, 7, 2], "texture": "#4"},
				"south": {"uv": [4.5, 2.5, 6.5, 4.5], "texture": "#4"},
				"west": {"uv": [8, 1, 9, 2], "texture": "#4"},
				"up": {"uv": [8, 1, 7, 0], "texture": "#4"},
				"down": {"uv": [9, 0, 8, 1], "texture": "#4"}
			}
		},
		{
			"from": [9.91116, 11.33258, 0.87059],
			"to": [10.6378, 12.05922, 1.59723],
			"faces": {
				"north": {"uv": [6.25, 2.5, 6.75, 3], "texture": "#4"},
				"east": {"uv": [6, 11, 7, 12], "texture": "#4"},
				"south": {"uv": [4.5, 2.5, 6.5, 4.5], "texture": "#4"},
				"west": {"uv": [8, 11, 9, 12], "texture": "#4"},
				"up": {"uv": [8, 11, 7, 10], "texture": "#4"},
				"down": {"uv": [9, 10, 8, 11], "texture": "#4"}
			}
		},
		{
			"from": [9.61071, 11.33273, 0.86991],
			"to": [11.79063, 12.78601, 1.59655],
			"rotation": {"angle": -45, "axis": "z", "origin": [8.88407, 12.05937, 8.86294]},
			"faces": {
				"north": {"uv": [6.25, 2.5, 6.75, 3], "texture": "#4"},
				"east": {"uv": [0, 6, 1, 7], "texture": "#4"},
				"south": {"uv": [4.5, 2.5, 6.5, 4.5], "texture": "#4"},
				"west": {"uv": [3, 6, 4, 7], "texture": "#4"},
				"up": {"uv": [3, 6, 1, 5], "texture": "#4"},
				"down": {"uv": [5, 5, 3, 6], "texture": "#4"}
			}
		},
		{
			"from": [8.63429, 9.21371, 0.87421],
			"to": [10.81421, 10.4033, 1.60085],
			"faces": {
				"north": {"uv": [6.25, 2.5, 6.75, 3], "texture": "#4"},
				"east": {"uv": [0, 4, 1, 5], "texture": "#4"},
				"south": {"uv": [4.5, 2.5, 6.5, 4.5], "texture": "#4"},
				"west": {"uv": [3, 4, 4, 5], "texture": "#4"},
				"up": {"uv": [3, 4, 1, 3], "texture": "#4"},
				"down": {"uv": [5, 3, 3, 4], "texture": "#4"}
			}
		},
		{
			"from": [8.97014, 6.99328, 0.87116],
			"to": [11.15006, 8.99154, 1.5978],
			"rotation": {"angle": 22.5, "axis": "z", "origin": [8.2435, 8.2649, 8.86419]},
			"faces": {
				"north": {"uv": [6.25, 2.5, 6.75, 3], "texture": "#4"},
				"east": {"uv": [0, 1, 1, 3], "texture": "#4"},
				"south": {"uv": [4.5, 2.5, 6.5, 4.5], "texture": "#4"},
				"west": {"uv": [3, 1, 4, 3], "texture": "#4"},
				"up": {"uv": [3, 1, 1, 0], "texture": "#4"},
				"down": {"uv": [5, 0, 3, 1], "texture": "#4"}
			}
		},
		{
			"from": [6.91, 10.68141, 0.87423],
			"to": [8.36328, 11.37898, 1.60087],
			"rotation": {"angle": 22.5, "axis": "z", "origin": [9.08992, 10.68141, 8.86726]},
			"faces": {
				"north": {"uv": [6.75, 2.5, 6.25, 3], "texture": "#4"},
				"east": {"uv": [8, 5, 7, 6], "texture": "#4"},
				"south": {"uv": [6.5, 2.5, 4.5, 4.5], "texture": "#4"},
				"west": {"uv": [6, 5, 5, 6], "texture": "#4"},
				"up": {"uv": [6, 5, 7, 4], "texture": "#4"},
				"down": {"uv": [7, 4, 8, 5], "texture": "#4"}
			}
		},
		{
			"from": [4.93958, 8.3081, 0.87334],
			"to": [5.66622, 10.48801, 1.59998],
			"rotation": {"angle": -22.5, "axis": "z", "origin": [4.21294, 7.58146, 8.86637]},
			"faces": {
				"north": {"uv": [6.75, 2.5, 6.25, 3], "texture": "#4"},
				"east": {"uv": [3, 8, 2, 10], "texture": "#4"},
				"south": {"uv": [6.5, 2.5, 4.5, 4.5], "texture": "#4"},
				"west": {"uv": [1, 8, 0, 10], "texture": "#4"},
				"up": {"uv": [1, 8, 2, 7], "texture": "#4"},
				"down": {"uv": [2, 7, 3, 8], "texture": "#4"}
			}
		},
		{
			"from": [5.62145, 10.497, 0.87546],
			"to": [6.34809, 11.76862, 1.6021],
			"rotation": {"angle": 22.5, "axis": "z", "origin": [8.52801, 10.67866, 8.86849]},
			"faces": {
				"north": {"uv": [6.75, 2.5, 6.25, 3], "texture": "#4"},
				"east": {"uv": [3, 11, 2, 12], "texture": "#4"},
				"south": {"uv": [6.5, 2.5, 4.5, 4.5], "texture": "#4"},
				"west": {"uv": [1, 11, 0, 12], "texture": "#4"},
				"up": {"uv": [1, 11, 2, 10], "texture": "#4"},
				"down": {"uv": [2, 10, 3, 11], "texture": "#4"}
			}
		},
		{
			"from": [3.4999, 7.24412, 0.87418],
			"to": [4.66898, 9.19491, 1.60082],
			"rotation": {"angle": -22.5, "axis": "z", "origin": [6.58812, 1.61267, 8.86721]},
			"faces": {
				"north": {"uv": [6.75, 2.5, 6.25, 3], "texture": "#4"},
				"east": {"uv": [8, 7, 7, 9], "texture": "#4"},
				"south": {"uv": [6.5, 2.5, 4.5, 4.5], "texture": "#4"},
				"west": {"uv": [6, 7, 5, 9], "texture": "#4"},
				"up": {"uv": [6, 7, 7, 6], "texture": "#4"},
				"down": {"uv": [7, 6, 8, 7], "texture": "#4"}
			}
		},
		{
			"from": [7.30639, 4.73354, 0.87413],
			"to": [7.951, 5.98465, 1.60077],
			"rotation": {"angle": 22.5, "axis": "z", "origin": [2.21992, 3.80473, 8.86716]},
			"faces": {
				"north": {"uv": [6.75, 2.5, 6.25, 3], "texture": "#4"},
				"east": {"uv": [12, 2, 11, 3], "texture": "#4"},
				"south": {"uv": [6.5, 2.5, 4.5, 4.5], "texture": "#4"},
				"west": {"uv": [10, 2, 9, 3], "texture": "#4"},
				"up": {"uv": [10, 2, 11, 1], "texture": "#4"},
				"down": {"uv": [11, 1, 12, 2], "texture": "#4"}
			}
		},
		{
			"from": [9.25903, 3.58764, 0.87133],
			"to": [9.98683, 4.83875, 1.59797],
			"rotation": {"angle": 45, "axis": "z", "origin": [4.25575, 2.65883, 8.86436]},
			"faces": {
				"north": {"uv": [6.75, 2.5, 6.25, 3], "texture": "#4"},
				"east": {"uv": [6, 10, 5, 11], "texture": "#4"},
				"south": {"uv": [6.5, 2.5, 4.5, 4.5], "texture": "#4"},
				"west": {"uv": [4, 10, 3, 11], "texture": "#4"},
				"up": {"uv": [4, 10, 5, 9], "texture": "#4"},
				"down": {"uv": [5, 9, 6, 10], "texture": "#4"}
			}
		},
		{
			"from": [7.30639, 4.73354, 0.87413],
			"to": [7.951, 5.98465, 1.60077],
			"rotation": {"angle": 22.5, "axis": "z", "origin": [2.21992, 3.80473, 8.86716]},
			"faces": {
				"north": {"uv": [6.75, 2.5, 6.25, 3], "texture": "#4"},
				"east": {"uv": [11, 6, 10, 7], "texture": "#4"},
				"south": {"uv": [6.5, 2.5, 4.5, 4.5], "texture": "#4"},
				"west": {"uv": [9, 6, 8, 7], "texture": "#4"},
				"up": {"uv": [9, 6, 10, 5], "texture": "#4"},
				"down": {"uv": [10, 5, 11, 6], "texture": "#4"}
			}
		},
		{
			"from": [5.8346, 6.6069, 0.87405],
			"to": [6.56123, 8.06017, 1.60069],
			"faces": {
				"north": {"uv": [6.75, 2.5, 6.25, 3], "texture": "#4"},
				"east": {"uv": [11, 4, 10, 5], "texture": "#4"},
				"south": {"uv": [6.5, 2.5, 4.5, 4.5], "texture": "#4"},
				"west": {"uv": [9, 4, 8, 5], "texture": "#4"},
				"up": {"uv": [9, 4, 10, 3], "texture": "#4"},
				"down": {"uv": [10, 3, 11, 4], "texture": "#4"}
			}
		},
		{
			"from": [5.27231, 8.88682, 0.87394],
			"to": [5.99895, 9.61346, 1.60058],
			"rotation": {"angle": -22.5, "axis": "z", "origin": [0.18583, 8.16019, 8.86697]},
			"faces": {
				"north": {"uv": [6.75, 2.5, 6.25, 3], "texture": "#4"},
				"east": {"uv": [13, 11, 12, 12], "texture": "#4"},
				"south": {"uv": [6.5, 2.5, 4.5, 4.5], "texture": "#4"},
				"west": {"uv": [11, 11, 10, 12], "texture": "#4"},
				"up": {"uv": [11, 11, 12, 10], "texture": "#4"},
				"down": {"uv": [12, 10, 13, 11], "texture": "#4"}
			}
		},
		{
			"from": [5.16305, 6.88491, 0.87389],
			"to": [5.88968, 7.97486, 1.60053],
			"faces": {
				"north": {"uv": [6.75, 2.5, 6.25, 3], "texture": "#4"},
				"east": {"uv": [11, 9, 10, 10], "texture": "#4"},
				"south": {"uv": [6.5, 2.5, 4.5, 4.5], "texture": "#4"},
				"west": {"uv": [9, 9, 8, 10], "texture": "#4"},
				"up": {"uv": [9, 9, 10, 8], "texture": "#4"},
				"down": {"uv": [10, 8, 11, 9], "texture": "#4"}
			}
		},
		{
			"from": [4.99345, 11.11961, 0.87128],
			"to": [5.90175, 11.84625, 1.59792],
			"rotation": {"angle": 45, "axis": "z", "origin": [5.90175, 12.57289, 8.86431]},
			"faces": {
				"north": {"uv": [6.75, 2.5, 6.25, 3], "texture": "#4"},
				"east": {"uv": [8, 3, 7, 4], "texture": "#4"},
				"south": {"uv": [6.5, 2.5, 4.5, 4.5], "texture": "#4"},
				"west": {"uv": [6, 3, 5, 4], "texture": "#4"},
				"up": {"uv": [6, 3, 7, 2], "texture": "#4"},
				"down": {"uv": [7, 2, 8, 3], "texture": "#4"}
			}
		},
		{
			"from": [5.82708, 10.78799, 0.86835],
			"to": [6.55372, 11.69629, 1.59499],
			"rotation": {"angle": -22.5, "axis": "z", "origin": [5.10044, 11.69629, 8.86139]},
			"faces": {
				"north": {"uv": [6.75, 2.5, 6.25, 3], "texture": "#4"},
				"east": {"uv": [9, 1, 8, 2], "texture": "#4"},
				"south": {"uv": [6.5, 2.5, 4.5, 4.5], "texture": "#4"},
				"west": {"uv": [7, 1, 6, 2], "texture": "#4"},
				"up": {"uv": [7, 1, 8, 0], "texture": "#4"},
				"down": {"uv": [8, 0, 9, 1], "texture": "#4"}
			}
		},
		{
			"from": [6.41502, 11.33258, 0.87059],
			"to": [7.14166, 12.05922, 1.59723],
			"faces": {
				"north": {"uv": [6.75, 2.5, 6.25, 3], "texture": "#4"},
				"east": {"uv": [9, 11, 8, 12], "texture": "#4"},
				"south": {"uv": [6.5, 2.5, 4.5, 4.5], "texture": "#4"},
				"west": {"uv": [7, 11, 6, 12], "texture": "#4"},
				"up": {"uv": [7, 11, 8, 10], "texture": "#4"},
				"down": {"uv": [8, 10, 9, 11], "texture": "#4"}
			}
		},
		{
			"from": [5.26219, 11.33273, 0.86991],
			"to": [7.4421, 12.78601, 1.59655],
			"rotation": {"angle": 45, "axis": "z", "origin": [8.16874, 12.05937, 8.86294]},
			"faces": {
				"north": {"uv": [6.75, 2.5, 6.25, 3], "texture": "#4"},
				"east": {"uv": [4, 6, 3, 7], "texture": "#4"},
				"south": {"uv": [6.5, 2.5, 4.5, 4.5], "texture": "#4"},
				"west": {"uv": [1, 6, 0, 7], "texture": "#4"},
				"up": {"uv": [1, 6, 3, 5], "texture": "#4"},
				"down": {"uv": [3, 5, 5, 6], "texture": "#4"}
			}
		},
		{
			"from": [6.23861, 9.21371, 0.87421],
			"to": [8.67853, 10.4033, 1.60085],
			"faces": {
				"north": {"uv": [6.75, 2.5, 6.25, 3], "texture": "#4"},
				"east": {"uv": [4, 4, 3, 5], "texture": "#4"},
				"south": {"uv": [6.5, 2.5, 4.5, 4.5], "texture": "#4"},
				"west": {"uv": [1, 4, 0, 5], "texture": "#4"},
				"up": {"uv": [1, 4, 3, 3], "texture": "#4"},
				"down": {"uv": [3, 3, 5, 4], "texture": "#4"}
			}
		},
		{
			"from": [5.90276, 6.99328, 0.87116],
			"to": [8.08268, 8.99154, 1.5978],
			"rotation": {"angle": -22.5, "axis": "z", "origin": [8.80932, 8.2649, 8.86419]},
			"faces": {
				"north": {"uv": [6.75, 2.5, 6.25, 3], "texture": "#4"},
				"east": {"uv": [4, 1, 3, 3], "texture": "#4"},
				"south": {"uv": [6.5, 2.5, 4.5, 4.5], "texture": "#4"},
				"west": {"uv": [1, 1, 0, 3], "texture": "#4"},
				"up": {"uv": [1, 1, 3, 0], "texture": "#4"},
				"down": {"uv": [3, 0, 5, 1], "texture": "#4"}
			}
		},
		{
			"from": [9.30641, 9.53635, 0.73061],
			"to": [10.86641, 11.09635, 0.73061],
			"faces": {
				"north": {"uv": [2.063, 1.25, 14.344, 13.906], "texture": "#12"}
			}
		},
		{
			"from": [9.82641, 8.23635, 0.73061],
			"to": [11.38641, 9.79635, 0.73061],
			"rotation": {"angle": -22.5, "axis": "z", "origin": [8.00641, 8.49635, 8.24981]},
			"faces": {
				"north": {"uv": [2.063, 1.25, 14.344, 13.906], "texture": "#12"}
			}
		},
		{
			"from": [6.18641, 9.53635, 0.73061],
			"to": [7.74641, 11.09635, 0.73061],
			"faces": {
				"north": {"uv": [14.344, 1.25, 2.063, 13.906], "texture": "#12"}
			}
		},
		{
			"from": [5.40641, 7.97635, 0.73061],
			"to": [6.96641, 9.53635, 0.73061],
			"rotation": {"angle": 22.5, "axis": "z", "origin": [8.00641, 8.49635, 8.24981]},
			"faces": {
				"north": {"uv": [2.063, 1.25, 14.344, 13.906], "texture": "#12"}
			}
		},
		{
			"from": [0.25, 4, 1.42],
			"to": [2.25, 6, 1.42],
			"rotation": {"angle": -45, "axis": "z", "origin": [8, 8, 8]},
			"faces": {
				"north": {"uv": [2.063, 1.25, 14.344, 13.906], "texture": "#12"}
			}
		},
		{
			"from": [5.5, 11.25, 1.42],
			"to": [7.5, 13.25, 1.42],
			"rotation": {"angle": 45, "axis": "z", "origin": [8, 8, 8]},
			"faces": {
				"north": {"uv": [2.063, 1.25, 14.344, 13.906], "texture": "#12"}
			}
		},
		{
			"from": [2.75, 7.5, 1.42],
			"to": [4.75, 9.5, 1.42],
			"rotation": {"angle": 22.5, "axis": "z", "origin": [8, 8, 8]},
			"faces": {
				"north": {"uv": [2.063, 1.25, 14.344, 13.906], "texture": "#12"}
			}
		},
		{
			"from": [-1.5, 7.25, 1.42],
			"to": [0.5, 9.25, 1.42],
			"faces": {
				"north": {"uv": [2.063, 1.25, 14.344, 13.906], "texture": "#12"}
			}
		},
		{
			"from": [0.25, 10.5, 1.42],
			"to": [2.25, 12.5, 1.42],
			"rotation": {"angle": 45, "axis": "z", "origin": [8, 8, 8]},
			"faces": {
				"north": {"uv": [2.063, 1.25, 14.344, 13.906], "texture": "#12"}
			}
		}
	],
	"display": {
		"thirdperson_righthand": {
			"translation": [0, 0, 6]
		},
		"thirdperson_lefthand": {
			"translation": [0, 0, 6.25]
		},
		"gui": {
			"rotation": [0, -180, 0],
			"translation": [0.75, 0, 0],
			"scale": [0.68, 0.83, 1]
		},
		"head": {
			"translation": [-0.75, 7, -0.25]
		},
		"fixed": {
			"translation": [-0.5, 0, 5]
		}
	},
	"groups": [
		{
			"name": "hexadecagon",
			"origin": [8, 8, 8],
			"children": [0, 1, 2, 3, 4, 5, 6, 7]
		}, 8,
		{
			"name": "hexadecagon",
			"origin": [8, 8, 8],
			"children": [9, 10, 11, 12, 13, 14, 15, 16]
		},
		{
			"name": "group",
			"origin": [7.83979, 8.09135, 8.00463],
			"children": [17, 18, 19, 20, 21, 22, 23, 24, 25, 26, 27, 28, 29, 30, 31, 32,
				{
					"name": "group",
					"origin": [7.83979, 8.09135, 8.00463],
					"children": [33, 34, 35, 36, 37, 38, 39, 40, 41, 42, 43, 44, 45, 46, 47, 48]
				}, 49, 50, 51, 52]
		}, 53, 54, 55, 56, 57]
}