{
	"credit": "Made with Blockbench",
	"textures": {
		"4": "custom/tangledsuntexture",
		"5": "block/hay_block_side",
		"6": "block/gold_block",
		"7": "block/red_tulip",
		"particle": "custom/tangledsuntexture"
	},
	"elements": [
		{
			"name": "hexadecagon",
			"from": [13.20435, 4, 7.5],
			"to": [14.79565, 12, 8.5],
			"rotation": {"angle": -45, "axis": "z", "origin": [14, 8, 8]},
			"faces": {
				"north": {"uv": [2, 12.25, 3, 13.25], "texture": "#4"},
				"east": {"uv": [0.5, 5.5, 1.5, 8.5], "texture": "#5"},
				"south": {"uv": [2, 12.25, 3, 13.25], "texture": "#4"},
				"west": {"uv": [0.5, 6, 2, 8], "texture": "#5"},
				"up": {"uv": [0, 6.5, 3, 8], "texture": "#5"},
				"down": {"uv": [2, 7.5, 6, 9], "texture": "#5"}
			}
		},
		{
			"name": "hexadecagon",
			"from": [13.20435, 4, 7.5],
			"to": [14.79565, 12, 8.5],
			"rotation": {"angle": -22.5, "axis": "z", "origin": [14, 8, 8]},
			"faces": {
				"north": {"uv": [2, 12.25, 3, 13.25], "texture": "#4"},
				"east": {"uv": [0.5, 5.5, 1.5, 8.5], "texture": "#5"},
				"south": {"uv": [2, 12.25, 3, 13.25], "texture": "#4"},
				"west": {"uv": [0.5, 6, 2, 8], "texture": "#5"},
				"up": {"uv": [0, 6.5, 3, 8], "texture": "#5"},
				"down": {"uv": [2, 7.5, 6, 9], "texture": "#5"}
			}
		},
		{
			"name": "hexadecagon",
			"from": [13.20435, 4, 7.5],
			"to": [14.79565, 12, 8.5],
			"faces": {
				"north": {"uv": [2, 12.25, 3, 13.25], "texture": "#4"},
				"east": {"uv": [0.5, 5.5, 1.5, 8.5], "texture": "#5"},
				"south": {"uv": [2, 12.25, 3, 13.25], "texture": "#4"},
				"west": {"uv": [0.5, 6, 2, 8], "texture": "#5"},
				"up": {"uv": [0, 6.5, 3, 8], "texture": "#5"},
				"down": {"uv": [2, 7.5, 6, 9], "texture": "#5"}
			}
		},
		{
			"name": "hexadecagon",
			"from": [13.20435, 4, 7.5],
			"to": [14.79565, 12, 8.5],
			"rotation": {"angle": 22.5, "axis": "z", "origin": [14, 8, 8]},
			"faces": {
				"north": {"uv": [2, 12.25, 3, 13.25], "texture": "#4"},
				"east": {"uv": [0.5, 5.5, 1.5, 8.5], "texture": "#5"},
				"south": {"uv": [2, 12.25, 3, 13.25], "texture": "#4"},
				"west": {"uv": [0.5, 6, 2, 8], "texture": "#5"},
				"up": {"uv": [0, 6.5, 3, 8], "texture": "#5"},
				"down": {"uv": [2, 7.5, 6, 9], "texture": "#5"}
			}
		},
		{
			"name": "hexadecagon",
			"from": [13.20435, 4, 7.5],
			"to": [14.79565, 12, 8.5],
			"rotation": {"angle": 45, "axis": "z", "origin": [14, 8, 8]},
			"faces": {
				"north": {"uv": [2, 12.25, 3, 13.25], "texture": "#4"},
				"east": {"uv": [0.5, 5.5, 1.5, 8.5], "texture": "#5"},
				"south": {"uv": [2, 12.25, 3, 13.25], "texture": "#4"},
				"west": {"uv": [0.5, 6, 2, 8], "texture": "#5"},
				"up": {"uv": [0, 6.5, 3, 8], "texture": "#5"},
				"down": {"uv": [2, 7.5, 6, 9], "texture": "#5"}
			}
		},
		{
			"name": "hexadecagon",
			"from": [10, 7.20435, 7.5],
			"to": [18, 8.79565, 8.5],
			"rotation": {"angle": -22.5, "axis": "z", "origin": [14, 8, 8]},
			"faces": {
				"north": {"uv": [2, 12.25, 3, 13.25], "texture": "#4"},
				"east": {"uv": [0.5, 5.5, 1.5, 8.5], "texture": "#5"},
				"south": {"uv": [2, 12.25, 3, 13.25], "texture": "#4"},
				"west": {"uv": [0.5, 6, 2, 8], "texture": "#5"},
				"up": {"uv": [0, 6.5, 3, 8], "texture": "#5"},
				"down": {"uv": [2, 7.5, 6, 9], "texture": "#5"}
			}
		},
		{
			"name": "hexadecagon",
			"from": [10, 7.20435, 7.5],
			"to": [18, 8.79565, 8.5],
			"faces": {
				"north": {"uv": [2, 12.25, 3, 13.25], "texture": "#4"},
				"east": {"uv": [0.5, 5.5, 1.5, 8.5], "texture": "#5"},
				"south": {"uv": [2, 12.25, 3, 13.25], "texture": "#4"},
				"west": {"uv": [0.5, 6, 2, 8], "texture": "#5"},
				"up": {"uv": [0, 6.5, 3, 8], "texture": "#5"},
				"down": {"uv": [2, 7.5, 6, 9], "texture": "#5"}
			}
		},
		{
			"name": "hexadecagon",
			"from": [10, 7.20435, 7.5],
			"to": [18, 8.79565, 8.5],
			"rotation": {"angle": 22.5, "axis": "z", "origin": [14, 8, 8]},
			"faces": {
				"north": {"uv": [2, 12.25, 3, 13.25], "texture": "#4"},
				"east": {"uv": [0.5, 5.5, 1.5, 8.5], "texture": "#5"},
				"south": {"uv": [2, 12.25, 3, 13.25], "texture": "#4"},
				"west": {"uv": [0.5, 6, 2, 8], "texture": "#5"},
				"up": {"uv": [0, 6.5, 3, 8], "texture": "#5"},
				"down": {"uv": [2, 7.5, 6, 9], "texture": "#5"}
			}
		},
		{
			"name": "hexadecagon",
			"from": [11.20435, 5.25, 7.46],
			"to": [16.79565, 10.75, 7.46],
			"faces": {
				"north": {"uv": [3, 3, 13, 12.75], "texture": "#4"},
				"east": {"uv": [0, 0, 0, 0], "texture": "#7"},
				"south": {"uv": [0, 0, 0, 0], "texture": "#7"},
				"west": {"uv": [0, 0, 0, 0], "texture": "#7"},
				"up": {"uv": [0, 0, 0, 0], "texture": "#7"},
				"down": {"uv": [0, 0, 0, 0], "texture": "#7"}
			}
		},
		{
			"name": "hexadecagon",
			"from": [11.20435, 5.25, 8.5],
			"to": [16.79565, 10.75, 8.5],
			"faces": {
				"north": {"uv": [0, 0, 0, 0], "texture": "#7"},
				"east": {"uv": [0, 0, 0, 0], "texture": "#7"},
				"south": {"uv": [3, 3, 13, 12.75], "texture": "#4"},
				"west": {"uv": [0, 0, 0, 0], "texture": "#7"},
				"up": {"uv": [0, 0, 0, 0], "texture": "#7"},
				"down": {"uv": [0, 0, 0, 0], "texture": "#7"}
			}
		},
		{
			"name": "hexadecagon",
			"from": [1.20435, 4, 7.5],
			"to": [2.79565, 12, 8.5],
			"rotation": {"angle": -45, "axis": "z", "origin": [2, 8, 8]},
			"faces": {
				"north": {"uv": [2, 12.25, 3, 13.25], "texture": "#4"},
				"east": {"uv": [0.5, 5.5, 1.5, 8.5], "texture": "#5"},
				"south": {"uv": [0, 0, 1, 1], "texture": "#4"},
				"west": {"uv": [0.5, 6, 2, 8], "texture": "#5"},
				"up": {"uv": [0, 6.5, 3, 8], "texture": "#5"},
				"down": {"uv": [2, 7.5, 6, 9], "texture": "#5"}
			}
		},
		{
			"name": "hexadecagon",
			"from": [1.20435, 4, 7.5],
			"to": [2.79565, 12, 8.5],
			"rotation": {"angle": -22.5, "axis": "z", "origin": [2, 8, 8]},
			"faces": {
				"north": {"uv": [2, 12.25, 3, 13.25], "texture": "#4"},
				"east": {"uv": [0.5, 5.5, 1.5, 8.5], "texture": "#5"},
				"south": {"uv": [2, 12.25, 3, 13.25], "texture": "#4"},
				"west": {"uv": [0.5, 6, 2, 8], "texture": "#5"},
				"up": {"uv": [0, 6.5, 3, 8], "texture": "#5"},
				"down": {"uv": [2, 7.5, 6, 9], "texture": "#5"}
			}
		},
		{
			"name": "hexadecagon",
			"from": [1.20435, 4, 7.5],
			"to": [2.79565, 12, 8.5],
			"faces": {
				"north": {"uv": [2, 12.25, 3, 13.25], "texture": "#4"},
				"east": {"uv": [0.5, 5, 1.5, 8], "texture": "#5"},
				"south": {"uv": [2, 12.25, 3, 13.25], "texture": "#4"},
				"west": {"uv": [0.5, 6, 2, 8], "texture": "#5"},
				"up": {"uv": [0, 6.5, 3, 8], "texture": "#5"},
				"down": {"uv": [2, 7.5, 6, 9], "texture": "#5"}
			}
		},
		{
			"name": "hexadecagon",
			"from": [1.20435, 4, 7.5],
			"to": [2.79565, 12, 8.5],
			"rotation": {"angle": 22.5, "axis": "z", "origin": [2, 8, 8]},
			"faces": {
				"north": {"uv": [2, 12.25, 3, 13.25], "texture": "#4"},
				"east": {"uv": [0.5, 5.5, 1.5, 8.5], "texture": "#5"},
				"south": {"uv": [2, 12.25, 3, 13.25], "texture": "#4"},
				"west": {"uv": [0.5, 6, 2, 8], "texture": "#5"},
				"up": {"uv": [0, 6.5, 3, 8], "texture": "#5"},
				"down": {"uv": [2, 7.5, 6, 9], "texture": "#5"}
			}
		},
		{
			"name": "hexadecagon",
			"from": [1.20435, 4, 7.5],
			"to": [2.79565, 12, 8.5],
			"rotation": {"angle": 45, "axis": "z", "origin": [2, 8, 8]},
			"faces": {
				"north": {"uv": [2, 12.25, 3, 13.25], "texture": "#4"},
				"east": {"uv": [0.5, 5.5, 1.5, 8.5], "texture": "#5"},
				"south": {"uv": [2, 12.25, 3, 13.25], "texture": "#4"},
				"west": {"uv": [0.5, 6, 2, 8], "texture": "#5"},
				"up": {"uv": [0, 6.5, 3, 8], "texture": "#5"},
				"down": {"uv": [2, 7.5, 6, 9], "texture": "#5"}
			}
		},
		{
			"name": "hexadecagon",
			"from": [-2, 7.20435, 7.5],
			"to": [6, 8.79565, 8.5],
			"rotation": {"angle": -22.5, "axis": "z", "origin": [2, 8, 8]},
			"faces": {
				"north": {"uv": [2, 12.25, 3, 13.25], "texture": "#4"},
				"east": {"uv": [0.5, 5.5, 1.5, 8.5], "texture": "#5"},
				"south": {"uv": [2, 12.25, 3, 13.25], "texture": "#4"},
				"west": {"uv": [0.5, 6, 2, 8], "texture": "#5"},
				"up": {"uv": [0, 6.5, 3, 8], "texture": "#5"},
				"down": {"uv": [2, 7.5, 6, 9], "texture": "#5"}
			}
		},
		{
			"name": "hexadecagon",
			"from": [-2, 7.20435, 7.5],
			"to": [6, 8.79565, 8.5],
			"faces": {
				"north": {"uv": [2, 12.25, 3, 13.25], "texture": "#4"},
				"east": {"uv": [0.5, 5.5, 1.5, 8.5], "texture": "#5"},
				"south": {"uv": [2, 12.25, 3, 13.25], "texture": "#4"},
				"west": {"uv": [0.5, 6, 2, 8], "texture": "#5"},
				"up": {"uv": [0, 6.5, 3, 8], "texture": "#5"},
				"down": {"uv": [2, 7.5, 6, 9], "texture": "#5"}
			}
		},
		{
			"name": "hexadecagon",
			"from": [-2, 7.20435, 7.5],
			"to": [6, 8.79565, 8.5],
			"rotation": {"angle": 22.5, "axis": "z", "origin": [2, 8, 8]},
			"faces": {
				"north": {"uv": [2, 12.25, 3, 13.25], "texture": "#4"},
				"east": {"uv": [0.5, 5.5, 1.5, 8.5], "texture": "#5"},
				"south": {"uv": [2, 12.25, 3, 13.25], "texture": "#4"},
				"west": {"uv": [0.5, 6, 2, 8], "texture": "#5"},
				"up": {"uv": [0, 6.5, 3, 8], "texture": "#5"},
				"down": {"uv": [2, 7.5, 6, 9], "texture": "#5"}
			}
		},
		{
			"name": "hexadecagon",
			"from": [-0.79565, 5.25, 7.46],
			"to": [4.79565, 10.75, 7.46],
			"faces": {
				"north": {"uv": [3, 3, 13, 12.75], "texture": "#4"},
				"east": {"uv": [0, 0, 0, 0], "texture": "#7"},
				"south": {"uv": [0, 0, 0, 0], "texture": "#7"},
				"west": {"uv": [0, 0, 0, 0], "texture": "#7"},
				"up": {"uv": [0, 0, 0, 0], "texture": "#7"},
				"down": {"uv": [0, 0, 0, 0], "texture": "#7"}
			}
		},
		{
			"name": "hexadecagon",
			"from": [-0.79565, 5.25, 8.5],
			"to": [4.79565, 10.75, 8.5],
			"faces": {
				"north": {"uv": [0, 0, 0, 0], "texture": "#7"},
				"east": {"uv": [0, 0, 0, 0], "texture": "#7"},
				"south": {"uv": [3, 3, 13, 12.75], "texture": "#4"},
				"west": {"uv": [0, 0, 0, 0], "texture": "#7"},
				"up": {"uv": [0, 0, 0, 0], "texture": "#7"},
				"down": {"uv": [0, 0, 0, 0], "texture": "#7"}
			}
		},
		{
			"name": "hexadecagon",
			"from": [7.7065, 6.95896, 5.41784],
			"to": [8.2935, 9.91, 6.89336],
			"rotation": {"angle": -45, "axis": "z", "origin": [8, 8.43448, 6.1556]},
			"faces": {
				"north": {"uv": [0.5, 0, 1, 0.5], "texture": "#6"},
				"east": {"uv": [0.5, 0, 1, 0.5], "texture": "#6"},
				"south": {"uv": [0.5, 0, 1, 0.5], "texture": "#6"},
				"west": {"uv": [0.5, 0, 1, 0.5], "texture": "#6"},
				"up": {"uv": [0.5, 0, 1, 0.5], "texture": "#6"},
				"down": {"uv": [0.5, 0, 1, 0.5], "texture": "#6"}
			}
		},
		{
			"name": "hexadecagon",
			"from": [7.7065, 6.95896, 5.41784],
			"to": [8.2935, 9.91, 6.89336],
			"rotation": {"angle": -22.5, "axis": "z", "origin": [8, 8.43448, 6.1556]},
			"faces": {
				"north": {"uv": [0.5, 0, 1, 0.5], "texture": "#6"},
				"east": {"uv": [0.5, 0, 1, 0.5], "texture": "#6"},
				"south": {"uv": [0.5, 0, 1, 0.5], "texture": "#6"},
				"west": {"uv": [0.5, 0, 1, 0.5], "texture": "#6"},
				"up": {"uv": [0.5, 0, 1, 0.5], "texture": "#6"},
				"down": {"uv": [0.5, 0, 1, 0.5], "texture": "#6"}
			}
		},
		{
			"name": "hexadecagon",
			"from": [7.7065, 6.95896, 5.41784],
			"to": [8.2935, 9.91, 6.89336],
			"faces": {
				"north": {"uv": [0.5, 0, 1, 0.5], "texture": "#6"},
				"east": {"uv": [0.5, 0, 1, 0.5], "texture": "#6"},
				"south": {"uv": [0.5, 0, 1, 0.5], "texture": "#6"},
				"west": {"uv": [0.5, 0, 1, 0.5], "texture": "#6"},
				"up": {"uv": [0.5, 0, 1, 0.5], "texture": "#6"},
				"down": {"uv": [0.5, 0, 1, 0.5], "texture": "#6"}
			}
		},
		{
			"name": "hexadecagon",
			"from": [7.7065, 6.95896, 5.41784],
			"to": [8.2935, 9.91, 6.89336],
			"rotation": {"angle": 22.5, "axis": "z", "origin": [8, 8.43448, 6.1556]},
			"faces": {
				"north": {"uv": [0.5, 0, 1, 0.5], "texture": "#6"},
				"east": {"uv": [0.5, 0, 1, 0.5], "texture": "#6"},
				"south": {"uv": [0.5, 0, 1, 0.5], "texture": "#6"},
				"west": {"uv": [0.5, 0, 1, 0.5], "texture": "#6"},
				"up": {"uv": [0.5, 0, 1, 0.5], "texture": "#6"},
				"down": {"uv": [0.5, 0, 1, 0.5], "texture": "#6"}
			}
		},
		{
			"name": "hexadecagon",
			"from": [7.7065, 6.95896, 5.41784],
			"to": [8.2935, 9.91, 6.89336],
			"rotation": {"angle": 45, "axis": "z", "origin": [8, 8.43448, 6.1556]},
			"faces": {
				"north": {"uv": [0.5, 0, 1, 0.5], "texture": "#6"},
				"east": {"uv": [0.5, 0, 1, 0.5], "texture": "#6"},
				"south": {"uv": [0.5, 0, 1, 0.5], "texture": "#6"},
				"west": {"uv": [0.5, 0, 1, 0.5], "texture": "#6"},
				"up": {"uv": [0.5, 0, 1, 0.5], "texture": "#6"},
				"down": {"uv": [0.5, 0, 1, 0.5], "texture": "#6"}
			}
		},
		{
			"name": "hexadecagon",
			"from": [6.52448, 8.14098, 5.41784],
			"to": [9.47552, 8.72798, 6.89336],
			"rotation": {"angle": -22.5, "axis": "z", "origin": [8, 8.43448, 6.1556]},
			"faces": {
				"north": {"uv": [0.5, 0, 1, 0.5], "texture": "#6"},
				"east": {"uv": [0.5, 0, 1, 0.5], "texture": "#6"},
				"south": {"uv": [0.5, 0, 1, 0.5], "texture": "#6"},
				"west": {"uv": [0.5, 0, 1, 0.5], "texture": "#6"},
				"up": {"uv": [0.5, 0, 1, 0.5], "texture": "#6"},
				"down": {"uv": [0.5, 0, 1, 0.5], "texture": "#6"}
			}
		},
		{
			"name": "hexadecagon",
			"from": [6.52448, 8.14098, 5.41784],
			"to": [9.47552, 8.72798, 6.89336],
			"faces": {
				"north": {"uv": [0.5, 0, 1, 0.5], "texture": "#6"},
				"east": {"uv": [0.5, 0, 1, 0.5], "texture": "#6"},
				"south": {"uv": [0.5, 0, 1, 0.5], "texture": "#6"},
				"west": {"uv": [0.5, 0, 1, 0.5], "texture": "#6"},
				"up": {"uv": [0.5, 0, 1, 0.5], "texture": "#6"},
				"down": {"uv": [0.5, 0, 1, 0.5], "texture": "#6"}
			}
		},
		{
			"name": "hexadecagon",
			"from": [9.47552, 7.7721, 5.41784],
			"to": [11.81992, 9.09686, 6.89336],
			"faces": {
				"north": {"uv": [0.5, 0, 1, 0.5], "texture": "#6"},
				"east": {"uv": [0.5, 0, 1, 0.5], "texture": "#6"},
				"south": {"uv": [0.5, 0, 1, 0.5], "texture": "#6"},
				"west": {"uv": [0.5, 0, 1, 0.5], "texture": "#6"},
				"up": {"uv": [0.5, 0, 1, 0.5], "texture": "#6"},
				"down": {"uv": [0.5, 0, 1, 0.5], "texture": "#6"}
			}
		},
		{
			"name": "hexadecagon",
			"from": [4.18008, 7.7721, 5.41784],
			"to": [6.52448, 9.09686, 6.89336],
			"faces": {
				"north": {"uv": [0.5, 0, 1, 0.5], "texture": "#6"},
				"east": {"uv": [0.5, 0, 1, 0.5], "texture": "#6"},
				"south": {"uv": [0.5, 0, 1, 0.5], "texture": "#6"},
				"west": {"uv": [0.5, 0, 1, 0.5], "texture": "#6"},
				"up": {"uv": [0.5, 0, 1, 0.5], "texture": "#6"},
				"down": {"uv": [0.5, 0, 1, 0.5], "texture": "#6"}
			}
		},
		{
			"name": "hexadecagon",
			"from": [9.14377, 7.95962, 5.41797],
			"to": [11.85705, 9.28438, 6.89349],
			"rotation": {"angle": -22.5, "axis": "z", "origin": [8.03713, 8.622, 6.15573]},
			"faces": {
				"north": {"uv": [0.5, 0, 1, 0.5], "texture": "#6"},
				"east": {"uv": [0.5, 0, 1, 0.5], "texture": "#6"},
				"south": {"uv": [0.5, 0, 1, 0.5], "texture": "#6"},
				"west": {"uv": [0.5, 0, 1, 0.5], "texture": "#6"},
				"up": {"uv": [0.5, 0, 1, 0.5], "texture": "#6"},
				"down": {"uv": [0.5, 0, 1, 0.5], "texture": "#6"}
			}
		},
		{
			"name": "hexadecagon",
			"from": [4.14295, 7.95962, 5.41797],
			"to": [6.85623, 9.28438, 6.89349],
			"rotation": {"angle": 22.5, "axis": "z", "origin": [7.96287, 8.622, 6.15573]},
			"faces": {
				"north": {"uv": [0.5, 0, 1, 0.5], "texture": "#6"},
				"east": {"uv": [0.5, 0, 1, 0.5], "texture": "#6"},
				"south": {"uv": [0.5, 0, 1, 0.5], "texture": "#6"},
				"west": {"uv": [0.5, 0, 1, 0.5], "texture": "#6"},
				"up": {"uv": [0.5, 0, 1, 0.5], "texture": "#6"},
				"down": {"uv": [0.5, 0, 1, 0.5], "texture": "#6"}
			}
		},
		{
			"name": "hexadecagon",
			"from": [9.51298, 7.58465, 5.41764],
			"to": [11.85738, 8.90941, 6.89316],
			"rotation": {"angle": 22.5, "axis": "z", "origin": [8.03746, 8.24703, 6.1554]},
			"faces": {
				"north": {"uv": [0.5, 0, 1, 0.5], "texture": "#6"},
				"east": {"uv": [0.5, 0, 1, 0.5], "texture": "#6"},
				"south": {"uv": [0.5, 0, 1, 0.5], "texture": "#6"},
				"west": {"uv": [0.5, 0, 1, 0.5], "texture": "#6"},
				"up": {"uv": [0.5, 0, 1, 0.5], "texture": "#6"},
				"down": {"uv": [0.5, 0, 1, 0.5], "texture": "#6"}
			}
		},
		{
			"name": "hexadecagon",
			"from": [4.14262, 7.58465, 5.41764],
			"to": [6.48702, 8.90941, 6.89316],
			"rotation": {"angle": -22.5, "axis": "z", "origin": [7.96254, 8.24703, 6.1554]},
			"faces": {
				"north": {"uv": [0.5, 0, 1, 0.5], "texture": "#6"},
				"east": {"uv": [0.5, 0, 1, 0.5], "texture": "#6"},
				"south": {"uv": [0.5, 0, 1, 0.5], "texture": "#6"},
				"west": {"uv": [0.5, 0, 1, 0.5], "texture": "#6"},
				"up": {"uv": [0.5, 0, 1, 0.5], "texture": "#6"},
				"down": {"uv": [0.5, 0, 1, 0.5], "texture": "#6"}
			}
		},
		{
			"name": "hexadecagon",
			"from": [9.61949, 7.42584, 5.4172],
			"to": [11.96389, 8.38172, 6.89272],
			"rotation": {"angle": 45, "axis": "z", "origin": [8.14397, 8.08822, 6.15496]},
			"faces": {
				"north": {"uv": [0.5, 0, 1, 0.5], "texture": "#6"},
				"east": {"uv": [0.5, 0, 1, 0.5], "texture": "#6"},
				"south": {"uv": [0.5, 0, 1, 0.5], "texture": "#6"},
				"west": {"uv": [0.5, 0, 1, 0.5], "texture": "#6"},
				"up": {"uv": [0.5, 0, 1, 0.5], "texture": "#6"},
				"down": {"uv": [0.5, 0, 1, 0.5], "texture": "#6"}
			}
		},
		{
			"name": "hexadecagon",
			"from": [4.03611, 7.42584, 5.4172],
			"to": [6.38051, 8.38172, 6.89272],
			"rotation": {"angle": -45, "axis": "z", "origin": [7.85603, 8.08822, 6.15496]},
			"faces": {
				"north": {"uv": [0.5, 0, 1, 0.5], "texture": "#6"},
				"east": {"uv": [0.5, 0, 1, 0.5], "texture": "#6"},
				"south": {"uv": [0.5, 0, 1, 0.5], "texture": "#6"},
				"west": {"uv": [0.5, 0, 1, 0.5], "texture": "#6"},
				"up": {"uv": [0.5, 0, 1, 0.5], "texture": "#6"},
				"down": {"uv": [0.5, 0, 1, 0.5], "texture": "#6"}
			}
		},
		{
			"name": "hexadecagon",
			"from": [6.52448, 8.14098, 5.41784],
			"to": [9.47552, 8.72798, 6.89336],
			"rotation": {"angle": 22.5, "axis": "z", "origin": [8, 8.43448, 6.1556]},
			"faces": {
				"north": {"uv": [0.5, 0, 1, 0.5], "texture": "#6"},
				"east": {"uv": [0.5, 0, 1, 0.5], "texture": "#6"},
				"south": {"uv": [0.5, 0, 1, 0.5], "texture": "#6"},
				"west": {"uv": [0.5, 0, 1, 0.5], "texture": "#6"},
				"up": {"uv": [0.5, 0, 1, 0.5], "texture": "#6"},
				"down": {"uv": [0.5, 0, 1, 0.5], "texture": "#6"}
			}
		}
	],
	"display": {
		"thirdperson_righthand": {
			"translation": [0, -1, 0],
			"scale": [0.56, 0.71, 0.7]
		},
		"thirdperson_lefthand": {
			"translation": [0, -1, 0],
			"scale": [0.56, 0.71, 0.7]
		},
		"firstperson_righthand": {
			"translation": [1.75, 1, 0]
		},
		"firstperson_lefthand": {
			"translation": [1.75, 1, 0]
		},
		"gui": {
			"rotation": [0, -180, 0],
			"translation": [0, -0.25, 0],
			"scale": [0.78, 0.78, 0.78]
		},
		"head": {
			"translation": [0, 7.75, -3.25]
		}
	},
	"groups": [
		{
			"name": "hexadecagon",
			"origin": [8, 8, 8],
			"children": [0, 1, 2, 3, 4, 5, 6, 7, 8, 9]
		},
		{
			"name": "hexadecagon",
			"origin": [8, 8, 8],
			"children": [10, 11, 12, 13, 14, 15, 16, 17, 18, 19]
		},
		{
			"name": "group",
			"origin": [8, 8, 8],
			"children": []
		},
		{
			"name": "hexadecagon",
			"origin": [8, 8, 8],
			"children": [20, 21, 22, 23, 24, 25, 26, 27, 28, 29, 30, 31, 32, 33, 34, 35]
		}
	]
}
