{
    "parent": "item/handheld",
    "textures": {
        "layer0": "item/iron_shovel"
    },
"overrides":[
{ "predicate": { "damaged": 0, "damage": 0.00398406374}, "model": "item/shows/ptn/ptn_drum"},
{ "predicate": { "damaged": 0, "damage": 0.00796812749}, "model": "item/shows/ptn/ptn_tink"},
{ "predicate": { "damaged": 0, "damage": 0.01195219123}, "model": "item/shows/ptn/monsters"},
{ "predicate": { "damaged": 0, "damage": 0.01593625498}, "model": "item/shows/ptn/tigger"},
{ "predicate": { "damaged": 0, "damage": 0.01992031872}, "model": "item/shows/ptn/genie"},
{ "predicate": { "damaged": 0, "damage": 0.02390438247}, "model": "item/shows/ptn/lightning"},
{ "predicate": { "damaged": 0, "damage": 0.02788844621}, "model": "item/shows/ptn/ptn_ball"},
{ "predicate": { "damaged": 0, "damage": 0.03187250996}, "model": "item/shows/ptn/sorcerer_michael"},
{ "predicate": { "damaged": 0, "damage": 0.0358565737}, "model": "item/shows/ptn/ptn_ball"},
{ "predicate": { "damaged": 0, "damage": 0.03984063745}, "model": "item/shows/ptn/ariel"},
{ "predicate": { "damaged": 0, "damage": 0.04382470119}, "model": "item/shows/ptn/mack_front"},
{ "predicate": { "damaged": 0, "damage": 0.04780876494}, "model": "item/shows/ptn/mack_body"},
{ "predicate": { "damaged": 0, "damage": 0.05179282868}, "model": "item/shows/ptn/candle_man"},
{ "predicate": { "damaged": 0, "damage": 0.05577689243}, "model": "item/shows/ptn/generic"},
{ "predicate": { "damaged": 0, "damage": 0.05976095617}, "model": "item/shows/ptn/slinky"},
{ "predicate": { "damaged": 0, "damage": 0.06374501992}, "model": "item/shows/ptn/candlelit_dreams"},
{ "predicate": { "damaged": 0, "damage": 0.06772908366}, "model": "item/shows/ptn/cindy"},
{ "predicate": { "damaged": 0, "damage": 0.07171314741}, "model": "item/shows/ptn/rapunzel"},
{ "predicate": { "damaged": 0, "damage": 0.07569721115}, "model": "item/shows/ptn/belle"},
{ "predicate": { "damaged": 0, "damage": 0.0796812749}, "model": "item/shows/ptn/frozen_front"},
{ "predicate": { "damaged": 0, "damage": 0.08366533864}, "model": "item/shows/ptn/frozen_back"}
]
}