{
	"credit": "Made with Blockbench",
	"texture_size": [64, 64],
	"textures": {
		"1": "custom/rtv_trap"
	},
	"elements": [
		{
			"from": [5, 1, 0],
			"to": [11, 6, 13],
			"rotation": {"angle": 0, "axis": "y", "origin": [8, 0, 7]},
			"faces": {
				"north": {"uv": [3.25, 3.25, 4.75, 4.5], "texture": "#1"},
				"east": {"uv": [0, 3.25, 3.25, 4.5], "texture": "#1"},
				"south": {"uv": [8, 3.25, 9.5, 4.5], "texture": "#1"},
				"west": {"uv": [4.75, 3.25, 8, 4.5], "texture": "#1"},
				"up": {"uv": [4.75, 3.25, 3.25, 0], "texture": "#1"},
				"down": {"uv": [6.25, 0, 4.75, 3.25], "texture": "#1"}
			}
		},
		{
			"from": [10.5, 0, 1],
			"to": [10.5, 1, 12],
			"rotation": {"angle": 0, "axis": "y", "origin": [8, 0, 7]},
			"faces": {
				"north": {"uv": [2.75, 4.75, 2.75, 5], "texture": "#1"},
				"east": {"uv": [0, 4.75, 2.75, 5], "texture": "#1"},
				"south": {"uv": [5.5, 4.75, 5.5, 5], "texture": "#1"},
				"west": {"uv": [2.75, 4.75, 5.5, 5], "texture": "#1"},
				"up": {"uv": [2.75, 4.75, 2.75, 2], "texture": "#1"},
				"down": {"uv": [2.75, 2, 2.75, 4.75], "texture": "#1"}
			}
		},
		{
			"from": [5.5, 0, 1],
			"to": [5.5, 1, 12],
			"rotation": {"angle": 0, "axis": "y", "origin": [8, 0, 7]},
			"faces": {
				"north": {"uv": [2.75, 4.5, 2.75, 4.75], "texture": "#1"},
				"east": {"uv": [0, 4.5, 2.75, 4.75], "texture": "#1"},
				"south": {"uv": [5.5, 4.5, 5.5, 4.75], "texture": "#1"},
				"west": {"uv": [2.75, 4.5, 5.5, 4.75], "texture": "#1"},
				"up": {"uv": [2.75, 4.5, 2.75, 1.75], "texture": "#1"},
				"down": {"uv": [2.75, 1.75, 2.75, 4.5], "texture": "#1"}
			}
		},
		{
			"from": [4.5, 2, 6],
			"to": [5.5, 3, 10],
			"rotation": {"angle": 0, "axis": "y", "origin": [8, 0, 7]},
			"faces": {
				"north": {"uv": [7.5, 5.5, 7.75, 5.75], "texture": "#1"},
				"east": {"uv": [6.5, 5.5, 7.5, 5.75], "texture": "#1"},
				"south": {"uv": [8.75, 5.5, 9, 5.75], "texture": "#1"},
				"west": {"uv": [7.75, 5.5, 8.75, 5.75], "texture": "#1"},
				"up": {"uv": [7.75, 5.5, 7.5, 4.5], "texture": "#1"},
				"down": {"uv": [8, 4.5, 7.75, 5.5], "texture": "#1"}
			}
		},
		{
			"from": [4.5, 4, 6],
			"to": [5.5, 5, 10],
			"rotation": {"angle": 0, "axis": "y", "origin": [8, 0, 7]},
			"faces": {
				"north": {"uv": [7.25, 2, 7.5, 2.25], "texture": "#1"},
				"east": {"uv": [6.25, 2, 7.25, 2.25], "texture": "#1"},
				"south": {"uv": [8.5, 2, 8.75, 2.25], "texture": "#1"},
				"west": {"uv": [7.5, 2, 8.5, 2.25], "texture": "#1"},
				"up": {"uv": [7.5, 2, 7.25, 1], "texture": "#1"},
				"down": {"uv": [7.75, 1, 7.5, 2], "texture": "#1"}
			}
		},
		{
			"from": [6, 6, 1],
			"to": [10, 9, 3],
			"rotation": {"angle": -22.5, "axis": "x", "origin": [8, 0, 7]},
			"faces": {
				"north": {"uv": [0.5, 2.5, 1.5, 3.25], "texture": "#1"},
				"east": {"uv": [0, 2.5, 0.5, 3.25], "texture": "#1"},
				"south": {"uv": [2, 2.5, 3, 3.25], "texture": "#1"},
				"west": {"uv": [1.5, 2.5, 2, 3.25], "texture": "#1"},
				"up": {"uv": [1.5, 2.5, 0.5, 2], "texture": "#1"},
				"down": {"uv": [2.5, 2, 1.5, 2.5], "texture": "#1"}
			}
		},
		{
			"from": [7.5, 5, 13],
			"to": [8.5, 7, 15],
			"rotation": {"angle": 0, "axis": "y", "origin": [8, 0, 7]},
			"faces": {
				"north": {"uv": [4, 5.5, 4.25, 6], "texture": "#1"},
				"east": {"uv": [3.5, 5.5, 4, 6], "texture": "#1"},
				"south": {"uv": [4.75, 5.5, 5, 6], "texture": "#1"},
				"west": {"uv": [4.25, 5.5, 4.75, 6], "texture": "#1"},
				"up": {"uv": [4.25, 5.5, 4, 5], "texture": "#1"},
				"down": {"uv": [4.5, 5, 4.25, 5.5], "texture": "#1"}
			}
		},
		{
			"from": [7, 7, 12],
			"to": [9, 8, 20],
			"rotation": {"angle": 0, "axis": "y", "origin": [8, 0, 7]},
			"faces": {
				"north": {"uv": [5.5, 6.5, 6, 6.75], "texture": "#1"},
				"east": {"uv": [3.5, 6.5, 5.5, 6.75], "texture": "#1"},
				"south": {"uv": [8, 6.5, 8.5, 6.75], "texture": "#1"},
				"west": {"uv": [6, 6.5, 8, 6.75], "texture": "#1"},
				"up": {"uv": [6, 6.5, 5.5, 4.5], "texture": "#1"},
				"down": {"uv": [6.5, 4.5, 6, 6.5], "texture": "#1"}
			}
		},
		{
			"from": [10.5, 2.5, 3.5],
			"to": [11.5, 3.5, 4.5],
			"rotation": {"angle": 0, "axis": "y", "origin": [8, 0, 7]},
			"faces": {
				"north": {"uv": [0.25, 0.25, 0.5, 0.5], "texture": "#1"},
				"east": {"uv": [0, 0.25, 0.25, 0.5], "texture": "#1"},
				"south": {"uv": [0.75, 0.25, 1, 0.5], "texture": "#1"},
				"west": {"uv": [0.5, 0.25, 0.75, 0.5], "texture": "#1"},
				"up": {"uv": [0.5, 0.25, 0.25, 0], "texture": "#1"},
				"down": {"uv": [0.75, 0, 0.5, 0.25], "texture": "#1"}
			}
		},
		{
			"from": [8, 6.01, 2],
			"to": [10, 6.01, 10],
			"rotation": {"angle": 0, "axis": "y", "origin": [10, 6, 6]},
			"faces": {
				"north": {"uv": [6.25, 2, 6.75, 2], "texture": "#1"},
				"east": {"uv": [4.25, 2, 6.25, 2], "texture": "#1"},
				"south": {"uv": [8.75, 2, 9.25, 2], "texture": "#1"},
				"west": {"uv": [6.75, 2, 8.75, 2], "texture": "#1"},
				"up": {"uv": [6.75, 2, 6.25, 0], "texture": "#1"},
				"down": {"uv": [7.25, 0, 6.75, 2], "texture": "#1"}
			}
		},
		{
			"from": [6, 6.01, 2],
			"to": [8, 6.01, 10],
			"rotation": {"angle": 0, "axis": "y", "origin": [6, 6, 6]},
			"faces": {
				"north": {"uv": [2, 2, 2.5, 2], "texture": "#1"},
				"east": {"uv": [0, 2, 2, 2], "texture": "#1"},
				"south": {"uv": [4.5, 2, 5, 2], "texture": "#1"},
				"west": {"uv": [2.5, 2, 4.5, 2], "texture": "#1"},
				"up": {"uv": [2.5, 2, 2, 0], "texture": "#1"},
				"down": {"uv": [3, 0, 2.5, 2], "texture": "#1"}
			}
		},
		{
			"from": [5, 1, 13],
			"to": [5, 6, 15],
			"rotation": {"angle": 0, "axis": "y", "origin": [8, 0, 7]},
			"faces": {
				"north": {"uv": [0.5, 0.5, 0.5, 1.75], "texture": "#1"},
				"east": {"uv": [0, 0.5, 0.5, 1.75], "texture": "#1"},
				"south": {"uv": [1, 0.5, 1, 1.75], "texture": "#1"},
				"west": {"uv": [0.5, 0.5, 1, 1.75], "texture": "#1"},
				"up": {"uv": [0.5, 0.5, 0.5, 0], "texture": "#1"},
				"down": {"uv": [0.5, 0, 0.5, 0.5], "texture": "#1"}
			}
		},
		{
			"from": [11, 1, 13],
			"to": [11, 6, 15],
			"rotation": {"angle": 0, "axis": "y", "origin": [8, 0, 7]},
			"faces": {
				"north": {"uv": [0.5, 0.5, 0.5, 1.75], "texture": "#1"},
				"east": {"uv": [0, 0.5, 0.5, 1.75], "texture": "#1"},
				"south": {"uv": [1, 0.5, 1, 1.75], "texture": "#1"},
				"west": {"uv": [0.5, 0.5, 1, 1.75], "texture": "#1"},
				"up": {"uv": [0.5, 0.5, 0.5, 0], "texture": "#1"},
				"down": {"uv": [0.5, 0, 0.5, 0.5], "texture": "#1"}
			}
		},
		{
			"from": [6, 1, 13],
			"to": [10, 5, 16],
			"rotation": {"angle": 0, "axis": "y", "origin": [8, 0, 7]},
			"faces": {
				"north": {"uv": [0.75, 5.75, 1.75, 6.75], "texture": "#1"},
				"east": {"uv": [0, 5.75, 0.75, 6.75], "texture": "#1"},
				"south": {"uv": [2.5, 5.75, 3.5, 6.75], "texture": "#1"},
				"west": {"uv": [1.75, 5.75, 2.5, 6.75], "texture": "#1"},
				"up": {"uv": [1.75, 5.75, 0.75, 5], "texture": "#1"},
				"down": {"uv": [2.75, 5, 1.75, 5.75], "texture": "#1"}
			}
		}
	],
	"display": {
		"thirdperson_righthand": {
			"rotation": [42, 0, 0],
			"translation": [0, 3.25, -3],
			"scale": [0.47266, 0.47266, 0.45]
		},
		"thirdperson_lefthand": {
			"rotation": [42, 0, 0],
			"translation": [0, 3.25, -3],
			"scale": [0.47266, 0.47266, 0.47266]
		},
		"firstperson_righthand": {
			"translation": [3.25, 1.5, 0.5]
		},
		"firstperson_lefthand": {
			"translation": [5.75, 1, 0]
		},
		"ground": {
			"scale": [0.47266, 0.47266, 0.47266]
		},
		"gui": {
			"rotation": [68.68, -50.12, 22.61],
			"scale": [0.79492, 0.76953, 0.77148]
		},
		"fixed": {
			"rotation": [0, -87.75, 0],
			"translation": [0, 0, -1.5]
		}
	}
}