{
	"credit": "Made with Blockbench",
	"texture_size": [64, 64],
	"textures": {
		"0": "block/white_wool",
		"1": "block/oak_planks",
		"particle": "block/white_wool"
	},
	"elements": [
		{
			"from": [3.25, 1, 6.95],
			"to": [4.75, 4.5, 8.95],
			"rotation": {"angle": 0, "axis": "y", "origin": [11.5, 9, 15.2]},
			"faces": {
				"north": {"uv": [0, 0.75, 16, 16], "texture": "#1"},
				"east": {"uv": [0.125, 0, 16, 14.5], "texture": "#1"},
				"south": {"uv": [0, 0.875, 16, 16], "texture": "#1"},
				"west": {"uv": [0, 0, 14.375, 13.875], "texture": "#1"},
				"up": {"uv": [4, 2, 2, 0], "texture": "#1"},
				"down": {"uv": [8, 4, 6, 6], "texture": "#1"}
			}
		},
		{
			"from": [-3.15711, 7.1066, 6.95],
			"to": [-2.95711, 7.7066, 8.95],
			"rotation": {"angle": 45, "axis": "z", "origin": [4.04289, 15.1066, 15.45]},
			"faces": {
				"north": {"uv": [0, 0.75, 16, 16], "texture": "#1"},
				"east": {"uv": [0.125, 0, 16, 14.5], "texture": "#1"},
				"south": {"uv": [0, 0.875, 16, 16], "texture": "#1"},
				"west": {"uv": [0, 0, 14.375, 13.875], "texture": "#1"},
				"up": {"uv": [9, 6, 8, 4], "texture": "#1"},
				"down": {"uv": [9, 6, 8, 8], "texture": "#1"}
			}
		},
		{
			"from": [3, 4, 6.95],
			"to": [4.5, 8, 8.95],
			"rotation": {"angle": 0, "axis": "y", "origin": [11.25, 12, 15.2]},
			"faces": {
				"north": {"uv": [0, 0.75, 16, 16], "texture": "#1"},
				"east": {"uv": [0.125, 0, 16, 14.5], "texture": "#1"},
				"south": {"uv": [0, 0.875, 16, 16], "texture": "#1"},
				"west": {"uv": [0, 0, 14.375, 13.875], "texture": "#1"},
				"up": {"uv": [2, 10, 0, 8], "texture": "#1"},
				"down": {"uv": [6, 8, 4, 10], "texture": "#1"}
			}
		},
		{
			"from": [3, 7.52448, 8.30199],
			"to": [4.25, 7.87448, 9.00199],
			"rotation": {"angle": -45, "axis": "x", "origin": [3.625, 7.69948, 8.40199]},
			"faces": {
				"north": {"uv": [0, 0.75, 16, 16], "texture": "#1"},
				"east": {"uv": [0.125, 0, 16, 14.5], "texture": "#1"},
				"south": {"uv": [0, 0.875, 16, 16], "texture": "#1"},
				"west": {"uv": [0, 0, 14.375, 13.875], "texture": "#1"},
				"up": {"uv": [10, 13, 9, 12], "texture": "#1"},
				"down": {"uv": [11, 12, 10, 13], "texture": "#1"}
			}
		},
		{
			"from": [6.08774, 9.44008, 7.2],
			"to": [6.28774, 9.79008, 8.7],
			"rotation": {"angle": 45, "axis": "z", "origin": [7.1322, 6.56204, 6.95]},
			"faces": {
				"north": {"uv": [0, 0.75, 16, 16], "texture": "#1"},
				"east": {"uv": [0.125, 0, 16, 14.5], "texture": "#1"},
				"south": {"uv": [0, 0.875, 16, 16], "texture": "#1"},
				"west": {"uv": [0, 0, 14.375, 13.875], "texture": "#1"},
				"up": {"uv": [10, 8, 9, 6], "texture": "#1"},
				"down": {"uv": [1, 10, 0, 12], "texture": "#1"}
			}
		},
		{
			"from": [3, 10.6066, 14.65711],
			"to": [4.25, 10.9566, 15.35711],
			"rotation": {"angle": 45, "axis": "x", "origin": [11.5, 18.6066, 7.65711]},
			"faces": {
				"north": {"uv": [0, 0.75, 16, 16], "texture": "#1"},
				"east": {"uv": [0.125, 0, 16, 14.5], "texture": "#1"},
				"south": {"uv": [0, 0.875, 16, 16], "texture": "#1"},
				"west": {"uv": [0, 0, 14.375, 13.875], "texture": "#1"},
				"up": {"uv": [13, 5, 12, 4], "texture": "#1"},
				"down": {"uv": [13, 5, 12, 6], "texture": "#1"}
			}
		},
		{
			"name": "hexadecagon",
			"from": [3.6161, 4.14034, 7.2],
			"to": [4.4161, 5.82511, 8.7],
			"rotation": {"angle": 22.5, "axis": "z", "origin": [-2.3839, 4.23273, 7.7]},
			"faces": {
				"north": {"uv": [0, 0.75, 16, 16], "texture": "#1"},
				"east": {"uv": [0.125, 0, 16, 14.5], "texture": "#1"},
				"south": {"uv": [0, 0.875, 16, 16], "texture": "#1"},
				"west": {"uv": [0, 0, 14.375, 13.875], "texture": "#1"},
				"up": {"uv": [4, 12, 3, 10], "texture": "#1"},
				"down": {"uv": [5, 10, 4, 12], "texture": "#1"}
			}
		},
		{
			"from": [2.05, 4.8, 7.05],
			"to": [2.65, 5.5, 8.85],
			"rotation": {"angle": 0, "axis": "y", "origin": [9.9, 13, 15.2]},
			"faces": {
				"north": {"uv": [0, 0.75, 16, 16], "texture": "#1"},
				"east": {"uv": [0.125, 0, 16, 14.5], "texture": "#1"},
				"south": {"uv": [0, 0.875, 16, 16], "texture": "#1"},
				"west": {"uv": [0, 0, 14.375, 13.875], "texture": "#1"},
				"up": {"uv": [10, 12, 9, 10], "texture": "#1"},
				"down": {"uv": [11, 10, 10, 12], "texture": "#1"}
			}
		},
		{
			"from": [2.95, 3.2, 7.05],
			"to": [3.65, 3.5, 8.85],
			"rotation": {"angle": 0, "axis": "y", "origin": [10.9, 11, 15.2]},
			"faces": {
				"north": {"uv": [0, 0.75, 16, 16], "texture": "#1"},
				"east": {"uv": [0.125, 0, 16, 14.5], "texture": "#1"},
				"south": {"uv": [0, 0.875, 16, 16], "texture": "#1"},
				"west": {"uv": [0, 0, 14.375, 13.875], "texture": "#1"},
				"up": {"uv": [10, 12, 9, 10], "texture": "#1"},
				"down": {"uv": [11, 10, 10, 12], "texture": "#1"}
			}
		},
		{
			"from": [2.25, 4.6, 7.05],
			"to": [2.85, 5.3, 8.85],
			"rotation": {"angle": 0, "axis": "y", "origin": [10.1, 12.8, 15.2]},
			"faces": {
				"north": {"uv": [0, 0.75, 16, 16], "texture": "#1"},
				"east": {"uv": [0.125, 0, 16, 14.5], "texture": "#1"},
				"south": {"uv": [0, 0.875, 16, 16], "texture": "#1"},
				"west": {"uv": [0, 0, 14.375, 13.875], "texture": "#1"},
				"up": {"uv": [11, 4, 10, 2], "texture": "#1"},
				"down": {"uv": [11, 6, 10, 8], "texture": "#1"}
			}
		},
		{
			"from": [2.35, 4.2, 7.05],
			"to": [3.15, 4.9, 8.85],
			"rotation": {"angle": 0, "axis": "y", "origin": [10.4, 12.4, 15.2]},
			"faces": {
				"north": {"uv": [0, 0.75, 16, 16], "texture": "#1"},
				"east": {"uv": [0.125, 0, 16, 14.5], "texture": "#1"},
				"south": {"uv": [0, 0.875, 16, 16], "texture": "#1"},
				"west": {"uv": [0, 0, 14.375, 13.875], "texture": "#1"},
				"up": {"uv": [6, 13, 5, 11], "texture": "#1"},
				"down": {"uv": [7, 11, 6, 13], "texture": "#1"}
			}
		},
		{
			"from": [2.55, 3.8, 7.05],
			"to": [3.3, 4.5, 8.85],
			"rotation": {"angle": 0, "axis": "y", "origin": [10.7, 12, 15.2]},
			"faces": {
				"north": {"uv": [0, 0.75, 16, 16], "texture": "#1"},
				"east": {"uv": [0.125, 0, 16, 14.5], "texture": "#1"},
				"south": {"uv": [0, 0.875, 16, 16], "texture": "#1"},
				"west": {"uv": [0, 0, 14.375, 13.875], "texture": "#1"},
				"up": {"uv": [12, 4, 11, 2], "texture": "#1"},
				"down": {"uv": [12, 4, 11, 6], "texture": "#1"}
			}
		},
		{
			"from": [2.75, 3.5, 7.05],
			"to": [3.5, 4.2, 8.85],
			"rotation": {"angle": 0, "axis": "y", "origin": [10.9, 11.7, 15.2]},
			"faces": {
				"north": {"uv": [0, 0.75, 16, 16], "texture": "#1"},
				"east": {"uv": [0.125, 0, 16, 14.5], "texture": "#1"},
				"south": {"uv": [0, 0.875, 16, 16], "texture": "#1"},
				"west": {"uv": [0, 0, 14.375, 13.875], "texture": "#1"},
				"up": {"uv": [1, 14, 0, 12], "texture": "#1"},
				"down": {"uv": [2, 12, 1, 14], "texture": "#1"}
			}
		},
		{
			"from": [11.53458, 24.71425, 7.2],
			"to": [11.93458, 25.26425, 8.7],
			"rotation": {"angle": 45, "axis": "z", "origin": [13.27904, 20.03622, 6.95]},
			"faces": {
				"north": {"uv": [3.25, 1.25, 10, 5], "texture": "#0"},
				"east": {"uv": [6.25, 7, 6.75, 7.25], "texture": "#0"},
				"south": {"uv": [5, 6, 5.25, 6.25], "texture": "#0"},
				"west": {"uv": [4, 7, 4.5, 7.25], "texture": "#0"},
				"up": {"uv": [7.25, 0.75, 7, 0.25], "texture": "#0"},
				"down": {"uv": [7.25, 1, 7, 1.5], "texture": "#0"}
			}
		},
		{
			"name": "hexadecagon",
			"from": [9.7, 17.20435, 7.2],
			"to": [10.7, 19.59565, 8.7],
			"rotation": {"angle": -45, "axis": "z", "origin": [6.7, 18.8, 7.7]},
			"faces": {
				"north": {"uv": [3.25, 1.25, 10, 5], "texture": "#0"},
				"east": {"uv": [4, 0, 4.5, 0.5], "texture": "#0"},
				"south": {"uv": [5, 6, 5.25, 6.25], "texture": "#0"},
				"west": {"uv": [4, 7, 4.5, 7.25], "texture": "#0"},
				"up": {"uv": [6.25, 6, 6, 5.5], "texture": "#0"},
				"down": {"uv": [3.75, 6.25, 3.5, 6.75], "texture": "#0"}
			}
		},
		{
			"name": "hexadecagon",
			"from": [9.7, 18.00435, 7.2],
			"to": [10.7, 19.59565, 8.7],
			"rotation": {"angle": -22.5, "axis": "z", "origin": [6.7, 18.8, 7.7]},
			"faces": {
				"north": {"uv": [3.25, 1.25, 10, 5], "texture": "#0"},
				"east": {"uv": [4, 1, 4.5, 1.5], "texture": "#0"},
				"south": {"uv": [5, 6, 5.25, 6.25], "texture": "#0"},
				"west": {"uv": [4, 7, 4.5, 7.25], "texture": "#0"},
				"up": {"uv": [4.5, 6.75, 4.25, 6.25], "texture": "#0"},
				"down": {"uv": [5.75, 6.25, 5.5, 6.75], "texture": "#0"}
			}
		},
		{
			"name": "hexadecagon",
			"from": [9.7, 18.00435, 7.2],
			"to": [10.7, 21.99565, 8.7],
			"rotation": {"angle": 0, "axis": "y", "origin": [6.7, 21.2, 7.7]},
			"faces": {
				"north": {"uv": [3.25, 1.25, 10, 5], "texture": "#0"},
				"east": {"uv": [0, 2, 0.5, 3], "texture": "#0"},
				"south": {"uv": [5, 6, 5.25, 6.25], "texture": "#0"},
				"west": {"uv": [4, 7, 4.5, 7.25], "texture": "#0"},
				"up": {"uv": [6, 6.75, 5.75, 6.25], "texture": "#0"},
				"down": {"uv": [6.25, 6.25, 6, 6.75], "texture": "#0"}
			}
		},
		{
			"name": "hexadecagon",
			"from": [9.7, 20.40435, 7.2],
			"to": [10.7, 22.19565, 8.7],
			"rotation": {"angle": 22.5, "axis": "z", "origin": [6.7, 21.2, 7.7]},
			"faces": {
				"north": {"uv": [3.25, 1.25, 10, 5], "texture": "#0"},
				"east": {"uv": [4.25, 2.5, 4.75, 3], "texture": "#0"},
				"south": {"uv": [5, 6, 5.25, 6.25], "texture": "#0"},
				"west": {"uv": [4, 7, 4.5, 7.25], "texture": "#0"},
				"up": {"uv": [6.5, 3, 6.25, 2.5], "texture": "#0"},
				"down": {"uv": [6.5, 3.5, 6.25, 4], "texture": "#0"}
			}
		},
		{
			"name": "hexadecagon",
			"from": [-2, 17.90653, 7.2],
			"to": [-1, 21.29347, 8.7],
			"rotation": {"angle": -45, "axis": "z", "origin": [4, 19.1, 8.2]},
			"faces": {
				"north": {"uv": [3.25, 1.25, 10, 5], "texture": "#0"},
				"east": {"uv": [2.75, 0, 3.25, 0.75], "texture": "#0"},
				"south": {"uv": [5, 6, 5.25, 6.25], "texture": "#0"},
				"west": {"uv": [4, 7, 4.5, 7.25], "texture": "#0"},
				"up": {"uv": [6.5, 4.5, 6.25, 4], "texture": "#0"},
				"down": {"uv": [6.5, 5, 6.25, 5.5], "texture": "#0"}
			}
		},
		{
			"name": "hexadecagon",
			"from": [-2, 17.90653, 7.2],
			"to": [-1, 20.29347, 8.7],
			"rotation": {"angle": -22.5, "axis": "z", "origin": [4, 19.1, 8.2]},
			"faces": {
				"north": {"uv": [3.25, 1.25, 10, 5], "texture": "#0"},
				"east": {"uv": [0, 4.5, 0.5, 5], "texture": "#0"},
				"south": {"uv": [5, 6, 5.25, 6.25], "texture": "#0"},
				"west": {"uv": [4, 7, 4.5, 7.25], "texture": "#0"},
				"up": {"uv": [0.5, 7, 0.25, 6.5], "texture": "#0"},
				"down": {"uv": [0.75, 6.5, 0.5, 7], "texture": "#0"}
			}
		},
		{
			"name": "hexadecagon",
			"from": [-2, 17.90653, 7.2],
			"to": [-1, 20.29347, 8.7],
			"rotation": {"angle": 0, "axis": "y", "origin": [4, 19.1, 8.2]},
			"faces": {
				"north": {"uv": [3.25, 1.25, 10, 5], "texture": "#0"},
				"east": {"uv": [1, 4.5, 1.5, 5], "texture": "#0"},
				"south": {"uv": [5, 6, 5.25, 6.25], "texture": "#0"},
				"west": {"uv": [4, 7, 4.5, 7.25], "texture": "#0"},
				"up": {"uv": [1.5, 7, 1.25, 6.5], "texture": "#0"},
				"down": {"uv": [1.75, 6.5, 1.5, 7], "texture": "#0"}
			}
		},
		{
			"name": "hexadecagon",
			"from": [-2, 16.60653, 7.2],
			"to": [-1, 20.29347, 8.7],
			"rotation": {"angle": 22.5, "axis": "z", "origin": [4, 19.1, 8.2]},
			"faces": {
				"north": {"uv": [3.25, 1.25, 10, 5], "texture": "#0"},
				"east": {"uv": [1, 2, 1.5, 3], "texture": "#0"},
				"south": {"uv": [5, 6, 5.25, 6.25], "texture": "#0"},
				"west": {"uv": [4, 7, 4.5, 7.25], "texture": "#0"},
				"up": {"uv": [2, 7, 1.75, 6.5], "texture": "#0"},
				"down": {"uv": [2.25, 6.5, 2, 7], "texture": "#0"}
			}
		},
		{
			"name": "hexadecagon",
			"from": [-1.50251, 15.40548, 7.2],
			"to": [-0.20251, 19.09243, 8.7],
			"rotation": {"angle": 45, "axis": "z", "origin": [4.49749, 17.89896, 8.2]},
			"faces": {
				"north": {"uv": [3.25, 1.25, 10, 5], "texture": "#0"},
				"east": {"uv": [2.25, 0, 2.75, 1], "texture": "#0"},
				"south": {"uv": [5, 6, 5.25, 6.25], "texture": "#0"},
				"west": {"uv": [4, 7, 4.5, 7.25], "texture": "#0"},
				"up": {"uv": [2.5, 7, 2.25, 6.5], "texture": "#0"},
				"down": {"uv": [2.75, 6.5, 2.5, 7], "texture": "#0"}
			}
		},
		{
			"name": "hexadecagon",
			"from": [3.51363, 24.80711, 7.2],
			"to": [5.90058, 25.80711, 8.7],
			"rotation": {"angle": 0, "axis": "y", "origin": [4.70711, 19.80711, 8.2]},
			"faces": {
				"north": {"uv": [3.25, 1.25, 10, 5], "texture": "#0"},
				"east": {"uv": [6.25, 6, 6.75, 6.25], "texture": "#0"},
				"south": {"uv": [5, 6, 5.25, 6.25], "texture": "#0"},
				"west": {"uv": [4, 7, 4.5, 7.25], "texture": "#0"},
				"up": {"uv": [3.5, 5, 3, 4.5], "texture": "#0"},
				"down": {"uv": [5, 4.5, 4.5, 5], "texture": "#0"}
			}
		},
		{
			"name": "hexadecagon",
			"from": [3.51363, 24.80711, 7.2],
			"to": [5.90058, 25.80711, 8.7],
			"rotation": {"angle": 22.5, "axis": "z", "origin": [4.70711, 19.80711, 8.2]},
			"faces": {
				"north": {"uv": [3.25, 1.25, 10, 5], "texture": "#0"},
				"east": {"uv": [6.5, 6.5, 7, 6.75], "texture": "#0"},
				"south": {"uv": [5, 6, 5.25, 6.25], "texture": "#0"},
				"west": {"uv": [4, 7, 4.5, 7.25], "texture": "#0"},
				"up": {"uv": [5, 0.5, 4.5, 0], "texture": "#0"},
				"down": {"uv": [5, 0.5, 4.5, 1], "texture": "#0"}
			}
		},
		{
			"name": "hexadecagon",
			"from": [3.51363, 24.80711, 7.2],
			"to": [6.90058, 25.80711, 8.7],
			"rotation": {"angle": -22.5, "axis": "z", "origin": [4.70711, 19.80711, 8.2]},
			"faces": {
				"north": {"uv": [3.25, 1.25, 10, 5], "texture": "#0"},
				"east": {"uv": [6.5, 2.5, 7, 2.75], "texture": "#0"},
				"south": {"uv": [5, 6, 5.25, 6.25], "texture": "#0"},
				"west": {"uv": [4, 7, 4.5, 7.25], "texture": "#0"},
				"up": {"uv": [3.5, 2, 2.75, 1.5], "texture": "#0"},
				"down": {"uv": [0.75, 3, 0, 3.5], "texture": "#0"}
			}
		},
		{
			"name": "hexadecagon",
			"from": [1.83137, 6.32671, 7.2],
			"to": [2.93137, 11.01148, 8.7],
			"rotation": {"angle": 22.5, "axis": "z", "origin": [-4.16863, 9.41909, 7.7]},
			"faces": {
				"north": {"uv": [3.25, 1.25, 10, 5], "texture": "#0"},
				"east": {"uv": [1.5, 1.5, 2, 2.75], "texture": "#0"},
				"south": {"uv": [5, 6, 5.25, 6.25], "texture": "#0"},
				"west": {"uv": [4, 7, 4.5, 7.25], "texture": "#0"},
				"up": {"uv": [3.5, 7, 3.25, 6.5], "texture": "#0"},
				"down": {"uv": [6.75, 3.5, 6.5, 4], "texture": "#0"}
			}
		},
		{
			"name": "hexadecagon",
			"from": [1, 20.10435, 7.2],
			"to": [2, 21.69565, 8.7],
			"rotation": {"angle": -45, "axis": "z", "origin": [5, 20.9, 7.7]},
			"faces": {
				"north": {"uv": [3.25, 1.25, 10, 5], "texture": "#0"},
				"east": {"uv": [4.5, 1, 5, 1.5], "texture": "#0"},
				"south": {"uv": [5, 6, 5.25, 6.25], "texture": "#0"},
				"west": {"uv": [4, 7, 4.5, 7.25], "texture": "#0"},
				"up": {"uv": [6.75, 6, 6.5, 5.5], "texture": "#0"},
				"down": {"uv": [3, 6.75, 2.75, 7.25], "texture": "#0"}
			}
		},
		{
			"name": "hexadecagon",
			"from": [-0.2, 19.80435, 7.2],
			"to": [2, 21.69565, 8.7],
			"rotation": {"angle": -22.5, "axis": "z", "origin": [5, 20.9, 7.7]},
			"faces": {
				"north": {"uv": [3.25, 1.25, 10, 5], "texture": "#0"},
				"east": {"uv": [4.5, 3, 5, 3.5], "texture": "#0"},
				"south": {"uv": [5, 6, 5.25, 6.25], "texture": "#0"},
				"west": {"uv": [4, 7, 4.5, 7.25], "texture": "#0"},
				"up": {"uv": [5.25, 4.5, 4.75, 4], "texture": "#0"},
				"down": {"uv": [0.5, 5, 0, 5.5], "texture": "#0"}
			}
		},
		{
			"name": "hexadecagon",
			"from": [4.20435, 23.9, 7.2],
			"to": [5.79565, 24.9, 8.7],
			"rotation": {"angle": 22.5, "axis": "z", "origin": [5, 20.9, 7.7]},
			"faces": {
				"north": {"uv": [3.25, 1.25, 10, 5], "texture": "#0"},
				"east": {"uv": [3.5, 6.75, 4, 7], "texture": "#0"},
				"south": {"uv": [5, 6, 5.25, 6.25], "texture": "#0"},
				"west": {"uv": [4, 7, 4.5, 7.25], "texture": "#0"},
				"up": {"uv": [1, 5.5, 0.5, 5], "texture": "#0"},
				"down": {"uv": [1.5, 5, 1, 5.5], "texture": "#0"}
			}
		},
		{
			"name": "hexadecagon",
			"from": [5.20435, 23.9, 7.2],
			"to": [6.79565, 24.9, 8.7],
			"rotation": {"angle": -22.5, "axis": "z", "origin": [6, 20.9, 7.7]},
			"faces": {
				"north": {"uv": [3.25, 1.25, 10, 5], "texture": "#0"},
				"east": {"uv": [5.5, 6.75, 6, 7], "texture": "#0"},
				"south": {"uv": [5, 6, 5.25, 6.25], "texture": "#0"},
				"west": {"uv": [4, 7, 4.5, 7.25], "texture": "#0"},
				"up": {"uv": [2, 5.5, 1.5, 5], "texture": "#0"},
				"down": {"uv": [3.5, 5, 3, 5.5], "texture": "#0"}
			}
		},
		{
			"from": [8.37118, 18.14766, 7.2],
			"to": [8.77118, 18.79766, 8.7],
			"rotation": {"angle": 22.5, "axis": "z", "origin": [9.81563, 13.56962, 6.95]},
			"faces": {
				"north": {"uv": [3.25, 1.25, 10, 5], "texture": "#0"},
				"east": {"uv": [6.75, 0, 7.25, 0.25], "texture": "#0"},
				"south": {"uv": [5, 6, 5.25, 6.25], "texture": "#0"},
				"west": {"uv": [4, 7, 4.5, 7.25], "texture": "#0"},
				"up": {"uv": [3.25, 7.25, 3, 6.75], "texture": "#0"},
				"down": {"uv": [7, 1, 6.75, 1.5], "texture": "#0"}
			}
		},
		{
			"from": [6.36527, 17.18091, 7.2],
			"to": [7.06527, 17.83091, 8.7],
			"rotation": {"angle": -22.5, "axis": "z", "origin": [8.10973, 12.60288, 6.95]},
			"faces": {
				"north": {"uv": [3.25, 1.25, 10, 5], "texture": "#0"},
				"east": {"uv": [6.75, 1.5, 7.25, 1.75], "texture": "#0"},
				"south": {"uv": [5, 6, 5.25, 6.25], "texture": "#0"},
				"west": {"uv": [4, 7, 4.5, 7.25], "texture": "#0"},
				"up": {"uv": [7, 2.5, 6.75, 2], "texture": "#0"},
				"down": {"uv": [7, 3, 6.75, 3.5], "texture": "#0"}
			}
		},
		{
			"from": [10.75551, 25.6451, 7.2],
			"to": [11.15551, 26.3951, 8.7],
			"rotation": {"angle": 45, "axis": "z", "origin": [12.49996, 21.16707, 6.95]},
			"faces": {
				"north": {"uv": [3.25, 1.25, 10, 5], "texture": "#0"},
				"east": {"uv": [7, 2, 7.5, 2.25], "texture": "#0"},
				"south": {"uv": [5, 6, 5.25, 6.25], "texture": "#0"},
				"west": {"uv": [4, 7, 4.5, 7.25], "texture": "#0"},
				"up": {"uv": [7.25, 3, 7, 2.5], "texture": "#0"},
				"down": {"uv": [7.25, 3, 7, 3.5], "texture": "#0"}
			}
		},
		{
			"from": [9.96789, 23.51553, 7.2],
			"to": [10.66789, 24.16553, 8.7],
			"rotation": {"angle": 22.5, "axis": "z", "origin": [11.71235, 18.9375, 6.95]},
			"faces": {
				"north": {"uv": [3.25, 1.25, 10, 5], "texture": "#0"},
				"east": {"uv": [4.75, 7, 5.25, 7.25], "texture": "#0"},
				"south": {"uv": [5, 6, 5.25, 6.25], "texture": "#0"},
				"west": {"uv": [4, 7, 4.5, 7.25], "texture": "#0"},
				"up": {"uv": [6, 7.5, 5.75, 7], "texture": "#0"},
				"down": {"uv": [6.25, 7, 6, 7.5], "texture": "#0"}
			}
		},
		{
			"from": [10.46789, 22.51553, 7.2],
			"to": [11.16789, 23.16553, 8.7],
			"rotation": {"angle": 22.5, "axis": "z", "origin": [12.21235, 17.9375, 6.95]},
			"faces": {
				"north": {"uv": [3.25, 1.25, 10, 5], "texture": "#0"},
				"east": {"uv": [3.25, 7, 3.75, 7.25], "texture": "#0"},
				"south": {"uv": [5, 6, 5.25, 6.25], "texture": "#0"},
				"west": {"uv": [4, 7, 4.5, 7.25], "texture": "#0"},
				"up": {"uv": [4.5, 7.5, 4.25, 7], "texture": "#0"},
				"down": {"uv": [4.75, 7, 4.5, 7.5], "texture": "#0"}
			}
		},
		{
			"from": [10.71789, 21.51553, 7.2],
			"to": [11.41789, 22.16553, 8.7],
			"rotation": {"angle": 22.5, "axis": "z", "origin": [12.46235, 16.9375, 6.95]},
			"faces": {
				"north": {"uv": [3.25, 1.25, 10, 5], "texture": "#0"},
				"east": {"uv": [1.25, 7, 1.75, 7.25], "texture": "#0"},
				"south": {"uv": [5, 6, 5.25, 6.25], "texture": "#0"},
				"west": {"uv": [4, 7, 4.5, 7.25], "texture": "#0"},
				"up": {"uv": [2.5, 7.5, 2.25, 7], "texture": "#0"},
				"down": {"uv": [2.75, 7, 2.5, 7.5], "texture": "#0"}
			}
		},
		{
			"from": [6.96527, 19.28091, 7.2],
			"to": [7.66527, 19.93091, 8.7],
			"rotation": {"angle": -22.5, "axis": "z", "origin": [8.70973, 14.70288, 6.95]},
			"faces": {
				"north": {"uv": [3.25, 1.25, 10, 5], "texture": "#0"},
				"east": {"uv": [6.75, 6, 7.25, 6.25], "texture": "#0"},
				"south": {"uv": [5, 6, 5.25, 6.25], "texture": "#0"},
				"west": {"uv": [4, 7, 4.5, 7.25], "texture": "#0"},
				"up": {"uv": [1, 7.5, 0.75, 7], "texture": "#0"},
				"down": {"uv": [1.25, 7, 1, 7.5], "texture": "#0"}
			}
		},
		{
			"from": [4.7519, 18.50736, 7.2],
			"to": [5.4519, 19.15736, 8.7],
			"rotation": {"angle": -45, "axis": "z", "origin": [6.49636, 13.92933, 6.95]},
			"faces": {
				"north": {"uv": [3.25, 1.25, 10, 5], "texture": "#0"},
				"east": {"uv": [6.75, 5, 7.25, 5.25], "texture": "#0"},
				"south": {"uv": [5, 6, 5.25, 6.25], "texture": "#0"},
				"west": {"uv": [4, 7, 4.5, 7.25], "texture": "#0"},
				"up": {"uv": [7, 6, 6.75, 5.5], "texture": "#0"},
				"down": {"uv": [0.25, 7, 0, 7.5], "texture": "#0"}
			}
		},
		{
			"from": [3.9519, 17.00736, 7.2],
			"to": [4.6519, 17.85736, 8.7],
			"rotation": {"angle": -45, "axis": "z", "origin": [5.69636, 12.42933, 6.95]},
			"faces": {
				"north": {"uv": [3.25, 1.25, 10, 5], "texture": "#0"},
				"east": {"uv": [6.75, 3.5, 7.25, 3.75], "texture": "#0"},
				"south": {"uv": [5, 6, 5.25, 6.25], "texture": "#0"},
				"west": {"uv": [4, 7, 4.5, 7.25], "texture": "#0"},
				"up": {"uv": [7, 4.5, 6.75, 4], "texture": "#0"},
				"down": {"uv": [7, 4.5, 6.75, 5], "texture": "#0"}
			}
		},
		{
			"from": [9, 23.6, 7.2],
			"to": [9.5, 25.2, 8.7],
			"rotation": {"angle": 0, "axis": "y", "origin": [16.6, 31.6, 15.2]},
			"faces": {
				"north": {"uv": [3.25, 1.25, 10, 5], "texture": "#0"},
				"east": {"uv": [5, 2, 5.5, 2.5], "texture": "#0"},
				"south": {"uv": [5, 6, 5.25, 6.25], "texture": "#0"},
				"west": {"uv": [4, 7, 4.5, 7.25], "texture": "#0"},
				"up": {"uv": [7.75, 3, 7.5, 2.5], "texture": "#0"},
				"down": {"uv": [7.75, 3, 7.5, 3.5], "texture": "#0"}
			}
		},
		{
			"from": [8.9, 24, 7.2],
			"to": [9.3, 25.6, 8.7],
			"rotation": {"angle": 0, "axis": "y", "origin": [16.55, 31.35, 15.2]},
			"faces": {
				"north": {"uv": [3.25, 1.25, 10, 5], "texture": "#0"},
				"east": {"uv": [5, 1, 5.5, 1.5], "texture": "#0"},
				"south": {"uv": [5, 6, 5.25, 6.25], "texture": "#0"},
				"west": {"uv": [4, 7, 4.5, 7.25], "texture": "#0"},
				"up": {"uv": [7.75, 1, 7.5, 0.5], "texture": "#0"},
				"down": {"uv": [7.75, 1, 7.5, 1.5], "texture": "#0"}
			}
		},
		{
			"from": [8.4, 24.95, 7.2],
			"to": [8.8, 26.05, 8.7],
			"rotation": {"angle": 0, "axis": "y", "origin": [16.05, 32.1, 15.2]},
			"faces": {
				"north": {"uv": [3.25, 1.25, 10, 5], "texture": "#0"},
				"east": {"uv": [5.5, 7.5, 6, 7.75], "texture": "#0"},
				"south": {"uv": [5, 6, 5.25, 6.25], "texture": "#0"},
				"west": {"uv": [4, 7, 4.5, 7.25], "texture": "#0"},
				"up": {"uv": [6.25, 8, 6, 7.5], "texture": "#0"},
				"down": {"uv": [7.5, 7.5, 7.25, 8], "texture": "#0"}
			}
		},
		{
			"from": [8.15, 25.45, 7.2],
			"to": [8.55, 26.05, 8.7],
			"rotation": {"angle": 0, "axis": "y", "origin": [15.8, 32.1, 15.2]},
			"faces": {
				"north": {"uv": [3.25, 1.25, 10, 5], "texture": "#0"},
				"east": {"uv": [4.25, 7.5, 4.75, 7.75], "texture": "#0"},
				"south": {"uv": [5, 6, 5.25, 6.25], "texture": "#0"},
				"west": {"uv": [4, 7, 4.5, 7.25], "texture": "#0"},
				"up": {"uv": [3.75, 8, 3.5, 7.5], "texture": "#0"},
				"down": {"uv": [5.5, 7.5, 5.25, 8], "texture": "#0"}
			}
		},
		{
			"from": [7.9, 25.65, 7.2],
			"to": [8.3, 26.05, 8.7],
			"rotation": {"angle": 0, "axis": "y", "origin": [15.55, 32.1, 15.2]},
			"faces": {
				"north": {"uv": [3.25, 1.25, 10, 5], "texture": "#0"},
				"east": {"uv": [2.25, 7.5, 2.75, 7.75], "texture": "#0"},
				"south": {"uv": [5, 6, 5.25, 6.25], "texture": "#0"},
				"west": {"uv": [4, 7, 4.5, 7.25], "texture": "#0"},
				"up": {"uv": [1.75, 8, 1.5, 7.5], "texture": "#0"},
				"down": {"uv": [3.5, 7.5, 3.25, 8], "texture": "#0"}
			}
		},
		{
			"from": [7.8, 26.05, 7.2],
			"to": [8.6, 26.15, 8.7],
			"rotation": {"angle": 0, "axis": "y", "origin": [15.55, 32.2, 15.2]},
			"faces": {
				"north": {"uv": [3.25, 1.25, 10, 5], "texture": "#0"},
				"east": {"uv": [6.75, 7.25, 7.25, 7.5], "texture": "#0"},
				"south": {"uv": [5, 6, 5.25, 6.25], "texture": "#0"},
				"west": {"uv": [4, 7, 4.5, 7.25], "texture": "#0"},
				"up": {"uv": [7.5, 0.5, 7.25, 0], "texture": "#0"},
				"down": {"uv": [7.5, 0.5, 7.25, 1], "texture": "#0"}
			}
		},
		{
			"from": [8.95, 23.35, 7.2],
			"to": [9.25, 24.1, 8.7],
			"rotation": {"angle": 0, "axis": "y", "origin": [16.45, 31.1, 15.2]},
			"faces": {
				"north": {"uv": [3.25, 1.25, 10, 5], "texture": "#0"},
				"east": {"uv": [4.75, 7.25, 5.25, 7.5], "texture": "#0"},
				"south": {"uv": [5, 6, 5.25, 6.25], "texture": "#0"},
				"west": {"uv": [4, 7, 4.5, 7.25], "texture": "#0"},
				"up": {"uv": [6.5, 7.75, 6.25, 7.25], "texture": "#0"},
				"down": {"uv": [6.75, 7.25, 6.5, 7.75], "texture": "#0"}
			}
		},
		{
			"from": [8.6, 24.05, 7.2],
			"to": [9.1, 25.9, 8.7],
			"rotation": {"angle": 0, "axis": "y", "origin": [16.15, 31.85, 15.2]},
			"faces": {
				"north": {"uv": [3.25, 1.25, 10, 5], "texture": "#0"},
				"east": {"uv": [4.5, 5, 5, 5.5], "texture": "#0"},
				"south": {"uv": [5, 6, 5.25, 6.25], "texture": "#0"},
				"west": {"uv": [4, 7, 4.5, 7.25], "texture": "#0"},
				"up": {"uv": [7.5, 3, 7.25, 2.5], "texture": "#0"},
				"down": {"uv": [7.5, 3, 7.25, 3.5], "texture": "#0"}
			}
		},
		{
			"from": [4.4871, 11.34224, 7.2],
			"to": [5.2871, 13.59224, 8.7],
			"rotation": {"angle": 22.5, "axis": "z", "origin": [6.13155, 8.4642, 6.95]},
			"faces": {
				"north": {"uv": [3.25, 1.25, 10, 5], "texture": "#0"},
				"east": {"uv": [5, 0, 5.5, 0.5], "texture": "#0"},
				"south": {"uv": [5, 6, 5.25, 6.25], "texture": "#0"},
				"west": {"uv": [4, 7, 4.5, 7.25], "texture": "#0"},
				"up": {"uv": [7.5, 5.5, 7.25, 5], "texture": "#0"},
				"down": {"uv": [7.5, 5.5, 7.25, 6], "texture": "#0"}
			}
		},
		{
			"from": [3.6871, 13.64224, 7.2],
			"to": [4.4871, 16.89224, 8.7],
			"rotation": {"angle": 22.5, "axis": "z", "origin": [5.33155, 10.7642, 6.95]},
			"faces": {
				"north": {"uv": [3.25, 1.25, 10, 5], "texture": "#0"},
				"east": {"uv": [0.75, 3, 1.25, 3.75], "texture": "#0"},
				"south": {"uv": [5, 6, 5.25, 6.25], "texture": "#0"},
				"west": {"uv": [4, 7, 4.5, 7.25], "texture": "#0"},
				"up": {"uv": [0.25, 8, 0, 7.5], "texture": "#0"},
				"down": {"uv": [1, 7.5, 0.75, 8], "texture": "#0"}
			}
		},
		{
			"from": [4.67267, 18.36226, 7.2],
			"to": [4.97267, 19.01226, 8.7],
			"rotation": {"angle": 45, "axis": "z", "origin": [6.31712, 13.88423, 6.95]},
			"faces": {
				"north": {"uv": [3.25, 1.25, 10, 5], "texture": "#0"},
				"east": {"uv": [7.25, 6, 7.75, 6.25], "texture": "#0"},
				"south": {"uv": [5, 6, 5.25, 6.25], "texture": "#0"},
				"west": {"uv": [4, 7, 4.5, 7.25], "texture": "#0"},
				"up": {"uv": [1.25, 8, 1, 7.5], "texture": "#0"},
				"down": {"uv": [1.5, 7.5, 1.25, 8], "texture": "#0"}
			}
		},
		{
			"from": [4.42267, 19.36226, 7.2],
			"to": [4.72267, 20.01226, 8.7],
			"rotation": {"angle": 45, "axis": "z", "origin": [6.06712, 14.88423, 6.95]},
			"faces": {
				"north": {"uv": [3.25, 1.25, 10, 5], "texture": "#0"},
				"east": {"uv": [2.75, 7.25, 3.25, 7.5], "texture": "#0"},
				"south": {"uv": [5, 6, 5.25, 6.25], "texture": "#0"},
				"west": {"uv": [4, 7, 4.5, 7.25], "texture": "#0"},
				"up": {"uv": [4, 7.75, 3.75, 7.25], "texture": "#0"},
				"down": {"uv": [4.25, 7.25, 4, 7.75], "texture": "#0"}
			}
		},
		{
			"from": [9.97267, 18.96226, 7.2],
			"to": [10.47267, 19.86226, 8.7],
			"rotation": {"angle": 45, "axis": "z", "origin": [11.81712, 14.68423, 6.95]},
			"faces": {
				"north": {"uv": [3.25, 1.25, 10, 5], "texture": "#0"},
				"east": {"uv": [7, 6.75, 7.5, 7], "texture": "#0"},
				"south": {"uv": [5, 6, 5.25, 6.25], "texture": "#0"},
				"west": {"uv": [4, 7, 4.5, 7.25], "texture": "#0"},
				"up": {"uv": [2, 7.75, 1.75, 7.25], "texture": "#0"},
				"down": {"uv": [2.25, 7.25, 2, 7.75], "texture": "#0"}
			}
		},
		{
			"from": [-0.51475, 19.82585, 7.2],
			"to": [-0.21475, 20.47585, 8.7],
			"rotation": {"angle": -22.5, "axis": "z", "origin": [1.1297, 15.34781, 6.95]},
			"faces": {
				"north": {"uv": [3.25, 1.25, 10, 5], "texture": "#0"},
				"east": {"uv": [7, 6.25, 7.5, 6.5], "texture": "#0"},
				"south": {"uv": [5, 6, 5.25, 6.25], "texture": "#0"},
				"west": {"uv": [4, 7, 4.5, 7.25], "texture": "#0"},
				"up": {"uv": [0.5, 7.75, 0.25, 7.25], "texture": "#0"},
				"down": {"uv": [0.75, 7.25, 0.5, 7.75], "texture": "#0"}
			}
		},
		{
			"from": [-1.06023, 23.46091, 7.2],
			"to": [-0.66023, 24.21091, 8.7],
			"rotation": {"angle": -45, "axis": "z", "origin": [0.68423, 18.98288, 6.95]},
			"faces": {
				"north": {"uv": [3.25, 1.25, 10, 5], "texture": "#0"},
				"east": {"uv": [7, 4, 7.5, 4.25], "texture": "#0"},
				"south": {"uv": [5, 6, 5.25, 6.25], "texture": "#0"},
				"west": {"uv": [4, 7, 4.5, 7.25], "texture": "#0"},
				"up": {"uv": [7.25, 5, 7, 4.5], "texture": "#0"},
				"down": {"uv": [7.25, 5.5, 7, 6], "texture": "#0"}
			}
		},
		{
			"from": [1.7, 24.1, 7.2],
			"to": [8.65, 24.6, 8.7],
			"rotation": {"angle": 0, "axis": "y", "origin": [12.1, 32.1, 15.2]},
			"faces": {
				"north": {"uv": [3.25, 1.25, 10, 5], "texture": "#0"},
				"east": {"uv": [5.75, 8, 6.25, 8.25], "texture": "#0"},
				"south": {"uv": [5, 6, 5.25, 6.25], "texture": "#0"},
				"west": {"uv": [4, 7, 4.5, 7.25], "texture": "#0"},
				"up": {"uv": [1.75, 0.5, 0, 0], "texture": "#0"},
				"down": {"uv": [1.75, 0.5, 0, 1], "texture": "#0"}
			}
		},
		{
			"from": [3.1, 24.6, 7.2],
			"to": [6.35, 25.1, 8.7],
			"rotation": {"angle": 0, "axis": "y", "origin": [12.1, 32.6, 15.2]},
			"faces": {
				"north": {"uv": [3.25, 1.25, 10, 5], "texture": "#0"},
				"east": {"uv": [8.25, 2.5, 8.75, 2.75], "texture": "#0"},
				"south": {"uv": [5, 6, 5.25, 6.25], "texture": "#0"},
				"west": {"uv": [4, 7, 4.5, 7.25], "texture": "#0"},
				"up": {"uv": [3, 4.5, 2.25, 4], "texture": "#0"},
				"down": {"uv": [3.75, 4, 3, 4.5], "texture": "#0"}
			}
		},
		{
			"from": [4.4, 23.9, 7.2],
			"to": [7.6, 24.1, 8.7],
			"rotation": {"angle": 0, "axis": "y", "origin": [12.1, 31.6, 15.2]},
			"faces": {
				"north": {"uv": [3.25, 1.25, 10, 5], "texture": "#0"},
				"east": {"uv": [2.5, 8.25, 3, 8.5], "texture": "#0"},
				"south": {"uv": [5, 6, 5.25, 6.25], "texture": "#0"},
				"west": {"uv": [4, 7, 4.5, 7.25], "texture": "#0"},
				"up": {"uv": [4.25, 2, 3.5, 1.5], "texture": "#0"},
				"down": {"uv": [0.75, 4, 0, 4.5], "texture": "#0"}
			}
		},
		{
			"from": [7.4, 16.9, 7.2],
			"to": [8.05, 17.1, 8.7],
			"rotation": {"angle": 0, "axis": "y", "origin": [13.6, 24.6, 15.2]},
			"faces": {
				"north": {"uv": [3.25, 1.25, 10, 5], "texture": "#0"},
				"east": {"uv": [5, 8.25, 5.5, 8.5], "texture": "#0"},
				"south": {"uv": [5, 6, 5.25, 6.25], "texture": "#0"},
				"west": {"uv": [4, 7, 4.5, 7.25], "texture": "#0"},
				"up": {"uv": [6.25, 8.75, 6, 8.25], "texture": "#0"},
				"down": {"uv": [6.5, 8.25, 6.25, 8.75], "texture": "#0"}
			}
		},
		{
			"from": [9, 19.9, 7.2],
			"to": [9.1, 20.8, 8.7],
			"rotation": {"angle": 0, "axis": "y", "origin": [14.8, 27.7, 15.2]},
			"faces": {
				"north": {"uv": [3.25, 1.25, 10, 5], "texture": "#0"},
				"east": {"uv": [3.5, 8.25, 4, 8.5], "texture": "#0"},
				"south": {"uv": [5, 6, 5.25, 6.25], "texture": "#0"},
				"west": {"uv": [4, 7, 4.5, 7.25], "texture": "#0"},
				"up": {"uv": [4.75, 8.75, 4.5, 8.25], "texture": "#0"},
				"down": {"uv": [5, 8.25, 4.75, 8.75], "texture": "#0"}
			}
		},
		{
			"from": [8.1, 23.1, 7.2],
			"to": [9.35, 23.6, 8.7],
			"rotation": {"angle": 0, "axis": "y", "origin": [16.1, 31.1, 15.2]},
			"faces": {
				"north": {"uv": [3.25, 1.25, 10, 5], "texture": "#0"},
				"east": {"uv": [7.25, 8, 7.75, 8.25], "texture": "#0"},
				"south": {"uv": [5, 6, 5.25, 6.25], "texture": "#0"},
				"west": {"uv": [4, 7, 4.5, 7.25], "texture": "#0"},
				"up": {"uv": [8.25, 0.75, 8, 0.25], "texture": "#0"},
				"down": {"uv": [8.25, 0.75, 8, 1.25], "texture": "#0"}
			}
		},
		{
			"from": [8.6, 22.1, 7.2],
			"to": [9.85, 23.1, 8.7],
			"rotation": {"angle": 0, "axis": "y", "origin": [16.6, 30.1, 15.2]},
			"faces": {
				"north": {"uv": [3.25, 1.25, 10, 5], "texture": "#0"},
				"east": {"uv": [8, 1.25, 8.5, 1.5], "texture": "#0"},
				"south": {"uv": [5, 6, 5.25, 6.25], "texture": "#0"},
				"west": {"uv": [4, 7, 4.5, 7.25], "texture": "#0"},
				"up": {"uv": [8.25, 2.25, 8, 1.75], "texture": "#0"},
				"down": {"uv": [8.25, 2.25, 8, 2.75], "texture": "#0"}
			}
		},
		{
			"from": [8.85, 21.1, 7.2],
			"to": [10.2, 22.1, 8.7],
			"rotation": {"angle": 0, "axis": "y", "origin": [16.85, 29.1, 15.2]},
			"faces": {
				"north": {"uv": [3.25, 1.25, 10, 5], "texture": "#0"},
				"east": {"uv": [8, 3.5, 8.5, 3.75], "texture": "#0"},
				"south": {"uv": [5, 6, 5.25, 6.25], "texture": "#0"},
				"west": {"uv": [4, 7, 4.5, 7.25], "texture": "#0"},
				"up": {"uv": [8.25, 4.5, 8, 4], "texture": "#0"},
				"down": {"uv": [8.25, 4.5, 8, 5], "texture": "#0"}
			}
		},
		{
			"from": [9.1, 19.1, 7.2],
			"to": [10.35, 21.1, 8.7],
			"rotation": {"angle": 0, "axis": "y", "origin": [17.1, 28.1, 15.2]},
			"faces": {
				"north": {"uv": [3.25, 1.25, 10, 5], "texture": "#0"},
				"east": {"uv": [5.5, 2, 6, 2.5], "texture": "#0"},
				"south": {"uv": [5, 6, 5.25, 6.25], "texture": "#0"},
				"west": {"uv": [4, 7, 4.5, 7.25], "texture": "#0"},
				"up": {"uv": [8.25, 7.25, 8, 6.75], "texture": "#0"},
				"down": {"uv": [0.5, 8.25, 0.25, 8.75], "texture": "#0"}
			}
		},
		{
			"from": [8.85, 18.1, 7.2],
			"to": [10.1, 19.6, 8.7],
			"rotation": {"angle": 0, "axis": "y", "origin": [16.85, 26.1, 15.2]},
			"faces": {
				"north": {"uv": [3.25, 1.25, 10, 5], "texture": "#0"},
				"east": {"uv": [5.5, 4.5, 6, 5], "texture": "#0"},
				"south": {"uv": [5, 6, 5.25, 6.25], "texture": "#0"},
				"west": {"uv": [4, 7, 4.5, 7.25], "texture": "#0"},
				"up": {"uv": [1.25, 8.75, 1, 8.25], "texture": "#0"},
				"down": {"uv": [1.5, 8.25, 1.25, 8.75], "texture": "#0"}
			}
		},
		{
			"from": [8.5, 17.1, 7.2],
			"to": [9.85, 18.4, 8.7],
			"rotation": {"angle": 0, "axis": "y", "origin": [16.6, 25.1, 15.2]},
			"faces": {
				"north": {"uv": [3.25, 1.25, 10, 5], "texture": "#0"},
				"east": {"uv": [8, 7.25, 8.5, 7.5], "texture": "#0"},
				"south": {"uv": [5, 6, 5.25, 6.25], "texture": "#0"},
				"west": {"uv": [4, 7, 4.5, 7.25], "texture": "#0"},
				"up": {"uv": [2.25, 8.75, 2, 8.25], "texture": "#0"},
				"down": {"uv": [2.5, 8.25, 2.25, 8.75], "texture": "#0"}
			}
		},
		{
			"from": [8.25, 16.1, 7.2],
			"to": [9.4, 17.5, 8.7],
			"rotation": {"angle": 0, "axis": "y", "origin": [16.35, 24.1, 15.2]},
			"faces": {
				"north": {"uv": [3.25, 1.25, 10, 5], "texture": "#0"},
				"east": {"uv": [7.75, 3.25, 8.25, 3.5], "texture": "#0"},
				"south": {"uv": [5, 6, 5.25, 6.25], "texture": "#0"},
				"west": {"uv": [4, 7, 4.5, 7.25], "texture": "#0"},
				"up": {"uv": [8, 5.75, 7.75, 5.25], "texture": "#0"},
				"down": {"uv": [8, 5.75, 7.75, 6.25], "texture": "#0"}
			}
		},
		{
			"from": [7.7, 15.7, 7.2],
			"to": [9, 16.9, 8.7],
			"rotation": {"angle": 0, "axis": "y", "origin": [15.85, 23.1, 15.2]},
			"faces": {
				"north": {"uv": [3.25, 1.25, 10, 5], "texture": "#0"},
				"east": {"uv": [7.75, 2.75, 8.25, 3], "texture": "#0"},
				"south": {"uv": [5, 6, 5.25, 6.25], "texture": "#0"},
				"west": {"uv": [4, 7, 4.5, 7.25], "texture": "#0"},
				"up": {"uv": [8, 4.5, 7.75, 4], "texture": "#0"},
				"down": {"uv": [8, 4.5, 7.75, 5], "texture": "#0"}
			}
		},
		{
			"from": [6.7, 14.55, 7.2],
			"to": [7.7, 16.75, 8.7],
			"rotation": {"angle": 0, "axis": "y", "origin": [14.35, 23.1, 15.2]},
			"faces": {
				"north": {"uv": [3.25, 1.25, 10, 5], "texture": "#0"},
				"east": {"uv": [0, 5.5, 0.5, 6], "texture": "#0"},
				"south": {"uv": [5, 6, 5.25, 6.25], "texture": "#0"},
				"west": {"uv": [4, 7, 4.5, 7.25], "texture": "#0"},
				"up": {"uv": [8, 2.25, 7.75, 1.75], "texture": "#0"},
				"down": {"uv": [8, 2.25, 7.75, 2.75], "texture": "#0"}
			}
		},
		{
			"from": [6.45, 16.1, 7.2],
			"to": [7.2, 17.4, 8.7],
			"rotation": {"angle": 0, "axis": "y", "origin": [13.85, 23.35, 15.2]},
			"faces": {
				"north": {"uv": [3.25, 1.25, 10, 5], "texture": "#0"},
				"east": {"uv": [7.75, 7.75, 8.25, 8], "texture": "#0"},
				"south": {"uv": [5, 6, 5.25, 6.25], "texture": "#0"},
				"west": {"uv": [4, 7, 4.5, 7.25], "texture": "#0"},
				"up": {"uv": [7.25, 8.25, 7, 7.75], "texture": "#0"},
				"down": {"uv": [8, 0.25, 7.75, 0.75], "texture": "#0"}
			}
		},
		{
			"from": [6.45, 17.1, 7.2],
			"to": [6.85, 18, 8.7],
			"rotation": {"angle": 0, "axis": "y", "origin": [13.85, 24.35, 15.2]},
			"faces": {
				"north": {"uv": [3.25, 1.25, 10, 5], "texture": "#0"},
				"east": {"uv": [5.5, 7.75, 6, 8], "texture": "#0"},
				"south": {"uv": [5, 6, 5.25, 6.25], "texture": "#0"},
				"west": {"uv": [4, 7, 4.5, 7.25], "texture": "#0"},
				"up": {"uv": [5.25, 8.25, 5, 7.75], "texture": "#0"},
				"down": {"uv": [7, 7.75, 6.75, 8.25], "texture": "#0"}
			}
		},
		{
			"from": [6.7, 13.8, 7.2],
			"to": [7.45, 15.1, 8.7],
			"rotation": {"angle": 0, "axis": "y", "origin": [14.1, 21.35, 15.2]},
			"faces": {
				"north": {"uv": [3.25, 1.25, 10, 5], "texture": "#0"},
				"east": {"uv": [7.5, 6.75, 8, 7], "texture": "#0"},
				"south": {"uv": [5, 6, 5.25, 6.25], "texture": "#0"},
				"west": {"uv": [4, 7, 4.5, 7.25], "texture": "#0"},
				"up": {"uv": [4.75, 8.25, 4.5, 7.75], "texture": "#0"},
				"down": {"uv": [5, 7.75, 4.75, 8.25], "texture": "#0"}
			}
		},
		{
			"from": [7.65013, 14.84328, 7.2],
			"to": [8.40013, 16.94328, 8.7],
			"rotation": {"angle": 0, "axis": "y", "origin": [15.80013, 23.14328, 15.2]},
			"faces": {
				"north": {"uv": [3.25, 1.25, 10, 5], "texture": "#0"},
				"east": {"uv": [5.25, 3.5, 5.75, 4], "texture": "#0"},
				"south": {"uv": [5, 6, 5.25, 6.25], "texture": "#0"},
				"west": {"uv": [4, 7, 4.5, 7.25], "texture": "#0"},
				"up": {"uv": [3.25, 8.25, 3, 7.75], "texture": "#0"},
				"down": {"uv": [4, 7.75, 3.75, 8.25], "texture": "#0"}
			}
		},
		{
			"from": [9.3, 23.1, 7.2],
			"to": [9.7, 24.7, 8.7],
			"rotation": {"angle": 0, "axis": "y", "origin": [16.9, 31.1, 15.2]},
			"faces": {
				"north": {"uv": [3.25, 1.25, 10, 5], "texture": "#0"},
				"east": {"uv": [4, 5.25, 4.5, 5.75], "texture": "#0"},
				"south": {"uv": [5, 6, 5.25, 6.25], "texture": "#0"},
				"west": {"uv": [4, 7, 4.5, 7.25], "texture": "#0"},
				"up": {"uv": [2.25, 8.25, 2, 7.75], "texture": "#0"},
				"down": {"uv": [2.5, 7.75, 2.25, 8.25], "texture": "#0"}
			}
		},
		{
			"from": [9.45, 23.1, 7.2],
			"to": [9.85, 24, 8.7],
			"rotation": {"angle": 0, "axis": "y", "origin": [17.05, 31.1, 15.2]},
			"faces": {
				"north": {"uv": [3.25, 1.25, 10, 5], "texture": "#0"},
				"east": {"uv": [7.5, 3.5, 8, 3.75], "texture": "#0"},
				"south": {"uv": [5, 6, 5.25, 6.25], "texture": "#0"},
				"west": {"uv": [4, 7, 4.5, 7.25], "texture": "#0"},
				"up": {"uv": [7.75, 4.5, 7.5, 4], "texture": "#0"},
				"down": {"uv": [7.75, 4.5, 7.5, 5], "texture": "#0"}
			}
		},
		{
			"from": [9.5, 22.1, 7.2],
			"to": [10, 23.7, 8.7],
			"rotation": {"angle": 0, "axis": "y", "origin": [17.1, 30.1, 15.2]},
			"faces": {
				"north": {"uv": [3.25, 1.25, 10, 5], "texture": "#0"},
				"east": {"uv": [5, 4.5, 5.5, 5], "texture": "#0"},
				"south": {"uv": [5, 6, 5.25, 6.25], "texture": "#0"},
				"west": {"uv": [4, 7, 4.5, 7.25], "texture": "#0"},
				"up": {"uv": [7.75, 6.75, 7.5, 6.25], "texture": "#0"},
				"down": {"uv": [0.5, 7.75, 0.25, 8.25], "texture": "#0"}
			}
		},
		{
			"from": [2.55, 8, 7.2],
			"to": [4.25, 10.8, 8.7],
			"rotation": {"angle": 0, "axis": "y", "origin": [10.45, 16.8, 15.2]},
			"faces": {
				"north": {"uv": [3.25, 1.25, 10, 5], "texture": "#0"},
				"east": {"uv": [1.25, 3.75, 1.75, 4.5], "texture": "#0"},
				"south": {"uv": [5, 6, 5.25, 6.25], "texture": "#0"},
				"west": {"uv": [4, 7, 4.5, 7.25], "texture": "#0"},
				"up": {"uv": [4, 6.25, 3.5, 5.75], "texture": "#0"},
				"down": {"uv": [4.5, 5.75, 4, 6.25], "texture": "#0"}
			}
		},
		{
			"from": [1.95, 10.7, 7.2],
			"to": [3.45, 13.1, 8.7],
			"rotation": {"angle": 0, "axis": "y", "origin": [9.95, 18.8, 15.2]},
			"faces": {
				"north": {"uv": [3.25, 1.25, 10, 5], "texture": "#0"},
				"east": {"uv": [5.75, 3.5, 6.25, 4], "texture": "#0"},
				"south": {"uv": [5, 6, 5.25, 6.25], "texture": "#0"},
				"west": {"uv": [4, 7, 4.5, 7.25], "texture": "#0"},
				"up": {"uv": [1, 6.5, 0.5, 6], "texture": "#0"},
				"down": {"uv": [1.5, 6, 1, 6.5], "texture": "#0"}
			}
		},
		{
			"from": [-0.65, 21.6, 7.2],
			"to": [2, 22.1, 8.7],
			"rotation": {"angle": 0, "axis": "y", "origin": [8.95, 29.6, 15.2]},
			"faces": {
				"north": {"uv": [3.25, 1.25, 10, 5], "texture": "#0"},
				"east": {"uv": [4, 8, 4.5, 8.25], "texture": "#0"},
				"south": {"uv": [5, 6, 5.25, 6.25], "texture": "#0"},
				"west": {"uv": [4, 7, 4.5, 7.25], "texture": "#0"},
				"up": {"uv": [3.25, 4, 2.5, 3.5], "texture": "#0"},
				"down": {"uv": [4, 3.5, 3.25, 4], "texture": "#0"}
			}
		},
		{
			"from": [1.15, 13.1, 7.2],
			"to": [2.7, 14.6, 8.7],
			"rotation": {"angle": 0, "axis": "y", "origin": [9.2, 21.1, 15.2]},
			"faces": {
				"north": {"uv": [3.25, 1.25, 10, 5], "texture": "#0"},
				"east": {"uv": [1.5, 5.5, 2, 6], "texture": "#0"},
				"south": {"uv": [5, 6, 5.25, 6.25], "texture": "#0"},
				"west": {"uv": [4, 7, 4.5, 7.25], "texture": "#0"},
				"up": {"uv": [3.5, 6, 3, 5.5], "texture": "#0"},
				"down": {"uv": [5, 5.5, 4.5, 6], "texture": "#0"}
			}
		},
		{
			"from": [-0.25, 14.6, 7.2],
			"to": [2.2, 16.1, 8.7],
			"rotation": {"angle": 0, "axis": "y", "origin": [8.95, 22.6, 15.2]},
			"faces": {
				"north": {"uv": [3.25, 1.25, 10, 5], "texture": "#0"},
				"east": {"uv": [5.5, 5.5, 6, 6], "texture": "#0"},
				"south": {"uv": [5, 6, 5.25, 6.25], "texture": "#0"},
				"west": {"uv": [4, 7, 4.5, 7.25], "texture": "#0"},
				"up": {"uv": [6, 1.5, 5.5, 1], "texture": "#0"},
				"down": {"uv": [6, 1.5, 5.5, 2], "texture": "#0"}
			}
		},
		{
			"from": [-0.7, 16.1, 7.2],
			"to": [1.95, 17.1, 8.7],
			"rotation": {"angle": 0, "axis": "y", "origin": [8.7, 24.1, 15.2]},
			"faces": {
				"north": {"uv": [3.25, 1.25, 10, 5], "texture": "#0"},
				"east": {"uv": [7.75, 7.5, 8.25, 7.75], "texture": "#0"},
				"south": {"uv": [5, 6, 5.25, 6.25], "texture": "#0"},
				"west": {"uv": [4, 7, 4.5, 7.25], "texture": "#0"},
				"up": {"uv": [3.75, 3.5, 3, 3], "texture": "#0"},
				"down": {"uv": [3.75, 2.5, 3, 3], "texture": "#0"}
			}
		},
		{
			"from": [-1.2, 17.1, 7.2],
			"to": [1.7, 20.6, 8.7],
			"rotation": {"angle": 0, "axis": "y", "origin": [8.45, 25.1, 15.2]},
			"faces": {
				"north": {"uv": [3.25, 1.25, 10, 5], "texture": "#0"},
				"east": {"uv": [2.5, 2.5, 3, 3.5], "texture": "#0"},
				"south": {"uv": [5, 6, 5.25, 6.25], "texture": "#0"},
				"west": {"uv": [4, 7, 4.5, 7.25], "texture": "#0"},
				"up": {"uv": [4, 0.5, 3.25, 0], "texture": "#0"},
				"down": {"uv": [4, 0.5, 3.25, 1], "texture": "#0"}
			}
		},
		{
			"from": [-1, 20.6, 7.2],
			"to": [1.85, 21.6, 8.7],
			"rotation": {"angle": 0, "axis": "y", "origin": [8.7, 28.6, 15.2]},
			"faces": {
				"north": {"uv": [3.25, 1.25, 10, 5], "texture": "#0"},
				"east": {"uv": [1.25, 8, 1.75, 8.25], "texture": "#0"},
				"south": {"uv": [5, 6, 5.25, 6.25], "texture": "#0"},
				"west": {"uv": [4, 7, 4.5, 7.25], "texture": "#0"},
				"up": {"uv": [4, 1.5, 3.25, 1], "texture": "#0"},
				"down": {"uv": [0.75, 3.5, 0, 4], "texture": "#0"}
			}
		},
		{
			"from": [1.1, 23.1, 7.2],
			"to": [2.9, 23.6, 8.7],
			"rotation": {"angle": 0, "axis": "y", "origin": [9.65, 31.1, 15.2]},
			"faces": {
				"north": {"uv": [3.25, 1.25, 10, 5], "texture": "#0"},
				"east": {"uv": [8.25, 0.25, 8.75, 0.5], "texture": "#0"},
				"south": {"uv": [5, 6, 5.25, 6.25], "texture": "#0"},
				"west": {"uv": [4, 7, 4.5, 7.25], "texture": "#0"},
				"up": {"uv": [3, 6.5, 2.5, 6], "texture": "#0"},
				"down": {"uv": [3.5, 6, 3, 6.5], "texture": "#0"}
			}
		},
		{
			"from": [7.3, 23.6, 7.2],
			"to": [8.95, 24.1, 8.7],
			"rotation": {"angle": 0, "axis": "y", "origin": [11.55, 31.6, 16.2]},
			"faces": {
				"north": {"uv": [3.25, 1.25, 10, 5], "texture": "#0"},
				"east": {"uv": [8.25, 1.75, 8.75, 2], "texture": "#0"},
				"south": {"uv": [5, 6, 5.25, 6.25], "texture": "#0"},
				"west": {"uv": [4, 7, 4.5, 7.25], "texture": "#0"},
				"up": {"uv": [5, 6.5, 4.5, 6], "texture": "#0"},
				"down": {"uv": [5.5, 6, 5, 6.5], "texture": "#0"}
			}
		},
		{
			"from": [1.25, 23.6, 7.2],
			"to": [3.7, 24.1, 8.7],
			"rotation": {"angle": 0, "axis": "y", "origin": [7.6, 31.6, 16.2]},
			"faces": {
				"north": {"uv": [3.25, 1.25, 10, 5], "texture": "#0"},
				"east": {"uv": [7, 8.25, 7.5, 8.5], "texture": "#0"},
				"south": {"uv": [5, 6, 5.25, 6.25], "texture": "#0"},
				"west": {"uv": [4, 7, 4.5, 7.25], "texture": "#0"},
				"up": {"uv": [2, 6.5, 1.5, 6], "texture": "#0"},
				"down": {"uv": [2.5, 6, 2, 6.5], "texture": "#0"}
			}
		},
		{
			"from": [3.5, 0, 7.2],
			"to": [4.5, 1, 8.7],
			"rotation": {"angle": 0, "axis": "y", "origin": [11.5, 8, 15.2]},
			"faces": {
				"north": {"uv": [3.25, 1.25, 10, 5], "texture": "#0"},
				"east": {"uv": [7.75, 6.25, 8.25, 6.5], "texture": "#0"},
				"south": {"uv": [5, 6, 5.25, 6.25], "texture": "#0"},
				"west": {"uv": [4, 7, 4.5, 7.25], "texture": "#0"},
				"up": {"uv": [8, 7.5, 7.75, 7], "texture": "#0"},
				"down": {"uv": [0.25, 8, 0, 8.5], "texture": "#0"}
			}
		}
	],
	"display": {
		"thirdperson_righthand": {
			"rotation": [0, 90, 1],
			"translation": [0, 4.5, -3.5]
		},
		"thirdperson_lefthand": {
			"rotation": [0, 90, 1],
			"translation": [0, 4.5, -3.5]
		},
		"firstperson_righthand": {
			"rotation": [2, 90, 0],
			"scale": [0.53, 0.6, 1]
		},
		"firstperson_lefthand": {
			"rotation": [2, -85, 0],
			"scale": [0.53, 0.6, 1]
		},
		"gui": {
			"rotation": [-13, -153, -43],
			"translation": [1.25, -4, 0],
			"scale": [0.72, 0.72, 0.72]
		},
		"head": {
			"translation": [0, 20.25, 0]
		},
		"fixed": {
			"translation": [2.25, -3.5, 0],
			"scale": [0.72, 0.72, 0.72]
		}
	},
	"groups": [
		{
			"name": "handle",
			"origin": [10.9, 11.7, 15.2],
			"children": [0, 1, 2, 3, 4, 5, 6, 7, 8, 9, 10, 11, 12]
		},
		{
			"name": "Hook",
			"origin": [11.5, 8, 15.2],
			"children": [13, 14, 15, 16, 17, 18, 19, 20, 21, 22, 23, 24, 25, 26, 27, 28, 29, 30, 31, 32, 33, 34, 35, 36, 37, 38, 39, 40, 41, 42, 43, 44, 45, 46, 47, 48, 49, 50, 51, 52, 53, 54, 55, 56, 57, 58, 59, 60, 61, 62, 63, 64, 65, 66, 67, 68, 69, 70, 71, 72, 73, 74, 75, 76, 77, 78, 79, 80, 81, 82, 83, 84, 85, 86, 87]
		}
	]
}