{
	"credit": "Made with Blockbench",
	"textures": {
		"11": "block/black_wool",
		"12": "block/furnace_side",
		"13": "custom/gecoke",
		"14": "block/red_concrete_powder",
		"15": "block/gray_terracotta",
		"particle": "block/light_gray_wool"
	},
	"elements": [
		{
			"name": "hexadecagon",
			"from": [7.40326, 7.5, 7],
			"to": [8.59674, 8.5, 13],
			"rotation": {"angle": -45, "axis": "y", "origin": [8, 8, 10]},
			"faces": {
				"north": {"uv": [0.5, 0, 16, 16], "rotation": 180, "texture": "#14"},
				"east": {"uv": [0.5, 0, 16, 16], "rotation": 180, "texture": "#14"},
				"south": {"uv": [0.5, 0, 16, 16], "rotation": 180, "texture": "#14"},
				"west": {"uv": [0.5, 0, 16, 16], "rotation": 180, "texture": "#14"},
				"up": {"uv": [0.5, 0, 16, 16], "rotation": 180, "texture": "#14"},
				"down": {"uv": [0.5, 0, 16, 16], "rotation": 180, "texture": "#14"}
			}
		},
		{
			"name": "hexadecagon",
			"from": [7.40326, 7.5, 7],
			"to": [8.59674, 8.5, 13],
			"rotation": {"angle": -22.5, "axis": "y", "origin": [8, 8, 10]},
			"faces": {
				"north": {"uv": [0.5, 0, 16, 16], "rotation": 180, "texture": "#14"},
				"east": {"uv": [0.5, 0, 16, 16], "rotation": 180, "texture": "#14"},
				"south": {"uv": [0.5, 0, 16, 16], "rotation": 180, "texture": "#14"},
				"west": {"uv": [0.5, 0, 16, 16], "rotation": 180, "texture": "#14"},
				"up": {"uv": [0.5, 0, 16, 16], "rotation": 180, "texture": "#14"},
				"down": {"uv": [0.5, 0, 16, 16], "rotation": 180, "texture": "#14"}
			}
		},
		{
			"name": "hexadecagon",
			"from": [7.40326, 7.5, 7],
			"to": [8.59674, 8.5, 13],
			"rotation": {"angle": 0, "axis": "y", "origin": [8, 8, 10]},
			"faces": {
				"north": {"uv": [0.5, 0, 16, 16], "rotation": 180, "texture": "#14"},
				"east": {"uv": [0.5, 0, 16, 16], "rotation": 180, "texture": "#14"},
				"south": {"uv": [0.5, 0, 16, 16], "rotation": 180, "texture": "#14"},
				"west": {"uv": [0.5, 0, 16, 16], "rotation": 180, "texture": "#14"},
				"up": {"uv": [0.5, 0, 16, 16], "rotation": 180, "texture": "#14"},
				"down": {"uv": [0.5, 0, 16, 16], "rotation": 180, "texture": "#14"}
			}
		},
		{
			"name": "hexadecagon",
			"from": [7.40326, 5.5, 13.05],
			"to": [8.59674, 10.5, 13.06],
			"rotation": {"angle": 0, "axis": "y", "origin": [8, 8, 10.05]},
			"faces": {
				"north": {"uv": [0, 0, 2.125, 1.75], "texture": "#13"},
				"east": {"uv": [11.625, 0, 14.625, 0.25], "texture": "#13"},
				"south": {"uv": [5.75, 0, 8.75, 16], "texture": "#13"},
				"west": {"uv": [11.625, 0, 14.625, 0.25], "texture": "#13"},
				"up": {"uv": [11.625, 0, 14.625, 0.25], "texture": "#13"},
				"down": {"uv": [11.625, 0, 14.625, 0.25], "texture": "#13"}
			}
		},
		{
			"name": "hexadecagon",
			"from": [7.40326, 5.5, 13.05],
			"to": [8.59674, 10.5, 13.06],
			"rotation": {"angle": -22.5, "axis": "y", "origin": [8, 8, 10.05]},
			"faces": {
				"north": {"uv": [0, 0, 2.125, 1.75], "texture": "#13"},
				"east": {"uv": [11.625, 0, 14.625, 0.25], "texture": "#13"},
				"south": {"uv": [2.875, 0, 5.875, 16], "texture": "#13"},
				"west": {"uv": [11.625, 0, 14.625, 0.25], "texture": "#13"},
				"up": {"uv": [11.625, 0, 14.625, 0.25], "texture": "#13"},
				"down": {"uv": [11.625, 0, 14.625, 0.25], "texture": "#13"}
			}
		},
		{
			"name": "hexadecagon",
			"from": [7.40326, 5.5, 13.05],
			"to": [8.59674, 10.5, 13.06],
			"rotation": {"angle": -45, "axis": "y", "origin": [8, 8, 10.05]},
			"faces": {
				"north": {"uv": [0, 0, 2.125, 1.75], "texture": "#13"},
				"east": {"uv": [11.625, 0, 14.625, 0.25], "texture": "#13"},
				"south": {"uv": [0, 0, 3, 16], "texture": "#13"},
				"west": {"uv": [11.625, 0, 14.625, 0.25], "texture": "#13"},
				"up": {"uv": [11.625, 0, 14.625, 0.25], "texture": "#13"},
				"down": {"uv": [11.625, 0, 14.625, 0.25], "texture": "#13"}
			}
		},
		{
			"name": "hexadecagon",
			"from": [7.40326, 5.5, 13.05],
			"to": [8.59674, 10.5, 13.06],
			"rotation": {"angle": 22.5, "axis": "y", "origin": [8, 8, 10.05]},
			"faces": {
				"north": {"uv": [0, 0, 2.125, 1.75], "texture": "#13"},
				"east": {"uv": [11.625, 0, 14.625, 0.25], "texture": "#13"},
				"south": {"uv": [8.625, 0, 11.625, 16], "texture": "#13"},
				"west": {"uv": [11.625, 0, 14.625, 0.25], "texture": "#13"},
				"up": {"uv": [11.625, 0, 14.625, 0.25], "texture": "#13"},
				"down": {"uv": [11.625, 0, 14.625, 0.25], "texture": "#13"}
			}
		},
		{
			"name": "hexadecagon",
			"from": [7.40326, 5.5, 13.05],
			"to": [8.59674, 10.5, 13.06],
			"rotation": {"angle": 45, "axis": "y", "origin": [8, 8, 10.05]},
			"faces": {
				"north": {"uv": [0, 0, 2.125, 1.75], "texture": "#13"},
				"east": {"uv": [11.625, 0, 14.625, 0.25], "texture": "#13"},
				"south": {"uv": [11.625, 0, 14.625, 16], "texture": "#13"},
				"west": {"uv": [11.625, 0, 14.625, 0.25], "texture": "#13"},
				"up": {"uv": [11.625, 0, 14.625, 0.25], "texture": "#13"},
				"down": {"uv": [11.625, 0, 14.625, 0.25], "texture": "#13"}
			}
		},
		{
			"name": "hexadecagon",
			"from": [7.40326, 7.5, 7],
			"to": [8.59674, 8.5, 13],
			"rotation": {"angle": 22.5, "axis": "y", "origin": [8, 8, 10]},
			"faces": {
				"north": {"uv": [0.5, 0, 16, 16], "rotation": 180, "texture": "#14"},
				"east": {"uv": [0.5, 0, 16, 16], "rotation": 180, "texture": "#14"},
				"south": {"uv": [0.5, 0, 16, 16], "rotation": 180, "texture": "#14"},
				"west": {"uv": [0.5, 0, 16, 16], "rotation": 180, "texture": "#14"},
				"up": {"uv": [0.5, 0, 16, 16], "rotation": 180, "texture": "#14"},
				"down": {"uv": [0.5, 0, 16, 16], "rotation": 180, "texture": "#14"}
			}
		},
		{
			"name": "hexadecagon",
			"from": [7.40326, 7.5, 7],
			"to": [8.59674, 8.5, 13],
			"rotation": {"angle": 45, "axis": "y", "origin": [8, 8, 10]},
			"faces": {
				"north": {"uv": [0.5, 0, 16, 16], "rotation": 180, "texture": "#14"},
				"east": {"uv": [0.5, 0, 16, 16], "rotation": 180, "texture": "#14"},
				"south": {"uv": [0.5, 0, 16, 16], "rotation": 180, "texture": "#14"},
				"west": {"uv": [0.5, 0, 16, 16], "rotation": 180, "texture": "#14"},
				"up": {"uv": [0.5, 0, 16, 16], "rotation": 180, "texture": "#14"},
				"down": {"uv": [0.5, 0, 16, 16], "rotation": 180, "texture": "#14"}
			}
		},
		{
			"name": "hexadecagon",
			"from": [5, 7.5, 9.40326],
			"to": [11, 8.5, 10.59674],
			"rotation": {"angle": -22.5, "axis": "y", "origin": [8, 8, 10]},
			"faces": {
				"north": {"uv": [0.5, 0, 16, 16], "rotation": 180, "texture": "#14"},
				"east": {"uv": [0.5, 0, 16, 16], "rotation": 180, "texture": "#14"},
				"south": {"uv": [0.5, 0, 16, 16], "rotation": 180, "texture": "#14"},
				"west": {"uv": [0.5, 0, 16, 16], "rotation": 180, "texture": "#14"},
				"up": {"uv": [0.5, 0, 16, 16], "rotation": 180, "texture": "#14"},
				"down": {"uv": [0.5, 0, 16, 16], "rotation": 180, "texture": "#14"}
			}
		},
		{
			"name": "hexadecagon",
			"from": [5, 7.5, 9.40326],
			"to": [11, 8.5, 10.59674],
			"rotation": {"angle": 0, "axis": "y", "origin": [8, 8, 10]},
			"faces": {
				"north": {"uv": [0.5, 0, 16, 16], "rotation": 180, "texture": "#14"},
				"east": {"uv": [0.5, 0, 16, 16], "rotation": 180, "texture": "#14"},
				"south": {"uv": [0.5, 0, 16, 16], "rotation": 180, "texture": "#14"},
				"west": {"uv": [0.5, 0, 16, 16], "rotation": 180, "texture": "#14"},
				"up": {"uv": [0.5, 0, 16, 16], "rotation": 180, "texture": "#14"},
				"down": {"uv": [0.5, 0, 16, 16], "rotation": 180, "texture": "#14"}
			}
		},
		{
			"name": "hexadecagon",
			"from": [5, 7.5, 9.40326],
			"to": [11, 8.5, 10.59674],
			"rotation": {"angle": 22.5, "axis": "y", "origin": [8, 8, 10]},
			"faces": {
				"north": {"uv": [0.5, 0, 16, 16], "rotation": 180, "texture": "#14"},
				"east": {"uv": [0.5, 0, 16, 16], "rotation": 180, "texture": "#14"},
				"south": {"uv": [0.5, 0, 16, 16], "rotation": 180, "texture": "#14"},
				"west": {"uv": [0.5, 0, 16, 16], "rotation": 180, "texture": "#14"},
				"up": {"uv": [0.5, 0, 16, 16], "rotation": 180, "texture": "#14"},
				"down": {"uv": [0.5, 0, 16, 16], "rotation": 180, "texture": "#14"}
			}
		},
		{
			"name": "hexadecagon",
			"from": [7.44305, 6.5, 7.2],
			"to": [8.55695, 7.5, 12.8],
			"rotation": {"angle": -45, "axis": "y", "origin": [8, 7, 10]},
			"faces": {
				"north": {"uv": [0.5, 0, 16, 16], "rotation": 180, "texture": "#14"},
				"east": {"uv": [0.5, 0, 16, 16], "rotation": 180, "texture": "#14"},
				"south": {"uv": [0.5, 0, 16, 16], "rotation": 180, "texture": "#14"},
				"west": {"uv": [0.5, 0, 16, 16], "rotation": 180, "texture": "#14"},
				"up": {"uv": [0.5, 0, 16, 16], "rotation": 180, "texture": "#14"},
				"down": {"uv": [0.5, 0, 16, 16], "rotation": 180, "texture": "#14"}
			}
		},
		{
			"name": "hexadecagon",
			"from": [7.44305, 6.5, 7.2],
			"to": [8.55695, 7.5, 12.8],
			"rotation": {"angle": -22.5, "axis": "y", "origin": [8, 7, 10]},
			"faces": {
				"north": {"uv": [0.5, 0, 16, 16], "rotation": 180, "texture": "#14"},
				"east": {"uv": [0.5, 0, 16, 16], "rotation": 180, "texture": "#14"},
				"south": {"uv": [0.5, 0, 16, 16], "rotation": 180, "texture": "#14"},
				"west": {"uv": [0.5, 0, 16, 16], "rotation": 180, "texture": "#14"},
				"up": {"uv": [0.5, 0, 16, 16], "rotation": 180, "texture": "#14"},
				"down": {"uv": [0.5, 0, 16, 16], "rotation": 180, "texture": "#14"}
			}
		},
		{
			"name": "hexadecagon",
			"from": [7.44305, 6.5, 7.2],
			"to": [8.55695, 7.5, 12.8],
			"rotation": {"angle": 0, "axis": "y", "origin": [8, 7, 10]},
			"faces": {
				"north": {"uv": [0.5, 0, 16, 16], "rotation": 180, "texture": "#14"},
				"east": {"uv": [0.5, 0, 16, 16], "rotation": 180, "texture": "#14"},
				"south": {"uv": [0.5, 0, 16, 16], "rotation": 180, "texture": "#14"},
				"west": {"uv": [0.5, 0, 16, 16], "rotation": 180, "texture": "#14"},
				"up": {"uv": [0.5, 0, 16, 16], "rotation": 180, "texture": "#14"},
				"down": {"uv": [0.5, 0, 16, 16], "rotation": 180, "texture": "#14"}
			}
		},
		{
			"name": "hexadecagon",
			"from": [7.44305, 6.5, 7.2],
			"to": [8.55695, 7.5, 12.8],
			"rotation": {"angle": 22.5, "axis": "y", "origin": [8, 7, 10]},
			"faces": {
				"north": {"uv": [0.5, 0, 16, 16], "rotation": 180, "texture": "#14"},
				"east": {"uv": [0.5, 0, 16, 16], "rotation": 180, "texture": "#14"},
				"south": {"uv": [0.5, 0, 16, 16], "rotation": 180, "texture": "#14"},
				"west": {"uv": [0.5, 0, 16, 16], "rotation": 180, "texture": "#14"},
				"up": {"uv": [0.5, 0, 16, 16], "rotation": 180, "texture": "#14"},
				"down": {"uv": [0.5, 0, 16, 16], "rotation": 180, "texture": "#14"}
			}
		},
		{
			"name": "hexadecagon",
			"from": [7.44305, 6.5, 7.2],
			"to": [8.55695, 7.5, 12.8],
			"rotation": {"angle": 45, "axis": "y", "origin": [8, 7, 10]},
			"faces": {
				"north": {"uv": [0.5, 0, 16, 16], "rotation": 180, "texture": "#14"},
				"east": {"uv": [0.5, 0, 16, 16], "rotation": 180, "texture": "#14"},
				"south": {"uv": [0.5, 0, 16, 16], "rotation": 180, "texture": "#14"},
				"west": {"uv": [0.5, 0, 16, 16], "rotation": 180, "texture": "#14"},
				"up": {"uv": [0.5, 0, 16, 16], "rotation": 180, "texture": "#14"},
				"down": {"uv": [0.5, 0, 16, 16], "rotation": 180, "texture": "#14"}
			}
		},
		{
			"name": "hexadecagon",
			"from": [5.2, 6.5, 9.44305],
			"to": [10.8, 7.5, 10.55695],
			"rotation": {"angle": -22.5, "axis": "y", "origin": [8, 7, 10]},
			"faces": {
				"north": {"uv": [0.5, 0, 16, 16], "rotation": 180, "texture": "#14"},
				"east": {"uv": [0.5, 0, 16, 16], "rotation": 180, "texture": "#14"},
				"south": {"uv": [0.5, 0, 16, 16], "rotation": 180, "texture": "#14"},
				"west": {"uv": [0.5, 0, 16, 16], "rotation": 180, "texture": "#14"},
				"up": {"uv": [0.5, 0, 16, 16], "rotation": 180, "texture": "#14"},
				"down": {"uv": [0.5, 0, 16, 16], "rotation": 180, "texture": "#14"}
			}
		},
		{
			"name": "hexadecagon",
			"from": [5.2, 6.5, 9.44305],
			"to": [10.8, 7.5, 10.55695],
			"rotation": {"angle": 0, "axis": "y", "origin": [8, 7, 10]},
			"faces": {
				"north": {"uv": [0.5, 0, 16, 16], "rotation": 180, "texture": "#14"},
				"east": {"uv": [0.5, 0, 16, 16], "rotation": 180, "texture": "#14"},
				"south": {"uv": [0.5, 0, 16, 16], "rotation": 180, "texture": "#14"},
				"west": {"uv": [0.5, 0, 16, 16], "rotation": 180, "texture": "#14"},
				"up": {"uv": [0.5, 0, 16, 16], "rotation": 180, "texture": "#14"},
				"down": {"uv": [0.5, 0, 16, 16], "rotation": 180, "texture": "#14"}
			}
		},
		{
			"name": "hexadecagon",
			"from": [5.2, 6.5, 9.44305],
			"to": [10.8, 7.5, 10.55695],
			"rotation": {"angle": 22.5, "axis": "y", "origin": [8, 7, 10]},
			"faces": {
				"north": {"uv": [0.5, 0, 16, 16], "rotation": 180, "texture": "#14"},
				"east": {"uv": [0.5, 0, 16, 16], "rotation": 180, "texture": "#14"},
				"south": {"uv": [0.5, 0, 16, 16], "rotation": 180, "texture": "#14"},
				"west": {"uv": [0.5, 0, 16, 16], "rotation": 180, "texture": "#14"},
				"up": {"uv": [0.5, 0, 16, 16], "rotation": 180, "texture": "#14"},
				"down": {"uv": [0.5, 0, 16, 16], "rotation": 180, "texture": "#14"}
			}
		},
		{
			"name": "hexadecagon",
			"from": [7.48283, 5.9, 7.4],
			"to": [8.51717, 6.9, 12.6],
			"rotation": {"angle": -45, "axis": "y", "origin": [8, 6.4, 10]},
			"faces": {
				"north": {"uv": [0.5, 0, 16, 16], "rotation": 180, "texture": "#14"},
				"east": {"uv": [0.5, 0, 16, 16], "rotation": 180, "texture": "#14"},
				"south": {"uv": [0.5, 0, 16, 16], "rotation": 180, "texture": "#14"},
				"west": {"uv": [0.5, 0, 16, 16], "rotation": 180, "texture": "#14"},
				"up": {"uv": [0.5, 0, 16, 16], "rotation": 180, "texture": "#14"},
				"down": {"uv": [0.5, 0, 16, 16], "rotation": 180, "texture": "#14"}
			}
		},
		{
			"name": "hexadecagon",
			"from": [7.48283, 5.9, 7.4],
			"to": [8.51717, 6.9, 12.6],
			"rotation": {"angle": -22.5, "axis": "y", "origin": [8, 6.4, 10]},
			"faces": {
				"north": {"uv": [0.5, 0, 16, 16], "rotation": 180, "texture": "#14"},
				"east": {"uv": [0.5, 0, 16, 16], "rotation": 180, "texture": "#14"},
				"south": {"uv": [0.5, 0, 16, 16], "rotation": 180, "texture": "#14"},
				"west": {"uv": [0.5, 0, 16, 16], "rotation": 180, "texture": "#14"},
				"up": {"uv": [0.5, 0, 16, 16], "rotation": 180, "texture": "#14"},
				"down": {"uv": [0.5, 0, 16, 16], "rotation": 180, "texture": "#14"}
			}
		},
		{
			"name": "hexadecagon",
			"from": [7.48283, 5.9, 7.4],
			"to": [8.51717, 6.9, 12.6],
			"rotation": {"angle": 0, "axis": "y", "origin": [8, 6.4, 10]},
			"faces": {
				"north": {"uv": [0.5, 0, 16, 16], "rotation": 180, "texture": "#14"},
				"east": {"uv": [0.5, 0, 16, 16], "rotation": 180, "texture": "#14"},
				"south": {"uv": [0.5, 0, 16, 16], "rotation": 180, "texture": "#14"},
				"west": {"uv": [0.5, 0, 16, 16], "rotation": 180, "texture": "#14"},
				"up": {"uv": [0.5, 0, 16, 16], "rotation": 180, "texture": "#14"},
				"down": {"uv": [0.5, 0, 16, 16], "rotation": 180, "texture": "#14"}
			}
		},
		{
			"name": "hexadecagon",
			"from": [7.48283, 5.9, 7.4],
			"to": [8.51717, 6.9, 12.6],
			"rotation": {"angle": 22.5, "axis": "y", "origin": [8, 6.4, 10]},
			"faces": {
				"north": {"uv": [0.5, 0, 16, 16], "rotation": 180, "texture": "#14"},
				"east": {"uv": [0.5, 0, 16, 16], "rotation": 180, "texture": "#14"},
				"south": {"uv": [0.5, 0, 16, 16], "rotation": 180, "texture": "#14"},
				"west": {"uv": [0.5, 0, 16, 16], "rotation": 180, "texture": "#14"},
				"up": {"uv": [0.5, 0, 16, 16], "rotation": 180, "texture": "#14"},
				"down": {"uv": [0.5, 0, 16, 16], "rotation": 180, "texture": "#14"}
			}
		},
		{
			"name": "hexadecagon",
			"from": [7.48283, 5.9, 7.4],
			"to": [8.51717, 6.9, 12.6],
			"rotation": {"angle": 45, "axis": "y", "origin": [8, 6.4, 10]},
			"faces": {
				"north": {"uv": [0.5, 0, 16, 16], "rotation": 180, "texture": "#14"},
				"east": {"uv": [0.5, 0, 16, 16], "rotation": 180, "texture": "#14"},
				"south": {"uv": [0.5, 0, 16, 16], "rotation": 180, "texture": "#14"},
				"west": {"uv": [0.5, 0, 16, 16], "rotation": 180, "texture": "#14"},
				"up": {"uv": [0.5, 0, 16, 16], "rotation": 180, "texture": "#14"},
				"down": {"uv": [0.5, 0, 16, 16], "rotation": 180, "texture": "#14"}
			}
		},
		{
			"name": "hexadecagon",
			"from": [5.4, 5.9, 9.48283],
			"to": [10.6, 6.9, 10.51717],
			"rotation": {"angle": -22.5, "axis": "y", "origin": [8, 6.4, 10]},
			"faces": {
				"north": {"uv": [0.5, 0, 16, 16], "rotation": 180, "texture": "#14"},
				"east": {"uv": [0.5, 0, 16, 16], "rotation": 180, "texture": "#14"},
				"south": {"uv": [0.5, 0, 16, 16], "rotation": 180, "texture": "#14"},
				"west": {"uv": [0.5, 0, 16, 16], "rotation": 180, "texture": "#14"},
				"up": {"uv": [0.5, 0, 16, 16], "rotation": 180, "texture": "#14"},
				"down": {"uv": [0.5, 0, 16, 16], "rotation": 180, "texture": "#14"}
			}
		},
		{
			"name": "hexadecagon",
			"from": [5.4, 5.9, 9.48283],
			"to": [10.6, 6.9, 10.51717],
			"rotation": {"angle": 0, "axis": "y", "origin": [8, 6.4, 10]},
			"faces": {
				"north": {"uv": [0.5, 0, 16, 16], "rotation": 180, "texture": "#14"},
				"east": {"uv": [0.5, 0, 16, 16], "rotation": 180, "texture": "#14"},
				"south": {"uv": [0.5, 0, 16, 16], "rotation": 180, "texture": "#14"},
				"west": {"uv": [0.5, 0, 16, 16], "rotation": 180, "texture": "#14"},
				"up": {"uv": [0.5, 0, 16, 16], "rotation": 180, "texture": "#14"},
				"down": {"uv": [0.5, 0, 16, 16], "rotation": 180, "texture": "#14"}
			}
		},
		{
			"name": "hexadecagon",
			"from": [5.4, 5.9, 9.48283],
			"to": [10.6, 6.9, 10.51717],
			"rotation": {"angle": 22.5, "axis": "y", "origin": [8, 6.4, 10]},
			"faces": {
				"north": {"uv": [0.5, 0, 16, 16], "rotation": 180, "texture": "#14"},
				"east": {"uv": [0.5, 0, 16, 16], "rotation": 180, "texture": "#14"},
				"south": {"uv": [0.5, 0, 16, 16], "rotation": 180, "texture": "#14"},
				"west": {"uv": [0.5, 0, 16, 16], "rotation": 180, "texture": "#14"},
				"up": {"uv": [0.5, 0, 16, 16], "rotation": 180, "texture": "#14"},
				"down": {"uv": [0.5, 0, 16, 16], "rotation": 180, "texture": "#14"}
			}
		},
		{
			"name": "hexadecagon",
			"from": [7.44305, 8.5, 7.2],
			"to": [8.55695, 9.5, 12.8],
			"rotation": {"angle": -45, "axis": "y", "origin": [8, 9, 10]},
			"faces": {
				"north": {"uv": [0.5, 0, 16, 16], "rotation": 180, "texture": "#14"},
				"east": {"uv": [0.5, 0, 16, 16], "rotation": 180, "texture": "#14"},
				"south": {"uv": [0.5, 0, 16, 16], "rotation": 180, "texture": "#14"},
				"west": {"uv": [0.5, 0, 16, 16], "rotation": 180, "texture": "#14"},
				"up": {"uv": [0.5, 0, 16, 16], "rotation": 180, "texture": "#14"},
				"down": {"uv": [0.5, 0, 16, 16], "rotation": 180, "texture": "#14"}
			}
		},
		{
			"name": "hexadecagon",
			"from": [7.44305, 8.5, 7.2],
			"to": [8.55695, 9.5, 12.8],
			"rotation": {"angle": -22.5, "axis": "y", "origin": [8, 9, 10]},
			"faces": {
				"north": {"uv": [0.5, 0, 16, 16], "rotation": 180, "texture": "#14"},
				"east": {"uv": [0.5, 0, 16, 16], "rotation": 180, "texture": "#14"},
				"south": {"uv": [0.5, 0, 16, 16], "rotation": 180, "texture": "#14"},
				"west": {"uv": [0.5, 0, 16, 16], "rotation": 180, "texture": "#14"},
				"up": {"uv": [0.5, 0, 16, 16], "rotation": 180, "texture": "#14"},
				"down": {"uv": [0.5, 0, 16, 16], "rotation": 180, "texture": "#14"}
			}
		},
		{
			"name": "hexadecagon",
			"from": [7.44305, 8.5, 7.2],
			"to": [8.55695, 9.5, 12.8],
			"rotation": {"angle": 0, "axis": "y", "origin": [8, 9, 10]},
			"faces": {
				"north": {"uv": [0.5, 0, 16, 16], "rotation": 180, "texture": "#14"},
				"east": {"uv": [0.5, 0, 16, 16], "rotation": 180, "texture": "#14"},
				"south": {"uv": [0.5, 0, 16, 16], "rotation": 180, "texture": "#14"},
				"west": {"uv": [0.5, 0, 16, 16], "rotation": 180, "texture": "#14"},
				"up": {"uv": [0.5, 0, 16, 16], "rotation": 180, "texture": "#14"},
				"down": {"uv": [0.5, 0, 16, 16], "rotation": 180, "texture": "#14"}
			}
		},
		{
			"name": "hexadecagon",
			"from": [7.44305, 8.5, 7.2],
			"to": [8.55695, 9.5, 12.8],
			"rotation": {"angle": 22.5, "axis": "y", "origin": [8, 9, 10]},
			"faces": {
				"north": {"uv": [0.5, 0, 16, 16], "rotation": 180, "texture": "#14"},
				"east": {"uv": [0.5, 0, 16, 16], "rotation": 180, "texture": "#14"},
				"south": {"uv": [0.5, 0, 16, 16], "rotation": 180, "texture": "#14"},
				"west": {"uv": [0.5, 0, 16, 16], "rotation": 180, "texture": "#14"},
				"up": {"uv": [0.5, 0, 16, 16], "rotation": 180, "texture": "#14"},
				"down": {"uv": [0.5, 0, 16, 16], "rotation": 180, "texture": "#14"}
			}
		},
		{
			"name": "hexadecagon",
			"from": [7.44305, 8.5, 7.2],
			"to": [8.55695, 9.5, 12.8],
			"rotation": {"angle": 45, "axis": "y", "origin": [8, 9, 10]},
			"faces": {
				"north": {"uv": [0.5, 0, 16, 16], "rotation": 180, "texture": "#14"},
				"east": {"uv": [0.5, 0, 16, 16], "rotation": 180, "texture": "#14"},
				"south": {"uv": [0.5, 0, 16, 16], "rotation": 180, "texture": "#14"},
				"west": {"uv": [0.5, 0, 16, 16], "rotation": 180, "texture": "#14"},
				"up": {"uv": [0.5, 0, 16, 16], "rotation": 180, "texture": "#14"},
				"down": {"uv": [0.5, 0, 16, 16], "rotation": 180, "texture": "#14"}
			}
		},
		{
			"name": "hexadecagon",
			"from": [5.2, 8.5, 9.44305],
			"to": [10.8, 9.5, 10.55695],
			"rotation": {"angle": -22.5, "axis": "y", "origin": [8, 9, 10]},
			"faces": {
				"north": {"uv": [0.5, 0, 16, 16], "rotation": 180, "texture": "#14"},
				"east": {"uv": [0.5, 0, 16, 16], "rotation": 180, "texture": "#14"},
				"south": {"uv": [0.5, 0, 16, 16], "rotation": 180, "texture": "#14"},
				"west": {"uv": [0.5, 0, 16, 16], "rotation": 180, "texture": "#14"},
				"up": {"uv": [0.5, 0, 16, 16], "rotation": 180, "texture": "#14"},
				"down": {"uv": [0.5, 0, 16, 16], "rotation": 180, "texture": "#14"}
			}
		},
		{
			"name": "hexadecagon",
			"from": [5.2, 8.5, 9.44305],
			"to": [10.8, 9.5, 10.55695],
			"rotation": {"angle": 0, "axis": "y", "origin": [8, 9, 10]},
			"faces": {
				"north": {"uv": [0.5, 0, 16, 16], "rotation": 180, "texture": "#14"},
				"east": {"uv": [0.5, 0, 16, 16], "rotation": 180, "texture": "#14"},
				"south": {"uv": [0.5, 0, 16, 16], "rotation": 180, "texture": "#14"},
				"west": {"uv": [0.5, 0, 16, 16], "rotation": 180, "texture": "#14"},
				"up": {"uv": [0.5, 0, 16, 16], "rotation": 180, "texture": "#14"},
				"down": {"uv": [0.5, 0, 16, 16], "rotation": 180, "texture": "#14"}
			}
		},
		{
			"name": "hexadecagon",
			"from": [5.2, 8.5, 9.44305],
			"to": [10.8, 9.5, 10.55695],
			"rotation": {"angle": 22.5, "axis": "y", "origin": [8, 9, 10]},
			"faces": {
				"north": {"uv": [0.5, 0, 16, 16], "rotation": 180, "texture": "#14"},
				"east": {"uv": [0.5, 0, 16, 16], "rotation": 180, "texture": "#14"},
				"south": {"uv": [0.5, 0, 16, 16], "rotation": 180, "texture": "#14"},
				"west": {"uv": [0.5, 0, 16, 16], "rotation": 180, "texture": "#14"},
				"up": {"uv": [0.5, 0, 16, 16], "rotation": 180, "texture": "#14"},
				"down": {"uv": [0.5, 0, 16, 16], "rotation": 180, "texture": "#14"}
			}
		},
		{
			"name": "hexadecagon",
			"from": [7.48283, 8.9, 7.4],
			"to": [8.51717, 9.9, 12.6],
			"rotation": {"angle": -45, "axis": "y", "origin": [8, 9.4, 10]},
			"faces": {
				"north": {"uv": [0.5, 0, 16, 16], "rotation": 180, "texture": "#14"},
				"east": {"uv": [0.5, 0, 16, 16], "rotation": 180, "texture": "#14"},
				"south": {"uv": [0.5, 0, 16, 16], "rotation": 180, "texture": "#14"},
				"west": {"uv": [0.5, 0, 16, 16], "rotation": 180, "texture": "#14"},
				"up": {"uv": [0.5, 0, 16, 16], "rotation": 180, "texture": "#14"},
				"down": {"uv": [0.5, 0, 16, 16], "rotation": 180, "texture": "#14"}
			}
		},
		{
			"name": "hexadecagon",
			"from": [7.48283, 8.9, 7.4],
			"to": [8.51717, 9.9, 12.6],
			"rotation": {"angle": -22.5, "axis": "y", "origin": [8, 9.4, 10]},
			"faces": {
				"north": {"uv": [0.5, 0, 16, 16], "rotation": 180, "texture": "#14"},
				"east": {"uv": [0.5, 0, 16, 16], "rotation": 180, "texture": "#14"},
				"south": {"uv": [0.5, 0, 16, 16], "rotation": 180, "texture": "#14"},
				"west": {"uv": [0.5, 0, 16, 16], "rotation": 180, "texture": "#14"},
				"up": {"uv": [0.5, 0, 16, 16], "rotation": 180, "texture": "#14"},
				"down": {"uv": [0.5, 0, 16, 16], "rotation": 180, "texture": "#14"}
			}
		},
		{
			"name": "hexadecagon",
			"from": [7.48283, 8.9, 7.4],
			"to": [8.51717, 9.9, 12.6],
			"rotation": {"angle": 0, "axis": "y", "origin": [8, 9.4, 10]},
			"faces": {
				"north": {"uv": [0.5, 0, 16, 16], "rotation": 180, "texture": "#14"},
				"east": {"uv": [0.5, 0, 16, 16], "rotation": 180, "texture": "#14"},
				"south": {"uv": [0.5, 0, 16, 16], "rotation": 180, "texture": "#14"},
				"west": {"uv": [0.5, 0, 16, 16], "rotation": 180, "texture": "#14"},
				"up": {"uv": [0.5, 0, 16, 16], "rotation": 180, "texture": "#14"},
				"down": {"uv": [0.5, 0, 16, 16], "rotation": 180, "texture": "#14"}
			}
		},
		{
			"name": "hexadecagon",
			"from": [7.48283, 8.9, 7.4],
			"to": [8.51717, 9.9, 12.6],
			"rotation": {"angle": 22.5, "axis": "y", "origin": [8, 9.4, 10]},
			"faces": {
				"north": {"uv": [0.5, 0, 16, 16], "rotation": 180, "texture": "#14"},
				"east": {"uv": [0.5, 0, 16, 16], "rotation": 180, "texture": "#14"},
				"south": {"uv": [0.5, 0, 16, 16], "rotation": 180, "texture": "#14"},
				"west": {"uv": [0.5, 0, 16, 16], "rotation": 180, "texture": "#14"},
				"up": {"uv": [0.5, 0, 16, 16], "rotation": 180, "texture": "#14"},
				"down": {"uv": [0.5, 0, 16, 16], "rotation": 180, "texture": "#14"}
			}
		},
		{
			"name": "hexadecagon",
			"from": [7.48283, 8.9, 7.4],
			"to": [8.51717, 9.9, 12.6],
			"rotation": {"angle": 45, "axis": "y", "origin": [8, 9.4, 10]},
			"faces": {
				"north": {"uv": [0.5, 0, 16, 16], "rotation": 180, "texture": "#14"},
				"east": {"uv": [0.5, 0, 16, 16], "rotation": 180, "texture": "#14"},
				"south": {"uv": [0.5, 0, 16, 16], "rotation": 180, "texture": "#14"},
				"west": {"uv": [0.5, 0, 16, 16], "rotation": 180, "texture": "#14"},
				"up": {"uv": [0.5, 0, 16, 16], "rotation": 180, "texture": "#14"},
				"down": {"uv": [0.5, 0, 16, 16], "rotation": 180, "texture": "#14"}
			}
		},
		{
			"name": "hexadecagon",
			"from": [5.4, 8.9, 9.48283],
			"to": [10.6, 9.9, 10.51717],
			"rotation": {"angle": -22.5, "axis": "y", "origin": [8, 9.4, 10]},
			"faces": {
				"north": {"uv": [0.5, 0, 16, 16], "rotation": 180, "texture": "#14"},
				"east": {"uv": [0.5, 0, 16, 16], "rotation": 180, "texture": "#14"},
				"south": {"uv": [0.5, 0, 16, 16], "rotation": 180, "texture": "#14"},
				"west": {"uv": [0.5, 0, 16, 16], "rotation": 180, "texture": "#14"},
				"up": {"uv": [0.5, 0, 16, 16], "rotation": 180, "texture": "#14"},
				"down": {"uv": [0.5, 0, 16, 16], "rotation": 180, "texture": "#14"}
			}
		},
		{
			"name": "hexadecagon",
			"from": [5.4, 8.9, 9.48283],
			"to": [10.6, 9.9, 10.51717],
			"rotation": {"angle": 0, "axis": "y", "origin": [8, 9.4, 10]},
			"faces": {
				"north": {"uv": [0.5, 0, 16, 16], "rotation": 180, "texture": "#14"},
				"east": {"uv": [0.5, 0, 16, 16], "rotation": 180, "texture": "#14"},
				"south": {"uv": [0.5, 0, 16, 16], "rotation": 180, "texture": "#14"},
				"west": {"uv": [0.5, 0, 16, 16], "rotation": 180, "texture": "#14"},
				"up": {"uv": [0.5, 0, 16, 16], "rotation": 180, "texture": "#14"},
				"down": {"uv": [0.5, 0, 16, 16], "rotation": 180, "texture": "#14"}
			}
		},
		{
			"name": "hexadecagon",
			"from": [5.4, 8.9, 9.48283],
			"to": [10.6, 9.9, 10.51717],
			"rotation": {"angle": 22.5, "axis": "y", "origin": [8, 9.4, 10]},
			"faces": {
				"north": {"uv": [0.5, 0, 16, 16], "rotation": 180, "texture": "#14"},
				"east": {"uv": [0.5, 0, 16, 16], "rotation": 180, "texture": "#14"},
				"south": {"uv": [0.5, 0, 16, 16], "rotation": 180, "texture": "#14"},
				"west": {"uv": [0.5, 0, 16, 16], "rotation": 180, "texture": "#14"},
				"up": {"uv": [0.5, 0, 16, 16], "rotation": 180, "texture": "#14"},
				"down": {"uv": [0.5, 0, 16, 16], "rotation": 180, "texture": "#14"}
			}
		},
		{
			"name": "hexadecagon",
			"from": [7.56239, 9.5, 7.8],
			"to": [8.43761, 10.5, 12.2],
			"rotation": {"angle": -45, "axis": "y", "origin": [8, 10, 10]},
			"faces": {
				"north": {"uv": [0.5, 0, 16, 16], "rotation": 180, "texture": "#14"},
				"east": {"uv": [0.5, 0, 16, 16], "rotation": 180, "texture": "#14"},
				"south": {"uv": [0.5, 0, 16, 16], "rotation": 180, "texture": "#14"},
				"west": {"uv": [0.5, 0, 16, 16], "rotation": 180, "texture": "#14"},
				"up": {"uv": [0.5, 0, 16, 16], "rotation": 180, "texture": "#14"},
				"down": {"uv": [0.5, 0, 16, 16], "rotation": 180, "texture": "#14"}
			}
		},
		{
			"name": "hexadecagon",
			"from": [7.56239, 9.5, 7.8],
			"to": [8.43761, 10.5, 12.2],
			"rotation": {"angle": -22.5, "axis": "y", "origin": [8, 10, 10]},
			"faces": {
				"north": {"uv": [0.5, 0, 16, 16], "rotation": 180, "texture": "#14"},
				"east": {"uv": [0.5, 0, 16, 16], "rotation": 180, "texture": "#14"},
				"south": {"uv": [0.5, 0, 16, 16], "rotation": 180, "texture": "#14"},
				"west": {"uv": [0.5, 0, 16, 16], "rotation": 180, "texture": "#14"},
				"up": {"uv": [0.5, 0, 16, 16], "rotation": 180, "texture": "#14"},
				"down": {"uv": [0.5, 0, 16, 16], "rotation": 180, "texture": "#14"}
			}
		},
		{
			"name": "hexadecagon",
			"from": [7.56239, 9.5, 7.8],
			"to": [8.43761, 10.5, 12.2],
			"rotation": {"angle": 0, "axis": "y", "origin": [8, 10, 10]},
			"faces": {
				"north": {"uv": [0.5, 0, 16, 16], "rotation": 180, "texture": "#14"},
				"east": {"uv": [0.5, 0, 16, 16], "rotation": 180, "texture": "#14"},
				"south": {"uv": [0.5, 0, 16, 16], "rotation": 180, "texture": "#14"},
				"west": {"uv": [0.5, 0, 16, 16], "rotation": 180, "texture": "#14"},
				"up": {"uv": [0.5, 0, 16, 16], "rotation": 180, "texture": "#14"},
				"down": {"uv": [0.5, 0, 16, 16], "rotation": 180, "texture": "#14"}
			}
		},
		{
			"name": "hexadecagon",
			"from": [7.56239, 9.5, 7.8],
			"to": [8.43761, 10.5, 12.2],
			"rotation": {"angle": 22.5, "axis": "y", "origin": [8, 10, 10]},
			"faces": {
				"north": {"uv": [0.5, 0, 16, 16], "rotation": 180, "texture": "#14"},
				"east": {"uv": [0.5, 0, 16, 16], "rotation": 180, "texture": "#14"},
				"south": {"uv": [0.5, 0, 16, 16], "rotation": 180, "texture": "#14"},
				"west": {"uv": [0.5, 0, 16, 16], "rotation": 180, "texture": "#14"},
				"up": {"uv": [0.5, 0, 16, 16], "rotation": 180, "texture": "#14"},
				"down": {"uv": [0.5, 0, 16, 16], "rotation": 180, "texture": "#14"}
			}
		},
		{
			"name": "hexadecagon",
			"from": [7.56239, 9.5, 7.8],
			"to": [8.43761, 10.5, 12.2],
			"rotation": {"angle": 45, "axis": "y", "origin": [8, 10, 10]},
			"faces": {
				"north": {"uv": [0.5, 0, 16, 16], "rotation": 180, "texture": "#14"},
				"east": {"uv": [0.5, 0, 16, 16], "rotation": 180, "texture": "#14"},
				"south": {"uv": [0.5, 0, 16, 16], "rotation": 180, "texture": "#14"},
				"west": {"uv": [0.5, 0, 16, 16], "rotation": 180, "texture": "#14"},
				"up": {"uv": [0.5, 0, 16, 16], "rotation": 180, "texture": "#14"},
				"down": {"uv": [0.5, 0, 16, 16], "rotation": 180, "texture": "#14"}
			}
		},
		{
			"name": "hexadecagon",
			"from": [5.8, 9.5, 9.56239],
			"to": [10.2, 10.5, 10.43761],
			"rotation": {"angle": -22.5, "axis": "y", "origin": [8, 10, 10]},
			"faces": {
				"north": {"uv": [0.5, 0, 16, 16], "rotation": 180, "texture": "#14"},
				"east": {"uv": [0.5, 0, 16, 16], "rotation": 180, "texture": "#14"},
				"south": {"uv": [0.5, 0, 16, 16], "rotation": 180, "texture": "#14"},
				"west": {"uv": [0.5, 0, 16, 16], "rotation": 180, "texture": "#14"},
				"up": {"uv": [0.5, 0, 16, 16], "rotation": 180, "texture": "#14"},
				"down": {"uv": [0.5, 0, 16, 16], "rotation": 180, "texture": "#14"}
			}
		},
		{
			"name": "hexadecagon",
			"from": [5.8, 9.5, 9.56239],
			"to": [10.2, 10.5, 10.43761],
			"rotation": {"angle": 0, "axis": "y", "origin": [8, 10, 10]},
			"faces": {
				"north": {"uv": [0.5, 0, 16, 16], "rotation": 180, "texture": "#14"},
				"east": {"uv": [0.5, 0, 16, 16], "rotation": 180, "texture": "#14"},
				"south": {"uv": [0.5, 0, 16, 16], "rotation": 180, "texture": "#14"},
				"west": {"uv": [6, 10, 14.5, 14.5], "rotation": 180, "texture": "#14"},
				"up": {"uv": [0.5, 0, 16, 16], "rotation": 180, "texture": "#14"},
				"down": {"uv": [0.5, 0, 16, 16], "rotation": 180, "texture": "#14"}
			}
		},
		{
			"name": "hexadecagon",
			"from": [5.8, 9.5, 9.56239],
			"to": [10.2, 10.5, 10.43761],
			"rotation": {"angle": 22.5, "axis": "y", "origin": [8, 10, 10]},
			"faces": {
				"north": {"uv": [0.5, 0, 16, 16], "rotation": 180, "texture": "#14"},
				"east": {"uv": [0.5, 0, 16, 16], "rotation": 180, "texture": "#14"},
				"south": {"uv": [0.5, 0, 16, 16], "rotation": 180, "texture": "#14"},
				"west": {"uv": [0.5, 0, 16, 16], "rotation": 180, "texture": "#14"},
				"up": {"uv": [0.5, 0, 16, 16], "rotation": 180, "texture": "#14"},
				"down": {"uv": [0.5, 0, 16, 16], "rotation": 180, "texture": "#14"}
			}
		},
		{
			"name": "hexadecagon",
			"from": [7.56239, 5.5, 7.8],
			"to": [8.43761, 6.5, 12.2],
			"rotation": {"angle": -45, "axis": "y", "origin": [8, 6, 10]},
			"faces": {
				"north": {"uv": [0.5, 0, 16, 16], "rotation": 180, "texture": "#15"},
				"east": {"uv": [0.5, 0, 16, 16], "rotation": 180, "texture": "#15"},
				"south": {"uv": [0.5, 0, 16, 16], "rotation": 180, "texture": "#15"},
				"west": {"uv": [0.5, 0, 16, 16], "rotation": 180, "texture": "#15"},
				"up": {"uv": [0.5, 0, 16, 16], "rotation": 180, "texture": "#15"},
				"down": {"uv": [0.5, 0, 16, 16], "rotation": 180, "texture": "#15"}
			}
		},
		{
			"name": "hexadecagon",
			"from": [7.56239, 5.5, 7.8],
			"to": [8.43761, 6.5, 12.2],
			"rotation": {"angle": -22.5, "axis": "y", "origin": [8, 6, 10]},
			"faces": {
				"north": {"uv": [0.5, 0, 16, 16], "rotation": 180, "texture": "#15"},
				"east": {"uv": [0.5, 0, 16, 16], "rotation": 180, "texture": "#15"},
				"south": {"uv": [0.5, 0, 16, 16], "rotation": 180, "texture": "#15"},
				"west": {"uv": [0.5, 0, 16, 16], "rotation": 180, "texture": "#15"},
				"up": {"uv": [0.5, 0, 16, 16], "rotation": 180, "texture": "#15"},
				"down": {"uv": [0.5, 0, 16, 16], "rotation": 180, "texture": "#15"}
			}
		},
		{
			"name": "hexadecagon",
			"from": [7.56239, 5.5, 7.8],
			"to": [8.43761, 6.5, 12.2],
			"rotation": {"angle": 0, "axis": "y", "origin": [8, 6, 10]},
			"faces": {
				"north": {"uv": [0.5, 0, 16, 16], "rotation": 180, "texture": "#15"},
				"east": {"uv": [0.5, 0, 16, 16], "rotation": 180, "texture": "#15"},
				"south": {"uv": [0.5, 0, 16, 16], "rotation": 180, "texture": "#15"},
				"west": {"uv": [0.5, 0, 16, 16], "rotation": 180, "texture": "#15"},
				"up": {"uv": [0.5, 0, 16, 16], "rotation": 180, "texture": "#15"},
				"down": {"uv": [0.5, 0, 16, 16], "rotation": 180, "texture": "#15"}
			}
		},
		{
			"name": "hexadecagon",
			"from": [7.56239, 5.5, 7.8],
			"to": [8.43761, 6.5, 12.2],
			"rotation": {"angle": 22.5, "axis": "y", "origin": [8, 6, 10]},
			"faces": {
				"north": {"uv": [0.5, 0, 16, 16], "rotation": 180, "texture": "#15"},
				"east": {"uv": [0.5, 0, 16, 16], "rotation": 180, "texture": "#15"},
				"south": {"uv": [0.5, 0, 16, 16], "rotation": 180, "texture": "#15"},
				"west": {"uv": [0.5, 0, 16, 16], "rotation": 180, "texture": "#15"},
				"up": {"uv": [0.5, 0, 16, 16], "rotation": 180, "texture": "#15"},
				"down": {"uv": [0.5, 0, 16, 16], "rotation": 180, "texture": "#15"}
			}
		},
		{
			"name": "hexadecagon",
			"from": [7.56239, 5.5, 7.8],
			"to": [8.43761, 6.5, 12.2],
			"rotation": {"angle": 45, "axis": "y", "origin": [8, 6, 10]},
			"faces": {
				"north": {"uv": [0.5, 0, 16, 16], "rotation": 180, "texture": "#15"},
				"east": {"uv": [0.5, 0, 16, 16], "rotation": 180, "texture": "#15"},
				"south": {"uv": [0.5, 0, 16, 16], "rotation": 180, "texture": "#15"},
				"west": {"uv": [0.5, 0, 16, 16], "rotation": 180, "texture": "#15"},
				"up": {"uv": [0.5, 0, 16, 16], "rotation": 180, "texture": "#15"},
				"down": {"uv": [0.5, 0, 16, 16], "rotation": 180, "texture": "#15"}
			}
		},
		{
			"name": "hexadecagon",
			"from": [5.8, 5.5, 9.56239],
			"to": [10.2, 6.5, 10.43761],
			"rotation": {"angle": -22.5, "axis": "y", "origin": [8, 6, 10]},
			"faces": {
				"north": {"uv": [0.5, 0, 16, 16], "rotation": 180, "texture": "#15"},
				"east": {"uv": [0.5, 0, 16, 16], "rotation": 180, "texture": "#15"},
				"south": {"uv": [0.5, 0, 16, 16], "rotation": 180, "texture": "#15"},
				"west": {"uv": [0.5, 0, 16, 16], "rotation": 180, "texture": "#15"},
				"up": {"uv": [0.5, 0, 16, 16], "rotation": 180, "texture": "#15"},
				"down": {"uv": [0.5, 0, 16, 16], "rotation": 180, "texture": "#15"}
			}
		},
		{
			"name": "hexadecagon",
			"from": [5.8, 5.5, 9.56239],
			"to": [10.2, 6.5, 10.43761],
			"rotation": {"angle": 0, "axis": "y", "origin": [8, 6, 10]},
			"faces": {
				"north": {"uv": [0.5, 0, 16, 16], "rotation": 180, "texture": "#15"},
				"east": {"uv": [0.5, 0, 16, 16], "rotation": 180, "texture": "#15"},
				"south": {"uv": [0.5, 0, 16, 16], "rotation": 180, "texture": "#15"},
				"west": {"uv": [0.5, 0, 16, 16], "rotation": 180, "texture": "#15"},
				"up": {"uv": [0.5, 0, 16, 16], "rotation": 180, "texture": "#15"},
				"down": {"uv": [0.5, 0, 16, 16], "rotation": 180, "texture": "#15"}
			}
		},
		{
			"name": "hexadecagon",
			"from": [5.8, 5.5, 9.56239],
			"to": [10.2, 6.5, 10.43761],
			"rotation": {"angle": 22.5, "axis": "y", "origin": [8, 6, 10]},
			"faces": {
				"north": {"uv": [0.5, 0, 16, 16], "rotation": 180, "texture": "#15"},
				"east": {"uv": [0.5, 0, 16, 16], "rotation": 180, "texture": "#15"},
				"south": {"uv": [0.5, 0, 16, 16], "rotation": 180, "texture": "#15"},
				"west": {"uv": [0.5, 0, 16, 16], "rotation": 180, "texture": "#15"},
				"up": {"uv": [0.5, 0, 16, 16], "rotation": 180, "texture": "#15"},
				"down": {"uv": [0.5, 0, 16, 16], "rotation": 180, "texture": "#15"}
			}
		},
		{
			"name": "hexadecagon",
			"from": [7.80109, 10.5, 8.75],
			"to": [8.19891, 11.5, 11.25],
			"rotation": {"angle": -45, "axis": "y", "origin": [8, 11, 10]},
			"faces": {
				"north": {"uv": [1, 1, 5, 5], "texture": "#12"},
				"east": {"uv": [1, 1, 5, 5], "texture": "#12"},
				"south": {"uv": [1, 1, 5, 5], "texture": "#12"},
				"west": {"uv": [1, 1, 5, 5], "texture": "#12"},
				"up": {"uv": [1, 1, 5, 5], "texture": "#12"},
				"down": {"uv": [1, 1, 5, 5], "texture": "#12"}
			}
		},
		{
			"name": "hexadecagon",
			"from": [7.80109, 10.5, 9],
			"to": [8.19891, 11.5, 11],
			"rotation": {"angle": -22.5, "axis": "y", "origin": [8, 11, 10]},
			"faces": {
				"north": {"uv": [1, 1, 5, 5], "texture": "#12"},
				"east": {"uv": [1, 1, 5, 5], "texture": "#12"},
				"south": {"uv": [1, 1, 5, 5], "texture": "#12"},
				"west": {"uv": [1, 1, 5, 5], "texture": "#12"},
				"up": {"uv": [1, 1, 5, 5], "texture": "#12"},
				"down": {"uv": [1, 1, 5, 5], "texture": "#12"}
			}
		},
		{
			"name": "hexadecagon",
			"from": [7.80109, 10.5, 8.75],
			"to": [8.19891, 11.5, 11.25],
			"rotation": {"angle": 0, "axis": "y", "origin": [8, 11, 10]},
			"faces": {
				"north": {"uv": [1, 1, 5, 5], "texture": "#12"},
				"east": {"uv": [1, 1, 5, 5], "texture": "#12"},
				"south": {"uv": [1, 1, 5, 5], "texture": "#12"},
				"west": {"uv": [1, 1, 5, 5], "texture": "#12"},
				"up": {"uv": [1, 1, 5, 5], "texture": "#12"},
				"down": {"uv": [1, 1, 5, 5], "texture": "#12"}
			}
		},
		{
			"name": "hexadecagon",
			"from": [7.80109, 10.5, 9],
			"to": [8.19891, 11.5, 11],
			"rotation": {"angle": 22.5, "axis": "y", "origin": [8, 11, 10]},
			"faces": {
				"north": {"uv": [1, 1, 5, 5], "texture": "#12"},
				"east": {"uv": [1, 1, 5, 5], "texture": "#12"},
				"south": {"uv": [1, 1, 5, 5], "texture": "#12"},
				"west": {"uv": [1, 1, 5, 5], "texture": "#12"},
				"up": {"uv": [1, 1, 5, 5], "texture": "#12"},
				"down": {"uv": [1, 1, 5, 5], "texture": "#12"}
			}
		},
		{
			"name": "hexadecagon",
			"from": [7.80109, 10.5, 8.75],
			"to": [8.19891, 11.5, 11.25],
			"rotation": {"angle": 45, "axis": "y", "origin": [8, 11, 10]},
			"faces": {
				"north": {"uv": [1, 1, 5, 5], "texture": "#12"},
				"east": {"uv": [1, 1, 5, 5], "texture": "#12"},
				"south": {"uv": [1, 1, 5, 5], "texture": "#12"},
				"west": {"uv": [1, 1, 5, 5], "texture": "#12"},
				"up": {"uv": [1, 1, 5, 5], "texture": "#12"},
				"down": {"uv": [1, 1, 5, 5], "texture": "#12"}
			}
		},
		{
			"name": "hexadecagon",
			"from": [7, 10.5, 9.80109],
			"to": [9, 11.5, 10.19891],
			"rotation": {"angle": -22.5, "axis": "y", "origin": [8, 11, 10]},
			"faces": {
				"north": {"uv": [1, 1, 5, 5], "texture": "#12"},
				"east": {"uv": [1, 1, 5, 5], "texture": "#12"},
				"south": {"uv": [1, 1, 5, 5], "texture": "#12"},
				"west": {"uv": [1, 1, 5, 5], "texture": "#12"},
				"up": {"uv": [1, 1, 5, 5], "texture": "#12"},
				"down": {"uv": [1, 1, 5, 5], "texture": "#12"}
			}
		},
		{
			"name": "hexadecagon",
			"from": [6.75, 10.5, 9.80109],
			"to": [9.25, 11.5, 10.19891],
			"rotation": {"angle": 0, "axis": "y", "origin": [8, 11, 10]},
			"faces": {
				"north": {"uv": [1, 1, 5, 5], "texture": "#12"},
				"east": {"uv": [1, 1, 5, 5], "texture": "#12"},
				"south": {"uv": [1, 1, 5, 5], "texture": "#12"},
				"west": {"uv": [1, 1, 5, 5], "texture": "#12"},
				"up": {"uv": [1, 1, 5, 5], "texture": "#12"},
				"down": {"uv": [1, 1, 5, 5], "texture": "#12"}
			}
		},
		{
			"name": "hexadecagon",
			"from": [7, 10.5, 9.80109],
			"to": [9, 11.5, 10.19891],
			"rotation": {"angle": 22.5, "axis": "y", "origin": [8, 11, 10]},
			"faces": {
				"north": {"uv": [1, 1, 5, 5], "texture": "#12"},
				"east": {"uv": [1, 1, 5, 5], "texture": "#12"},
				"south": {"uv": [1, 1, 5, 5], "texture": "#12"},
				"west": {"uv": [1, 1, 5, 5], "texture": "#12"},
				"up": {"uv": [1, 1, 5, 5], "texture": "#12"},
				"down": {"uv": [1, 1, 5, 5], "texture": "#12"}
			}
		},
		{
			"name": "hexadecagon",
			"from": [7.40326, 8.7, 7],
			"to": [8.59674, 9, 13],
			"rotation": {"angle": -45, "axis": "y", "origin": [8, 9, 10]},
			"faces": {
				"north": {"uv": [0, 0, 1, 1], "texture": "#11"},
				"east": {"uv": [0, 0, 1, 1], "texture": "#11"},
				"south": {"uv": [0, 0, 1, 1], "texture": "#11"},
				"west": {"uv": [0, 0, 1, 1], "texture": "#11"},
				"up": {"uv": [0, 0, 1, 1], "texture": "#11"},
				"down": {"uv": [0, 0, 1, 1], "texture": "#11"}
			}
		},
		{
			"name": "hexadecagon",
			"from": [7.40326, 8.7, 7],
			"to": [8.59674, 9, 13],
			"rotation": {"angle": -22.5, "axis": "y", "origin": [8, 9, 10]},
			"faces": {
				"north": {"uv": [0, 0, 1, 1], "texture": "#11"},
				"east": {"uv": [0, 0, 1, 1], "texture": "#11"},
				"south": {"uv": [0, 0, 1, 1], "texture": "#11"},
				"west": {"uv": [0, 0, 1, 1], "texture": "#11"},
				"up": {"uv": [0, 0, 1, 1], "texture": "#11"},
				"down": {"uv": [0, 0, 1, 1], "texture": "#11"}
			}
		},
		{
			"name": "hexadecagon",
			"from": [7.40326, 8.7, 7],
			"to": [8.59674, 9, 13],
			"rotation": {"angle": 0, "axis": "y", "origin": [8, 9, 10]},
			"faces": {
				"north": {"uv": [0, 0, 1, 1], "texture": "#11"},
				"east": {"uv": [0, 0, 1, 1], "texture": "#11"},
				"south": {"uv": [0, 0, 1, 1], "texture": "#11"},
				"west": {"uv": [0, 0, 1, 1], "texture": "#11"},
				"up": {"uv": [0, 0, 1, 1], "texture": "#11"},
				"down": {"uv": [0, 0, 1, 1], "texture": "#11"}
			}
		},
		{
			"name": "hexadecagon",
			"from": [7.40326, 8.7, 7],
			"to": [8.59674, 9, 13],
			"rotation": {"angle": 22.5, "axis": "y", "origin": [8, 9, 10]},
			"faces": {
				"north": {"uv": [0, 0, 1, 1], "texture": "#11"},
				"east": {"uv": [0, 0, 1, 1], "texture": "#11"},
				"south": {"uv": [0, 0, 1, 1], "texture": "#11"},
				"west": {"uv": [0, 0, 1, 1], "texture": "#11"},
				"up": {"uv": [0, 0, 1, 1], "texture": "#11"},
				"down": {"uv": [0, 0, 1, 1], "texture": "#11"}
			}
		},
		{
			"name": "hexadecagon",
			"from": [7.40326, 8.7, 7],
			"to": [8.59674, 9, 13],
			"rotation": {"angle": 45, "axis": "y", "origin": [8, 9, 10]},
			"faces": {
				"north": {"uv": [0, 0, 1, 1], "texture": "#11"},
				"east": {"uv": [0, 0, 1, 1], "texture": "#11"},
				"south": {"uv": [0, 0, 1, 1], "texture": "#11"},
				"west": {"uv": [0, 0, 1, 1], "texture": "#11"},
				"up": {"uv": [0, 0, 1, 1], "texture": "#11"},
				"down": {"uv": [0, 0, 1, 1], "texture": "#11"}
			}
		},
		{
			"name": "hexadecagon",
			"from": [5, 8.7, 9.40326],
			"to": [11, 9, 10.59674],
			"rotation": {"angle": -22.5, "axis": "y", "origin": [8, 9, 10]},
			"faces": {
				"north": {"uv": [0, 0, 1, 1], "texture": "#11"},
				"east": {"uv": [0, 0, 1, 1], "texture": "#11"},
				"south": {"uv": [0, 0, 1, 1], "texture": "#11"},
				"west": {"uv": [0, 0, 1, 1], "texture": "#11"},
				"up": {"uv": [0, 0, 1, 1], "texture": "#11"},
				"down": {"uv": [0, 0, 1, 1], "texture": "#11"}
			}
		},
		{
			"name": "hexadecagon",
			"from": [5, 8.7, 9.40326],
			"to": [11, 9, 10.59674],
			"rotation": {"angle": 0, "axis": "y", "origin": [8, 9, 10]},
			"faces": {
				"north": {"uv": [0, 0, 1, 1], "texture": "#11"},
				"east": {"uv": [0, 0, 1, 1], "texture": "#11"},
				"south": {"uv": [0, 0, 1, 1], "texture": "#11"},
				"west": {"uv": [0, 0, 1, 1], "texture": "#11"},
				"up": {"uv": [0, 0, 1, 1], "texture": "#11"},
				"down": {"uv": [0, 0, 1, 1], "texture": "#11"}
			}
		},
		{
			"name": "hexadecagon",
			"from": [5, 8.7, 9.40326],
			"to": [11, 9, 10.59674],
			"rotation": {"angle": 22.5, "axis": "y", "origin": [8, 9, 10]},
			"faces": {
				"north": {"uv": [0, 0, 1, 1], "texture": "#11"},
				"east": {"uv": [0, 0, 1, 1], "texture": "#11"},
				"south": {"uv": [0, 0, 1, 1], "texture": "#11"},
				"west": {"uv": [0, 0, 1, 1], "texture": "#11"},
				"up": {"uv": [0, 0, 1, 1], "texture": "#11"},
				"down": {"uv": [0, 0, 1, 1], "texture": "#11"}
			}
		},
		{
			"name": "hexadecagon",
			"from": [7.40326, 7, 7],
			"to": [8.59674, 7.3, 13],
			"rotation": {"angle": -45, "axis": "y", "origin": [8, 8, 10]},
			"faces": {
				"north": {"uv": [0, 0, 1, 1], "texture": "#11"},
				"east": {"uv": [0, 0, 1, 1], "texture": "#11"},
				"south": {"uv": [0, 0, 1, 1], "texture": "#11"},
				"west": {"uv": [0, 0, 1, 1], "texture": "#11"},
				"up": {"uv": [0, 0, 1, 1], "texture": "#11"},
				"down": {"uv": [0, 0, 1, 1], "texture": "#11"}
			}
		},
		{
			"name": "hexadecagon",
			"from": [7.40326, 7, 7],
			"to": [8.59674, 7.3, 13],
			"rotation": {"angle": -22.5, "axis": "y", "origin": [8, 8, 10]},
			"faces": {
				"north": {"uv": [0, 0, 1, 1], "texture": "#11"},
				"east": {"uv": [0, 0, 1, 1], "texture": "#11"},
				"south": {"uv": [0, 0, 1, 1], "texture": "#11"},
				"west": {"uv": [0, 0, 1, 1], "texture": "#11"},
				"up": {"uv": [0, 0, 1, 1], "texture": "#11"},
				"down": {"uv": [0, 0, 1, 1], "texture": "#11"}
			}
		},
		{
			"name": "hexadecagon",
			"from": [7.40326, 7, 7],
			"to": [8.59674, 7.3, 13],
			"rotation": {"angle": 0, "axis": "y", "origin": [8, 8, 10]},
			"faces": {
				"north": {"uv": [0, 0, 1, 1], "texture": "#11"},
				"east": {"uv": [0, 0, 1, 1], "texture": "#11"},
				"south": {"uv": [0, 0, 1, 1], "texture": "#11"},
				"west": {"uv": [0, 0, 1, 1], "texture": "#11"},
				"up": {"uv": [0, 0, 1, 1], "texture": "#11"},
				"down": {"uv": [0, 0, 1, 1], "texture": "#11"}
			}
		},
		{
			"name": "hexadecagon",
			"from": [7.40326, 7, 7],
			"to": [8.59674, 7.3, 13],
			"rotation": {"angle": 22.5, "axis": "y", "origin": [8, 8, 10]},
			"faces": {
				"north": {"uv": [0, 0, 1, 1], "texture": "#11"},
				"east": {"uv": [0, 0, 1, 1], "texture": "#11"},
				"south": {"uv": [0, 0, 1, 1], "texture": "#11"},
				"west": {"uv": [0, 0, 1, 1], "texture": "#11"},
				"up": {"uv": [0, 0, 1, 1], "texture": "#11"},
				"down": {"uv": [0, 0, 1, 1], "texture": "#11"}
			}
		},
		{
			"name": "hexadecagon",
			"from": [7.40326, 7, 7],
			"to": [8.59674, 7.3, 13],
			"rotation": {"angle": 45, "axis": "y", "origin": [8, 8, 10]},
			"faces": {
				"north": {"uv": [0, 0, 1, 1], "texture": "#11"},
				"east": {"uv": [0, 0, 1, 1], "texture": "#11"},
				"south": {"uv": [0, 0, 1, 1], "texture": "#11"},
				"west": {"uv": [0, 0, 1, 1], "texture": "#11"},
				"up": {"uv": [0, 0, 1, 1], "texture": "#11"},
				"down": {"uv": [0, 0, 1, 1], "texture": "#11"}
			}
		},
		{
			"name": "hexadecagon",
			"from": [5, 7, 9.40326],
			"to": [11, 7.3, 10.59674],
			"rotation": {"angle": -22.5, "axis": "y", "origin": [8, 8, 10]},
			"faces": {
				"north": {"uv": [0, 0, 1, 1], "texture": "#11"},
				"east": {"uv": [0, 0, 1, 1], "texture": "#11"},
				"south": {"uv": [0, 0, 1, 1], "texture": "#11"},
				"west": {"uv": [0, 0, 1, 1], "texture": "#11"},
				"up": {"uv": [0, 0, 1, 1], "texture": "#11"},
				"down": {"uv": [0, 0, 1, 1], "texture": "#11"}
			}
		},
		{
			"name": "hexadecagon",
			"from": [5, 7, 9.40326],
			"to": [11, 7.3, 10.59674],
			"rotation": {"angle": 0, "axis": "y", "origin": [8, 8, 10]},
			"faces": {
				"north": {"uv": [0, 0, 1, 1], "texture": "#11"},
				"east": {"uv": [0, 0, 1, 1], "texture": "#11"},
				"south": {"uv": [0, 0, 1, 1], "texture": "#11"},
				"west": {"uv": [0, 0, 1, 1], "texture": "#11"},
				"up": {"uv": [0, 0, 1, 1], "texture": "#11"},
				"down": {"uv": [0, 0, 1, 1], "texture": "#11"}
			}
		},
		{
			"name": "hexadecagon",
			"from": [5, 7, 9.40326],
			"to": [11, 7.3, 10.59674],
			"rotation": {"angle": 22.5, "axis": "y", "origin": [8, 8, 10]},
			"faces": {
				"north": {"uv": [0, 0, 1, 1], "texture": "#11"},
				"east": {"uv": [0, 0, 1, 1], "texture": "#11"},
				"south": {"uv": [0, 0, 1, 1], "texture": "#11"},
				"west": {"uv": [0, 0, 1, 1], "texture": "#11"},
				"up": {"uv": [0, 0, 1, 1], "texture": "#11"},
				"down": {"uv": [0, 0, 1, 1], "texture": "#11"}
			}
		}
	],
	"display": {
		"thirdperson_righthand": {
			"rotation": [44, -180, 0],
			"translation": [0, -2, 0.25],
			"scale": [0.82, 0.82, 0.82]
		},
		"thirdperson_lefthand": {
			"rotation": [44, -180, 0],
			"translation": [0, -2, 0.25],
			"scale": [0.82, 0.82, 0.82]
		},
		"firstperson_righthand": {
			"rotation": [0, -70, 0],
			"translation": [3.75, 2.75, 0]
		},
		"firstperson_lefthand": {
			"rotation": [0, -70, 0],
			"translation": [3.75, 2.75, 0]
		},
		"gui": {
			"scale": [1.74, 1.74, 1]
		},
		"fixed": {
			"rotation": [0, -180, 0],
			"translation": [0, 0, 2.5],
			"scale": [1.75, 1.75, 1.75]
		}
	},
	"groups": [
		{
			"name": "hexadecagon",
			"origin": [8, 8, 8],
			"children": [0, 1, 2, 3, 4, 5, 6, 7, 8, 9, 10, 11, 12]
		},
		{
			"name": "hexadecagon",
			"origin": [8, 8, 8],
			"children": [13, 14, 15, 16, 17, 18, 19, 20]
		},
		{
			"name": "hexadecagon",
			"origin": [8, 8, 8],
			"children": [21, 22, 23, 24, 25, 26, 27, 28]
		},
		{
			"name": "hexadecagon",
			"origin": [8, 8, 8],
			"children": [29, 30, 31, 32, 33, 34, 35, 36]
		},
		{
			"name": "hexadecagon",
			"origin": [8, 8, 8],
			"children": [37, 38, 39, 40, 41, 42, 43, 44]
		},
		{
			"name": "hexadecagon",
			"origin": [8, 8, 8],
			"children": [45, 46, 47, 48, 49, 50, 51, 52]
		},
		{
			"name": "hexadecagon",
			"origin": [8, 8, 8],
			"children": [53, 54, 55, 56, 57, 58, 59, 60]
		},
		{
			"name": "hexadecagon",
			"origin": [8, 8, 8],
			"children": [61, 62, 63, 64, 65, 66, 67, 68]
		},
		{
			"name": "hexadecagon",
			"origin": [8, 8, 8],
			"children": [69, 70, 71, 72, 73, 74, 75, 76]
		},
		{
			"name": "hexadecagon",
			"origin": [8, 8, 8],
			"children": [77, 78, 79, 80, 81, 82, 83, 84]
		}
	]
}