{
	"credit": "Made with Blockbench",
	"texture_size": [32, 32],
	"textures": {
		"0": "block/gold_block",
		"1": "custom/scaffolding_top",
		"particle": "block/gold_block"
	},
	"elements": [
		{
			"from": [7.5, -13, 8],
			"to": [8.5, 12, 9],
			"rotation": {"angle": 0, "axis": "y", "origin": [16, 7, 16]},
			"faces": {
				"north": {"uv": [7.5, 1.5, 8.5, 14], "texture": "#0"},
				"east": {"uv": [7.5, 1.5, 8.5, 14], "texture": "#0"},
				"south": {"uv": [7.5, 1.5, 8.5, 14], "texture": "#0"},
				"west": {"uv": [7.5, 1.5, 8.5, 14], "texture": "#0"},
				"up": {"uv": [7.5, 1.5, 8.5, 2.5], "texture": "#0"},
				"down": {"uv": [7.5, 13, 8.5, 14], "texture": "#0"}
			}
		},
		{
			"from": [0, 19, 8],
			"to": [6, 20, 9],
			"rotation": {"angle": 0, "axis": "y", "origin": [13, 27, 1]},
			"faces": {
				"north": {"uv": [5, 3.5, 11, 4.5], "texture": "#0"},
				"east": {"uv": [5, 3.5, 11, 4.5], "texture": "#0"},
				"south": {"uv": [5, 3.5, 11, 4.5], "texture": "#0"},
				"west": {"uv": [5, 3.5, 11, 4.5], "texture": "#0"},
				"up": {"uv": [5, 3.5, 11, 4.5], "texture": "#0"},
				"down": {"uv": [5, 3.5, 11, 4.5], "texture": "#0"}
			}
		},
		{
			"from": [9, 19, 8],
			"to": [10, 25.5, 9],
			"rotation": {"angle": 22.5, "axis": "z", "origin": [9.5, 21.5, 8.5]},
			"faces": {
				"north": {"uv": [5, 3.5, 11, 4.5], "rotation": 90, "texture": "#0"},
				"east": {"uv": [5, 3.5, 11, 4.5], "rotation": 90, "texture": "#0"},
				"south": {"uv": [5, 3.5, 11, 4.5], "rotation": 90, "texture": "#0"},
				"west": {"uv": [5, 3.5, 11, 4.5], "rotation": 90, "texture": "#0"},
				"up": {"uv": [5, 3.5, 11, 4.5], "rotation": 90, "texture": "#0"},
				"down": {"uv": [5, 3.5, 11, 4.5], "rotation": 90, "texture": "#0"}
			}
		},
		{
			"from": [6, 19, 8],
			"to": [7, 25.5, 9],
			"rotation": {"angle": -22.5, "axis": "z", "origin": [6.5, 21.5, 8.5]},
			"faces": {
				"north": {"uv": [5, 3.5, 11, 4.5], "rotation": 90, "texture": "#0"},
				"east": {"uv": [5, 3.5, 11, 4.5], "rotation": 90, "texture": "#0"},
				"south": {"uv": [5, 3.5, 11, 4.5], "rotation": 90, "texture": "#0"},
				"west": {"uv": [5, 3.5, 11, 4.5], "rotation": 90, "texture": "#0"},
				"up": {"uv": [5, 3.5, 11, 4.5], "rotation": 90, "texture": "#0"},
				"down": {"uv": [5, 3.5, 11, 4.5], "rotation": 90, "texture": "#0"}
			}
		},
		{
			"from": [10, 19, 8],
			"to": [16, 20, 9],
			"rotation": {"angle": 0, "axis": "y", "origin": [13, 19.5, 8.5]},
			"faces": {
				"north": {"uv": [5, 3.5, 11, 4.5], "texture": "#0"},
				"east": {"uv": [5, 3.5, 11, 4.5], "texture": "#0"},
				"south": {"uv": [5, 3.5, 11, 4.5], "texture": "#0"},
				"west": {"uv": [5, 3.5, 11, 4.5], "texture": "#0"},
				"up": {"uv": [5, 3.5, 11, 4.5], "texture": "#0"},
				"down": {"uv": [5, 3.5, 11, 4.5], "texture": "#0"}
			}
		},
		{
			"from": [10.52513, 16.73223, 8],
			"to": [16.52513, 17.73223, 9],
			"rotation": {"angle": 45, "axis": "z", "origin": [13.52513, 17.23223, 8.5]},
			"faces": {
				"north": {"uv": [5, 3.5, 11, 4.5], "texture": "#0"},
				"east": {"uv": [5, 3.5, 11, 4.5], "texture": "#0"},
				"south": {"uv": [5, 3.5, 11, 4.5], "texture": "#0"},
				"west": {"uv": [5, 3.5, 11, 4.5], "texture": "#0"},
				"up": {"uv": [5, 3.5, 11, 4.5], "texture": "#0"},
				"down": {"uv": [5, 3.5, 11, 4.5], "texture": "#0"}
			}
		},
		{
			"from": [-0.52513, 16.73223, 8],
			"to": [5.47487, 17.73223, 9],
			"rotation": {"angle": -45, "axis": "z", "origin": [2.47487, 17.23223, 8.5]},
			"faces": {
				"north": {"uv": [5, 3.5, 11, 4.5], "texture": "#0"},
				"east": {"uv": [5, 3.5, 11, 4.5], "texture": "#0"},
				"south": {"uv": [5, 3.5, 11, 4.5], "texture": "#0"},
				"west": {"uv": [5, 3.5, 11, 4.5], "texture": "#0"},
				"up": {"uv": [5, 3.5, 11, 4.5], "texture": "#0"},
				"down": {"uv": [5, 3.5, 11, 4.5], "texture": "#0"}
			}
		},
		{
			"from": [2.83976, 9.88417, 8],
			"to": [3.83976, 15.88417, 9],
			"rotation": {"angle": -22.5, "axis": "z", "origin": [3.33976, 12.88417, 8.5]},
			"faces": {
				"north": {"uv": [5, 3.5, 11, 4.5], "rotation": 90, "texture": "#0"},
				"east": {"uv": [5, 3.5, 11, 4.5], "rotation": 90, "texture": "#0"},
				"south": {"uv": [5, 3.5, 11, 4.5], "rotation": 90, "texture": "#0"},
				"west": {"uv": [5, 3.5, 11, 4.5], "rotation": 90, "texture": "#0"},
				"up": {"uv": [5, 3.5, 11, 4.5], "rotation": 90, "texture": "#0"},
				"down": {"uv": [5, 3.5, 11, 4.5], "rotation": 90, "texture": "#0"}
			}
		},
		{
			"from": [12.16024, 9.88417, 8],
			"to": [13.16024, 15.88417, 9],
			"rotation": {"angle": 22.5, "axis": "z", "origin": [12.66024, 12.88417, 8.5]},
			"faces": {
				"north": {"uv": [5, 3.5, 11, 4.5], "rotation": 90, "texture": "#0"},
				"east": {"uv": [5, 3.5, 11, 4.5], "rotation": 90, "texture": "#0"},
				"south": {"uv": [5, 3.5, 11, 4.5], "rotation": 90, "texture": "#0"},
				"west": {"uv": [5, 3.5, 11, 4.5], "rotation": 90, "texture": "#0"},
				"up": {"uv": [5, 3.5, 11, 4.5], "rotation": 90, "texture": "#0"},
				"down": {"uv": [5, 3.5, 11, 4.5], "rotation": 90, "texture": "#0"}
			}
		},
		{
			"from": [7.6, 11.1073, 8],
			"to": [14.3, 12.1073, 9],
			"rotation": {"angle": -22.5, "axis": "z", "origin": [10.14874, 11.6073, 8.5]},
			"faces": {
				"north": {"uv": [5, 3.5, 11, 4.5], "texture": "#0"},
				"east": {"uv": [5, 3.5, 11, 4.5], "texture": "#0"},
				"south": {"uv": [5, 3.5, 11, 4.5], "texture": "#0"},
				"west": {"uv": [5, 3.5, 11, 4.5], "texture": "#0"},
				"up": {"uv": [5, 3.5, 11, 4.5], "texture": "#0"},
				"down": {"uv": [5, 3.5, 11, 4.5], "texture": "#0"}
			}
		},
		{
			"from": [1.84335, 10.23937, 8],
			"to": [8.54335, 11.23937, 9],
			"rotation": {"angle": 22.5, "axis": "z", "origin": [3.72661, 10.73937, 8.5]},
			"faces": {
				"north": {"uv": [5, 3.5, 11, 4.5], "texture": "#0"},
				"east": {"uv": [5, 3.5, 11, 4.5], "texture": "#0"},
				"south": {"uv": [5, 3.5, 11, 4.5], "texture": "#0"},
				"west": {"uv": [5, 3.5, 11, 4.5], "texture": "#0"},
				"up": {"uv": [5, 3.5, 11, 4.5], "texture": "#0"},
				"down": {"uv": [5, 3.5, 11, 4.5], "texture": "#0"}
			}
		},
		{
			"from": [0.31988, 18.90488, 8.98],
			"to": [6.07988, 19.86488, 15.78],
			"rotation": {"angle": 0, "axis": "y", "origin": [7.99707, 16.622, 8.5]},
			"faces": {
				"north": {"uv": [5.5, 6, 9, 10], "rotation": 180, "texture": "#1"},
				"east": {"uv": [5.5, 6, 9, 10], "rotation": 180, "texture": "#1"},
				"south": {"uv": [5.5, 6, 6.5, 10], "rotation": 90, "texture": "#1"},
				"west": {"uv": [5.5, 6, 9, 7.5], "rotation": 180, "texture": "#1"},
				"up": {"uv": [5.5, 6, 9, 10], "rotation": 180, "texture": "#1"},
				"down": {"uv": [5.5, 6, 9, 10], "rotation": 180, "texture": "#1"}
			}
		},
		{
			"from": [10.64212, 17.99628, 8.98],
			"to": [11.60212, 24.23628, 15.78],
			"rotation": {"angle": 22.5, "axis": "z", "origin": [7.99707, 16.622, 8.5]},
			"faces": {
				"north": {"uv": [5.5, 6, 9, 10], "rotation": 180, "texture": "#1"},
				"east": {"uv": [5.5, 6, 9, 10], "rotation": 180, "texture": "#1"},
				"south": {"uv": [5.5, 6, 6.5, 10], "rotation": 180, "texture": "#1"},
				"west": {"uv": [5.5, 6, 9, 10], "rotation": 180, "texture": "#1"},
				"up": {"uv": [5.5, 6.5, 9, 7], "rotation": 90, "texture": "#1"},
				"down": {"uv": [5.5, 6, 9, 10], "rotation": 180, "texture": "#1"}
			}
		},
		{
			"from": [4.39722, 17.99843, 8.98],
			"to": [5.35722, 24.23843, 15.78],
			"rotation": {"angle": -22.5, "axis": "z", "origin": [7.99707, 16.622, 8.5]},
			"faces": {
				"north": {"uv": [5.5, 6, 9, 10], "rotation": 180, "texture": "#1"},
				"east": {"uv": [5.5, 6, 9, 10], "rotation": 180, "texture": "#1"},
				"south": {"uv": [5.5, 6, 6.5, 10], "rotation": 180, "texture": "#1"},
				"west": {"uv": [5.5, 6, 9, 10], "rotation": 180, "texture": "#1"},
				"up": {"uv": [5.5, 6, 9, 6.5], "rotation": 90, "texture": "#1"},
				"down": {"uv": [5.5, 6, 9, 10], "rotation": 180, "texture": "#1"}
			}
		},
		{
			"from": [9.91988, 18.90488, 8.98],
			"to": [15.67988, 19.86488, 15.78],
			"rotation": {"angle": 0, "axis": "y", "origin": [7.99707, 16.622, 8.5]},
			"faces": {
				"north": {"uv": [5.5, 6, 9, 10], "rotation": 180, "texture": "#1"},
				"east": {"uv": [5.5, 6, 9, 7], "rotation": 180, "texture": "#1"},
				"south": {"uv": [5.5, 6, 6.5, 10], "rotation": 90, "texture": "#1"},
				"west": {"uv": [5.5, 6, 9, 10], "rotation": 180, "texture": "#1"},
				"up": {"uv": [5.5, 6, 9, 10], "rotation": 180, "texture": "#1"},
				"down": {"uv": [5.5, 6, 9, 10], "rotation": 180, "texture": "#1"}
			}
		},
		{
			"from": [9.28388, 12.80367, 8.98],
			"to": [15.04388, 13.76367, 15.78],
			"rotation": {"angle": 45, "axis": "z", "origin": [7.99707, 16.622, 8.5]},
			"faces": {
				"north": {"uv": [5.5, 6, 9, 10], "rotation": 180, "texture": "#1"},
				"east": {"uv": [5.5, 6, 9, 10], "rotation": 180, "texture": "#1"},
				"south": {"uv": [5.5, 6, 6.5, 10], "rotation": 90, "texture": "#1"},
				"west": {"uv": [5.5, 6, 9, 10], "rotation": 180, "texture": "#1"},
				"up": {"uv": [5.5, 6, 9, 10], "rotation": 180, "texture": "#1"},
				"down": {"uv": [5.5, 6, 9, 10], "rotation": 180, "texture": "#1"}
			}
		},
		{
			"from": [0.95424, 12.80765, 8.98],
			"to": [6.71424, 13.76765, 15.78],
			"rotation": {"angle": -45, "axis": "z", "origin": [7.99707, 16.622, 8.5]},
			"faces": {
				"north": {"uv": [5.5, 6, 9, 10], "rotation": 180, "texture": "#1"},
				"east": {"uv": [5.5, 6, 9, 10], "rotation": 180, "texture": "#1"},
				"south": {"uv": [5.5, 6, 6.5, 10], "rotation": 90, "texture": "#1"},
				"west": {"uv": [5.5, 6, 9, 10], "rotation": 180, "texture": "#1"},
				"up": {"uv": [5.5, 6, 9, 10], "rotation": 180, "texture": "#1"},
				"down": {"uv": [5.5, 6, 9, 10], "rotation": 180, "texture": "#1"}
			}
		},
		{
			"from": [4.75957, 8.71584, 8.98],
			"to": [5.71957, 14.47584, 15.78],
			"rotation": {"angle": -22.5, "axis": "z", "origin": [7.99707, 16.622, 8.5]},
			"faces": {
				"north": {"uv": [5.5, 6, 9, 10], "rotation": 180, "texture": "#1"},
				"east": {"uv": [5.5, 6, 9, 10], "rotation": 180, "texture": "#1"},
				"south": {"uv": [5.5, 6, 6.5, 10], "rotation": 180, "texture": "#1"},
				"west": {"uv": [5.5, 6, 9, 10], "rotation": 180, "texture": "#1"},
				"up": {"uv": [5.5, 6, 9, 10], "rotation": 180, "texture": "#1"},
				"down": {"uv": [5.5, 6, 9, 10], "rotation": 180, "texture": "#1"}
			}
		},
		{
			"from": [10.27976, 8.71369, 8.98],
			"to": [11.23976, 14.47369, 15.78],
			"rotation": {"angle": 22.5, "axis": "z", "origin": [7.99707, 16.622, 8.5]},
			"faces": {
				"north": {"uv": [5.5, 6, 9, 10], "rotation": 180, "texture": "#1"},
				"east": {"uv": [5.5, 6, 9, 10], "rotation": 180, "texture": "#1"},
				"south": {"uv": [5.5, 6, 6.5, 10], "rotation": 180, "texture": "#1"},
				"west": {"uv": [5.5, 6, 9, 10], "rotation": 180, "texture": "#1"},
				"up": {"uv": [5.5, 6, 9, 10], "rotation": 180, "texture": "#1"},
				"down": {"uv": [5.5, 6, 9, 10], "rotation": 180, "texture": "#1"}
			}
		},
		{
			"from": [9.30093, 12.48481, 8.98],
			"to": [15.73293, 13.44481, 15.78],
			"rotation": {"angle": -22.5, "axis": "z", "origin": [7.99707, 16.622, 8.5]},
			"faces": {
				"north": {"uv": [5.5, 6, 9, 10], "rotation": 180, "texture": "#1"},
				"east": {"uv": [5.5, 6, 9, 6.5], "rotation": 180, "texture": "#1"},
				"south": {"uv": [5.5, 6, 6.5, 10], "rotation": 90, "texture": "#1"},
				"west": {"uv": [5.5, 6, 9, 10], "rotation": 180, "texture": "#1"},
				"up": {"uv": [5.5, 6, 9, 10], "rotation": 180, "texture": "#1"},
				"down": {"uv": [5.5, 6, 9, 10], "rotation": 180, "texture": "#1"}
			}
		},
		{
			"from": [0.24043, 12.49342, 8.98],
			"to": [6.67243, 13.45342, 15.78],
			"rotation": {"angle": 22.5, "axis": "z", "origin": [7.99707, 16.622, 8.5]},
			"faces": {
				"north": {"uv": [5.5, 6, 9, 10], "rotation": 180, "texture": "#1"},
				"east": {"uv": [5.5, 6, 9, 10], "rotation": 180, "texture": "#1"},
				"south": {"uv": [5.5, 6, 6.5, 10], "rotation": 90, "texture": "#1"},
				"west": {"uv": [5.5, 6, 9, 7], "rotation": 180, "texture": "#1"},
				"up": {"uv": [5.5, 6, 9, 10], "rotation": 180, "texture": "#1"},
				"down": {"uv": [5.5, 6, 9, 10], "rotation": 180, "texture": "#1"}
			}
		},
		{
			"from": [3, 11, 15.81],
			"to": [4, 12, 15.81],
			"rotation": {"angle": 0, "axis": "y", "origin": [11, 19, 24]},
			"faces": {
				"north": {"uv": [7.5, 7, 8.5, 8], "texture": "#1"},
				"east": {"uv": [7.5, 7, 8.5, 8], "texture": "#1"},
				"south": {"uv": [7.5, 7, 8.5, 8], "texture": "#1"},
				"west": {"uv": [7.5, 7, 8.5, 8], "texture": "#1"},
				"up": {"uv": [7.5, 7, 8.5, 8], "texture": "#1"},
				"down": {"uv": [7.5, 7, 8.5, 8], "texture": "#1"}
			}
		},
		{
			"from": [12, 11, 15.81],
			"to": [13, 12, 15.81],
			"rotation": {"angle": 0, "axis": "y", "origin": [5, 19, 24]},
			"faces": {
				"north": {"uv": [7.5, 7, 8.5, 8], "texture": "#1"},
				"east": {"uv": [7.5, 7, 8.5, 8], "texture": "#1"},
				"south": {"uv": [7.5, 7, 8.5, 8], "texture": "#1"},
				"west": {"uv": [7.5, 7, 8.5, 8], "texture": "#1"},
				"up": {"uv": [7.5, 7, 8.5, 8], "texture": "#1"},
				"down": {"uv": [7.5, 7, 8.5, 8], "texture": "#1"}
			}
		},
		{
			"from": [3.5, 12, 15.81],
			"to": [12.5, 13, 15.81],
			"rotation": {"angle": 0, "axis": "y", "origin": [12, 20, 24]},
			"faces": {
				"north": {"uv": [3, 7.5, 12, 8.5], "texture": "#1"},
				"east": {"uv": [3.5, 7.5, 12.5, 8.5], "texture": "#1"},
				"south": {"uv": [3.5, 7.5, 12.5, 8.5], "texture": "#1"},
				"west": {"uv": [3.5, 7.5, 12.5, 8.5], "texture": "#1"},
				"up": {"uv": [3.5, 7.5, 12.5, 8.5], "texture": "#1"},
				"down": {"uv": [3.5, 7.5, 12.5, 8.5], "texture": "#1"}
			}
		},
		{
			"from": [4, 13, 15.81],
			"to": [12, 14, 15.81],
			"rotation": {"angle": 0, "axis": "y", "origin": [12, 21, 24]},
			"faces": {
				"north": {"uv": [4, 6.5, 12, 7.5], "texture": "#1"},
				"east": {"uv": [4.5, 6.5, 12.5, 7.5], "texture": "#1"},
				"south": {"uv": [4.5, 6.5, 12.5, 7.5], "texture": "#1"},
				"west": {"uv": [4.5, 6.5, 12.5, 7.5], "texture": "#1"},
				"up": {"uv": [4.5, 6.5, 12.5, 7.5], "texture": "#1"},
				"down": {"uv": [4.5, 6.5, 12.5, 7.5], "texture": "#1"}
			}
		},
		{
			"from": [4, 14, 15.81],
			"to": [12, 15, 15.81],
			"rotation": {"angle": 0, "axis": "y", "origin": [12, 22, 24]},
			"faces": {
				"north": {"uv": [5, 7.5, 13, 8.5], "texture": "#1"},
				"east": {"uv": [5.5, 7.5, 13.5, 8.5], "texture": "#1"},
				"south": {"uv": [5.5, 7.5, 13.5, 8.5], "texture": "#1"},
				"west": {"uv": [5.5, 7.5, 13.5, 8.5], "texture": "#1"},
				"up": {"uv": [5.5, 7.5, 13.5, 8.5], "texture": "#1"},
				"down": {"uv": [5.5, 7.5, 13.5, 8.5], "texture": "#1"}
			}
		},
		{
			"from": [4, 15, 15.81],
			"to": [12, 16, 15.81],
			"rotation": {"angle": 0, "axis": "y", "origin": [12, 23, 24]},
			"faces": {
				"north": {"uv": [4.5, 7.5, 12.5, 8.5], "texture": "#1"},
				"east": {"uv": [5, 7.5, 13, 8.5], "texture": "#1"},
				"south": {"uv": [5, 7.5, 13, 8.5], "texture": "#1"},
				"west": {"uv": [5, 7.5, 13, 8.5], "texture": "#1"},
				"up": {"uv": [5, 7.5, 13, 8.5], "texture": "#1"},
				"down": {"uv": [5, 7.5, 13, 8.5], "texture": "#1"}
			}
		},
		{
			"from": [3.5, 16, 15.81],
			"to": [12.5, 17, 15.81],
			"rotation": {"angle": 0, "axis": "y", "origin": [12, 24, 24]},
			"faces": {
				"north": {"uv": [3, 6.5, 12, 7.5], "texture": "#1"},
				"east": {"uv": [3.5, 6.5, 12.5, 7.5], "texture": "#1"},
				"south": {"uv": [3.5, 6.5, 12.5, 7.5], "texture": "#1"},
				"west": {"uv": [3.5, 6.5, 12.5, 7.5], "texture": "#1"},
				"up": {"uv": [3.5, 6.5, 12.5, 7.5], "texture": "#1"},
				"down": {"uv": [3.5, 6.5, 12.5, 7.5], "texture": "#1"}
			}
		},
		{
			"from": [2.5, 17, 15.81],
			"to": [13.5, 18, 15.81],
			"rotation": {"angle": 0, "axis": "y", "origin": [12, 25, 24]},
			"faces": {
				"north": {"uv": [3, 7, 13.5, 8], "texture": "#1"},
				"east": {"uv": [3, 7, 13.5, 8], "texture": "#1"},
				"south": {"uv": [3, 7, 13.5, 8], "texture": "#1"},
				"west": {"uv": [3, 7, 13.5, 8], "texture": "#1"},
				"up": {"uv": [3, 7, 13.5, 8], "texture": "#1"},
				"down": {"uv": [3, 7, 13.5, 8], "texture": "#1"}
			}
		},
		{
			"from": [1.5, 18, 15.81],
			"to": [14.5, 19, 15.81],
			"rotation": {"angle": 0, "axis": "y", "origin": [12, 26, 24]},
			"faces": {
				"north": {"uv": [3, 7, 13.5, 8], "texture": "#1"},
				"east": {"uv": [3, 7, 13.5, 8], "texture": "#1"},
				"south": {"uv": [3, 7, 13.5, 8], "texture": "#1"},
				"west": {"uv": [3, 7, 13.5, 8], "texture": "#1"},
				"up": {"uv": [3, 7, 13.5, 8], "texture": "#1"},
				"down": {"uv": [3, 7, 13.5, 8], "texture": "#1"}
			}
		},
		{
			"from": [5.5, 19, 15.81],
			"to": [10.5, 20, 15.81],
			"rotation": {"angle": 0, "axis": "y", "origin": [12, 27, 24]},
			"faces": {
				"north": {"uv": [7.5, 7, 12.5, 8], "texture": "#1"},
				"east": {"uv": [8, 7, 13, 8], "texture": "#1"},
				"south": {"uv": [8, 7, 13, 8], "texture": "#1"},
				"west": {"uv": [8, 7, 13, 8], "texture": "#1"},
				"up": {"uv": [8, 7, 13, 8], "texture": "#1"},
				"down": {"uv": [8, 7, 13, 8], "texture": "#1"}
			}
		},
		{
			"from": [6.5, 20, 15.81],
			"to": [9.5, 21, 15.81],
			"rotation": {"angle": 0, "axis": "y", "origin": [12, 28, 24]},
			"faces": {
				"north": {"uv": [8, 7, 11, 8], "texture": "#1"},
				"east": {"uv": [8, 7, 11, 8], "texture": "#1"},
				"south": {"uv": [7.5, 7, 10.5, 8], "texture": "#1"},
				"west": {"uv": [8, 7, 11, 8], "texture": "#1"},
				"up": {"uv": [8, 7, 11, 8], "texture": "#1"},
				"down": {"uv": [8, 7, 11, 8], "texture": "#1"}
			}
		},
		{
			"from": [6.5, 21, 15.81],
			"to": [9.5, 22, 15.81],
			"rotation": {"angle": 0, "axis": "y", "origin": [12, 29, 24]},
			"faces": {
				"north": {"uv": [8, 7, 11.5, 8], "texture": "#1"},
				"east": {"uv": [8, 7, 11.5, 8], "texture": "#1"},
				"south": {"uv": [7.5, 7, 11, 8], "texture": "#1"},
				"west": {"uv": [8, 7, 11.5, 8], "texture": "#1"},
				"up": {"uv": [8, 7, 11.5, 8], "texture": "#1"},
				"down": {"uv": [8, 7, 11.5, 8], "texture": "#1"}
			}
		},
		{
			"from": [7, 22, 15.81],
			"to": [9, 23, 15.81],
			"rotation": {"angle": 0, "axis": "y", "origin": [12, 30, 24]},
			"faces": {
				"north": {"uv": [8, 7, 10, 8], "texture": "#1"},
				"east": {"uv": [8, 7, 10, 8], "texture": "#1"},
				"south": {"uv": [7.5, 7, 9.5, 8], "texture": "#1"},
				"west": {"uv": [8, 7, 10, 8], "texture": "#1"},
				"up": {"uv": [8, 7, 10, 8], "texture": "#1"},
				"down": {"uv": [8, 7, 10, 8], "texture": "#1"}
			}
		},
		{
			"from": [7.5, 23, 15.81],
			"to": [8.5, 24, 15.81],
			"rotation": {"angle": 0, "axis": "y", "origin": [12, 31, 24]},
			"faces": {
				"north": {"uv": [6.5, 6.5, 9.5, 9], "texture": "#1"},
				"east": {"uv": [0, 0, 0.5, 0.5], "texture": "#1"},
				"south": {"uv": [8, 7, 9.5, 7.5], "texture": "#1"},
				"west": {"uv": [0, 0, 0.5, 0.5], "texture": "#1"},
				"up": {"uv": [4.5, 3.5, 5, 4], "texture": "#1"},
				"down": {"uv": [0, 0, 0.5, 0.5], "texture": "#1"}
			}
		},
		{
			"from": [4, 11, 15.81],
			"to": [5, 12, 15.81],
			"rotation": {"angle": 0, "axis": "y", "origin": [12, 19, 24]},
			"faces": {
				"north": {"uv": [7.5, 7, 8.5, 8], "texture": "#1"},
				"east": {"uv": [7.5, 7, 8.5, 8], "texture": "#1"},
				"south": {"uv": [7.5, 7, 8.5, 8], "texture": "#1"},
				"west": {"uv": [7.5, 7, 8.5, 8], "texture": "#1"},
				"up": {"uv": [7.5, 7, 8.5, 8], "texture": "#1"},
				"down": {"uv": [7.5, 7, 8.5, 8], "texture": "#1"}
			}
		},
		{
			"from": [11, 11, 15.81],
			"to": [12, 12, 15.81],
			"rotation": {"angle": 0, "axis": "y", "origin": [4, 19, 24]},
			"faces": {
				"north": {"uv": [7.5, 7, 8.5, 8], "texture": "#1"},
				"east": {"uv": [7.5, 7, 8.5, 8], "texture": "#1"},
				"south": {"uv": [7.5, 7, 8.5, 8], "texture": "#1"},
				"west": {"uv": [7.5, 7, 8.5, 8], "texture": "#1"},
				"up": {"uv": [7.5, 7, 8.5, 8], "texture": "#1"},
				"down": {"uv": [7.5, 7, 8.5, 8], "texture": "#1"}
			}
		}
	],
	"display": {
		"thirdperson_righthand": {
			"rotation": [36.25, 0, 0],
			"translation": [0, 11.5, 9],
			"scale": [0.75, 0.75, 0.75]
		},
		"thirdperson_lefthand": {
			"translation": [0, 21, 0]
		},
		"firstperson_righthand": {
			"rotation": [-35.75, 0, 19],
			"translation": [3.25, 8, -15.5]
		},
		"ground": {
			"translation": [0, 8, 0],
			"scale": [0.5, 0.5, 0.5]
		},
		"gui": {
			"rotation": [0, -135, 0],
			"translation": [0, 1, 0],
			"scale": [0.5, 0.5, 0.5]
		},
		"head": {
			"translation": [0, 6.25, -1.75]
		},
		"fixed": {
			"rotation": [0, -36.25, 0],
			"translation": [0, 7.5, -8]
		}
	},
	"groups": [0,
		{
			"name": "group",
			"origin": [6.88326, 0.5, 2.58768],
			"children": [1, 2, 3, 4, 5, 6, 7, 8, 9, 10]
		},
		{
			"name": "group",
			"origin": [6.88326, 0.5, 2.58768],
			"children": [11, 12, 13, 14, 15, 16, 17, 18, 19, 20]
		},
		{
			"name": "group",
			"origin": [4, 19, 21],
			"children": [21, 22, 23, 24, 25, 26, 27, 28, 29, 30, 31, 32, 33, 34, 35, 36]
		}
	]
}
