{
	"credit": "Made with Blockbench",
	"textures": {
		"0": "block/black_wool",
		"1": "block/quartz_block_top",
		"2": "block/light_gray_wool",
		"3": "block/purple_stained_glass",
		"4": "block/sand",
		"5": "block/blue_wool",
		"particle": "block/black_wool"
	},
	"elements": [
		{
			"name": "hexadecagon",
			"from": [7.80109, 3.5, 9],
			"to": [8.19891, 10.5, 11],
			"rotation": {"angle": -45, "axis": "y", "origin": [8, 2, 10]},
			"faces": {
				"north": {"uv": [0, 0, 1, 1], "texture": "#0"},
				"east": {"uv": [0, 0, 1, 1], "texture": "#0"},
				"south": {"uv": [0, 0, 1, 1], "texture": "#0"},
				"west": {"uv": [0, 0, 1, 1], "texture": "#0"},
				"up": {"uv": [0, 0, 1, 1], "texture": "#0"},
				"down": {"uv": [0, 0, 1, 1], "texture": "#0"}
			}
		},
		{
			"name": "hexadecagon",
			"from": [7.80109, 3.5, 9],
			"to": [8.19891, 10.5, 11],
			"rotation": {"angle": -22.5, "axis": "y", "origin": [8, 2, 10]},
			"faces": {
				"north": {"uv": [0, 0, 1, 1], "texture": "#0"},
				"east": {"uv": [0, 0, 1, 1], "texture": "#0"},
				"south": {"uv": [0, 0, 1, 1], "texture": "#0"},
				"west": {"uv": [0, 0, 1, 1], "texture": "#0"},
				"up": {"uv": [0, 0, 1, 1], "texture": "#0"},
				"down": {"uv": [0, 0, 1, 1], "texture": "#0"}
			}
		},
		{
			"name": "hexadecagon",
			"from": [7.80109, 3.5, 9],
			"to": [8.19891, 10.5, 11],
			"rotation": {"angle": 0, "axis": "y", "origin": [8, 2, 10]},
			"faces": {
				"north": {"uv": [0, 0, 1, 1], "texture": "#0"},
				"east": {"uv": [0, 0, 1, 1], "texture": "#0"},
				"south": {"uv": [0, 0, 1, 1], "texture": "#0"},
				"west": {"uv": [0, 0, 1, 1], "texture": "#0"},
				"up": {"uv": [0, 0, 1, 1], "texture": "#0"},
				"down": {"uv": [0, 0, 1, 1], "texture": "#0"}
			}
		},
		{
			"name": "hexadecagon",
			"from": [7.80109, 3.5, 9],
			"to": [8.19891, 10.5, 11],
			"rotation": {"angle": 22.5, "axis": "y", "origin": [8, 2, 10]},
			"faces": {
				"north": {"uv": [0, 0, 1, 1], "texture": "#0"},
				"east": {"uv": [0, 0, 1, 1], "texture": "#0"},
				"south": {"uv": [0, 0, 1, 1], "texture": "#0"},
				"west": {"uv": [0, 0, 1, 1], "texture": "#0"},
				"up": {"uv": [0, 0, 1, 1], "texture": "#0"},
				"down": {"uv": [0, 0, 1, 1], "texture": "#0"}
			}
		},
		{
			"name": "hexadecagon",
			"from": [7.80109, 3.5, 9],
			"to": [8.19891, 10.5, 11],
			"rotation": {"angle": 45, "axis": "y", "origin": [8, 2, 10]},
			"faces": {
				"north": {"uv": [0, 0, 1, 1], "texture": "#0"},
				"east": {"uv": [0, 0, 1, 1], "texture": "#0"},
				"south": {"uv": [0, 0, 1, 1], "texture": "#0"},
				"west": {"uv": [0, 0, 1, 1], "texture": "#0"},
				"up": {"uv": [0, 0, 1, 1], "texture": "#0"},
				"down": {"uv": [0, 0, 1, 1], "texture": "#0"}
			}
		},
		{
			"name": "hexadecagon",
			"from": [7, 3.5, 9.80109],
			"to": [9, 10.5, 10.19891],
			"rotation": {"angle": -22.5, "axis": "y", "origin": [8, 2, 10]},
			"faces": {
				"north": {"uv": [0, 0, 1, 1], "texture": "#0"},
				"east": {"uv": [0, 0, 1, 1], "texture": "#0"},
				"south": {"uv": [0, 0, 1, 1], "texture": "#0"},
				"west": {"uv": [0, 0, 1, 1], "texture": "#0"},
				"up": {"uv": [0, 0, 1, 1], "texture": "#0"},
				"down": {"uv": [0, 0, 1, 1], "texture": "#0"}
			}
		},
		{
			"name": "hexadecagon",
			"from": [7, 3.5, 9.80109],
			"to": [9, 10.5, 10.19891],
			"rotation": {"angle": 0, "axis": "y", "origin": [8, 2, 10]},
			"faces": {
				"north": {"uv": [0, 0, 1, 1], "texture": "#0"},
				"east": {"uv": [0, 0, 1, 1], "texture": "#0"},
				"south": {"uv": [0, 0, 1, 1], "texture": "#0"},
				"west": {"uv": [0, 0, 1, 1], "texture": "#0"},
				"up": {"uv": [0, 0, 1, 1], "texture": "#0"},
				"down": {"uv": [0, 0, 1, 1], "texture": "#0"}
			}
		},
		{
			"name": "hexadecagon",
			"from": [7, 3.5, 9.80109],
			"to": [9, 10.5, 10.19891],
			"rotation": {"angle": 22.5, "axis": "y", "origin": [8, 2, 10]},
			"faces": {
				"north": {"uv": [0, 0, 1, 1], "texture": "#0"},
				"east": {"uv": [0, 0, 1, 1], "texture": "#0"},
				"south": {"uv": [0, 0, 1, 1], "texture": "#0"},
				"west": {"uv": [0, 0, 1, 1], "texture": "#0"},
				"up": {"uv": [0, 0, 1, 1], "texture": "#0"},
				"down": {"uv": [0, 0, 1, 1], "texture": "#0"}
			}
		},
		{
			"name": "hexadecagon",
			"from": [7, 3.5, 9.80109],
			"to": [9, 10.5, 10.19891],
			"rotation": {"angle": 22.5, "axis": "y", "origin": [8, 2, 10]},
			"faces": {
				"north": {"uv": [0, 0, 1, 1], "texture": "#0"},
				"east": {"uv": [0, 0, 1, 1], "texture": "#0"},
				"south": {"uv": [0, 0, 1, 1], "texture": "#0"},
				"west": {"uv": [0, 0, 1, 1], "texture": "#0"},
				"up": {"uv": [0, 0, 1, 1], "texture": "#0"},
				"down": {"uv": [0, 0, 1, 1], "texture": "#0"}
			}
		},
		{
			"name": "hexadecagon",
			"from": [7.80109, 2.5, 9],
			"to": [8.19891, 3.5, 11],
			"rotation": {"angle": -45, "axis": "y", "origin": [8, 1, 10]},
			"faces": {
				"north": {"uv": [0, 0, 1, 1], "texture": "#4"},
				"east": {"uv": [0, 0, 1, 1], "texture": "#4"},
				"south": {"uv": [0, 0, 1, 1], "texture": "#4"},
				"west": {"uv": [0, 0, 1, 1], "texture": "#4"},
				"up": {"uv": [0, 0, 1, 1], "texture": "#4"},
				"down": {"uv": [0, 0, 1, 1], "texture": "#4"}
			}
		},
		{
			"name": "hexadecagon",
			"from": [7.80109, 2.5, 9],
			"to": [8.19891, 3.5, 11],
			"rotation": {"angle": -22.5, "axis": "y", "origin": [8, 1, 10]},
			"faces": {
				"north": {"uv": [0, 0, 1, 1], "texture": "#4"},
				"east": {"uv": [0, 0, 1, 1], "texture": "#4"},
				"south": {"uv": [0, 0, 1, 1], "texture": "#4"},
				"west": {"uv": [0, 0, 1, 1], "texture": "#4"},
				"up": {"uv": [0, 0, 1, 1], "texture": "#4"},
				"down": {"uv": [0, 0, 1, 1], "texture": "#4"}
			}
		},
		{
			"name": "hexadecagon",
			"from": [7.80109, 2.5, 9],
			"to": [8.19891, 3.5, 11],
			"rotation": {"angle": 0, "axis": "y", "origin": [8, 1, 10]},
			"faces": {
				"north": {"uv": [0, 0, 1, 1], "texture": "#4"},
				"east": {"uv": [0, 0, 1, 1], "texture": "#4"},
				"south": {"uv": [0, 0, 1, 1], "texture": "#4"},
				"west": {"uv": [0, 0, 1, 1], "texture": "#4"},
				"up": {"uv": [0, 0, 1, 1], "texture": "#4"},
				"down": {"uv": [0, 0, 1, 1], "texture": "#4"}
			}
		},
		{
			"name": "hexadecagon",
			"from": [7.80109, 2.5, 9],
			"to": [8.19891, 3.5, 11],
			"rotation": {"angle": 22.5, "axis": "y", "origin": [8, 1, 10]},
			"faces": {
				"north": {"uv": [0, 0, 1, 1], "texture": "#4"},
				"east": {"uv": [0, 0, 1, 1], "texture": "#4"},
				"south": {"uv": [0, 0, 1, 1], "texture": "#4"},
				"west": {"uv": [0, 0, 1, 1], "texture": "#4"},
				"up": {"uv": [0, 0, 1, 1], "texture": "#4"},
				"down": {"uv": [0, 0, 1, 1], "texture": "#4"}
			}
		},
		{
			"name": "hexadecagon",
			"from": [7.80109, 2.5, 9],
			"to": [8.19891, 3.5, 11],
			"rotation": {"angle": 45, "axis": "y", "origin": [8, 1, 10]},
			"faces": {
				"north": {"uv": [0, 0, 1, 1], "texture": "#4"},
				"east": {"uv": [0, 0, 1, 1], "texture": "#4"},
				"south": {"uv": [0, 0, 1, 1], "texture": "#4"},
				"west": {"uv": [0, 0, 1, 1], "texture": "#4"},
				"up": {"uv": [0, 0, 1, 1], "texture": "#4"},
				"down": {"uv": [0, 0, 1, 1], "texture": "#4"}
			}
		},
		{
			"name": "hexadecagon",
			"from": [7, 2.5, 9.80109],
			"to": [9, 3.5, 10.19891],
			"rotation": {"angle": -22.5, "axis": "y", "origin": [8, 1, 10]},
			"faces": {
				"north": {"uv": [0, 0, 1, 1], "texture": "#4"},
				"east": {"uv": [0, 0, 1, 1], "texture": "#4"},
				"south": {"uv": [0, 0, 1, 1], "texture": "#4"},
				"west": {"uv": [0, 0, 1, 1], "texture": "#4"},
				"up": {"uv": [0, 0, 1, 1], "texture": "#4"},
				"down": {"uv": [0, 0, 1, 1], "texture": "#4"}
			}
		},
		{
			"name": "hexadecagon",
			"from": [7, 2.5, 9.80109],
			"to": [9, 3.5, 10.19891],
			"rotation": {"angle": 0, "axis": "y", "origin": [8, 1, 10]},
			"faces": {
				"north": {"uv": [0, 0, 1, 1], "texture": "#4"},
				"east": {"uv": [0, 0, 1, 1], "texture": "#4"},
				"south": {"uv": [0, 0, 1, 1], "texture": "#4"},
				"west": {"uv": [0, 0, 1, 1], "texture": "#4"},
				"up": {"uv": [0, 0, 1, 1], "texture": "#4"},
				"down": {"uv": [0, 0, 1, 1], "texture": "#4"}
			}
		},
		{
			"name": "hexadecagon",
			"from": [7, 2.5, 9.80109],
			"to": [9, 3.5, 10.19891],
			"rotation": {"angle": 22.5, "axis": "y", "origin": [8, 1, 10]},
			"faces": {
				"north": {"uv": [0, 0, 1, 1], "texture": "#4"},
				"east": {"uv": [0, 0, 1, 1], "texture": "#4"},
				"south": {"uv": [0, 0, 1, 1], "texture": "#4"},
				"west": {"uv": [0, 0, 1, 1], "texture": "#4"},
				"up": {"uv": [0, 0, 1, 1], "texture": "#4"},
				"down": {"uv": [0, 0, 1, 1], "texture": "#4"}
			}
		},
		{
			"name": "hexadecagon",
			"from": [7, 2.5, 9.80109],
			"to": [9, 3.5, 10.19891],
			"rotation": {"angle": 22.5, "axis": "y", "origin": [8, 1, 10]},
			"faces": {
				"north": {"uv": [0, 0, 1, 1], "texture": "#4"},
				"east": {"uv": [0, 0, 1, 1], "texture": "#4"},
				"south": {"uv": [0, 0, 1, 1], "texture": "#4"},
				"west": {"uv": [0, 0, 1, 1], "texture": "#4"},
				"up": {"uv": [0, 0, 1, 1], "texture": "#4"},
				"down": {"uv": [0, 0, 1, 1], "texture": "#4"}
			}
		},
		{
			"name": "hexadecagon",
			"from": [7.7812, 3.9, 8.9],
			"to": [8.2188, 4.3, 11.1],
			"rotation": {"angle": -45, "axis": "y", "origin": [8, 4.4, 10]},
			"faces": {
				"north": {"uv": [0, 0, 1, 1], "texture": "#1"},
				"east": {"uv": [0, 0, 1, 1], "texture": "#1"},
				"south": {"uv": [0, 0, 1, 1], "texture": "#1"},
				"west": {"uv": [0, 0, 1, 1], "texture": "#1"},
				"up": {"uv": [0, 0, 1, 1], "texture": "#1"},
				"down": {"uv": [0, 0, 1, 1], "texture": "#1"}
			}
		},
		{
			"name": "hexadecagon",
			"from": [7.7812, 3.9, 8.9],
			"to": [8.2188, 4.3, 11.1],
			"rotation": {"angle": -22.5, "axis": "y", "origin": [8, 4.4, 10]},
			"faces": {
				"north": {"uv": [0, 0, 1, 1], "texture": "#1"},
				"east": {"uv": [0, 0, 1, 1], "texture": "#1"},
				"south": {"uv": [0, 0, 1, 1], "texture": "#1"},
				"west": {"uv": [0, 0, 1, 1], "texture": "#1"},
				"up": {"uv": [0, 0, 1, 1], "texture": "#1"},
				"down": {"uv": [0, 0, 1, 1], "texture": "#1"}
			}
		},
		{
			"name": "hexadecagon",
			"from": [7.7812, 3.9, 8.9],
			"to": [8.2188, 4.3, 11.1],
			"rotation": {"angle": 0, "axis": "y", "origin": [8, 4.4, 10]},
			"faces": {
				"north": {"uv": [0, 0, 1, 1], "texture": "#1"},
				"east": {"uv": [0, 0, 1, 1], "texture": "#1"},
				"south": {"uv": [0, 0, 1, 1], "texture": "#1"},
				"west": {"uv": [0, 0, 1, 1], "texture": "#1"},
				"up": {"uv": [0, 0, 1, 1], "texture": "#1"},
				"down": {"uv": [0, 0, 1, 1], "texture": "#1"}
			}
		},
		{
			"name": "hexadecagon",
			"from": [7.7812, 3.9, 8.9],
			"to": [8.2188, 4.3, 11.1],
			"rotation": {"angle": 22.5, "axis": "y", "origin": [8, 4.4, 10]},
			"faces": {
				"north": {"uv": [0, 0, 1, 1], "texture": "#1"},
				"east": {"uv": [0, 0, 1, 1], "texture": "#1"},
				"south": {"uv": [0, 0, 1, 1], "texture": "#1"},
				"west": {"uv": [0, 0, 1, 1], "texture": "#1"},
				"up": {"uv": [0, 0, 1, 1], "texture": "#1"},
				"down": {"uv": [0, 0, 1, 1], "texture": "#1"}
			}
		},
		{
			"name": "hexadecagon",
			"from": [7.7812, 3.9, 8.9],
			"to": [8.2188, 4.3, 11.1],
			"rotation": {"angle": 45, "axis": "y", "origin": [8, 4.4, 10]},
			"faces": {
				"north": {"uv": [0, 0, 1, 1], "texture": "#1"},
				"east": {"uv": [0, 0, 1, 1], "texture": "#1"},
				"south": {"uv": [0, 0, 1, 1], "texture": "#1"},
				"west": {"uv": [0, 0, 1, 1], "texture": "#1"},
				"up": {"uv": [0, 0, 1, 1], "texture": "#1"},
				"down": {"uv": [0, 0, 1, 1], "texture": "#1"}
			}
		},
		{
			"name": "hexadecagon",
			"from": [6.9, 3.9, 9.7812],
			"to": [9.1, 4.3, 10.2188],
			"rotation": {"angle": -22.5, "axis": "y", "origin": [8, 4.4, 10]},
			"faces": {
				"north": {"uv": [0, 0, 1, 1], "texture": "#1"},
				"east": {"uv": [0, 0, 1, 1], "texture": "#1"},
				"south": {"uv": [0, 0, 1, 1], "texture": "#1"},
				"west": {"uv": [0, 0, 1, 1], "texture": "#1"},
				"up": {"uv": [0, 0, 1, 1], "texture": "#1"},
				"down": {"uv": [0, 0, 1, 1], "texture": "#1"}
			}
		},
		{
			"name": "hexadecagon",
			"from": [6.9, 3.9, 9.7812],
			"to": [9.1, 4.3, 10.2188],
			"rotation": {"angle": 0, "axis": "y", "origin": [8, 4.4, 10]},
			"faces": {
				"north": {"uv": [0, 0, 1, 1], "texture": "#1"},
				"east": {"uv": [0, 0, 1, 1], "texture": "#1"},
				"south": {"uv": [0, 0, 1, 1], "texture": "#1"},
				"west": {"uv": [0, 0, 1, 1], "texture": "#1"},
				"up": {"uv": [0, 0, 1, 1], "texture": "#1"},
				"down": {"uv": [0, 0, 1, 1], "texture": "#1"}
			}
		},
		{
			"name": "hexadecagon",
			"from": [6.9, 3.9, 9.7812],
			"to": [9.1, 4.3, 10.2188],
			"rotation": {"angle": 22.5, "axis": "y", "origin": [8, 4.4, 10]},
			"faces": {
				"north": {"uv": [0, 0, 1, 1], "texture": "#1"},
				"east": {"uv": [0, 0, 1, 1], "texture": "#1"},
				"south": {"uv": [0, 0, 1, 1], "texture": "#1"},
				"west": {"uv": [0, 0, 1, 1], "texture": "#1"},
				"up": {"uv": [0, 0, 1, 1], "texture": "#1"},
				"down": {"uv": [0, 0, 1, 1], "texture": "#1"}
			}
		},
		{
			"name": "hexadecagon",
			"from": [7.7812, 4.5, 8.9],
			"to": [8.2188, 4.8, 11.1],
			"rotation": {"angle": -45, "axis": "y", "origin": [8, 5, 10]},
			"faces": {
				"north": {"uv": [0, 0, 1, 1], "texture": "#2"},
				"east": {"uv": [0, 0, 1, 1], "texture": "#2"},
				"south": {"uv": [0, 0, 1, 1], "texture": "#2"},
				"west": {"uv": [0, 0, 1, 1], "texture": "#2"},
				"up": {"uv": [0, 0, 1, 1], "texture": "#2"},
				"down": {"uv": [0, 0, 1, 1], "texture": "#2"}
			}
		},
		{
			"name": "hexadecagon",
			"from": [7.7812, 4.5, 8.9],
			"to": [8.2188, 4.8, 11.1],
			"rotation": {"angle": -22.5, "axis": "y", "origin": [8, 5, 10]},
			"faces": {
				"north": {"uv": [0, 0, 1, 1], "texture": "#2"},
				"east": {"uv": [0, 0, 1, 1], "texture": "#2"},
				"south": {"uv": [0, 0, 1, 1], "texture": "#2"},
				"west": {"uv": [0, 0, 1, 1], "texture": "#2"},
				"up": {"uv": [0, 0, 1, 1], "texture": "#2"},
				"down": {"uv": [0, 0, 1, 1], "texture": "#2"}
			}
		},
		{
			"name": "hexadecagon",
			"from": [7.7812, 4.5, 8.9],
			"to": [8.2188, 4.8, 11.1],
			"rotation": {"angle": 0, "axis": "y", "origin": [8, 5, 10]},
			"faces": {
				"north": {"uv": [0, 0, 1, 1], "texture": "#2"},
				"east": {"uv": [0, 0, 1, 1], "texture": "#2"},
				"south": {"uv": [0, 0, 1, 1], "texture": "#2"},
				"west": {"uv": [0, 0, 1, 1], "texture": "#2"},
				"up": {"uv": [0, 0, 1, 1], "texture": "#2"},
				"down": {"uv": [0, 0, 1, 1], "texture": "#2"}
			}
		},
		{
			"name": "hexadecagon",
			"from": [7.7812, 4.5, 8.9],
			"to": [8.2188, 4.8, 11.1],
			"rotation": {"angle": 22.5, "axis": "y", "origin": [8, 5, 10]},
			"faces": {
				"north": {"uv": [0, 0, 1, 1], "texture": "#2"},
				"east": {"uv": [0, 0, 1, 1], "texture": "#2"},
				"south": {"uv": [0, 0, 1, 1], "texture": "#2"},
				"west": {"uv": [0, 0, 1, 1], "texture": "#2"},
				"up": {"uv": [0, 0, 1, 1], "texture": "#2"},
				"down": {"uv": [0, 0, 1, 1], "texture": "#2"}
			}
		},
		{
			"name": "hexadecagon",
			"from": [7.7812, 4.5, 8.9],
			"to": [8.2188, 4.8, 11.1],
			"rotation": {"angle": 45, "axis": "y", "origin": [8, 5, 10]},
			"faces": {
				"north": {"uv": [0, 0, 1, 1], "texture": "#2"},
				"east": {"uv": [0, 0, 1, 1], "texture": "#2"},
				"south": {"uv": [0, 0, 1, 1], "texture": "#2"},
				"west": {"uv": [0, 0, 1, 1], "texture": "#2"},
				"up": {"uv": [0, 0, 1, 1], "texture": "#2"},
				"down": {"uv": [0, 0, 1, 1], "texture": "#2"}
			}
		},
		{
			"name": "hexadecagon",
			"from": [6.9, 4.5, 9.7812],
			"to": [9.1, 4.8, 10.2188],
			"rotation": {"angle": -22.5, "axis": "y", "origin": [8, 5, 10]},
			"faces": {
				"north": {"uv": [0, 0, 1, 1], "texture": "#2"},
				"east": {"uv": [0, 0, 1, 1], "texture": "#2"},
				"south": {"uv": [0, 0, 1, 1], "texture": "#2"},
				"west": {"uv": [0, 0, 1, 1], "texture": "#2"},
				"up": {"uv": [0, 0, 1, 1], "texture": "#2"},
				"down": {"uv": [0, 0, 1, 1], "texture": "#2"}
			}
		},
		{
			"name": "hexadecagon",
			"from": [6.9, 4.5, 9.7812],
			"to": [9.1, 4.8, 10.2188],
			"rotation": {"angle": 0, "axis": "y", "origin": [8, 5, 10]},
			"faces": {
				"north": {"uv": [0, 0, 1, 1], "texture": "#2"},
				"east": {"uv": [0, 0, 1, 1], "texture": "#2"},
				"south": {"uv": [0, 0, 1, 1], "texture": "#2"},
				"west": {"uv": [0, 0, 1, 1], "texture": "#2"},
				"up": {"uv": [0, 0, 1, 1], "texture": "#2"},
				"down": {"uv": [0, 0, 1, 1], "texture": "#2"}
			}
		},
		{
			"name": "hexadecagon",
			"from": [6.9, 4.5, 9.7812],
			"to": [9.1, 4.8, 10.2188],
			"rotation": {"angle": 22.5, "axis": "y", "origin": [8, 5, 10]},
			"faces": {
				"north": {"uv": [0, 0, 1, 1], "texture": "#2"},
				"east": {"uv": [0, 0, 1, 1], "texture": "#2"},
				"south": {"uv": [0, 0, 1, 1], "texture": "#2"},
				"west": {"uv": [0, 0, 1, 1], "texture": "#2"},
				"up": {"uv": [0, 0, 1, 1], "texture": "#2"},
				"down": {"uv": [0, 0, 1, 1], "texture": "#2"}
			}
		},
		{
			"name": "hexadecagon",
			"from": [7.7812, 4.9, 8.9],
			"to": [8.2188, 5.3, 11.1],
			"rotation": {"angle": -45, "axis": "y", "origin": [8, 5.4, 10]},
			"faces": {
				"north": {"uv": [0, 0, 1, 1], "texture": "#2"},
				"east": {"uv": [0, 0, 1, 1], "texture": "#2"},
				"south": {"uv": [0, 0, 1, 1], "texture": "#2"},
				"west": {"uv": [0, 0, 1, 1], "texture": "#2"},
				"up": {"uv": [0, 0, 1, 1], "texture": "#2"},
				"down": {"uv": [0, 0, 1, 1], "texture": "#2"}
			}
		},
		{
			"name": "hexadecagon",
			"from": [7.7812, 4.9, 8.9],
			"to": [8.2188, 5.3, 11.1],
			"rotation": {"angle": -22.5, "axis": "y", "origin": [8, 5.4, 10]},
			"faces": {
				"north": {"uv": [0, 0, 1, 1], "texture": "#2"},
				"east": {"uv": [0, 0, 1, 1], "texture": "#2"},
				"south": {"uv": [0, 0, 1, 1], "texture": "#2"},
				"west": {"uv": [0, 0, 1, 1], "texture": "#2"},
				"up": {"uv": [0, 0, 1, 1], "texture": "#2"},
				"down": {"uv": [0, 0, 1, 1], "texture": "#2"}
			}
		},
		{
			"name": "hexadecagon",
			"from": [7.7812, 4.9, 8.9],
			"to": [8.2188, 5.3, 11.1],
			"rotation": {"angle": 0, "axis": "y", "origin": [8, 5.4, 10]},
			"faces": {
				"north": {"uv": [0, 0, 1, 1], "texture": "#2"},
				"east": {"uv": [0, 0, 1, 1], "texture": "#2"},
				"south": {"uv": [0, 0, 1, 1], "texture": "#2"},
				"west": {"uv": [0, 0, 1, 1], "texture": "#2"},
				"up": {"uv": [0, 0, 1, 1], "texture": "#2"},
				"down": {"uv": [0, 0, 1, 1], "texture": "#2"}
			}
		},
		{
			"name": "hexadecagon",
			"from": [7.7812, 4.9, 8.9],
			"to": [8.2188, 5.3, 11.1],
			"rotation": {"angle": 22.5, "axis": "y", "origin": [8, 5.4, 10]},
			"faces": {
				"north": {"uv": [0, 0, 1, 1], "texture": "#2"},
				"east": {"uv": [0, 0, 1, 1], "texture": "#2"},
				"south": {"uv": [0, 0, 1, 1], "texture": "#2"},
				"west": {"uv": [0, 0, 1, 1], "texture": "#2"},
				"up": {"uv": [0, 0, 1, 1], "texture": "#2"},
				"down": {"uv": [0, 0, 1, 1], "texture": "#2"}
			}
		},
		{
			"name": "hexadecagon",
			"from": [7.7812, 4.9, 8.9],
			"to": [8.2188, 5.3, 11.1],
			"rotation": {"angle": 45, "axis": "y", "origin": [8, 5.4, 10]},
			"faces": {
				"north": {"uv": [0, 0, 1, 1], "texture": "#2"},
				"east": {"uv": [0, 0, 1, 1], "texture": "#2"},
				"south": {"uv": [0, 0, 1, 1], "texture": "#2"},
				"west": {"uv": [0, 0, 1, 1], "texture": "#2"},
				"up": {"uv": [0, 0, 1, 1], "texture": "#2"},
				"down": {"uv": [0, 0, 1, 1], "texture": "#2"}
			}
		},
		{
			"name": "hexadecagon",
			"from": [6.9, 4.9, 9.7812],
			"to": [9.1, 5.3, 10.2188],
			"rotation": {"angle": -22.5, "axis": "y", "origin": [8, 5.4, 10]},
			"faces": {
				"north": {"uv": [0, 0, 1, 1], "texture": "#2"},
				"east": {"uv": [0, 0, 1, 1], "texture": "#2"},
				"south": {"uv": [0, 0, 1, 1], "texture": "#2"},
				"west": {"uv": [0, 0, 1, 1], "texture": "#2"},
				"up": {"uv": [0, 0, 1, 1], "texture": "#2"},
				"down": {"uv": [0, 0, 1, 1], "texture": "#2"}
			}
		},
		{
			"name": "hexadecagon",
			"from": [6.9, 4.9, 9.7812],
			"to": [9.1, 5.3, 10.2188],
			"rotation": {"angle": 0, "axis": "y", "origin": [8, 5.4, 10]},
			"faces": {
				"north": {"uv": [0, 0, 1, 1], "texture": "#2"},
				"east": {"uv": [0, 0, 1, 1], "texture": "#2"},
				"south": {"uv": [0, 0, 1, 1], "texture": "#2"},
				"west": {"uv": [0, 0, 1, 1], "texture": "#2"},
				"up": {"uv": [0, 0, 1, 1], "texture": "#2"},
				"down": {"uv": [0, 0, 1, 1], "texture": "#2"}
			}
		},
		{
			"name": "hexadecagon",
			"from": [6.9, 4.9, 9.7812],
			"to": [9.1, 5.3, 10.2188],
			"rotation": {"angle": 22.5, "axis": "y", "origin": [8, 5.4, 10]},
			"faces": {
				"north": {"uv": [0, 0, 1, 1], "texture": "#2"},
				"east": {"uv": [0, 0, 1, 1], "texture": "#2"},
				"south": {"uv": [0, 0, 1, 1], "texture": "#2"},
				"west": {"uv": [0, 0, 1, 1], "texture": "#2"},
				"up": {"uv": [0, 0, 1, 1], "texture": "#2"},
				"down": {"uv": [0, 0, 1, 1], "texture": "#2"}
			}
		},
		{
			"name": "hexadecagon",
			"from": [7.76131, 5.5, 8.8],
			"to": [8.23869, 6.5, 11.2],
			"rotation": {"angle": -22.5, "axis": "y", "origin": [8, 6, 10]},
			"faces": {
				"north": {"uv": [0, 0, 1, 1], "texture": "#1"},
				"east": {"uv": [0, 0, 1, 1], "texture": "#1"},
				"south": {"uv": [0, 0, 1, 1], "texture": "#1"},
				"west": {"uv": [0, 0, 1, 1], "texture": "#1"},
				"up": {"uv": [0, 0, 1, 1], "texture": "#1"},
				"down": {"uv": [0, 0, 1, 1], "texture": "#1"}
			}
		},
		{
			"name": "hexadecagon",
			"from": [7.76131, 5.5, 8.8],
			"to": [8.23869, 6.5, 11.2],
			"rotation": {"angle": 0, "axis": "y", "origin": [8, 6, 10]},
			"faces": {
				"north": {"uv": [0, 0, 1, 1], "texture": "#1"},
				"east": {"uv": [0, 0, 1, 1], "texture": "#1"},
				"south": {"uv": [0, 0, 1, 1], "texture": "#1"},
				"west": {"uv": [0, 0, 1, 1], "texture": "#1"},
				"up": {"uv": [0, 0, 1, 1], "texture": "#1"},
				"down": {"uv": [0, 0, 1, 1], "texture": "#1"}
			}
		},
		{
			"name": "hexadecagon",
			"from": [7.76131, 5.5, 8.8],
			"to": [8.23869, 6.5, 11.2],
			"rotation": {"angle": 22.5, "axis": "y", "origin": [8, 6, 10]},
			"faces": {
				"north": {"uv": [0, 0, 1, 1], "texture": "#1"},
				"east": {"uv": [0, 0, 1, 1], "texture": "#1"},
				"south": {"uv": [0, 0, 1, 1], "texture": "#1"},
				"west": {"uv": [0, 0, 1, 1], "texture": "#1"},
				"up": {"uv": [0, 0, 1, 1], "texture": "#1"},
				"down": {"uv": [0, 0, 1, 1], "texture": "#1"}
			}
		},
		{
			"name": "hexadecagon",
			"from": [7.76131, 5.5, 8.8],
			"to": [8.23869, 6.5, 11.2],
			"rotation": {"angle": 45, "axis": "y", "origin": [8, 6, 10]},
			"faces": {
				"north": {"uv": [0, 0, 1, 1], "texture": "#1"},
				"east": {"uv": [0, 0, 1, 1], "texture": "#1"},
				"south": {"uv": [0, 0, 1, 1], "texture": "#1"},
				"west": {"uv": [0, 0, 1, 1], "texture": "#1"},
				"up": {"uv": [0, 0, 1, 1], "texture": "#1"},
				"down": {"uv": [0, 0, 1, 1], "texture": "#1"}
			}
		},
		{
			"name": "hexadecagon",
			"from": [6.8, 5.5, 9.76131],
			"to": [9.2, 6.5, 10.23869],
			"rotation": {"angle": -22.5, "axis": "y", "origin": [8, 6, 10]},
			"faces": {
				"north": {"uv": [0, 0, 1, 1], "texture": "#1"},
				"east": {"uv": [0, 0, 1, 1], "texture": "#1"},
				"south": {"uv": [0, 0, 1, 1], "texture": "#1"},
				"west": {"uv": [0, 0, 1, 1], "texture": "#1"},
				"up": {"uv": [0, 0, 1, 1], "texture": "#1"},
				"down": {"uv": [0, 0, 1, 1], "texture": "#1"}
			}
		},
		{
			"name": "hexadecagon",
			"from": [6.8, 5.5, 9.76131],
			"to": [9.2, 6.5, 10.23869],
			"rotation": {"angle": 0, "axis": "y", "origin": [8, 6, 10]},
			"faces": {
				"north": {"uv": [0, 0, 1, 1], "texture": "#1"},
				"east": {"uv": [0, 0, 1, 1], "texture": "#1"},
				"south": {"uv": [0, 0, 1, 1], "texture": "#1"},
				"west": {"uv": [0, 0, 1, 1], "texture": "#1"},
				"up": {"uv": [0, 0, 1, 1], "texture": "#1"},
				"down": {"uv": [0, 0, 1, 1], "texture": "#1"}
			}
		},
		{
			"name": "hexadecagon",
			"from": [6.8, 5.5, 9.76131],
			"to": [9.2, 6.5, 10.23869],
			"rotation": {"angle": 22.5, "axis": "y", "origin": [8, 6, 10]},
			"faces": {
				"north": {"uv": [0, 0, 1, 1], "texture": "#1"},
				"east": {"uv": [0, 0, 1, 1], "texture": "#1"},
				"south": {"uv": [0, 0, 1, 1], "texture": "#1"},
				"west": {"uv": [0, 0, 1, 1], "texture": "#1"},
				"up": {"uv": [0, 0, 1, 1], "texture": "#1"},
				"down": {"uv": [0, 0, 1, 1], "texture": "#1"}
			}
		},
		{
			"name": "hexadecagon",
			"from": [7.76131, 5.5, 8.8],
			"to": [8.23869, 6.5, 11.2],
			"rotation": {"angle": 0, "axis": "y", "origin": [8, 6, 10]},
			"faces": {
				"north": {"uv": [0, 0, 1, 1], "texture": "#1"},
				"east": {"uv": [0, 0, 1, 1], "texture": "#1"},
				"south": {"uv": [0, 0, 1, 1], "texture": "#1"},
				"west": {"uv": [0, 0, 1, 1], "texture": "#1"},
				"up": {"uv": [0, 0, 1, 1], "texture": "#1"},
				"down": {"uv": [0, 0, 1, 1], "texture": "#1"}
			}
		},
		{
			"name": "hexadecagon",
			"from": [7.76131, 5.5, 8.8],
			"to": [8.23869, 6.5, 11.2],
			"rotation": {"angle": 22.5, "axis": "y", "origin": [8, 6, 10]},
			"faces": {
				"north": {"uv": [0, 0, 1, 1], "texture": "#1"},
				"east": {"uv": [0, 0, 1, 1], "texture": "#1"},
				"south": {"uv": [0, 0, 1, 1], "texture": "#1"},
				"west": {"uv": [0, 0, 1, 1], "texture": "#1"},
				"up": {"uv": [0, 0, 1, 1], "texture": "#1"},
				"down": {"uv": [0, 0, 1, 1], "texture": "#1"}
			}
		},
		{
			"name": "hexadecagon",
			"from": [7.76131, 5.5, 8.8],
			"to": [8.23869, 6.5, 11.2],
			"rotation": {"angle": 45, "axis": "y", "origin": [8, 6, 10]},
			"faces": {
				"north": {"uv": [0, 0, 1, 1], "texture": "#1"},
				"east": {"uv": [0, 0, 1, 1], "texture": "#1"},
				"south": {"uv": [0, 0, 1, 1], "texture": "#1"},
				"west": {"uv": [0, 0, 1, 1], "texture": "#1"},
				"up": {"uv": [0, 0, 1, 1], "texture": "#1"},
				"down": {"uv": [0, 0, 1, 1], "texture": "#1"}
			}
		},
		{
			"name": "hexadecagon",
			"from": [6.8, 5.5, 9.76131],
			"to": [9.2, 6.5, 10.23869],
			"rotation": {"angle": -22.5, "axis": "y", "origin": [8, 6, 10]},
			"faces": {
				"north": {"uv": [0, 0, 1, 1], "texture": "#1"},
				"east": {"uv": [0, 0, 1, 1], "texture": "#1"},
				"south": {"uv": [0, 0, 1, 1], "texture": "#1"},
				"west": {"uv": [0, 0, 1, 1], "texture": "#1"},
				"up": {"uv": [0, 0, 1, 1], "rotation": 270, "texture": "#1"},
				"down": {"uv": [0, 0, 1, 1], "rotation": 90, "texture": "#1"}
			}
		},
		{
			"name": "hexadecagon",
			"from": [6.8, 5.5, 9.76131],
			"to": [9.2, 6.5, 10.23869],
			"rotation": {"angle": 0, "axis": "y", "origin": [8, 6, 10]},
			"faces": {
				"north": {"uv": [0, 0, 1, 1], "texture": "#1"},
				"east": {"uv": [0, 0, 1, 1], "texture": "#1"},
				"south": {"uv": [0, 0, 1, 1], "texture": "#1"},
				"west": {"uv": [0, 0, 1, 1], "texture": "#1"},
				"up": {"uv": [0, 0, 1, 1], "texture": "#1"},
				"down": {"uv": [0, 0, 1, 1], "texture": "#1"}
			}
		},
		{
			"name": "hexadecagon",
			"from": [6.8, 5.5, 9.76131],
			"to": [9.2, 6.5, 10.23869],
			"rotation": {"angle": 22.5, "axis": "y", "origin": [8, 6, 10]},
			"faces": {
				"north": {"uv": [0, 0, 1, 1], "texture": "#1"},
				"east": {"uv": [0, 0, 1, 1], "texture": "#1"},
				"south": {"uv": [0, 0, 1, 1], "texture": "#1"},
				"west": {"uv": [0, 0, 1, 1], "texture": "#1"},
				"up": {"uv": [0, 0, 1, 1], "texture": "#1"},
				"down": {"uv": [0, 0, 1, 1], "texture": "#1"}
			}
		},
		{
			"name": "hexadecagon",
			"from": [6.8, 5.5, 9.76131],
			"to": [9.2, 6.5, 10.23869],
			"rotation": {"angle": 45, "axis": "y", "origin": [8, 6, 10]},
			"faces": {
				"north": {"uv": [0, 0, 1, 1], "texture": "#1"},
				"east": {"uv": [0, 0, 1, 1], "texture": "#1"},
				"south": {"uv": [0, 0, 1, 1], "texture": "#1"},
				"west": {"uv": [0, 0, 1, 1], "texture": "#1"},
				"up": {"uv": [0, 0, 1, 1], "texture": "#1"},
				"down": {"uv": [0, 0, 1, 1], "texture": "#1"}
			}
		},
		{
			"name": "hexadecagon",
			"from": [7.76131, 7.5, 8.8],
			"to": [8.23869, 8.5, 11.2],
			"rotation": {"angle": -45, "axis": "y", "origin": [8, 8, 10]},
			"faces": {
				"north": {"uv": [0, 0, 1, 1], "texture": "#1"},
				"east": {"uv": [0, 0, 1, 1], "texture": "#1"},
				"south": {"uv": [0, 0, 1, 1], "texture": "#1"},
				"west": {"uv": [0, 0, 1, 1], "texture": "#1"},
				"up": {"uv": [0, 0, 1, 1], "texture": "#1"},
				"down": {"uv": [0, 0, 1, 1], "texture": "#1"}
			}
		},
		{
			"name": "hexadecagon",
			"from": [7.76131, 7.5, 8.8],
			"to": [8.23869, 8.5, 11.2],
			"rotation": {"angle": -22.5, "axis": "y", "origin": [8, 8, 10]},
			"faces": {
				"north": {"uv": [0, 0, 1, 1], "texture": "#2"},
				"east": {"uv": [0, 0, 1, 1], "texture": "#2"},
				"south": {"uv": [0, 0, 1, 1], "texture": "#2"},
				"west": {"uv": [0, 0, 1, 1], "texture": "#2"},
				"up": {"uv": [0, 0, 1, 1], "texture": "#2"},
				"down": {"uv": [0, 0, 1, 1], "texture": "#2"}
			}
		},
		{
			"name": "hexadecagon",
			"from": [7.76131, 7.5, 8.8],
			"to": [8.23869, 8.5, 11.2],
			"rotation": {"angle": 0, "axis": "y", "origin": [8, 8, 10]},
			"faces": {
				"north": {"uv": [0, 0, 1, 1], "texture": "#2"},
				"east": {"uv": [0, 0, 1, 1], "texture": "#2"},
				"south": {"uv": [0, 0, 1, 1], "texture": "#2"},
				"west": {"uv": [0, 0, 1, 1], "texture": "#2"},
				"up": {"uv": [0, 0, 1, 1], "texture": "#2"},
				"down": {"uv": [0, 0, 1, 1], "texture": "#2"}
			}
		},
		{
			"name": "hexadecagon",
			"from": [7.76131, 7.5, 8.8],
			"to": [8.23869, 8.5, 11.2],
			"rotation": {"angle": 22.5, "axis": "y", "origin": [8, 8, 10]},
			"faces": {
				"north": {"uv": [0, 0, 1, 1], "texture": "#2"},
				"east": {"uv": [0, 0, 1, 1], "texture": "#2"},
				"south": {"uv": [0, 0, 1, 1], "texture": "#2"},
				"west": {"uv": [0, 0, 1, 1], "texture": "#2"},
				"up": {"uv": [0, 0, 1, 1], "texture": "#2"},
				"down": {"uv": [0, 0, 1, 1], "texture": "#2"}
			}
		},
		{
			"name": "hexadecagon",
			"from": [7.76131, 7.5, 8.8],
			"to": [8.23869, 8.5, 11.2],
			"rotation": {"angle": 45, "axis": "y", "origin": [8, 8, 10]},
			"faces": {
				"north": {"uv": [0, 0, 1, 1], "texture": "#1"},
				"east": {"uv": [0, 0, 1, 1], "texture": "#1"},
				"south": {"uv": [0, 0, 1, 1], "texture": "#1"},
				"west": {"uv": [0, 0, 1, 1], "texture": "#1"},
				"up": {"uv": [0, 0, 1, 1], "texture": "#1"},
				"down": {"uv": [0, 0, 1, 1], "texture": "#1"}
			}
		},
		{
			"name": "hexadecagon",
			"from": [6.8, 7.5, 9.76131],
			"to": [9.2, 8.5, 10.23869],
			"rotation": {"angle": -22.5, "axis": "y", "origin": [8, 8, 10]},
			"faces": {
				"north": {"uv": [0, 0, 1, 1], "texture": "#2"},
				"east": {"uv": [0, 0, 1, 1], "texture": "#2"},
				"south": {"uv": [0, 0, 1, 1], "texture": "#2"},
				"west": {"uv": [0, 0, 1, 1], "texture": "#2"},
				"up": {"uv": [0, 0, 1, 1], "texture": "#2"},
				"down": {"uv": [0, 0, 1, 1], "texture": "#2"}
			}
		},
		{
			"name": "hexadecagon",
			"from": [6.8, 7.5, 9.76131],
			"to": [9.2, 8.5, 10.23869],
			"rotation": {"angle": 0, "axis": "y", "origin": [8, 8, 10]},
			"faces": {
				"north": {"uv": [0, 0, 1, 1], "texture": "#2"},
				"east": {"uv": [0, 0, 1, 1], "texture": "#2"},
				"south": {"uv": [0, 0, 1, 1], "texture": "#2"},
				"west": {"uv": [0, 0, 1, 1], "texture": "#2"},
				"up": {"uv": [0, 0, 1, 1], "texture": "#2"},
				"down": {"uv": [0, 0, 1, 1], "texture": "#2"}
			}
		},
		{
			"name": "hexadecagon",
			"from": [6.8, 7.5, 9.76131],
			"to": [9.2, 8.5, 10.23869],
			"rotation": {"angle": 22.5, "axis": "y", "origin": [8, 8, 10]},
			"faces": {
				"north": {"uv": [0, 0, 1, 1], "texture": "#2"},
				"east": {"uv": [0, 0, 1, 1], "texture": "#2"},
				"south": {"uv": [0, 0, 1, 1], "texture": "#2"},
				"west": {"uv": [0, 0, 1, 1], "texture": "#2"},
				"up": {"uv": [0, 0, 1, 1], "texture": "#2"},
				"down": {"uv": [0, 0, 1, 1], "texture": "#2"}
			}
		},
		{
			"name": "hexadecagon",
			"from": [7.7812, 4.3, 8.7],
			"to": [8.2188, 7.55, 11.3],
			"rotation": {"angle": -45, "axis": "y", "origin": [8, 7.8, 10]},
			"faces": {
				"north": {"uv": [0, 0, 1, 1], "texture": "#2"},
				"east": {"uv": [0, 0, 1, 1], "texture": "#2"},
				"south": {"uv": [0, 0, 1, 1], "texture": "#2"},
				"west": {"uv": [0, 0, 1, 1], "texture": "#2"},
				"up": {"uv": [0, 0, 1, 1], "texture": "#2"},
				"down": {"uv": [0, 0, 1, 1], "texture": "#2"}
			}
		},
		{
			"name": "hexadecagon",
			"from": [7.7812, 7.3, 8.9],
			"to": [8.2188, 7.55, 11.1],
			"rotation": {"angle": -22.5, "axis": "y", "origin": [8, 7.8, 10]},
			"faces": {
				"north": {"uv": [0, 0, 1, 1], "texture": "#2"},
				"east": {"uv": [0, 0, 1, 1], "texture": "#2"},
				"south": {"uv": [0, 0, 1, 1], "texture": "#2"},
				"west": {"uv": [0, 0, 1, 1], "texture": "#2"},
				"up": {"uv": [0, 0, 1, 1], "texture": "#2"},
				"down": {"uv": [0, 0, 1, 1], "texture": "#2"}
			}
		},
		{
			"name": "hexadecagon",
			"from": [7.7812, 6.3, 8.7],
			"to": [8.2188, 8.55, 11.3],
			"rotation": {"angle": 0, "axis": "y", "origin": [8, 7.8, 10]},
			"faces": {
				"north": {"uv": [0, 0, 1, 1], "texture": "#4"},
				"east": {"uv": [0, 0, 1, 1], "texture": "#4"},
				"south": {"uv": [0, 0, 1, 1], "texture": "#4"},
				"west": {"uv": [0, 0, 1, 1], "texture": "#4"},
				"up": {"uv": [0, 0, 1, 1], "texture": "#4"},
				"down": {"uv": [0, 0, 1, 1], "texture": "#4"}
			}
		},
		{
			"name": "hexadecagon",
			"from": [7.7812, 7.3, 8.9],
			"to": [8.2188, 7.55, 11.1],
			"rotation": {"angle": 22.5, "axis": "y", "origin": [8, 7.8, 10]},
			"faces": {
				"north": {"uv": [0, 0, 1, 1], "texture": "#2"},
				"east": {"uv": [0, 0, 1, 1], "texture": "#2"},
				"south": {"uv": [0, 0, 1, 1], "texture": "#2"},
				"west": {"uv": [0, 0, 1, 1], "texture": "#2"},
				"up": {"uv": [0, 0, 1, 1], "texture": "#2"},
				"down": {"uv": [0, 0, 1, 1], "texture": "#2"}
			}
		},
		{
			"name": "hexadecagon",
			"from": [7.7812, 4.3, 8.7],
			"to": [8.2188, 7.55, 11.3],
			"rotation": {"angle": 45, "axis": "y", "origin": [8, 7.8, 10]},
			"faces": {
				"north": {"uv": [0, 0, 1, 1], "texture": "#2"},
				"east": {"uv": [0, 0, 1, 1], "texture": "#2"},
				"south": {"uv": [0, 0, 1, 1], "texture": "#2"},
				"west": {"uv": [0, 0, 1, 1], "texture": "#2"},
				"up": {"uv": [0, 0, 1, 1], "texture": "#2"},
				"down": {"uv": [0, 0, 1, 1], "texture": "#2"}
			}
		},
		{
			"name": "hexadecagon",
			"from": [6.9, 7.3, 9.7812],
			"to": [9.1, 7.55, 10.2188],
			"rotation": {"angle": -22.5, "axis": "y", "origin": [8, 7.8, 10]},
			"faces": {
				"north": {"uv": [0, 0, 1, 1], "texture": "#2"},
				"east": {"uv": [0, 0, 1, 1], "texture": "#2"},
				"south": {"uv": [0, 0, 1, 1], "texture": "#2"},
				"west": {"uv": [0, 0, 1, 1], "texture": "#2"},
				"up": {"uv": [0, 0, 1, 1], "texture": "#2"},
				"down": {"uv": [0, 0, 1, 1], "texture": "#2"}
			}
		},
		{
			"name": "hexadecagon",
			"from": [6.7, 6.3, 9.7812],
			"to": [9.3, 8.55, 10.2188],
			"rotation": {"angle": 0, "axis": "y", "origin": [8, 7.8, 10]},
			"faces": {
				"north": {"uv": [0, 0, 1, 1], "texture": "#4"},
				"east": {"uv": [0, 0, 1, 1], "texture": "#4"},
				"south": {"uv": [0, 0, 1, 1], "texture": "#4"},
				"west": {"uv": [0, 0, 1, 1], "texture": "#4"},
				"up": {"uv": [0, 0, 1, 1], "texture": "#4"},
				"down": {"uv": [0, 0, 1, 1], "texture": "#4"}
			}
		},
		{
			"name": "hexadecagon",
			"from": [6.9, 7.3, 9.7812],
			"to": [9.1, 7.55, 10.2188],
			"rotation": {"angle": 22.5, "axis": "y", "origin": [8, 7.8, 10]},
			"faces": {
				"north": {"uv": [0, 0, 1, 1], "texture": "#2"},
				"east": {"uv": [0, 0, 1, 1], "texture": "#2"},
				"south": {"uv": [0, 0, 1, 1], "texture": "#2"},
				"west": {"uv": [0, 0, 1, 1], "texture": "#2"},
				"up": {"uv": [0, 0, 1, 1], "texture": "#2"},
				"down": {"uv": [0, 0, 1, 1], "texture": "#2"}
			}
		},
		{
			"name": "hexadecagon",
			"from": [7.7812, 8.5, 8.9],
			"to": [8.2188, 8.7, 11.1],
			"rotation": {"angle": -45, "axis": "y", "origin": [8, 9, 10]},
			"faces": {
				"north": {"uv": [0, 0, 1, 1], "texture": "#2"},
				"east": {"uv": [0, 0, 1, 1], "texture": "#2"},
				"south": {"uv": [0, 0, 1, 1], "texture": "#2"},
				"west": {"uv": [0, 0, 1, 1], "texture": "#2"},
				"up": {"uv": [0, 0, 1, 1], "texture": "#2"},
				"down": {"uv": [0, 0, 1, 1], "texture": "#2"}
			}
		},
		{
			"name": "hexadecagon",
			"from": [7.7812, 8.5, 8.9],
			"to": [8.2188, 8.7, 11.1],
			"rotation": {"angle": -22.5, "axis": "y", "origin": [8, 9, 10]},
			"faces": {
				"north": {"uv": [0, 0, 1, 1], "texture": "#2"},
				"east": {"uv": [0, 0, 1, 1], "texture": "#2"},
				"south": {"uv": [0, 0, 1, 1], "texture": "#2"},
				"west": {"uv": [0, 0, 1, 1], "texture": "#2"},
				"up": {"uv": [0, 0, 1, 1], "texture": "#2"},
				"down": {"uv": [0, 0, 1, 1], "texture": "#2"}
			}
		},
		{
			"name": "hexadecagon",
			"from": [7.7812, 8.5, 8.9],
			"to": [8.2188, 8.7, 11.1],
			"rotation": {"angle": 0, "axis": "y", "origin": [8, 9, 10]},
			"faces": {
				"north": {"uv": [0, 0, 1, 1], "texture": "#2"},
				"east": {"uv": [0, 0, 1, 1], "texture": "#2"},
				"south": {"uv": [0, 0, 1, 1], "texture": "#2"},
				"west": {"uv": [0, 0, 1, 1], "texture": "#2"},
				"up": {"uv": [0, 0, 1, 1], "texture": "#2"},
				"down": {"uv": [0, 0, 1, 1], "texture": "#2"}
			}
		},
		{
			"name": "hexadecagon",
			"from": [7.7812, 8.5, 8.9],
			"to": [8.2188, 8.7, 11.1],
			"rotation": {"angle": 22.5, "axis": "y", "origin": [8, 9, 10]},
			"faces": {
				"north": {"uv": [0, 0, 1, 1], "texture": "#2"},
				"east": {"uv": [0, 0, 1, 1], "texture": "#2"},
				"south": {"uv": [0, 0, 1, 1], "texture": "#2"},
				"west": {"uv": [0, 0, 1, 1], "texture": "#2"},
				"up": {"uv": [0, 0, 1, 1], "texture": "#2"},
				"down": {"uv": [0, 0, 1, 1], "texture": "#2"}
			}
		},
		{
			"name": "hexadecagon",
			"from": [7.7812, 8.5, 8.9],
			"to": [8.2188, 8.7, 11.1],
			"rotation": {"angle": 45, "axis": "y", "origin": [8, 9, 10]},
			"faces": {
				"north": {"uv": [0, 0, 1, 1], "texture": "#2"},
				"east": {"uv": [0, 0, 1, 1], "texture": "#2"},
				"south": {"uv": [0, 0, 1, 1], "texture": "#2"},
				"west": {"uv": [0, 0, 1, 1], "texture": "#2"},
				"up": {"uv": [0, 0, 1, 1], "texture": "#2"},
				"down": {"uv": [0, 0, 1, 1], "texture": "#2"}
			}
		},
		{
			"name": "hexadecagon",
			"from": [6.9, 8.5, 9.7812],
			"to": [9.1, 8.7, 10.2188],
			"rotation": {"angle": -22.5, "axis": "y", "origin": [8, 9, 10]},
			"faces": {
				"north": {"uv": [0, 0, 1, 1], "texture": "#2"},
				"east": {"uv": [0, 0, 1, 1], "texture": "#2"},
				"south": {"uv": [0, 0, 1, 1], "texture": "#2"},
				"west": {"uv": [0, 0, 1, 1], "texture": "#2"},
				"up": {"uv": [0, 0, 1, 1], "texture": "#2"},
				"down": {"uv": [0, 0, 1, 1], "texture": "#2"}
			}
		},
		{
			"name": "hexadecagon",
			"from": [6.9, 8.5, 9.7812],
			"to": [9.1, 8.7, 10.2188],
			"rotation": {"angle": 0, "axis": "y", "origin": [8, 9, 10]},
			"faces": {
				"north": {"uv": [0, 0, 1, 1], "texture": "#2"},
				"east": {"uv": [0, 0, 1, 1], "texture": "#2"},
				"south": {"uv": [0, 0, 1, 1], "texture": "#2"},
				"west": {"uv": [0, 0, 1, 1], "texture": "#2"},
				"up": {"uv": [0, 0, 1, 1], "texture": "#2"},
				"down": {"uv": [0, 0, 1, 1], "texture": "#2"}
			}
		},
		{
			"name": "hexadecagon",
			"from": [6.9, 8.5, 9.7812],
			"to": [9.1, 8.7, 10.2188],
			"rotation": {"angle": 22.5, "axis": "y", "origin": [8, 9, 10]},
			"faces": {
				"north": {"uv": [0, 0, 1, 1], "texture": "#2"},
				"east": {"uv": [0, 0, 1, 1], "texture": "#2"},
				"south": {"uv": [0, 0, 1, 1], "texture": "#2"},
				"west": {"uv": [0, 0, 1, 1], "texture": "#2"},
				"up": {"uv": [0, 0, 1, 1], "texture": "#2"},
				"down": {"uv": [0, 0, 1, 1], "texture": "#2"}
			}
		},
		{
			"name": "hexadecagon",
			"from": [7.7812, 8.8, 8.9],
			"to": [8.2188, 9, 11.1],
			"rotation": {"angle": -45, "axis": "y", "origin": [8, 9.3, 10]},
			"faces": {
				"north": {"uv": [0, 0, 1, 1], "texture": "#2"},
				"east": {"uv": [0, 0, 1, 1], "texture": "#2"},
				"south": {"uv": [0, 0, 1, 1], "texture": "#2"},
				"west": {"uv": [0, 0, 1, 1], "texture": "#2"},
				"up": {"uv": [0, 0, 1, 1], "texture": "#2"},
				"down": {"uv": [0, 0, 1, 1], "texture": "#2"}
			}
		},
		{
			"name": "hexadecagon",
			"from": [7.7812, 8.8, 8.9],
			"to": [8.2188, 9, 11.1],
			"rotation": {"angle": -22.5, "axis": "y", "origin": [8, 9.3, 10]},
			"faces": {
				"north": {"uv": [0, 0, 1, 1], "texture": "#2"},
				"east": {"uv": [0, 0, 1, 1], "texture": "#2"},
				"south": {"uv": [0, 0, 1, 1], "texture": "#2"},
				"west": {"uv": [0, 0, 1, 1], "texture": "#2"},
				"up": {"uv": [0, 0, 1, 1], "texture": "#2"},
				"down": {"uv": [0, 0, 1, 1], "texture": "#2"}
			}
		},
		{
			"name": "hexadecagon",
			"from": [7.7812, 8.8, 8.9],
			"to": [8.2188, 9, 11.1],
			"rotation": {"angle": 0, "axis": "y", "origin": [8, 9.3, 10]},
			"faces": {
				"north": {"uv": [0, 0, 1, 1], "texture": "#2"},
				"east": {"uv": [0, 0, 1, 1], "texture": "#2"},
				"south": {"uv": [0, 0, 1, 1], "texture": "#2"},
				"west": {"uv": [0, 0, 1, 1], "texture": "#2"},
				"up": {"uv": [0, 0, 1, 1], "texture": "#2"},
				"down": {"uv": [0, 0, 1, 1], "texture": "#2"}
			}
		},
		{
			"name": "hexadecagon",
			"from": [7.7812, 8.8, 8.9],
			"to": [8.2188, 9, 11.1],
			"rotation": {"angle": 22.5, "axis": "y", "origin": [8, 9.3, 10]},
			"faces": {
				"north": {"uv": [0, 0, 1, 1], "texture": "#2"},
				"east": {"uv": [0, 0, 1, 1], "texture": "#2"},
				"south": {"uv": [0, 0, 1, 1], "texture": "#2"},
				"west": {"uv": [0, 0, 1, 1], "texture": "#2"},
				"up": {"uv": [0, 0, 1, 1], "texture": "#2"},
				"down": {"uv": [0, 0, 1, 1], "texture": "#2"}
			}
		},
		{
			"name": "hexadecagon",
			"from": [7.7812, 8.8, 8.9],
			"to": [8.2188, 9, 11.1],
			"rotation": {"angle": 45, "axis": "y", "origin": [8, 9.3, 10]},
			"faces": {
				"north": {"uv": [0, 0, 1, 1], "texture": "#0"},
				"east": {"uv": [0, 0, 1, 1], "texture": "#0"},
				"south": {"uv": [0, 0, 1, 1], "texture": "#0"},
				"west": {"uv": [0, 0, 1, 1], "texture": "#0"},
				"up": {"uv": [0, 0, 1, 1], "texture": "#0"},
				"down": {"uv": [0, 0, 1, 1], "texture": "#0"}
			}
		},
		{
			"name": "hexadecagon",
			"from": [6.9, 8.8, 9.7812],
			"to": [9.1, 9, 10.2188],
			"rotation": {"angle": -22.5, "axis": "y", "origin": [8, 9.3, 10]},
			"faces": {
				"north": {"uv": [0, 0, 1, 1], "texture": "#2"},
				"east": {"uv": [0, 0, 1, 1], "texture": "#2"},
				"south": {"uv": [0, 0, 1, 1], "texture": "#2"},
				"west": {"uv": [0, 0, 1, 1], "texture": "#2"},
				"up": {"uv": [0, 0, 1, 1], "texture": "#2"},
				"down": {"uv": [0, 0, 1, 1], "texture": "#2"}
			}
		},
		{
			"name": "hexadecagon",
			"from": [6.9, 8.8, 9.7812],
			"to": [9.1, 9, 10.2188],
			"rotation": {"angle": 0, "axis": "y", "origin": [8, 9.3, 10]},
			"faces": {
				"north": {"uv": [0, 0, 1, 1], "texture": "#2"},
				"east": {"uv": [0, 0, 1, 1], "texture": "#2"},
				"south": {"uv": [0, 0, 1, 1], "texture": "#2"},
				"west": {"uv": [0, 0, 1, 1], "texture": "#2"},
				"up": {"uv": [0, 0, 1, 1], "texture": "#2"},
				"down": {"uv": [0, 0, 1, 1], "texture": "#2"}
			}
		},
		{
			"name": "hexadecagon",
			"from": [6.9, 8.8, 9.7812],
			"to": [9.1, 9, 10.2188],
			"rotation": {"angle": 22.5, "axis": "y", "origin": [8, 9.3, 10]},
			"faces": {
				"north": {"uv": [0, 0, 1, 1], "texture": "#2"},
				"east": {"uv": [0, 0, 1, 1], "texture": "#2"},
				"south": {"uv": [0, 0, 1, 1], "texture": "#2"},
				"west": {"uv": [0, 0, 1, 1], "texture": "#2"},
				"up": {"uv": [0, 0, 1, 1], "texture": "#2"},
				"down": {"uv": [0, 0, 1, 1], "texture": "#2"}
			}
		},
		{
			"name": "hexadecagon",
			"from": [7.7812, 9.1, 8.9],
			"to": [8.2188, 9.3, 11.1],
			"rotation": {"angle": -45, "axis": "y", "origin": [8, 9.6, 10]},
			"faces": {
				"north": {"uv": [0, 0, 1, 1], "texture": "#0"},
				"east": {"uv": [0, 0, 1, 1], "texture": "#0"},
				"south": {"uv": [0, 0, 1, 1], "texture": "#0"},
				"west": {"uv": [0, 0, 1, 1], "texture": "#0"},
				"up": {"uv": [0, 0, 1, 1], "texture": "#0"},
				"down": {"uv": [0, 0, 1, 1], "texture": "#0"}
			}
		},
		{
			"name": "hexadecagon",
			"from": [7.7812, 9.1, 8.9],
			"to": [8.2188, 9.3, 11.1],
			"rotation": {"angle": -22.5, "axis": "y", "origin": [8, 9.6, 10]},
			"faces": {
				"north": {"uv": [0, 0, 1, 1], "texture": "#2"},
				"east": {"uv": [0, 0, 1, 1], "texture": "#2"},
				"south": {"uv": [0, 0, 1, 1], "texture": "#2"},
				"west": {"uv": [0, 0, 1, 1], "texture": "#2"},
				"up": {"uv": [0, 0, 1, 1], "texture": "#2"},
				"down": {"uv": [0, 0, 1, 1], "texture": "#2"}
			}
		},
		{
			"name": "hexadecagon",
			"from": [7.7812, 9.1, 8.9],
			"to": [8.2188, 9.3, 11.1],
			"rotation": {"angle": 0, "axis": "y", "origin": [8, 9.6, 10]},
			"faces": {
				"north": {"uv": [0, 0, 1, 1], "texture": "#2"},
				"east": {"uv": [0, 0, 1, 1], "texture": "#2"},
				"south": {"uv": [0, 0, 1, 1], "texture": "#2"},
				"west": {"uv": [0, 0, 1, 1], "texture": "#2"},
				"up": {"uv": [0, 0, 1, 1], "texture": "#2"},
				"down": {"uv": [0, 0, 1, 1], "texture": "#2"}
			}
		},
		{
			"name": "hexadecagon",
			"from": [7.7812, 9.1, 8.9],
			"to": [8.2188, 9.3, 11.1],
			"rotation": {"angle": 22.5, "axis": "y", "origin": [8, 9.6, 10]},
			"faces": {
				"north": {"uv": [0, 0, 1, 1], "texture": "#2"},
				"east": {"uv": [0, 0, 1, 1], "texture": "#2"},
				"south": {"uv": [0, 0, 1, 1], "texture": "#2"},
				"west": {"uv": [0, 0, 1, 1], "texture": "#2"},
				"up": {"uv": [0, 0, 1, 1], "texture": "#2"},
				"down": {"uv": [0, 0, 1, 1], "texture": "#2"}
			}
		},
		{
			"name": "hexadecagon",
			"from": [7.7812, 9.1, 8.9],
			"to": [8.2188, 9.3, 11.1],
			"rotation": {"angle": 45, "axis": "y", "origin": [8, 9.6, 10]},
			"faces": {
				"north": {"uv": [0, 0, 1, 1], "texture": "#2"},
				"east": {"uv": [0, 0, 1, 1], "texture": "#2"},
				"south": {"uv": [0, 0, 1, 1], "texture": "#2"},
				"west": {"uv": [0, 0, 1, 1], "texture": "#2"},
				"up": {"uv": [0, 0, 1, 1], "texture": "#2"},
				"down": {"uv": [0, 0, 1, 1], "texture": "#2"}
			}
		},
		{
			"name": "hexadecagon",
			"from": [6.9, 9.1, 9.7812],
			"to": [9.1, 9.3, 10.2188],
			"rotation": {"angle": -22.5, "axis": "y", "origin": [8, 9.6, 10]},
			"faces": {
				"north": {"uv": [0, 0, 1, 1], "texture": "#2"},
				"east": {"uv": [0, 0, 1, 1], "texture": "#2"},
				"south": {"uv": [0, 0, 1, 1], "texture": "#2"},
				"west": {"uv": [0, 0, 1, 1], "texture": "#2"},
				"up": {"uv": [0, 0, 1, 1], "texture": "#2"},
				"down": {"uv": [0, 0, 1, 1], "texture": "#2"}
			}
		},
		{
			"name": "hexadecagon",
			"from": [6.9, 9.1, 9.7812],
			"to": [9.1, 9.3, 10.2188],
			"rotation": {"angle": 0, "axis": "y", "origin": [8, 9.6, 10]},
			"faces": {
				"north": {"uv": [0, 0, 1, 1], "texture": "#2"},
				"east": {"uv": [0, 0, 1, 1], "texture": "#2"},
				"south": {"uv": [0, 0, 1, 1], "texture": "#2"},
				"west": {"uv": [0, 0, 1, 1], "texture": "#2"},
				"up": {"uv": [0, 0, 1, 1], "texture": "#2"},
				"down": {"uv": [0, 0, 1, 1], "texture": "#2"}
			}
		},
		{
			"name": "hexadecagon",
			"from": [6.9, 9.1, 9.7812],
			"to": [9.1, 9.3, 10.2188],
			"rotation": {"angle": 22.5, "axis": "y", "origin": [8, 9.6, 10]},
			"faces": {
				"north": {"uv": [0, 0, 1, 1], "texture": "#2"},
				"east": {"uv": [0, 0, 1, 1], "texture": "#2"},
				"south": {"uv": [0, 0, 1, 1], "texture": "#2"},
				"west": {"uv": [0, 0, 1, 1], "texture": "#2"},
				"up": {"uv": [0, 0, 1, 1], "texture": "#2"},
				"down": {"uv": [0, 0, 1, 1], "texture": "#2"}
			}
		},
		{
			"name": "hexadecagon",
			"from": [7.7812, 9.4, 8.9],
			"to": [8.2188, 9.6, 11.1],
			"rotation": {"angle": -45, "axis": "y", "origin": [8, 9.9, 10]},
			"faces": {
				"north": {"uv": [0, 0, 1, 1], "texture": "#2"},
				"east": {"uv": [0, 0, 1, 1], "texture": "#2"},
				"south": {"uv": [0, 0, 1, 1], "texture": "#2"},
				"west": {"uv": [0, 0, 1, 1], "texture": "#2"},
				"up": {"uv": [0, 0, 1, 1], "texture": "#2"},
				"down": {"uv": [0, 0, 1, 1], "texture": "#2"}
			}
		},
		{
			"name": "hexadecagon",
			"from": [7.7812, 9.4, 8.9],
			"to": [8.2188, 9.6, 11.1],
			"rotation": {"angle": -22.5, "axis": "y", "origin": [8, 9.9, 10]},
			"faces": {
				"north": {"uv": [0, 0, 1, 1], "texture": "#2"},
				"east": {"uv": [0, 0, 1, 1], "texture": "#2"},
				"south": {"uv": [0, 0, 1, 1], "texture": "#2"},
				"west": {"uv": [0, 0, 1, 1], "texture": "#2"},
				"up": {"uv": [0, 0, 1, 1], "texture": "#2"},
				"down": {"uv": [0, 0, 1, 1], "texture": "#2"}
			}
		},
		{
			"name": "hexadecagon",
			"from": [7.7812, 9.4, 8.9],
			"to": [8.2188, 9.6, 11.1],
			"rotation": {"angle": 0, "axis": "y", "origin": [8, 9.9, 10]},
			"faces": {
				"north": {"uv": [0, 0, 1, 1], "texture": "#2"},
				"east": {"uv": [0, 0, 1, 1], "texture": "#2"},
				"south": {"uv": [0, 0, 1, 1], "texture": "#2"},
				"west": {"uv": [0, 0, 1, 1], "texture": "#2"},
				"up": {"uv": [0, 0, 1, 1], "texture": "#2"},
				"down": {"uv": [0, 0, 1, 1], "texture": "#2"}
			}
		},
		{
			"name": "hexadecagon",
			"from": [7.7812, 9.4, 8.9],
			"to": [8.2188, 9.6, 11.1],
			"rotation": {"angle": 22.5, "axis": "y", "origin": [8, 9.9, 10]},
			"faces": {
				"north": {"uv": [0, 0, 1, 1], "texture": "#2"},
				"east": {"uv": [0, 0, 1, 1], "texture": "#2"},
				"south": {"uv": [0, 0, 1, 1], "texture": "#2"},
				"west": {"uv": [0, 0, 1, 1], "texture": "#2"},
				"up": {"uv": [0, 0, 1, 1], "texture": "#2"},
				"down": {"uv": [0, 0, 1, 1], "texture": "#2"}
			}
		},
		{
			"name": "hexadecagon",
			"from": [7.7812, 9.4, 8.9],
			"to": [8.2188, 9.6, 11.1],
			"rotation": {"angle": 45, "axis": "y", "origin": [8, 9.9, 10]},
			"faces": {
				"north": {"uv": [0, 0, 1, 1], "texture": "#2"},
				"east": {"uv": [0, 0, 1, 1], "texture": "#2"},
				"south": {"uv": [0, 0, 1, 1], "texture": "#2"},
				"west": {"uv": [0, 0, 1, 1], "texture": "#2"},
				"up": {"uv": [0, 0, 1, 1], "texture": "#2"},
				"down": {"uv": [0, 0, 1, 1], "texture": "#2"}
			}
		},
		{
			"name": "hexadecagon",
			"from": [6.9, 9.4, 9.7812],
			"to": [9.1, 9.6, 10.2188],
			"rotation": {"angle": -22.5, "axis": "y", "origin": [8, 9.9, 10]},
			"faces": {
				"north": {"uv": [0, 0, 1, 1], "texture": "#2"},
				"east": {"uv": [0, 0, 1, 1], "texture": "#2"},
				"south": {"uv": [0, 0, 1, 1], "texture": "#2"},
				"west": {"uv": [0, 0, 1, 1], "texture": "#2"},
				"up": {"uv": [0, 0, 1, 1], "texture": "#2"},
				"down": {"uv": [0, 0, 1, 1], "texture": "#2"}
			}
		},
		{
			"name": "hexadecagon",
			"from": [6.9, 9.4, 9.7812],
			"to": [9.1, 9.6, 10.2188],
			"rotation": {"angle": 0, "axis": "y", "origin": [8, 9.9, 10]},
			"faces": {
				"north": {"uv": [0, 0, 1, 1], "texture": "#2"},
				"east": {"uv": [0, 0, 1, 1], "texture": "#2"},
				"south": {"uv": [0, 0, 1, 1], "texture": "#2"},
				"west": {"uv": [0, 0, 1, 1], "texture": "#2"},
				"up": {"uv": [0, 0, 1, 1], "texture": "#2"},
				"down": {"uv": [0, 0, 1, 1], "texture": "#2"}
			}
		},
		{
			"name": "hexadecagon",
			"from": [6.9, 9.4, 9.7812],
			"to": [9.1, 9.6, 10.2188],
			"rotation": {"angle": 22.5, "axis": "y", "origin": [8, 9.9, 10]},
			"faces": {
				"north": {"uv": [0, 0, 1, 1], "texture": "#2"},
				"east": {"uv": [0, 0, 1, 1], "texture": "#2"},
				"south": {"uv": [0, 0, 1, 1], "texture": "#2"},
				"west": {"uv": [0, 0, 1, 1], "texture": "#2"},
				"up": {"uv": [0, 0, 1, 1], "texture": "#2"},
				"down": {"uv": [0, 0, 1, 1], "texture": "#2"}
			}
		},
		{
			"name": "hexadecagon",
			"from": [7.5812, 9.6, 8.7],
			"to": [8.3188, 9.9, 11.3],
			"rotation": {"angle": -45, "axis": "y", "origin": [8, 10.2, 10]},
			"faces": {
				"north": {"uv": [0, 0, 1, 1], "texture": "#4"},
				"east": {"uv": [0, 0, 1, 1], "texture": "#4"},
				"south": {"uv": [0, 0, 1, 1], "texture": "#4"},
				"west": {"uv": [0, 0, 1, 1], "texture": "#4"},
				"up": {"uv": [0, 0, 1, 1], "texture": "#4"},
				"down": {"uv": [0, 0, 1, 1], "texture": "#4"}
			}
		},
		{
			"name": "hexadecagon",
			"from": [7.5812, 9.6, 8.7],
			"to": [8.3188, 9.9, 11.3],
			"rotation": {"angle": -22.5, "axis": "y", "origin": [8, 10.2, 10]},
			"faces": {
				"north": {"uv": [0, 0, 1, 1], "texture": "#5"},
				"east": {"uv": [0, 0, 1, 1], "texture": "#4"},
				"south": {"uv": [0, 0, 1, 1], "texture": "#4"},
				"west": {"uv": [0, 0, 1, 1], "texture": "#4"},
				"up": {"uv": [0, 0, 1, 1], "texture": "#4"},
				"down": {"uv": [0, 0, 1, 1], "texture": "#4"}
			}
		},
		{
			"name": "hexadecagon",
			"from": [7.5812, 9.6, 8.7],
			"to": [8.3188, 9.9, 11.3],
			"rotation": {"angle": 0, "axis": "y", "origin": [8, 10.2, 10]},
			"faces": {
				"north": {"uv": [0, 0, 1, 1], "texture": "#4"},
				"east": {"uv": [0, 0, 1, 1], "texture": "#4"},
				"south": {"uv": [0, 0, 1, 1], "texture": "#5"},
				"west": {"uv": [0, 0, 1, 1], "texture": "#4"},
				"up": {"uv": [0, 0, 1, 1], "texture": "#4"},
				"down": {"uv": [0, 0, 1, 1], "texture": "#4"}
			}
		},
		{
			"name": "hexadecagon",
			"from": [7.5812, 9.6, 8.7],
			"to": [8.3188, 9.9, 11.3],
			"rotation": {"angle": 22.5, "axis": "y", "origin": [8, 10.2, 10]},
			"faces": {
				"north": {"uv": [0, 0, 1, 1], "texture": "#4"},
				"east": {"uv": [0, 0, 1, 1], "texture": "#4"},
				"south": {"uv": [0, 0, 1, 1], "texture": "#4"},
				"west": {"uv": [0, 0, 1, 1], "texture": "#4"},
				"up": {"uv": [0, 0, 1, 1], "texture": "#4"},
				"down": {"uv": [0, 0, 1, 1], "texture": "#4"}
			}
		},
		{
			"name": "hexadecagon",
			"from": [7.5812, 9.6, 8.7],
			"to": [8.3188, 9.9, 11.3],
			"rotation": {"angle": 45, "axis": "y", "origin": [8, 10.2, 10]},
			"faces": {
				"north": {"uv": [0, 0, 1, 1], "texture": "#5"},
				"east": {"uv": [0, 0, 1, 1], "texture": "#4"},
				"south": {"uv": [0, 0, 1, 1], "texture": "#5"},
				"west": {"uv": [0, 0, 1, 1], "texture": "#4"},
				"up": {"uv": [0, 0, 1, 1], "texture": "#4"},
				"down": {"uv": [0, 0, 1, 1], "texture": "#4"}
			}
		},
		{
			"name": "hexadecagon",
			"from": [6.7, 9.6, 9.5812],
			"to": [9.2, 9.9, 10.4188],
			"rotation": {"angle": -22.5, "axis": "y", "origin": [8, 10.2, 10]},
			"faces": {
				"north": {"uv": [0, 0, 1, 1], "texture": "#4"},
				"east": {"uv": [0, 0, 1, 1], "texture": "#4"},
				"south": {"uv": [0, 0, 1, 1], "texture": "#4"},
				"west": {"uv": [0, 0, 1, 1], "texture": "#4"},
				"up": {"uv": [0, 0, 1, 1], "texture": "#4"},
				"down": {"uv": [0, 0, 1, 1], "texture": "#4"}
			}
		},
		{
			"name": "hexadecagon",
			"from": [6.7, 9.6, 9.5812],
			"to": [9.2, 9.9, 10.4188],
			"rotation": {"angle": 0, "axis": "y", "origin": [8, 10.2, 10]},
			"faces": {
				"north": {"uv": [0, 0, 1, 1], "texture": "#4"},
				"east": {"uv": [0, 0, 1, 1], "texture": "#4"},
				"south": {"uv": [0, 0, 1, 1], "texture": "#4"},
				"west": {"uv": [0, 0, 1, 1], "texture": "#5"},
				"up": {"uv": [0, 0, 1, 1], "texture": "#4"},
				"down": {"uv": [0, 0, 1, 1], "texture": "#4"}
			}
		},
		{
			"name": "hexadecagon",
			"from": [6.7, 9.6, 9.5812],
			"to": [9.2, 9.9, 10.4188],
			"rotation": {"angle": 22.5, "axis": "y", "origin": [8, 10.2, 10]},
			"faces": {
				"north": {"uv": [0, 0, 1, 1], "texture": "#4"},
				"east": {"uv": [0, 0, 1, 1], "texture": "#5"},
				"south": {"uv": [0, 0, 1, 1], "texture": "#4"},
				"west": {"uv": [0, 0, 1, 1], "texture": "#4"},
				"up": {"uv": [0, 0, 1, 1], "texture": "#4"},
				"down": {"uv": [0, 0, 1, 1], "texture": "#4"}
			}
		},
		{
			"name": "hexadecagon",
			"from": [7.7812, 10, 8.9],
			"to": [8.2188, 10.2, 11.1],
			"rotation": {"angle": -45, "axis": "y", "origin": [8, 10.5, 10]},
			"faces": {
				"north": {"uv": [0, 0, 1, 1], "texture": "#1"},
				"east": {"uv": [0, 0, 1, 1], "texture": "#1"},
				"south": {"uv": [0, 0, 1, 1], "texture": "#1"},
				"west": {"uv": [0, 0, 1, 1], "texture": "#1"},
				"up": {"uv": [0, 0, 1, 1], "texture": "#1"},
				"down": {"uv": [0, 0, 1, 1], "texture": "#1"}
			}
		},
		{
			"name": "hexadecagon",
			"from": [7.7812, 10, 8.9],
			"to": [8.2188, 10.2, 11.1],
			"rotation": {"angle": -22.5, "axis": "y", "origin": [8, 10.5, 10]},
			"faces": {
				"north": {"uv": [0, 0, 1, 1], "texture": "#1"},
				"east": {"uv": [0, 0, 1, 1], "texture": "#1"},
				"south": {"uv": [0, 0, 1, 1], "texture": "#1"},
				"west": {"uv": [0, 0, 1, 1], "texture": "#1"},
				"up": {"uv": [0, 0, 1, 1], "texture": "#1"},
				"down": {"uv": [0, 0, 1, 1], "texture": "#1"}
			}
		},
		{
			"name": "hexadecagon",
			"from": [7.7812, 10, 8.9],
			"to": [8.2188, 10.2, 11.1],
			"rotation": {"angle": 0, "axis": "y", "origin": [8, 10.5, 10]},
			"faces": {
				"north": {"uv": [0, 0, 1, 1], "texture": "#1"},
				"east": {"uv": [0, 0, 1, 1], "texture": "#1"},
				"south": {"uv": [0, 0, 1, 1], "texture": "#1"},
				"west": {"uv": [0, 0, 1, 1], "texture": "#1"},
				"up": {"uv": [0, 0, 1, 1], "texture": "#1"},
				"down": {"uv": [0, 0, 1, 1], "texture": "#1"}
			}
		},
		{
			"name": "hexadecagon",
			"from": [7.7812, 10, 8.9],
			"to": [8.2188, 10.2, 11.1],
			"rotation": {"angle": 22.5, "axis": "y", "origin": [8, 10.5, 10]},
			"faces": {
				"north": {"uv": [0, 0, 1, 1], "texture": "#1"},
				"east": {"uv": [0, 0, 1, 1], "texture": "#1"},
				"south": {"uv": [0, 0, 1, 1], "texture": "#1"},
				"west": {"uv": [0, 0, 1, 1], "texture": "#1"},
				"up": {"uv": [0, 0, 1, 1], "texture": "#1"},
				"down": {"uv": [0, 0, 1, 1], "texture": "#1"}
			}
		},
		{
			"name": "hexadecagon",
			"from": [7.7812, 10, 8.9],
			"to": [8.2188, 10.2, 11.1],
			"rotation": {"angle": 45, "axis": "y", "origin": [8, 10.5, 10]},
			"faces": {
				"north": {"uv": [0, 0, 1, 1], "texture": "#1"},
				"east": {"uv": [0, 0, 1, 1], "texture": "#1"},
				"south": {"uv": [0, 0, 1, 1], "texture": "#1"},
				"west": {"uv": [0, 0, 1, 1], "texture": "#1"},
				"up": {"uv": [0, 0, 1, 1], "texture": "#1"},
				"down": {"uv": [0, 0, 1, 1], "texture": "#1"}
			}
		},
		{
			"name": "hexadecagon",
			"from": [6.9, 10, 9.7812],
			"to": [9.1, 10.2, 10.2188],
			"rotation": {"angle": -22.5, "axis": "y", "origin": [8, 10.5, 10]},
			"faces": {
				"north": {"uv": [0, 0, 1, 1], "texture": "#1"},
				"east": {"uv": [0, 0, 1, 1], "texture": "#1"},
				"south": {"uv": [0, 0, 1, 1], "texture": "#1"},
				"west": {"uv": [0, 0, 1, 1], "texture": "#1"},
				"up": {"uv": [0, 0, 1, 1], "texture": "#1"},
				"down": {"uv": [0, 0, 1, 1], "texture": "#1"}
			}
		},
		{
			"name": "hexadecagon",
			"from": [6.9, 10, 9.7812],
			"to": [9.1, 10.2, 10.2188],
			"rotation": {"angle": 0, "axis": "y", "origin": [8, 10.5, 10]},
			"faces": {
				"north": {"uv": [0, 0, 1, 1], "texture": "#1"},
				"east": {"uv": [0, 0, 1, 1], "texture": "#1"},
				"south": {"uv": [0, 0, 1, 1], "texture": "#1"},
				"west": {"uv": [0, 0, 1, 1], "texture": "#1"},
				"up": {"uv": [0, 0, 1, 1], "texture": "#1"},
				"down": {"uv": [0, 0, 1, 1], "texture": "#1"}
			}
		},
		{
			"name": "hexadecagon",
			"from": [6.9, 10, 9.7812],
			"to": [9.1, 10.2, 10.2188],
			"rotation": {"angle": 22.5, "axis": "y", "origin": [8, 10.5, 10]},
			"faces": {
				"north": {"uv": [0, 0, 1, 1], "texture": "#1"},
				"east": {"uv": [0, 0, 1, 1], "texture": "#1"},
				"south": {"uv": [0, 0, 1, 1], "texture": "#1"},
				"west": {"uv": [0, 0, 1, 1], "texture": "#1"},
				"up": {"uv": [0, 0, 1, 1], "texture": "#1"},
				"down": {"uv": [0, 0, 1, 1], "texture": "#1"}
			}
		},
		{
			"name": "hexadecagon",
			"from": [7.7812, 6.6, 8.9],
			"to": [8.2188, 6.8, 11.1],
			"rotation": {"angle": -45, "axis": "y", "origin": [8, 7.1, 10]},
			"faces": {
				"north": {"uv": [0, 0, 1, 1], "texture": "#1"},
				"east": {"uv": [0, 0, 1, 1], "texture": "#1"},
				"south": {"uv": [0, 0, 1, 1], "texture": "#1"},
				"west": {"uv": [0, 0, 1, 1], "texture": "#1"},
				"up": {"uv": [0, 0, 1, 1], "texture": "#1"},
				"down": {"uv": [0, 0, 1, 1], "texture": "#1"}
			}
		},
		{
			"name": "hexadecagon",
			"from": [7.7812, 6.6, 8.9],
			"to": [8.2188, 6.8, 11.1],
			"rotation": {"angle": -22.5, "axis": "y", "origin": [8, 7.1, 10]},
			"faces": {
				"north": {"uv": [0, 0, 1, 1], "texture": "#1"},
				"east": {"uv": [0, 0, 1, 1], "texture": "#1"},
				"south": {"uv": [0, 0, 1, 1], "texture": "#1"},
				"west": {"uv": [0, 0, 1, 1], "texture": "#1"},
				"up": {"uv": [0, 0, 1, 1], "texture": "#1"},
				"down": {"uv": [0, 0, 1, 1], "texture": "#1"}
			}
		},
		{
			"name": "hexadecagon",
			"from": [7.7812, 6.6, 8.9],
			"to": [8.2188, 6.8, 11.1],
			"rotation": {"angle": 0, "axis": "y", "origin": [8, 7.1, 10]},
			"faces": {
				"north": {"uv": [0, 0, 1, 1], "texture": "#1"},
				"east": {"uv": [0, 0, 1, 1], "texture": "#1"},
				"south": {"uv": [0, 0, 1, 1], "texture": "#1"},
				"west": {"uv": [0, 0, 1, 1], "texture": "#1"},
				"up": {"uv": [0, 0, 1, 1], "texture": "#1"},
				"down": {"uv": [0, 0, 1, 1], "texture": "#1"}
			}
		},
		{
			"name": "hexadecagon",
			"from": [7.7812, 6.6, 8.9],
			"to": [8.2188, 6.8, 11.1],
			"rotation": {"angle": 22.5, "axis": "y", "origin": [8, 7.1, 10]},
			"faces": {
				"north": {"uv": [0, 0, 1, 1], "texture": "#1"},
				"east": {"uv": [0, 0, 1, 1], "texture": "#1"},
				"south": {"uv": [0, 0, 1, 1], "texture": "#1"},
				"west": {"uv": [0, 0, 1, 1], "texture": "#1"},
				"up": {"uv": [0, 0, 1, 1], "texture": "#1"},
				"down": {"uv": [0, 0, 1, 1], "texture": "#1"}
			}
		},
		{
			"name": "hexadecagon",
			"from": [7.7812, 6.6, 8.9],
			"to": [8.2188, 6.8, 11.1],
			"rotation": {"angle": 45, "axis": "y", "origin": [8, 7.1, 10]},
			"faces": {
				"north": {"uv": [0, 0, 1, 1], "texture": "#1"},
				"east": {"uv": [0, 0, 1, 1], "texture": "#1"},
				"south": {"uv": [0, 0, 1, 1], "texture": "#1"},
				"west": {"uv": [0, 0, 1, 1], "texture": "#1"},
				"up": {"uv": [0, 0, 1, 1], "texture": "#1"},
				"down": {"uv": [0, 0, 1, 1], "texture": "#1"}
			}
		},
		{
			"name": "hexadecagon",
			"from": [6.9, 6.6, 9.7812],
			"to": [9.1, 6.8, 10.2188],
			"rotation": {"angle": -22.5, "axis": "y", "origin": [8, 7.1, 10]},
			"faces": {
				"north": {"uv": [0, 0, 1, 1], "texture": "#1"},
				"east": {"uv": [0, 0, 1, 1], "texture": "#1"},
				"south": {"uv": [0, 0, 1, 1], "texture": "#1"},
				"west": {"uv": [0, 0, 1, 1], "texture": "#1"},
				"up": {"uv": [0, 0, 1, 1], "texture": "#1"},
				"down": {"uv": [0, 0, 1, 1], "texture": "#1"}
			}
		},
		{
			"name": "hexadecagon",
			"from": [6.9, 6.6, 9.7812],
			"to": [9.1, 6.8, 10.2188],
			"rotation": {"angle": 0, "axis": "y", "origin": [8, 7.1, 10]},
			"faces": {
				"north": {"uv": [0, 0, 1, 1], "texture": "#1"},
				"east": {"uv": [0, 0, 1, 1], "texture": "#1"},
				"south": {"uv": [0, 0, 1, 1], "texture": "#1"},
				"west": {"uv": [0, 0, 1, 1], "texture": "#1"},
				"up": {"uv": [0, 0, 1, 1], "texture": "#1"},
				"down": {"uv": [0, 0, 1, 1], "texture": "#1"}
			}
		},
		{
			"name": "hexadecagon",
			"from": [6.9, 6.6, 9.7812],
			"to": [9.1, 6.8, 10.2188],
			"rotation": {"angle": 22.5, "axis": "y", "origin": [8, 7.1, 10]},
			"faces": {
				"north": {"uv": [0, 0, 1, 1], "texture": "#1"},
				"east": {"uv": [0, 0, 1, 1], "texture": "#1"},
				"south": {"uv": [0, 0, 1, 1], "texture": "#1"},
				"west": {"uv": [0, 0, 1, 1], "texture": "#1"},
				"up": {"uv": [0, 0, 1, 1], "texture": "#1"},
				"down": {"uv": [0, 0, 1, 1], "texture": "#1"}
			}
		},
		{
			"name": "hexadecagon",
			"from": [7.84087, 10.5, 9.2],
			"to": [8.15913, 19.5, 10.8],
			"rotation": {"angle": -45, "axis": "y", "origin": [8, 11, 10]},
			"faces": {
				"north": {"uv": [1, 2, 2, 3], "texture": "#3"},
				"east": {"uv": [1, 2, 2, 3], "texture": "#3"},
				"south": {"uv": [1, 2, 2, 3], "texture": "#3"},
				"west": {"uv": [1, 2, 2, 3], "texture": "#3"},
				"up": {"uv": [1, 2, 2, 3], "texture": "#3"},
				"down": {"uv": [1, 2, 2, 3], "texture": "#3"}
			}
		},
		{
			"name": "hexadecagon",
			"from": [7.84087, 10.5, 9.2],
			"to": [8.15913, 19.5, 10.8],
			"rotation": {"angle": -22.5, "axis": "y", "origin": [8, 11, 10]},
			"faces": {
				"north": {"uv": [1, 2, 2, 3], "texture": "#3"},
				"east": {"uv": [1, 2, 2, 3], "texture": "#3"},
				"south": {"uv": [1, 2, 2, 3], "texture": "#3"},
				"west": {"uv": [1, 2, 2, 3], "texture": "#3"},
				"up": {"uv": [1, 2, 2, 3], "texture": "#3"},
				"down": {"uv": [1, 2, 2, 3], "texture": "#3"}
			}
		},
		{
			"name": "hexadecagon",
			"from": [7.84087, 10.5, 9.2],
			"to": [8.15913, 19.5, 10.8],
			"rotation": {"angle": 0, "axis": "y", "origin": [8, 11, 10]},
			"faces": {
				"north": {"uv": [1, 2, 2, 3], "texture": "#3"},
				"east": {"uv": [1, 2, 2, 3], "texture": "#3"},
				"south": {"uv": [1, 2, 2, 3], "texture": "#3"},
				"west": {"uv": [1, 2, 2, 3], "texture": "#3"},
				"up": {"uv": [1, 2, 2, 3], "texture": "#3"},
				"down": {"uv": [1, 2, 2, 3], "texture": "#3"}
			}
		},
		{
			"name": "hexadecagon",
			"from": [7.84087, 10.5, 9.2],
			"to": [8.15913, 19.5, 10.8],
			"rotation": {"angle": 22.5, "axis": "y", "origin": [8, 11, 10]},
			"faces": {
				"north": {"uv": [1, 2, 2, 3], "texture": "#3"},
				"east": {"uv": [1, 2, 2, 3], "texture": "#3"},
				"south": {"uv": [1, 2, 2, 3], "texture": "#3"},
				"west": {"uv": [1, 2, 2, 3], "texture": "#3"},
				"up": {"uv": [1, 2, 2, 3], "texture": "#3"},
				"down": {"uv": [1, 2, 2, 3], "texture": "#3"}
			}
		},
		{
			"name": "hexadecagon",
			"from": [7.84087, 10.5, 9.2],
			"to": [8.15913, 19.5, 10.8],
			"rotation": {"angle": 45, "axis": "y", "origin": [8, 11, 10]},
			"faces": {
				"north": {"uv": [1, 2, 2, 3], "texture": "#3"},
				"east": {"uv": [1, 2, 2, 3], "texture": "#3"},
				"south": {"uv": [1, 2, 2, 3], "texture": "#3"},
				"west": {"uv": [1, 2, 2, 3], "texture": "#3"},
				"up": {"uv": [1, 2, 2, 3], "texture": "#3"},
				"down": {"uv": [1, 2, 2, 3], "texture": "#3"}
			}
		},
		{
			"name": "hexadecagon",
			"from": [7.2, 10.5, 9.84087],
			"to": [8.8, 19.5, 10.15913],
			"rotation": {"angle": -22.5, "axis": "y", "origin": [8, 11, 10]},
			"faces": {
				"north": {"uv": [1, 2, 2, 3], "texture": "#3"},
				"east": {"uv": [1, 2, 2, 3], "texture": "#3"},
				"south": {"uv": [1, 2, 2, 3], "texture": "#3"},
				"west": {"uv": [1, 2, 2, 3], "texture": "#3"},
				"up": {"uv": [1, 2, 2, 3], "texture": "#3"},
				"down": {"uv": [1, 2, 2, 3], "texture": "#3"}
			}
		},
		{
			"name": "hexadecagon",
			"from": [7.2, 10.5, 9.84087],
			"to": [8.8, 19.5, 10.15913],
			"rotation": {"angle": 0, "axis": "y", "origin": [8, 11, 10]},
			"faces": {
				"north": {"uv": [1, 2, 2, 3], "texture": "#3"},
				"east": {"uv": [1, 2, 2, 3], "texture": "#3"},
				"south": {"uv": [1, 2, 2, 3], "texture": "#3"},
				"west": {"uv": [1, 2, 2, 3], "texture": "#3"},
				"up": {"uv": [1, 2, 2, 3], "texture": "#3"},
				"down": {"uv": [1, 2, 2, 3], "texture": "#3"}
			}
		},
		{
			"name": "hexadecagon",
			"from": [7.2, 10.5, 9.84087],
			"to": [8.8, 19.5, 10.15913],
			"rotation": {"angle": 22.5, "axis": "y", "origin": [8, 11, 10]},
			"faces": {
				"north": {"uv": [1, 2, 2, 3], "texture": "#3"},
				"east": {"uv": [1, 2, 2, 3], "texture": "#3"},
				"south": {"uv": [1, 2, 2, 3], "texture": "#3"},
				"west": {"uv": [1, 2, 2, 3], "texture": "#3"},
				"up": {"uv": [1, 2, 2, 3], "texture": "#3"},
				"down": {"uv": [1, 2, 2, 3], "texture": "#3"}
			}
		},
		{
			"name": "hexadecagon",
			"from": [7.86076, 19.5, 9.3],
			"to": [8.13924, 27.5, 10.7],
			"rotation": {"angle": -45, "axis": "y", "origin": [8, 25, 10]},
			"faces": {
				"north": {"uv": [0.75, 1.5, 1.75, 2.5], "texture": "#3"},
				"east": {"uv": [0.75, 1.5, 1.75, 2.5], "texture": "#3"},
				"south": {"uv": [0.75, 1.5, 1.75, 2.5], "texture": "#3"},
				"west": {"uv": [0.75, 1.5, 1.75, 2.5], "texture": "#3"},
				"up": {"uv": [0.75, 1.5, 1.75, 2.5], "texture": "#3"},
				"down": {"uv": [0.75, 1.5, 1.75, 2.5], "texture": "#3"}
			}
		},
		{
			"name": "hexadecagon",
			"from": [7.86076, 19.5, 9.3],
			"to": [8.13924, 27.5, 10.7],
			"rotation": {"angle": -22.5, "axis": "y", "origin": [8, 25, 10]},
			"faces": {
				"north": {"uv": [0.75, 1.5, 1.75, 2.5], "texture": "#3"},
				"east": {"uv": [0.75, 1.5, 1.75, 2.5], "texture": "#3"},
				"south": {"uv": [0.75, 1.5, 1.75, 2.5], "texture": "#3"},
				"west": {"uv": [0.75, 1.5, 1.75, 2.5], "texture": "#3"},
				"up": {"uv": [0.75, 1.5, 1.75, 2.5], "texture": "#3"},
				"down": {"uv": [0.75, 1.5, 1.75, 2.5], "texture": "#3"}
			}
		},
		{
			"name": "hexadecagon",
			"from": [7.86076, 19.5, 9.3],
			"to": [8.13924, 27.5, 10.7],
			"rotation": {"angle": 0, "axis": "y", "origin": [8, 25, 10]},
			"faces": {
				"north": {"uv": [0.75, 1.5, 1.75, 2.5], "texture": "#3"},
				"east": {"uv": [0.75, 1.5, 1.75, 2.5], "texture": "#3"},
				"south": {"uv": [0.75, 1.5, 1.75, 2.5], "texture": "#3"},
				"west": {"uv": [0.75, 1.5, 1.75, 2.5], "texture": "#3"},
				"up": {"uv": [0.75, 1.5, 1.75, 2.5], "texture": "#3"},
				"down": {"uv": [0.75, 1.5, 1.75, 2.5], "texture": "#3"}
			}
		},
		{
			"name": "hexadecagon",
			"from": [7.86076, 19.5, 9.3],
			"to": [8.13924, 27.5, 10.7],
			"rotation": {"angle": 22.5, "axis": "y", "origin": [8, 25, 10]},
			"faces": {
				"north": {"uv": [0.75, 1.5, 1.75, 2.5], "texture": "#3"},
				"east": {"uv": [0.75, 1.5, 1.75, 2.5], "texture": "#3"},
				"south": {"uv": [0.75, 1.5, 1.75, 2.5], "texture": "#3"},
				"west": {"uv": [0.75, 1.5, 1.75, 2.5], "texture": "#3"},
				"up": {"uv": [0.75, 1.5, 1.75, 2.5], "texture": "#3"},
				"down": {"uv": [0.75, 1.5, 1.75, 2.5], "texture": "#3"}
			}
		},
		{
			"name": "hexadecagon",
			"from": [7.86076, 19.5, 9.3],
			"to": [8.13924, 27.5, 10.7],
			"rotation": {"angle": 45, "axis": "y", "origin": [8, 25, 10]},
			"faces": {
				"north": {"uv": [0.75, 1.5, 1.75, 2.5], "texture": "#3"},
				"east": {"uv": [0.75, 1.5, 1.75, 2.5], "texture": "#3"},
				"south": {"uv": [0.75, 1.5, 1.75, 2.5], "texture": "#3"},
				"west": {"uv": [0.75, 1.5, 1.75, 2.5], "texture": "#3"},
				"up": {"uv": [0.75, 1.5, 1.75, 2.5], "texture": "#3"},
				"down": {"uv": [0.75, 1.5, 1.75, 2.5], "texture": "#3"}
			}
		},
		{
			"name": "hexadecagon",
			"from": [7.3, 19.5, 9.86076],
			"to": [8.7, 27.5, 10.13924],
			"rotation": {"angle": -22.5, "axis": "y", "origin": [8, 25, 10]},
			"faces": {
				"north": {"uv": [0.75, 1.5, 1.75, 2.5], "texture": "#3"},
				"east": {"uv": [0.75, 1.5, 1.75, 2.5], "texture": "#3"},
				"south": {"uv": [0.75, 1.5, 1.75, 2.5], "texture": "#3"},
				"west": {"uv": [0.75, 1.5, 1.75, 2.5], "texture": "#3"},
				"up": {"uv": [0.75, 1.5, 1.75, 2.5], "texture": "#3"},
				"down": {"uv": [0.75, 1.5, 1.75, 2.5], "texture": "#3"}
			}
		},
		{
			"name": "hexadecagon",
			"from": [7.3, 19.5, 9.86076],
			"to": [8.7, 27.5, 10.13924],
			"rotation": {"angle": 0, "axis": "y", "origin": [8, 25, 10]},
			"faces": {
				"north": {"uv": [0.75, 1.5, 1.75, 2.5], "texture": "#3"},
				"east": {"uv": [0.75, 1.5, 1.75, 2.5], "texture": "#3"},
				"south": {"uv": [0.75, 1.5, 1.75, 2.5], "texture": "#3"},
				"west": {"uv": [0.75, 1.5, 1.75, 2.5], "texture": "#3"},
				"up": {"uv": [0.75, 1.5, 1.75, 2.5], "texture": "#3"},
				"down": {"uv": [0.75, 1.5, 1.75, 2.5], "texture": "#3"}
			}
		},
		{
			"name": "hexadecagon",
			"from": [7.3, 19.5, 9.86076],
			"to": [8.7, 27.5, 10.13924],
			"rotation": {"angle": 22.5, "axis": "y", "origin": [8, 25, 10]},
			"faces": {
				"north": {"uv": [0.75, 1.5, 1.75, 2.5], "texture": "#3"},
				"east": {"uv": [0.75, 1.5, 1.75, 2.5], "texture": "#3"},
				"south": {"uv": [0.75, 1.5, 1.75, 2.5], "texture": "#3"},
				"west": {"uv": [0.75, 1.5, 1.75, 2.5], "texture": "#3"},
				"up": {"uv": [0.75, 1.5, 1.75, 2.5], "texture": "#3"},
				"down": {"uv": [0.75, 1.5, 1.75, 2.5], "texture": "#3"}
			}
		},
		{
			"name": "hexadecagon",
			"from": [7.88065, 27.5, 9.4],
			"to": [8.11935, 31.5, 10.6],
			"rotation": {"angle": -45, "axis": "y", "origin": [8, 29, 10]},
			"faces": {
				"north": {"uv": [3, 2.25, 4, 3.25], "texture": "#3"},
				"east": {"uv": [3, 2.25, 4, 3.25], "texture": "#3"},
				"south": {"uv": [3, 2.25, 4, 3.25], "texture": "#3"},
				"west": {"uv": [3, 2.25, 4, 3.25], "texture": "#3"},
				"up": {"uv": [3, 2.25, 4, 3.25], "texture": "#3"},
				"down": {"uv": [3, 2.25, 4, 3.25], "texture": "#3"}
			}
		},
		{
			"name": "hexadecagon",
			"from": [7.88065, 27.5, 9.4],
			"to": [8.11935, 31.5, 10.6],
			"rotation": {"angle": -22.5, "axis": "y", "origin": [8, 29, 10]},
			"faces": {
				"north": {"uv": [3, 2.25, 4, 3.25], "texture": "#3"},
				"east": {"uv": [3, 2.25, 4, 3.25], "texture": "#3"},
				"south": {"uv": [3, 2.25, 4, 3.25], "texture": "#3"},
				"west": {"uv": [3, 2.25, 4, 3.25], "texture": "#3"},
				"up": {"uv": [3, 2.25, 4, 3.25], "texture": "#3"},
				"down": {"uv": [3, 2.25, 4, 3.25], "texture": "#3"}
			}
		},
		{
			"name": "hexadecagon",
			"from": [7.88065, 27.5, 9.4],
			"to": [8.11935, 31.5, 10.6],
			"rotation": {"angle": 0, "axis": "y", "origin": [8, 29, 10]},
			"faces": {
				"north": {"uv": [3, 2.25, 4, 3.25], "texture": "#3"},
				"east": {"uv": [3, 2.25, 4, 3.25], "texture": "#3"},
				"south": {"uv": [3, 2.25, 4, 3.25], "texture": "#3"},
				"west": {"uv": [3, 2.25, 4, 3.25], "texture": "#3"},
				"up": {"uv": [3, 2.25, 4, 3.25], "texture": "#3"},
				"down": {"uv": [3, 2.25, 4, 3.25], "texture": "#3"}
			}
		},
		{
			"name": "hexadecagon",
			"from": [7.88065, 27.5, 9.4],
			"to": [8.11935, 31.5, 10.6],
			"rotation": {"angle": 22.5, "axis": "y", "origin": [8, 29, 10]},
			"faces": {
				"north": {"uv": [3, 2.25, 4, 3.25], "texture": "#3"},
				"east": {"uv": [3, 2.25, 4, 3.25], "texture": "#3"},
				"south": {"uv": [3, 2.25, 4, 3.25], "texture": "#3"},
				"west": {"uv": [3, 2.25, 4, 3.25], "texture": "#3"},
				"up": {"uv": [3, 2.25, 4, 3.25], "texture": "#3"},
				"down": {"uv": [3, 2.25, 4, 3.25], "texture": "#3"}
			}
		},
		{
			"name": "hexadecagon",
			"from": [7.88065, 27.5, 9.4],
			"to": [8.11935, 31.5, 10.6],
			"rotation": {"angle": 45, "axis": "y", "origin": [8, 29, 10]},
			"faces": {
				"north": {"uv": [3, 2.25, 4, 3.25], "texture": "#3"},
				"east": {"uv": [3, 2.25, 4, 3.25], "texture": "#3"},
				"south": {"uv": [3, 2.25, 4, 3.25], "texture": "#3"},
				"west": {"uv": [3, 2.25, 4, 3.25], "texture": "#3"},
				"up": {"uv": [3, 2.25, 4, 3.25], "texture": "#3"},
				"down": {"uv": [3, 2.25, 4, 3.25], "texture": "#3"}
			}
		},
		{
			"name": "hexadecagon",
			"from": [7.4, 27.5, 9.88065],
			"to": [8.6, 31.5, 10.11935],
			"rotation": {"angle": -22.5, "axis": "y", "origin": [8, 29, 10]},
			"faces": {
				"north": {"uv": [3, 2.25, 4, 3.25], "texture": "#3"},
				"east": {"uv": [3, 2.25, 4, 3.25], "texture": "#3"},
				"south": {"uv": [3, 2.25, 4, 3.25], "texture": "#3"},
				"west": {"uv": [3, 2.25, 4, 3.25], "texture": "#3"},
				"up": {"uv": [3, 2.25, 4, 3.25], "texture": "#3"},
				"down": {"uv": [3, 2.25, 4, 3.25], "texture": "#3"}
			}
		},
		{
			"name": "hexadecagon",
			"from": [7.4, 27.5, 9.88065],
			"to": [8.6, 31.5, 10.11935],
			"rotation": {"angle": 0, "axis": "y", "origin": [8, 29, 10]},
			"faces": {
				"north": {"uv": [3, 2.25, 4, 3.25], "texture": "#3"},
				"east": {"uv": [3, 2.25, 4, 3.25], "texture": "#3"},
				"south": {"uv": [3, 2.25, 4, 3.25], "texture": "#3"},
				"west": {"uv": [3, 2.25, 4, 3.25], "texture": "#3"},
				"up": {"uv": [3, 2.25, 4, 3.25], "texture": "#3"},
				"down": {"uv": [3, 2.25, 4, 3.25], "texture": "#3"}
			}
		},
		{
			"name": "hexadecagon",
			"from": [7.4, 27.5, 9.88065],
			"to": [8.6, 31.5, 10.11935],
			"rotation": {"angle": 22.5, "axis": "y", "origin": [8, 29, 10]},
			"faces": {
				"north": {"uv": [3, 2.25, 4, 3.25], "texture": "#3"},
				"east": {"uv": [3, 2.25, 4, 3.25], "texture": "#3"},
				"south": {"uv": [3, 2.25, 4, 3.25], "texture": "#3"},
				"west": {"uv": [3, 2.25, 4, 3.25], "texture": "#3"},
				"up": {"uv": [3, 2.25, 4, 3.25], "texture": "#3"},
				"down": {"uv": [3, 2.25, 4, 3.25], "texture": "#3"}
			}
		},
		{
			"name": "hexadecagon",
			"from": [7.92044, 1.5, 9.6],
			"to": [8.67956, 2.5, 10.4],
			"rotation": {"angle": -45, "axis": "y", "origin": [8.6, 2, 10]},
			"faces": {
				"north": {"uv": [0, 0, 1, 1], "texture": "#4"},
				"east": {"uv": [0, 0, 1, 1], "texture": "#4"},
				"south": {"uv": [0, 0, 1, 1], "texture": "#4"},
				"west": {"uv": [0, 0, 1, 1], "texture": "#4"},
				"up": {"uv": [0, 0, 1, 1], "texture": "#4"},
				"down": {"uv": [0, 0, 1, 1], "texture": "#4"}
			}
		},
		{
			"name": "hexadecagon",
			"from": [7.92044, 1.5, 9.6],
			"to": [8.67956, 2.5, 10.4],
			"rotation": {"angle": -22.5, "axis": "y", "origin": [8.6, 2, 10]},
			"faces": {
				"north": {"uv": [0, 0, 1, 1], "texture": "#4"},
				"east": {"uv": [0, 0, 1, 1], "texture": "#4"},
				"south": {"uv": [0, 0, 1, 1], "texture": "#4"},
				"west": {"uv": [0, 0, 1, 1], "texture": "#4"},
				"up": {"uv": [0, 0, 1, 1], "texture": "#4"},
				"down": {"uv": [0, 0, 1, 1], "texture": "#4"}
			}
		},
		{
			"name": "hexadecagon",
			"from": [7.92044, 1.5, 9.6],
			"to": [8.67956, 2.5, 10.4],
			"rotation": {"angle": 0, "axis": "y", "origin": [8.6, 2, 10]},
			"faces": {
				"north": {"uv": [0, 0, 1, 1], "texture": "#4"},
				"east": {"uv": [0, 0, 1, 1], "texture": "#4"},
				"south": {"uv": [0, 0, 1, 1], "texture": "#4"},
				"west": {"uv": [0, 0, 1, 1], "texture": "#4"},
				"up": {"uv": [0, 0, 1, 1], "texture": "#4"},
				"down": {"uv": [0, 0, 1, 1], "texture": "#4"}
			}
		},
		{
			"name": "hexadecagon",
			"from": [7.92044, 1.5, 9.6],
			"to": [8.67956, 2.5, 10.4],
			"rotation": {"angle": 22.5, "axis": "y", "origin": [8.6, 2, 10]},
			"faces": {
				"north": {"uv": [0, 0, 1, 1], "texture": "#4"},
				"east": {"uv": [0, 0, 1, 1], "texture": "#4"},
				"south": {"uv": [0, 0, 1, 1], "texture": "#4"},
				"west": {"uv": [0, 0, 1, 1], "texture": "#4"},
				"up": {"uv": [0, 0, 1, 1], "texture": "#4"},
				"down": {"uv": [0, 0, 1, 1], "texture": "#4"}
			}
		},
		{
			"name": "hexadecagon",
			"from": [7.92044, 1.5, 9.9],
			"to": [8.67956, 2.5, 10.4],
			"rotation": {"angle": 45, "axis": "y", "origin": [8.6, 2, 10]},
			"faces": {
				"north": {"uv": [0, 0, 1, 1], "texture": "#4"},
				"east": {"uv": [0, 0, 1, 1], "texture": "#4"},
				"south": {"uv": [0, 0, 1, 1], "texture": "#4"},
				"west": {"uv": [0, 0, 1, 1], "texture": "#4"},
				"up": {"uv": [0, 0, 1, 1], "texture": "#4"},
				"down": {"uv": [0, 0, 1, 1], "texture": "#4"}
			}
		},
		{
			"name": "hexadecagon",
			"from": [7.6, 1.5, 9.92044],
			"to": [9, 2.5, 10.07956],
			"rotation": {"angle": -22.5, "axis": "y", "origin": [8.6, 2, 10]},
			"faces": {
				"north": {"uv": [0, 0, 1, 1], "texture": "#4"},
				"east": {"uv": [0, 0, 1, 1], "texture": "#4"},
				"south": {"uv": [0, 0, 1, 1], "texture": "#4"},
				"west": {"uv": [0, 0, 1, 1], "texture": "#4"},
				"up": {"uv": [0, 0, 1, 1], "texture": "#4"},
				"down": {"uv": [0, 0, 1, 1], "texture": "#4"}
			}
		},
		{
			"name": "hexadecagon",
			"from": [7.6, 1.5, 9.92044],
			"to": [9, 2.5, 10.07956],
			"rotation": {"angle": 0, "axis": "y", "origin": [8.6, 2, 10]},
			"faces": {
				"north": {"uv": [0, 0, 1, 1], "texture": "#4"},
				"east": {"uv": [0, 0, 1, 1], "texture": "#4"},
				"south": {"uv": [0, 0, 1, 1], "texture": "#4"},
				"west": {"uv": [0, 0, 1, 1], "texture": "#4"},
				"up": {"uv": [0, 0, 1, 1], "texture": "#4"},
				"down": {"uv": [0, 0, 1, 1], "texture": "#4"}
			}
		},
		{
			"name": "hexadecagon",
			"from": [8.4, 1.1, 9.62044],
			"to": [9, 2.5, 10.27956],
			"rotation": {"angle": 22.5, "axis": "y", "origin": [8.6, 2, 10]},
			"faces": {
				"north": {"uv": [0, 0, 1, 1], "texture": "#4"},
				"east": {"uv": [0, 0, 1, 1], "texture": "#4"},
				"south": {"uv": [0, 0, 1, 1], "texture": "#4"},
				"west": {"uv": [0, 0, 1, 1], "texture": "#4"},
				"up": {"uv": [0, 0, 1, 1], "texture": "#4"},
				"down": {"uv": [0, 0, 1, 1], "texture": "#4"}
			}
		},
		{
			"name": "hexadecagon",
			"from": [8.7, 0.4, 9.62044],
			"to": [9, 1.5, 10.27956],
			"rotation": {"angle": 22.5, "axis": "y", "origin": [8.6, 1, 10]},
			"faces": {
				"north": {"uv": [0, 0, 1, 1], "texture": "#4"},
				"east": {"uv": [0, 0, 1, 1], "texture": "#4"},
				"south": {"uv": [0, 0, 1, 1], "texture": "#4"},
				"west": {"uv": [0, 0, 1, 1], "texture": "#4"},
				"up": {"uv": [0, 0, 1, 1], "texture": "#4"},
				"down": {"uv": [0, 0, 1, 1], "texture": "#4"}
			}
		}
	],
	"display": {
		"thirdperson_righthand": {
			"rotation": [51.25, 0, 0],
			"translation": [0, 4.5, 2.75]
		},
		"thirdperson_lefthand": {
			"rotation": [51.25, 0, 0],
			"translation": [0, 4.5, 2.75]
		},
		"firstperson_righthand": {
			"rotation": [-19, 0, 0],
			"translation": [0, 2, 0],
			"scale": [1, 0.68, 1]
		},
		"firstperson_lefthand": {
			"rotation": [-19, 0, 0],
			"translation": [0, 2, 0],
			"scale": [1, 0.68, 1]
		},
		"gui": {
			"rotation": [0, 0, 39],
			"translation": [3.5, -3.75, 0],
			"scale": [0.7, 0.7, 0.7]
		},
		"fixed": {
			"rotation": [0, 0, -45],
			"translation": [-4, -3.5, -3.75],
			"scale": [0.83, 0.83, 0.83]
		}
	},
	"groups": [
		{
			"name": "violetlightsaber",
			"origin": [8, 8, 8],
			"children": [
				{
					"name": "hexadecagon",
					"origin": [8, 8, 8],
					"children": [0, 1, 2, 3, 4, 5, 6, 7, 8]
				},
				{
					"name": "hexadecagon",
					"origin": [8, 8, 8],
					"children": [9, 10, 11, 12, 13, 14, 15, 16, 17]
				},
				{
					"name": "hexadecagon",
					"origin": [8, 8, 8],
					"children": [18, 19, 20, 21, 22, 23, 24, 25]
				},
				{
					"name": "hexadecagon",
					"origin": [8, 8, 8],
					"children": [26, 27, 28, 29, 30, 31, 32, 33]
				},
				{
					"name": "hexadecagon",
					"origin": [8, 8, 8],
					"children": [34, 35, 36, 37, 38, 39, 40, 41]
				},
				{
					"name": "hexadecagon",
					"origin": [8, 8, 8],
					"children": [42, 43, 44, 45, 46, 47, 48]
				},
				{
					"name": "hexadecagon",
					"origin": [8, 8, 8],
					"children": [49, 50, 51, 52, 53, 54, 55]
				},
				{
					"name": "hexadecagon",
					"origin": [8, 8, 8],
					"children": [56, 57, 58, 59, 60, 61, 62, 63]
				},
				{
					"name": "hexadecagon",
					"origin": [8, 8, 8],
					"children": [64, 65, 66, 67, 68, 69, 70, 71]
				},
				{
					"name": "hexadecagon",
					"origin": [8, 8, 8],
					"children": [72, 73, 74, 75, 76, 77, 78, 79]
				},
				{
					"name": "hexadecagon",
					"origin": [8, 8, 8],
					"children": [80, 81, 82, 83, 84, 85, 86, 87]
				},
				{
					"name": "hexadecagon",
					"origin": [8, 8, 8],
					"children": [88, 89, 90, 91, 92, 93, 94, 95]
				},
				{
					"name": "hexadecagon",
					"origin": [8, 8, 8],
					"children": [96, 97, 98, 99, 100, 101, 102, 103]
				},
				{
					"name": "hexadecagon",
					"origin": [8, 8, 8],
					"children": [104, 105, 106, 107, 108, 109, 110, 111]
				},
				{
					"name": "hexadecagon",
					"origin": [8, 8, 8],
					"children": [112, 113, 114, 115, 116, 117, 118, 119]
				},
				{
					"name": "hexadecagon",
					"origin": [8, 8, 8],
					"children": [120, 121, 122, 123, 124, 125, 126, 127]
				},
				{
					"name": "hexadecagon",
					"origin": [8, 8, 8],
					"children": [128, 129, 130, 131, 132, 133, 134, 135]
				},
				{
					"name": "hexadecagon",
					"origin": [8, 8, 8],
					"children": [136, 137, 138, 139, 140, 141, 142, 143]
				},
				{
					"name": "hexadecagon",
					"origin": [8, 8, 8],
					"children": [144, 145, 146, 147, 148, 149, 150, 151]
				}
			]
		},
		{
			"name": "hexadecagon",
			"origin": [8, 8, 8],
			"children": [152, 153, 154, 155, 156, 157, 158, 159, 160]
		}
	]
}