{
	"credit": "Made with Blockbench",
	"textures": {
		"0": "blocks/wool_colored_silver",
		"1": "blocks/wool_colored_black",
		"2": "blocks/quartz_block_top",
		"3": "blocks/glass_blue",
		"particle": "blocks/wool_colored_silver"
	},
	"overrides":[
	    { "predicate": { "damaged": 0, "damage": 0.000640614990}, "model":"item/decorations/ghosttrap1"},
	    { "predicate": { "damaged": 0, "damage": 0.001281229981}, "model":"item/decorations/ghosttrap2"},
	    { "predicate": { "damaged": 0, "damage": 0.001921844971}, "model":"item/decorations/bb8head"},
	    { "predicate": { "damaged": 0, "damage": 0.002562459962}, "model":"item/decorations/octopus"},
	    { "predicate": { "damaged": 0, "damage": 0.003203074952}, "model":"item/decorations/bell"},
	    { "predicate": { "damaged": 0, "damage": 0.003843689942}, "model":"item/decorations/fastpass_kiosk"},
	    { "predicate": { "damaged": 0, "damage": 0.0044843049327}, "model":"item/decorations/icecream_cart"},
	    { "predicate": { "damaged": 0, "damage": 0.005124919923}, "model":"item/decorations/popcorn_cart"},
	    { "predicate": { "damaged": 0, "damage": 0.00576553491351}, "model":"item/decorations/turkeyleg_cart"},
	    { "predicate": { "damaged": 0, "damage": 0.00640614990390}, "model":"item/decorations/silhouette_cart"},
	    { "predicate": { "damaged": 0, "damage": 0.00704676489}, "model":"item/handitems/balloon_blue"},
	    { "predicate": { "damaged": 0, "damage": 0.00768737988}, "model":"item/handitems/balloon_green"},
	    { "predicate": { "damaged": 0, "damage": 0.00832799488}, "model":"item/handitems/balloon_pink"},
	    { "predicate": { "damaged": 0, "damage": 0.00896860987}, "model":"item/handitems/balloon_pride"},
	    { "predicate": { "damaged": 0, "damage": 0.00960922486}, "model":"item/handitems/balloon_red"},
	    { "predicate": { "damaged": 0, "damage": 0.0102498398}, "model":"item/handitems/balloon_yellow"},
	    { "predicate": { "damaged": 0, "damage": 0.0108904548}, "model":"item/decorations/ghost_hearse"},
		{ "predicate": { "damaged": 0, "damage": 0.01153107}, "model":"item/decorations/lightning"},
		{ "predicate": { "damaged": 0, "damage": 0.01217168}, "model":"item/decorations/cruz"},
		{ "predicate": { "damaged": 0, "damage": 0.0128123}, "model":"item/decorations/smlights"},
		{ "predicate": { "damaged": 0, "damage": 0.01345291}, "model":"item/decorations/mickeypumpkin"},
		{ "predicate": { "damaged": 0, "damage": 0.01409352978}, "model":"item/handitems/mvmcppin"},
		{ "predicate": { "damaged": 0, "damage": 0.01473414477}, "model":"item/decorations/mnsshpcauldron"},
		{ "predicate": { "damaged": 0, "damage": 0.01537476}, "model":"item/decorations/wreath"},
		{ "predicate": { "damaged": 0, "damage": 0.01601537}, "model":"item/handitems/snowiecone"},
		{ "predicate": { "damaged": 0, "damage": 0.01665598975016}, "model":"item/decorations/kite"},
		{ "predicate": { "damaged": 0, "damage": 0.0172966}, "model":"item/decorations/kiteflag"},
		{ "predicate": { "damaged": 0, "damage": 0.01793721973}, "model":"item/decorations/kite2"},
	  { "predicate": { "damaged": 0, "damage": 0.01857783472}, "model":"item/decorations/getrash"},
	  { "predicate": { "damaged": 0, "damage": 0.019206146}, "model":"item/decorations/grand_piano"},
	  { "predicate": { "damaged": 0, "damage": 0.0198590647}, "model":"item/decorations/surfboard"},
	  { "predicate": { "damaged": 0, "damage": 0.02049967969}, "model":"item/handitems/remy"},
	  { "predicate": { "damaged": 0, "damage": 0.0211402946}, "model":"item/decorations/tiefighter"},
	  { "predicate": { "damaged": 0, "damage": 0.0217809097}, "model":"item/handitems/akmap"},
	  { "predicate": { "damaged": 0, "damage": 0.0224215247}, "model":"item/handitems/dhsmap"},
	  { "predicate": { "damaged": 0, "damage": 0.0230621397}, "model":"item/handitems/epcotmap"},
	  { "predicate": { "damaged": 0, "damage": 0.0237027546}, "model":"item/handitems/mkmap"},
	  { "predicate": { "damaged": 0, "damage": 0.0243433696}, "model":"item/handitems/typhoonmap"},
	  { "predicate": { "damaged": 0, "damage": 0.0249839846}, "model":"item/decorations/xwing"},
	  { "predicate": { "damaged": 0, "damage": 0.0256081946}, "model":"item/decorations/epcot_spires"},
	  { "predicate": { "damaged": 0, "damage": 0.0262652146}, "model":"item/handitems/mnsshppin"},
	  { "predicate": { "damaged": 0, "damage": 0.02690582959}, "model":"item/decorations/gebluedroid"},
	  { "predicate": { "damaged": 0, "damage": 0.02754644458}, "model":"item/decorations/gegreendroid"},
	  { "predicate": { "damaged": 0, "damage": 0.02818705957}, "model":"item/decorations/gereddroid"},
		{ "predicate": { "damaged": 0, "damage": 0.02882767456}, "model":"item/decorations/georangedroid"},
		{ "predicate": { "damaged": 0, "damage": 0.02946828955}, "model":"item/decorations/dca_trolley"},
		{ "predicate": { "damaged": 0, "damage": 0.03010890454}, "model":"item/decorations/madame_wardrobe_closed"},
		{ "predicate": { "damaged": 0, "damage": 0.03074951953}, "model":"item/decorations/madame_wardrobe_open"},
		{ "predicate": { "damaged": 0, "damage": 0.0313901345}, "model":"item/decorations/redcokedroid"},
		{ "predicate": { "damaged": 0, "damage": 0.0320307495}, "model":"item/handitems/walt"},
		{ "predicate": { "damaged": 0, "damage": 0.0326713645}, "model":"item/decorations/bluebb8"},
		{ "predicate": { "damaged": 0, "damage": 0.0333119795}, "model":"item/decorations/bluebb8head"},
		{ "predicate": { "damaged": 0, "damage": 0.03395259449}, "model":"item/decorations/candy_cane"},
		{ "predicate": { "damaged": 0, "damage": 0.03459320948}, "model":"item/decorations/gebluedroid2"},
		{ "predicate": { "damaged": 0, "damage": 0.03523382447}, "model":"item/decorations/georanger2d2"},
		{ "predicate": { "damaged": 0, "damage": 0.03587443946}, "model":"item/decorations/gonk"},
		{ "predicate": { "damaged": 0, "damage": 0.03651505445}, "model":"item/decorations/gonk_white"},
		{ "predicate": { "damaged": 0, "damage": 0.03715566944}, "model":"item/decorations/mvmcpcauldron"},
		{ "predicate": { "damaged": 0, "damage": 0.0377962844}, "model":"item/decorations/dreidalmickey"},
		{ "predicate": { "damaged": 0, "damage": 0.0384368994}, "model":"item/decorations/dreidalminnie"},
		{ "predicate": { "damaged": 0, "damage": 0.0390775144}, "model":"item/decorations/dreidaldonald"},
		{ "predicate": { "damaged": 0, "damage": 0.0397181294}, "model":"item/decorations/dreidalgoofy"},
		{ "predicate": { "damaged": 0, "damage": 0.0403587444}, "model":"item/decorations/dreidalpluto"},
		{ "predicate": { "damaged": 0, "damage": 0.0409993594}, "model":"item/decorations/dreidalstitch"},
		{ "predicate": { "damaged": 0, "damage": 0.0416399744}, "model":"item/decorations/dok"},
		{ "predicate": { "damaged": 0, "damage": 0.0422805894}, "model":"item/decorations/buford"},
		{ "predicate": { "damaged": 0, "damage": 0.0429212044}, "model":"item/decorations/djrexhead"},
		{ "predicate": { "damaged": 0, "damage": 0.0435618193}, "model":"item/decorations/djrexbody"},
		{ "predicate": { "damaged": 0, "damage": 0.0442024343}, "model":"item/decorations/luxo_ball"},
		{ "predicate": { "damaged": 0, "damage": 0.0448430493}, "model":"item/decorations/pixarweek"},
		{ "predicate": { "damaged": 0, "damage": 0.0454836643}, "model":"item/decorations/ge/aa9"},
		{ "predicate": { "damaged": 0, "damage": 0.0461242793}, "model":"item/decorations/ge/falcon"},
		{ "predicate": { "damaged": 0, "damage": 0.0467648943}, "model":"item/decorations/ge/freighter"},
		{ "predicate": { "damaged": 0, "damage": 0.0474055093}, "model":"item/decorations/ge/launchpod"},
		{ "predicate": { "damaged": 0, "damage": 0.0480461243}, "model":"item/decorations/ge/launchpoddoor"},
		{ "predicate": { "damaged": 0, "damage": 0.0486867393}, "model":"item/decorations/ge/shiptest"},
		{ "predicate": { "damaged": 0, "damage": 0.0493273543}, "model":"item/decorations/ge/starcruiser"}
	],
	"elements": [
		{
			"name": "hexadecagon",
			"from": [7.80109, 0.5, 9],
			"to": [8.19891, 7.5, 11],
			"rotation": {"angle": -45, "axis": "y", "origin": [8, 1, 10]},
			"faces": {
				"north": {"uv": [0, 0, 1, 1], "texture": "#1"},
				"east": {"uv": [0, 0, 1, 1], "texture": "#1"},
				"south": {"uv": [0, 0, 1, 1], "texture": "#1"},
				"west": {"uv": [0, 0, 1, 1], "texture": "#1"},
				"up": {"uv": [0, 0, 1, 1], "texture": "#1"},
				"down": {"uv": [0, 0, 1, 1], "texture": "#1"}
			}
		},
		{
			"name": "hexadecagon",
			"from": [7.80109, 0.5, 9],
			"to": [8.19891, 7.5, 11],
			"rotation": {"angle": -22.5, "axis": "y", "origin": [8, 1, 10]},
			"faces": {
				"north": {"uv": [0, 0, 1, 1], "texture": "#1"},
				"east": {"uv": [0, 0, 1, 1], "texture": "#1"},
				"south": {"uv": [0, 0, 1, 1], "texture": "#1"},
				"west": {"uv": [0, 0, 1, 1], "texture": "#1"},
				"up": {"uv": [0, 0, 1, 1], "texture": "#1"},
				"down": {"uv": [0, 0, 1, 1], "texture": "#1"}
			}
		},
		{
			"name": "hexadecagon",
			"from": [7.80109, 0.5, 9],
			"to": [8.19891, 7.5, 11],
			"rotation": {"angle": 0, "axis": "y", "origin": [8, 1, 10]},
			"faces": {
				"north": {"uv": [0, 0, 1, 1], "texture": "#1"},
				"east": {"uv": [0, 0, 1, 1], "texture": "#1"},
				"south": {"uv": [0, 0, 1, 1], "texture": "#1"},
				"west": {"uv": [0, 0, 1, 1], "texture": "#1"},
				"up": {"uv": [0, 0, 1, 1], "texture": "#1"},
				"down": {"uv": [0, 0, 1, 1], "texture": "#1"}
			}
		},
		{
			"name": "hexadecagon",
			"from": [7.80109, 0.5, 9],
			"to": [8.19891, 7.5, 11],
			"rotation": {"angle": 22.5, "axis": "y", "origin": [8, 1, 10]},
			"faces": {
				"north": {"uv": [0, 0, 1, 1], "texture": "#1"},
				"east": {"uv": [0, 0, 1, 1], "texture": "#1"},
				"south": {"uv": [0, 0, 1, 1], "texture": "#1"},
				"west": {"uv": [0, 0, 1, 1], "texture": "#1"},
				"up": {"uv": [0, 0, 1, 1], "texture": "#1"},
				"down": {"uv": [0, 0, 1, 1], "texture": "#1"}
			}
		},
		{
			"name": "hexadecagon",
			"from": [7.80109, 0.5, 9],
			"to": [8.19891, 7.5, 11],
			"rotation": {"angle": 45, "axis": "y", "origin": [8, 1, 10]},
			"faces": {
				"north": {"uv": [0, 0, 1, 1], "texture": "#1"},
				"east": {"uv": [0, 0, 1, 1], "texture": "#1"},
				"south": {"uv": [0, 0, 1, 1], "texture": "#1"},
				"west": {"uv": [0, 0, 1, 1], "texture": "#1"},
				"up": {"uv": [0, 0, 1, 1], "texture": "#1"},
				"down": {"uv": [0, 0, 1, 1], "texture": "#1"}
			}
		},
		{
			"name": "hexadecagon",
			"from": [7, 0.5, 9.80109],
			"to": [9, 7.5, 10.19891],
			"rotation": {"angle": -22.5, "axis": "y", "origin": [8, 1, 10]},
			"faces": {
				"north": {"uv": [0, 0, 1, 1], "texture": "#1"},
				"east": {"uv": [0, 0, 1, 1], "texture": "#1"},
				"south": {"uv": [0, 0, 1, 1], "texture": "#1"},
				"west": {"uv": [0, 0, 1, 1], "texture": "#1"},
				"up": {"uv": [0, 0, 1, 1], "texture": "#1"},
				"down": {"uv": [0, 0, 1, 1], "texture": "#1"}
			}
		},
		{
			"name": "hexadecagon",
			"from": [7, 0.5, 9.80109],
			"to": [9, 7.5, 10.19891],
			"rotation": {"angle": 0, "axis": "y", "origin": [8, 1, 10]},
			"faces": {
				"north": {"uv": [0, 0, 1, 1], "texture": "#1"},
				"east": {"uv": [0, 0, 1, 1], "texture": "#1"},
				"south": {"uv": [0, 0, 1, 1], "texture": "#1"},
				"west": {"uv": [0, 0, 1, 1], "texture": "#1"},
				"up": {"uv": [0, 0, 1, 1], "texture": "#1"},
				"down": {"uv": [0, 0, 1, 1], "texture": "#1"}
			}
		},
		{
			"name": "hexadecagon",
			"from": [7, 0.5, 9.80109],
			"to": [9, 7.5, 10.19891],
			"rotation": {"angle": 22.5, "axis": "y", "origin": [8, 1, 10]},
			"faces": {
				"north": {"uv": [0, 0, 1, 1], "texture": "#1"},
				"east": {"uv": [0, 0, 1, 1], "texture": "#1"},
				"south": {"uv": [0, 0, 1, 1], "texture": "#1"},
				"west": {"uv": [0, 0, 1, 1], "texture": "#1"},
				"up": {"uv": [0, 0, 1, 1], "texture": "#1"},
				"down": {"uv": [0, 0, 1, 1], "texture": "#1"}
			}
		},
		{
			"name": "hexadecagon",
			"from": [7.7812, 0.9, 8.9],
			"to": [8.2188, 1.3, 11.1],
			"rotation": {"angle": -45, "axis": "y", "origin": [8, 1.4, 10]},
			"faces": {
				"north": {"uv": [0, 0, 1, 1], "texture": "#0"},
				"east": {"uv": [0, 0, 1, 1], "texture": "#0"},
				"south": {"uv": [0, 0, 1, 1], "texture": "#0"},
				"west": {"uv": [0, 0, 1, 1], "texture": "#0"},
				"up": {"uv": [0, 0, 1, 1], "texture": "#0"},
				"down": {"uv": [0, 0, 1, 1], "texture": "#0"}
			}
		},
		{
			"name": "hexadecagon",
			"from": [7.7812, 0.9, 8.9],
			"to": [8.2188, 1.3, 11.1],
			"rotation": {"angle": -22.5, "axis": "y", "origin": [8, 1.4, 10]},
			"faces": {
				"north": {"uv": [0, 0, 1, 1], "texture": "#0"},
				"east": {"uv": [0, 0, 1, 1], "texture": "#0"},
				"south": {"uv": [0, 0, 1, 1], "texture": "#0"},
				"west": {"uv": [0, 0, 1, 1], "texture": "#0"},
				"up": {"uv": [0, 0, 1, 1], "texture": "#0"},
				"down": {"uv": [0, 0, 1, 1], "texture": "#0"}
			}
		},
		{
			"name": "hexadecagon",
			"from": [7.7812, 0.9, 8.9],
			"to": [8.2188, 1.3, 11.1],
			"rotation": {"angle": 0, "axis": "y", "origin": [8, 1.4, 10]},
			"faces": {
				"north": {"uv": [0, 0, 1, 1], "texture": "#0"},
				"east": {"uv": [0, 0, 1, 1], "texture": "#0"},
				"south": {"uv": [0, 0, 1, 1], "texture": "#0"},
				"west": {"uv": [0, 0, 1, 1], "texture": "#0"},
				"up": {"uv": [0, 0, 1, 1], "texture": "#0"},
				"down": {"uv": [0, 0, 1, 1], "texture": "#0"}
			}
		},
		{
			"name": "hexadecagon",
			"from": [7.7812, 0.9, 8.9],
			"to": [8.2188, 1.3, 11.1],
			"rotation": {"angle": 22.5, "axis": "y", "origin": [8, 1.4, 10]},
			"faces": {
				"north": {"uv": [0, 0, 1, 1], "texture": "#0"},
				"east": {"uv": [0, 0, 1, 1], "texture": "#0"},
				"south": {"uv": [0, 0, 1, 1], "texture": "#0"},
				"west": {"uv": [0, 0, 1, 1], "texture": "#0"},
				"up": {"uv": [0, 0, 1, 1], "texture": "#0"},
				"down": {"uv": [0, 0, 1, 1], "texture": "#0"}
			}
		},
		{
			"name": "hexadecagon",
			"from": [7.7812, 0.9, 8.9],
			"to": [8.2188, 1.3, 11.1],
			"rotation": {"angle": 45, "axis": "y", "origin": [8, 1.4, 10]},
			"faces": {
				"north": {"uv": [0, 0, 1, 1], "texture": "#0"},
				"east": {"uv": [0, 0, 1, 1], "texture": "#0"},
				"south": {"uv": [0, 0, 1, 1], "texture": "#0"},
				"west": {"uv": [0, 0, 1, 1], "texture": "#0"},
				"up": {"uv": [0, 0, 1, 1], "texture": "#0"},
				"down": {"uv": [0, 0, 1, 1], "texture": "#0"}
			}
		},
		{
			"name": "hexadecagon",
			"from": [6.9, 0.9, 9.7812],
			"to": [9.1, 1.3, 10.2188],
			"rotation": {"angle": -22.5, "axis": "y", "origin": [8, 1.4, 10]},
			"faces": {
				"north": {"uv": [0, 0, 1, 1], "texture": "#0"},
				"east": {"uv": [0, 0, 1, 1], "texture": "#0"},
				"south": {"uv": [0, 0, 1, 1], "texture": "#0"},
				"west": {"uv": [0, 0, 1, 1], "texture": "#0"},
				"up": {"uv": [0, 0, 1, 1], "texture": "#0"},
				"down": {"uv": [0, 0, 1, 1], "texture": "#0"}
			}
		},
		{
			"name": "hexadecagon",
			"from": [6.9, 0.9, 9.7812],
			"to": [9.1, 1.3, 10.2188],
			"rotation": {"angle": 0, "axis": "y", "origin": [8, 1.4, 10]},
			"faces": {
				"north": {"uv": [0, 0, 1, 1], "texture": "#0"},
				"east": {"uv": [0, 0, 1, 1], "texture": "#0"},
				"south": {"uv": [0, 0, 1, 1], "texture": "#0"},
				"west": {"uv": [0, 0, 1, 1], "texture": "#0"},
				"up": {"uv": [0, 0, 1, 1], "texture": "#0"},
				"down": {"uv": [0, 0, 1, 1], "texture": "#0"}
			}
		},
		{
			"name": "hexadecagon",
			"from": [6.9, 0.9, 9.7812],
			"to": [9.1, 1.3, 10.2188],
			"rotation": {"angle": 22.5, "axis": "y", "origin": [8, 1.4, 10]},
			"faces": {
				"north": {"uv": [0, 0, 1, 1], "texture": "#0"},
				"east": {"uv": [0, 0, 1, 1], "texture": "#0"},
				"south": {"uv": [0, 0, 1, 1], "texture": "#0"},
				"west": {"uv": [0, 0, 1, 1], "texture": "#0"},
				"up": {"uv": [0, 0, 1, 1], "texture": "#0"},
				"down": {"uv": [0, 0, 1, 1], "texture": "#0"}
			}
		},
		{
			"name": "hexadecagon",
			"from": [7.7812, 1.5, 8.9],
			"to": [8.2188, 1.8, 11.1],
			"rotation": {"angle": -45, "axis": "y", "origin": [8, 2, 10]},
			"faces": {
				"north": {"uv": [0, 0, 1, 1], "texture": "#2"},
				"east": {"uv": [0, 0, 1, 1], "texture": "#2"},
				"south": {"uv": [0, 0, 1, 1], "texture": "#2"},
				"west": {"uv": [0, 0, 1, 1], "texture": "#2"},
				"up": {"uv": [0, 0, 1, 1], "texture": "#2"},
				"down": {"uv": [0, 0, 1, 1], "texture": "#2"}
			}
		},
		{
			"name": "hexadecagon",
			"from": [7.7812, 1.5, 8.9],
			"to": [8.2188, 1.8, 11.1],
			"rotation": {"angle": -22.5, "axis": "y", "origin": [8, 2, 10]},
			"faces": {
				"north": {"uv": [0, 0, 1, 1], "texture": "#2"},
				"east": {"uv": [0, 0, 1, 1], "texture": "#2"},
				"south": {"uv": [0, 0, 1, 1], "texture": "#2"},
				"west": {"uv": [0, 0, 1, 1], "texture": "#2"},
				"up": {"uv": [0, 0, 1, 1], "texture": "#2"},
				"down": {"uv": [0, 0, 1, 1], "texture": "#2"}
			}
		},
		{
			"name": "hexadecagon",
			"from": [7.7812, 1.5, 8.9],
			"to": [8.2188, 1.8, 11.1],
			"rotation": {"angle": 0, "axis": "y", "origin": [8, 2, 10]},
			"faces": {
				"north": {"uv": [0, 0, 1, 1], "texture": "#2"},
				"east": {"uv": [0, 0, 1, 1], "texture": "#2"},
				"south": {"uv": [0, 0, 1, 1], "texture": "#2"},
				"west": {"uv": [0, 0, 1, 1], "texture": "#2"},
				"up": {"uv": [0, 0, 1, 1], "texture": "#2"},
				"down": {"uv": [0, 0, 1, 1], "texture": "#2"}
			}
		},
		{
			"name": "hexadecagon",
			"from": [7.7812, 1.5, 8.9],
			"to": [8.2188, 1.8, 11.1],
			"rotation": {"angle": 22.5, "axis": "y", "origin": [8, 2, 10]},
			"faces": {
				"north": {"uv": [0, 0, 1, 1], "texture": "#2"},
				"east": {"uv": [0, 0, 1, 1], "texture": "#2"},
				"south": {"uv": [0, 0, 1, 1], "texture": "#2"},
				"west": {"uv": [0, 0, 1, 1], "texture": "#2"},
				"up": {"uv": [0, 0, 1, 1], "texture": "#2"},
				"down": {"uv": [0, 0, 1, 1], "texture": "#2"}
			}
		},
		{
			"name": "hexadecagon",
			"from": [7.7812, 1.5, 8.9],
			"to": [8.2188, 1.8, 11.1],
			"rotation": {"angle": 45, "axis": "y", "origin": [8, 2, 10]},
			"faces": {
				"north": {"uv": [0, 0, 1, 1], "texture": "#2"},
				"east": {"uv": [0, 0, 1, 1], "texture": "#2"},
				"south": {"uv": [0, 0, 1, 1], "texture": "#2"},
				"west": {"uv": [0, 0, 1, 1], "texture": "#2"},
				"up": {"uv": [0, 0, 1, 1], "texture": "#2"},
				"down": {"uv": [0, 0, 1, 1], "texture": "#2"}
			}
		},
		{
			"name": "hexadecagon",
			"from": [6.9, 1.5, 9.7812],
			"to": [9.1, 1.8, 10.2188],
			"rotation": {"angle": -22.5, "axis": "y", "origin": [8, 2, 10]},
			"faces": {
				"north": {"uv": [0, 0, 1, 1], "texture": "#2"},
				"east": {"uv": [0, 0, 1, 1], "texture": "#2"},
				"south": {"uv": [0, 0, 1, 1], "texture": "#2"},
				"west": {"uv": [0, 0, 1, 1], "texture": "#2"},
				"up": {"uv": [0, 0, 1, 1], "texture": "#2"},
				"down": {"uv": [0, 0, 1, 1], "texture": "#2"}
			}
		},
		{
			"name": "hexadecagon",
			"from": [6.9, 1.5, 9.7812],
			"to": [9.1, 1.8, 10.2188],
			"rotation": {"angle": 0, "axis": "y", "origin": [8, 2, 10]},
			"faces": {
				"north": {"uv": [0, 0, 1, 1], "texture": "#2"},
				"east": {"uv": [0, 0, 1, 1], "texture": "#2"},
				"south": {"uv": [0, 0, 1, 1], "texture": "#2"},
				"west": {"uv": [0, 0, 1, 1], "texture": "#2"},
				"up": {"uv": [0, 0, 1, 1], "texture": "#2"},
				"down": {"uv": [0, 0, 1, 1], "texture": "#2"}
			}
		},
		{
			"name": "hexadecagon",
			"from": [6.9, 1.5, 9.7812],
			"to": [9.1, 1.8, 10.2188],
			"rotation": {"angle": 22.5, "axis": "y", "origin": [8, 2, 10]},
			"faces": {
				"north": {"uv": [0, 0, 1, 1], "texture": "#2"},
				"east": {"uv": [0, 0, 1, 1], "texture": "#2"},
				"south": {"uv": [0, 0, 1, 1], "texture": "#2"},
				"west": {"uv": [0, 0, 1, 1], "texture": "#2"},
				"up": {"uv": [0, 0, 1, 1], "texture": "#2"},
				"down": {"uv": [0, 0, 1, 1], "texture": "#2"}
			}
		},
		{
			"name": "hexadecagon",
			"from": [7.7812, 1.9, 8.9],
			"to": [8.2188, 2.3, 11.1],
			"rotation": {"angle": -45, "axis": "y", "origin": [8, 2.4, 10]},
			"faces": {
				"north": {"uv": [0, 0, 1, 1], "texture": "#0"},
				"east": {"uv": [0, 0, 1, 1], "texture": "#0"},
				"south": {"uv": [0, 0, 1, 1], "texture": "#0"},
				"west": {"uv": [0, 0, 1, 1], "texture": "#0"},
				"up": {"uv": [0, 0, 1, 1], "texture": "#0"},
				"down": {"uv": [0, 0, 1, 1], "texture": "#0"}
			}
		},
		{
			"name": "hexadecagon",
			"from": [7.7812, 1.9, 8.9],
			"to": [8.2188, 2.3, 11.1],
			"rotation": {"angle": -22.5, "axis": "y", "origin": [8, 2.4, 10]},
			"faces": {
				"north": {"uv": [0, 0, 1, 1], "texture": "#0"},
				"east": {"uv": [0, 0, 1, 1], "texture": "#0"},
				"south": {"uv": [0, 0, 1, 1], "texture": "#0"},
				"west": {"uv": [0, 0, 1, 1], "texture": "#0"},
				"up": {"uv": [0, 0, 1, 1], "texture": "#0"},
				"down": {"uv": [0, 0, 1, 1], "texture": "#0"}
			}
		},
		{
			"name": "hexadecagon",
			"from": [7.7812, 1.9, 8.9],
			"to": [8.2188, 2.3, 11.1],
			"rotation": {"angle": 0, "axis": "y", "origin": [8, 2.4, 10]},
			"faces": {
				"north": {"uv": [0, 0, 1, 1], "texture": "#0"},
				"east": {"uv": [0, 0, 1, 1], "texture": "#0"},
				"south": {"uv": [0, 0, 1, 1], "texture": "#0"},
				"west": {"uv": [0, 0, 1, 1], "texture": "#0"},
				"up": {"uv": [0, 0, 1, 1], "texture": "#0"},
				"down": {"uv": [0, 0, 1, 1], "texture": "#0"}
			}
		},
		{
			"name": "hexadecagon",
			"from": [7.7812, 1.9, 8.9],
			"to": [8.2188, 2.3, 11.1],
			"rotation": {"angle": 22.5, "axis": "y", "origin": [8, 2.4, 10]},
			"faces": {
				"north": {"uv": [0, 0, 1, 1], "texture": "#0"},
				"east": {"uv": [0, 0, 1, 1], "texture": "#0"},
				"south": {"uv": [0, 0, 1, 1], "texture": "#0"},
				"west": {"uv": [0, 0, 1, 1], "texture": "#0"},
				"up": {"uv": [0, 0, 1, 1], "texture": "#0"},
				"down": {"uv": [0, 0, 1, 1], "texture": "#0"}
			}
		},
		{
			"name": "hexadecagon",
			"from": [7.7812, 1.9, 8.9],
			"to": [8.2188, 2.3, 11.1],
			"rotation": {"angle": 45, "axis": "y", "origin": [8, 2.4, 10]},
			"faces": {
				"north": {"uv": [0, 0, 1, 1], "texture": "#0"},
				"east": {"uv": [0, 0, 1, 1], "texture": "#0"},
				"south": {"uv": [0, 0, 1, 1], "texture": "#0"},
				"west": {"uv": [0, 0, 1, 1], "texture": "#0"},
				"up": {"uv": [0, 0, 1, 1], "texture": "#0"},
				"down": {"uv": [0, 0, 1, 1], "texture": "#0"}
			}
		},
		{
			"name": "hexadecagon",
			"from": [6.9, 1.9, 9.7812],
			"to": [9.1, 2.3, 10.2188],
			"rotation": {"angle": -22.5, "axis": "y", "origin": [8, 2.4, 10]},
			"faces": {
				"north": {"uv": [0, 0, 1, 1], "texture": "#0"},
				"east": {"uv": [0, 0, 1, 1], "texture": "#0"},
				"south": {"uv": [0, 0, 1, 1], "texture": "#0"},
				"west": {"uv": [0, 0, 1, 1], "texture": "#0"},
				"up": {"uv": [0, 0, 1, 1], "texture": "#0"},
				"down": {"uv": [0, 0, 1, 1], "texture": "#0"}
			}
		},
		{
			"name": "hexadecagon",
			"from": [6.9, 1.9, 9.7812],
			"to": [9.1, 2.3, 10.2188],
			"rotation": {"angle": 0, "axis": "y", "origin": [8, 2.4, 10]},
			"faces": {
				"north": {"uv": [0, 0, 1, 1], "texture": "#0"},
				"east": {"uv": [0, 0, 1, 1], "texture": "#0"},
				"south": {"uv": [0, 0, 1, 1], "texture": "#0"},
				"west": {"uv": [0, 0, 1, 1], "texture": "#0"},
				"up": {"uv": [0, 0, 1, 1], "texture": "#0"},
				"down": {"uv": [0, 0, 1, 1], "texture": "#0"}
			}
		},
		{
			"name": "hexadecagon",
			"from": [6.9, 1.9, 9.7812],
			"to": [9.1, 2.3, 10.2188],
			"rotation": {"angle": 22.5, "axis": "y", "origin": [8, 2.4, 10]},
			"faces": {
				"north": {"uv": [0, 0, 1, 1], "texture": "#0"},
				"east": {"uv": [0, 0, 1, 1], "texture": "#0"},
				"south": {"uv": [0, 0, 1, 1], "texture": "#0"},
				"west": {"uv": [0, 0, 1, 1], "texture": "#0"},
				"up": {"uv": [0, 0, 1, 1], "texture": "#0"},
				"down": {"uv": [0, 0, 1, 1], "texture": "#0"}
			}
		},
		{
			"name": "hexadecagon",
			"from": [7.76131, 2.5, 8.8],
			"to": [8.23869, 3.5, 11.2],
			"rotation": {"angle": -45, "axis": "y", "origin": [8, 3, 10]},
			"faces": {
				"north": {"uv": [0, 0, 1, 1], "texture": "#0"},
				"east": {"uv": [0, 0, 1, 1], "texture": "#0"},
				"south": {"uv": [0, 0, 1, 1], "texture": "#0"},
				"west": {"uv": [0, 0, 1, 1], "texture": "#0"},
				"up": {"uv": [0, 0, 1, 1], "texture": "#0"},
				"down": {"uv": [0, 0, 1, 1], "texture": "#0"}
			}
		},
		{
			"name": "hexadecagon",
			"from": [7.76131, 2.5, 8.8],
			"to": [8.23869, 3.5, 11.2],
			"rotation": {"angle": -22.5, "axis": "y", "origin": [8, 3, 10]},
			"faces": {
				"north": {"uv": [0, 0, 1, 1], "texture": "#0"},
				"east": {"uv": [0, 0, 1, 1], "texture": "#0"},
				"south": {"uv": [0, 0, 1, 1], "texture": "#0"},
				"west": {"uv": [0, 0, 1, 1], "texture": "#0"},
				"up": {"uv": [0, 0, 1, 1], "texture": "#0"},
				"down": {"uv": [0, 0, 1, 1], "texture": "#0"}
			}
		},
		{
			"name": "hexadecagon",
			"from": [7.76131, 2.5, 8.8],
			"to": [8.23869, 3.5, 11.2],
			"rotation": {"angle": 0, "axis": "y", "origin": [8, 3, 10]},
			"faces": {
				"north": {"uv": [0, 0, 1, 1], "texture": "#0"},
				"east": {"uv": [0, 0, 1, 1], "texture": "#0"},
				"south": {"uv": [0, 0, 1, 1], "texture": "#0"},
				"west": {"uv": [0, 0, 1, 1], "texture": "#0"},
				"up": {"uv": [0, 0, 1, 1], "texture": "#0"},
				"down": {"uv": [0, 0, 1, 1], "texture": "#0"}
			}
		},
		{
			"name": "hexadecagon",
			"from": [7.76131, 2.5, 8.8],
			"to": [8.23869, 3.5, 11.2],
			"rotation": {"angle": 22.5, "axis": "y", "origin": [8, 3, 10]},
			"faces": {
				"north": {"uv": [0, 0, 1, 1], "texture": "#0"},
				"east": {"uv": [0, 0, 1, 1], "texture": "#0"},
				"south": {"uv": [0, 0, 1, 1], "texture": "#0"},
				"west": {"uv": [0, 0, 1, 1], "texture": "#0"},
				"up": {"uv": [0, 0, 1, 1], "texture": "#0"},
				"down": {"uv": [0, 0, 1, 1], "texture": "#0"}
			}
		},
		{
			"name": "hexadecagon",
			"from": [7.76131, 2.5, 8.8],
			"to": [8.23869, 3.5, 11.2],
			"rotation": {"angle": 45, "axis": "y", "origin": [8, 3, 10]},
			"faces": {
				"north": {"uv": [0, 0, 1, 1], "texture": "#0"},
				"east": {"uv": [0, 0, 1, 1], "texture": "#0"},
				"south": {"uv": [0, 0, 1, 1], "texture": "#0"},
				"west": {"uv": [0, 0, 1, 1], "texture": "#0"},
				"up": {"uv": [0, 0, 1, 1], "texture": "#0"},
				"down": {"uv": [0, 0, 1, 1], "texture": "#0"}
			}
		},
		{
			"name": "hexadecagon",
			"from": [6.8, 2.5, 9.76131],
			"to": [9.2, 3.5, 10.23869],
			"rotation": {"angle": -22.5, "axis": "y", "origin": [8, 3, 10]},
			"faces": {
				"north": {"uv": [0, 0, 1, 1], "texture": "#0"},
				"east": {"uv": [0, 0, 1, 1], "texture": "#0"},
				"south": {"uv": [0, 0, 1, 1], "texture": "#0"},
				"west": {"uv": [0, 0, 1, 1], "texture": "#0"},
				"up": {"uv": [0, 0, 1, 1], "texture": "#0"},
				"down": {"uv": [0, 0, 1, 1], "texture": "#0"}
			}
		},
		{
			"name": "hexadecagon",
			"from": [6.8, 2.5, 9.76131],
			"to": [9.2, 3.5, 10.23869],
			"rotation": {"angle": 0, "axis": "y", "origin": [8, 3, 10]},
			"faces": {
				"north": {"uv": [0, 0, 1, 1], "texture": "#0"},
				"east": {"uv": [0, 0, 1, 1], "texture": "#0"},
				"south": {"uv": [0, 0, 1, 1], "texture": "#0"},
				"west": {"uv": [0, 0, 1, 1], "texture": "#0"},
				"up": {"uv": [0, 0, 1, 1], "texture": "#0"},
				"down": {"uv": [0, 0, 1, 1], "texture": "#0"}
			}
		},
		{
			"name": "hexadecagon",
			"from": [6.8, 2.5, 9.76131],
			"to": [9.2, 3.5, 10.23869],
			"rotation": {"angle": 22.5, "axis": "y", "origin": [8, 3, 10]},
			"faces": {
				"north": {"uv": [0, 0, 1, 1], "texture": "#0"},
				"east": {"uv": [0, 0, 1, 1], "texture": "#0"},
				"south": {"uv": [0, 0, 1, 1], "texture": "#0"},
				"west": {"uv": [0, 0, 1, 1], "texture": "#0"},
				"up": {"uv": [0, 0, 1, 1], "texture": "#0"},
				"down": {"uv": [0, 0, 1, 1], "texture": "#0"}
			}
		},
		{
			"name": "hexadecagon",
			"from": [7.76131, 4.5, 8.8],
			"to": [8.23869, 5.5, 11.2],
			"rotation": {"angle": -45, "axis": "y", "origin": [8, 5, 10]},
			"faces": {
				"north": {"uv": [0, 0, 1, 1], "texture": "#0"},
				"east": {"uv": [0, 0, 1, 1], "texture": "#0"},
				"south": {"uv": [0, 0, 1, 1], "texture": "#0"},
				"west": {"uv": [0, 0, 1, 1], "texture": "#0"},
				"up": {"uv": [0, 0, 1, 1], "texture": "#0"},
				"down": {"uv": [0, 0, 1, 1], "texture": "#0"}
			}
		},
		{
			"name": "hexadecagon",
			"from": [7.76131, 4.5, 8.8],
			"to": [8.23869, 5.5, 11.2],
			"rotation": {"angle": -22.5, "axis": "y", "origin": [8, 5, 10]},
			"faces": {
				"north": {"uv": [0, 0, 1, 1], "texture": "#0"},
				"east": {"uv": [0, 0, 1, 1], "texture": "#0"},
				"south": {"uv": [0, 0, 1, 1], "texture": "#0"},
				"west": {"uv": [0, 0, 1, 1], "texture": "#0"},
				"up": {"uv": [0, 0, 1, 1], "texture": "#0"},
				"down": {"uv": [0, 0, 1, 1], "texture": "#0"}
			}
		},
		{
			"name": "hexadecagon",
			"from": [7.76131, 4.5, 8.8],
			"to": [8.23869, 5.5, 11.2],
			"rotation": {"angle": 0, "axis": "y", "origin": [8, 5, 10]},
			"faces": {
				"north": {"uv": [0, 0, 1, 1], "texture": "#0"},
				"east": {"uv": [0, 0, 1, 1], "texture": "#0"},
				"south": {"uv": [0, 0, 1, 1], "texture": "#0"},
				"west": {"uv": [0, 0, 1, 1], "texture": "#0"},
				"up": {"uv": [0, 0, 1, 1], "texture": "#0"},
				"down": {"uv": [0, 0, 1, 1], "texture": "#0"}
			}
		},
		{
			"name": "hexadecagon",
			"from": [7.76131, 4.5, 8.8],
			"to": [8.23869, 5.5, 11.2],
			"rotation": {"angle": 22.5, "axis": "y", "origin": [8, 5, 10]},
			"faces": {
				"north": {"uv": [0, 0, 1, 1], "texture": "#0"},
				"east": {"uv": [0, 0, 1, 1], "texture": "#0"},
				"south": {"uv": [0, 0, 1, 1], "texture": "#0"},
				"west": {"uv": [0, 0, 1, 1], "texture": "#0"},
				"up": {"uv": [0, 0, 1, 1], "texture": "#0"},
				"down": {"uv": [0, 0, 1, 1], "texture": "#0"}
			}
		},
		{
			"name": "hexadecagon",
			"from": [7.76131, 4.5, 8.8],
			"to": [8.23869, 5.5, 11.2],
			"rotation": {"angle": 45, "axis": "y", "origin": [8, 5, 10]},
			"faces": {
				"north": {"uv": [0, 0, 1, 1], "texture": "#0"},
				"east": {"uv": [0, 0, 1, 1], "texture": "#0"},
				"south": {"uv": [0, 0, 1, 1], "texture": "#0"},
				"west": {"uv": [0, 0, 1, 1], "texture": "#0"},
				"up": {"uv": [0, 0, 1, 1], "texture": "#0"},
				"down": {"uv": [0, 0, 1, 1], "texture": "#0"}
			}
		},
		{
			"name": "hexadecagon",
			"from": [6.8, 4.5, 9.76131],
			"to": [9.2, 5.5, 10.23869],
			"rotation": {"angle": -22.5, "axis": "y", "origin": [8, 5, 10]},
			"faces": {
				"north": {"uv": [0, 0, 1, 1], "texture": "#0"},
				"east": {"uv": [0, 0, 1, 1], "texture": "#0"},
				"south": {"uv": [0, 0, 1, 1], "texture": "#0"},
				"west": {"uv": [0, 0, 1, 1], "texture": "#0"},
				"up": {"uv": [0, 0, 1, 1], "texture": "#0"},
				"down": {"uv": [0, 0, 1, 1], "texture": "#0"}
			}
		},
		{
			"name": "hexadecagon",
			"from": [6.8, 4.5, 9.76131],
			"to": [9.2, 5.5, 10.23869],
			"rotation": {"angle": 0, "axis": "y", "origin": [8, 5, 10]},
			"faces": {
				"north": {"uv": [0, 0, 1, 1], "texture": "#0"},
				"east": {"uv": [0, 0, 1, 1], "texture": "#0"},
				"south": {"uv": [0, 0, 1, 1], "texture": "#0"},
				"west": {"uv": [0, 0, 1, 1], "texture": "#0"},
				"up": {"uv": [0, 0, 1, 1], "texture": "#0"},
				"down": {"uv": [0, 0, 1, 1], "texture": "#0"}
			}
		},
		{
			"name": "hexadecagon",
			"from": [6.8, 4.5, 9.76131],
			"to": [9.2, 5.5, 10.23869],
			"rotation": {"angle": 22.5, "axis": "y", "origin": [8, 5, 10]},
			"faces": {
				"north": {"uv": [0, 0, 1, 1], "texture": "#0"},
				"east": {"uv": [0, 0, 1, 1], "texture": "#0"},
				"south": {"uv": [0, 0, 1, 1], "texture": "#0"},
				"west": {"uv": [0, 0, 1, 1], "texture": "#0"},
				"up": {"uv": [0, 0, 1, 1], "texture": "#0"},
				"down": {"uv": [0, 0, 1, 1], "texture": "#0"}
			}
		},
		{
			"name": "hexadecagon",
			"from": [7.7812, 4.3, 8.9],
			"to": [8.2188, 4.55, 11.1],
			"rotation": {"angle": -45, "axis": "y", "origin": [8, 4.8, 10]},
			"faces": {
				"north": {"uv": [0, 0, 1, 1], "texture": "#2"},
				"east": {"uv": [0, 0, 1, 1], "texture": "#2"},
				"south": {"uv": [0, 0, 1, 1], "texture": "#2"},
				"west": {"uv": [0, 0, 1, 1], "texture": "#2"},
				"up": {"uv": [0, 0, 1, 1], "texture": "#2"},
				"down": {"uv": [0, 0, 1, 1], "texture": "#2"}
			}
		},
		{
			"name": "hexadecagon",
			"from": [7.7812, 4.3, 8.9],
			"to": [8.2188, 4.55, 11.1],
			"rotation": {"angle": -22.5, "axis": "y", "origin": [8, 4.8, 10]},
			"faces": {
				"north": {"uv": [0, 0, 1, 1], "texture": "#2"},
				"east": {"uv": [0, 0, 1, 1], "texture": "#2"},
				"south": {"uv": [0, 0, 1, 1], "texture": "#2"},
				"west": {"uv": [0, 0, 1, 1], "texture": "#2"},
				"up": {"uv": [0, 0, 1, 1], "texture": "#2"},
				"down": {"uv": [0, 0, 1, 1], "texture": "#2"}
			}
		},
		{
			"name": "hexadecagon",
			"from": [7.7812, 3.3, 8.7],
			"to": [8.2188, 5.55, 11.3],
			"rotation": {"angle": 0, "axis": "y", "origin": [8, 4.8, 10]},
			"faces": {
				"north": {"uv": [0, 0, 1, 1], "texture": "#2"},
				"east": {"uv": [0, 0, 1, 1], "texture": "#2"},
				"south": {"uv": [0, 0, 1, 1], "texture": "#2"},
				"west": {"uv": [0, 0, 1, 1], "texture": "#2"},
				"up": {"uv": [0, 0, 1, 1], "texture": "#2"},
				"down": {"uv": [0, 0, 1, 1], "texture": "#2"}
			}
		},
		{
			"name": "hexadecagon",
			"from": [7.7812, 4.3, 8.9],
			"to": [8.2188, 4.55, 11.1],
			"rotation": {"angle": 22.5, "axis": "y", "origin": [8, 4.8, 10]},
			"faces": {
				"north": {"uv": [0, 0, 1, 1], "texture": "#2"},
				"east": {"uv": [0, 0, 1, 1], "texture": "#2"},
				"south": {"uv": [0, 0, 1, 1], "texture": "#2"},
				"west": {"uv": [0, 0, 1, 1], "texture": "#2"},
				"up": {"uv": [0, 0, 1, 1], "texture": "#2"},
				"down": {"uv": [0, 0, 1, 1], "texture": "#2"}
			}
		},
		{
			"name": "hexadecagon",
			"from": [7.7812, 4.3, 8.9],
			"to": [8.2188, 4.55, 11.1],
			"rotation": {"angle": 45, "axis": "y", "origin": [8, 4.8, 10]},
			"faces": {
				"north": {"uv": [0, 0, 1, 1], "texture": "#2"},
				"east": {"uv": [0, 0, 1, 1], "texture": "#2"},
				"south": {"uv": [0, 0, 1, 1], "texture": "#2"},
				"west": {"uv": [0, 0, 1, 1], "texture": "#2"},
				"up": {"uv": [0, 0, 1, 1], "texture": "#2"},
				"down": {"uv": [0, 0, 1, 1], "texture": "#2"}
			}
		},
		{
			"name": "hexadecagon",
			"from": [6.9, 4.3, 9.7812],
			"to": [9.1, 4.55, 10.2188],
			"rotation": {"angle": -22.5, "axis": "y", "origin": [8, 4.8, 10]},
			"faces": {
				"north": {"uv": [0, 0, 1, 1], "texture": "#2"},
				"east": {"uv": [0, 0, 1, 1], "texture": "#2"},
				"south": {"uv": [0, 0, 1, 1], "texture": "#2"},
				"west": {"uv": [0, 0, 1, 1], "texture": "#2"},
				"up": {"uv": [0, 0, 1, 1], "texture": "#2"},
				"down": {"uv": [0, 0, 1, 1], "texture": "#2"}
			}
		},
		{
			"name": "hexadecagon",
			"from": [6.7, 3.3, 9.7812],
			"to": [9.3, 5.55, 10.2188],
			"rotation": {"angle": 0, "axis": "y", "origin": [8, 4.8, 10]},
			"faces": {
				"north": {"uv": [0, 0, 1, 1], "texture": "#2"},
				"east": {"uv": [0, 0, 1, 1], "texture": "#2"},
				"south": {"uv": [0, 0, 1, 1], "texture": "#2"},
				"west": {"uv": [0, 0, 1, 1], "texture": "#2"},
				"up": {"uv": [0, 0, 1, 1], "texture": "#2"},
				"down": {"uv": [0, 0, 1, 1], "texture": "#2"}
			}
		},
		{
			"name": "hexadecagon",
			"from": [6.9, 4.3, 9.7812],
			"to": [9.1, 4.55, 10.2188],
			"rotation": {"angle": 22.5, "axis": "y", "origin": [8, 4.8, 10]},
			"faces": {
				"north": {"uv": [0, 0, 1, 1], "texture": "#2"},
				"east": {"uv": [0, 0, 1, 1], "texture": "#2"},
				"south": {"uv": [0, 0, 1, 1], "texture": "#2"},
				"west": {"uv": [0, 0, 1, 1], "texture": "#2"},
				"up": {"uv": [0, 0, 1, 1], "texture": "#2"},
				"down": {"uv": [0, 0, 1, 1], "texture": "#2"}
			}
		},
		{
			"name": "hexadecagon",
			"from": [7.7812, 5.5, 8.9],
			"to": [8.2188, 5.7, 11.1],
			"rotation": {"angle": -45, "axis": "y", "origin": [8, 6, 10]},
			"faces": {
				"north": {"uv": [0, 0, 1, 1], "texture": "#0"},
				"east": {"uv": [0, 0, 1, 1], "texture": "#0"},
				"south": {"uv": [0, 0, 1, 1], "texture": "#0"},
				"west": {"uv": [0, 0, 1, 1], "texture": "#0"},
				"up": {"uv": [0, 0, 1, 1], "texture": "#0"},
				"down": {"uv": [0, 0, 1, 1], "texture": "#0"}
			}
		},
		{
			"name": "hexadecagon",
			"from": [7.7812, 5.5, 8.9],
			"to": [8.2188, 5.7, 11.1],
			"rotation": {"angle": -22.5, "axis": "y", "origin": [8, 6, 10]},
			"faces": {
				"north": {"uv": [0, 0, 1, 1], "texture": "#0"},
				"east": {"uv": [0, 0, 1, 1], "texture": "#0"},
				"south": {"uv": [0, 0, 1, 1], "texture": "#0"},
				"west": {"uv": [0, 0, 1, 1], "texture": "#0"},
				"up": {"uv": [0, 0, 1, 1], "texture": "#0"},
				"down": {"uv": [0, 0, 1, 1], "texture": "#0"}
			}
		},
		{
			"name": "hexadecagon",
			"from": [7.7812, 5.5, 8.9],
			"to": [8.2188, 5.7, 11.1],
			"rotation": {"angle": 0, "axis": "y", "origin": [8, 6, 10]},
			"faces": {
				"north": {"uv": [0, 0, 1, 1], "texture": "#0"},
				"east": {"uv": [0, 0, 1, 1], "texture": "#0"},
				"south": {"uv": [0, 0, 1, 1], "texture": "#0"},
				"west": {"uv": [0, 0, 1, 1], "texture": "#0"},
				"up": {"uv": [0, 0, 1, 1], "texture": "#0"},
				"down": {"uv": [0, 0, 1, 1], "texture": "#0"}
			}
		},
		{
			"name": "hexadecagon",
			"from": [7.7812, 5.5, 8.9],
			"to": [8.2188, 5.7, 11.1],
			"rotation": {"angle": 22.5, "axis": "y", "origin": [8, 6, 10]},
			"faces": {
				"north": {"uv": [0, 0, 1, 1], "texture": "#0"},
				"east": {"uv": [0, 0, 1, 1], "texture": "#0"},
				"south": {"uv": [0, 0, 1, 1], "texture": "#0"},
				"west": {"uv": [0, 0, 1, 1], "texture": "#0"},
				"up": {"uv": [0, 0, 1, 1], "texture": "#0"},
				"down": {"uv": [0, 0, 1, 1], "texture": "#0"}
			}
		},
		{
			"name": "hexadecagon",
			"from": [7.7812, 5.5, 8.9],
			"to": [8.2188, 5.7, 11.1],
			"rotation": {"angle": 45, "axis": "y", "origin": [8, 6, 10]},
			"faces": {
				"north": {"uv": [0, 0, 1, 1], "texture": "#0"},
				"east": {"uv": [0, 0, 1, 1], "texture": "#0"},
				"south": {"uv": [0, 0, 1, 1], "texture": "#0"},
				"west": {"uv": [0, 0, 1, 1], "texture": "#0"},
				"up": {"uv": [0, 0, 1, 1], "texture": "#0"},
				"down": {"uv": [0, 0, 1, 1], "texture": "#0"}
			}
		},
		{
			"name": "hexadecagon",
			"from": [6.9, 5.5, 9.7812],
			"to": [9.1, 5.7, 10.2188],
			"rotation": {"angle": -22.5, "axis": "y", "origin": [8, 6, 10]},
			"faces": {
				"north": {"uv": [0, 0, 1, 1], "texture": "#0"},
				"east": {"uv": [0, 0, 1, 1], "texture": "#0"},
				"south": {"uv": [0, 0, 1, 1], "texture": "#0"},
				"west": {"uv": [0, 0, 1, 1], "texture": "#0"},
				"up": {"uv": [0, 0, 1, 1], "texture": "#0"},
				"down": {"uv": [0, 0, 1, 1], "texture": "#0"}
			}
		},
		{
			"name": "hexadecagon",
			"from": [6.9, 5.5, 9.7812],
			"to": [9.1, 5.7, 10.2188],
			"rotation": {"angle": 0, "axis": "y", "origin": [8, 6, 10]},
			"faces": {
				"north": {"uv": [0, 0, 1, 1], "texture": "#0"},
				"east": {"uv": [0, 0, 1, 1], "texture": "#0"},
				"south": {"uv": [0, 0, 1, 1], "texture": "#0"},
				"west": {"uv": [0, 0, 1, 1], "texture": "#0"},
				"up": {"uv": [0, 0, 1, 1], "texture": "#0"},
				"down": {"uv": [0, 0, 1, 1], "texture": "#0"}
			}
		},
		{
			"name": "hexadecagon",
			"from": [6.9, 5.5, 9.7812],
			"to": [9.1, 5.7, 10.2188],
			"rotation": {"angle": 22.5, "axis": "y", "origin": [8, 6, 10]},
			"faces": {
				"north": {"uv": [0, 0, 1, 1], "texture": "#0"},
				"east": {"uv": [0, 0, 1, 1], "texture": "#0"},
				"south": {"uv": [0, 0, 1, 1], "texture": "#0"},
				"west": {"uv": [0, 0, 1, 1], "texture": "#0"},
				"up": {"uv": [0, 0, 1, 1], "texture": "#0"},
				"down": {"uv": [0, 0, 1, 1], "texture": "#0"}
			}
		},
		{
			"name": "hexadecagon",
			"from": [7.7812, 5.8, 8.9],
			"to": [8.2188, 6, 11.1],
			"rotation": {"angle": -45, "axis": "y", "origin": [8, 6.3, 10]},
			"faces": {
				"north": {"uv": [0, 0, 1, 1], "texture": "#0"},
				"east": {"uv": [0, 0, 1, 1], "texture": "#0"},
				"south": {"uv": [0, 0, 1, 1], "texture": "#0"},
				"west": {"uv": [0, 0, 1, 1], "texture": "#0"},
				"up": {"uv": [0, 0, 1, 1], "texture": "#0"},
				"down": {"uv": [0, 0, 1, 1], "texture": "#0"}
			}
		},
		{
			"name": "hexadecagon",
			"from": [7.7812, 5.8, 8.9],
			"to": [8.2188, 6, 11.1],
			"rotation": {"angle": -22.5, "axis": "y", "origin": [8, 6.3, 10]},
			"faces": {
				"north": {"uv": [0, 0, 1, 1], "texture": "#0"},
				"east": {"uv": [0, 0, 1, 1], "texture": "#0"},
				"south": {"uv": [0, 0, 1, 1], "texture": "#0"},
				"west": {"uv": [0, 0, 1, 1], "texture": "#0"},
				"up": {"uv": [0, 0, 1, 1], "texture": "#0"},
				"down": {"uv": [0, 0, 1, 1], "texture": "#0"}
			}
		},
		{
			"name": "hexadecagon",
			"from": [7.7812, 5.8, 8.9],
			"to": [8.2188, 6, 11.1],
			"rotation": {"angle": 0, "axis": "y", "origin": [8, 6.3, 10]},
			"faces": {
				"north": {"uv": [0, 0, 1, 1], "texture": "#0"},
				"east": {"uv": [0, 0, 1, 1], "texture": "#0"},
				"south": {"uv": [0, 0, 1, 1], "texture": "#0"},
				"west": {"uv": [0, 0, 1, 1], "texture": "#0"},
				"up": {"uv": [0, 0, 1, 1], "texture": "#0"},
				"down": {"uv": [0, 0, 1, 1], "texture": "#0"}
			}
		},
		{
			"name": "hexadecagon",
			"from": [7.7812, 5.8, 8.9],
			"to": [8.2188, 6, 11.1],
			"rotation": {"angle": 22.5, "axis": "y", "origin": [8, 6.3, 10]},
			"faces": {
				"north": {"uv": [0, 0, 1, 1], "texture": "#0"},
				"east": {"uv": [0, 0, 1, 1], "texture": "#0"},
				"south": {"uv": [0, 0, 1, 1], "texture": "#0"},
				"west": {"uv": [0, 0, 1, 1], "texture": "#0"},
				"up": {"uv": [0, 0, 1, 1], "texture": "#0"},
				"down": {"uv": [0, 0, 1, 1], "texture": "#0"}
			}
		},
		{
			"name": "hexadecagon",
			"from": [7.7812, 5.8, 8.9],
			"to": [8.2188, 6, 11.1],
			"rotation": {"angle": 45, "axis": "y", "origin": [8, 6.3, 10]},
			"faces": {
				"north": {"uv": [0, 0, 1, 1], "texture": "#0"},
				"east": {"uv": [0, 0, 1, 1], "texture": "#0"},
				"south": {"uv": [0, 0, 1, 1], "texture": "#0"},
				"west": {"uv": [0, 0, 1, 1], "texture": "#0"},
				"up": {"uv": [0, 0, 1, 1], "texture": "#0"},
				"down": {"uv": [0, 0, 1, 1], "texture": "#0"}
			}
		},
		{
			"name": "hexadecagon",
			"from": [6.9, 5.8, 9.7812],
			"to": [9.1, 6, 10.2188],
			"rotation": {"angle": -22.5, "axis": "y", "origin": [8, 6.3, 10]},
			"faces": {
				"north": {"uv": [0, 0, 1, 1], "texture": "#0"},
				"east": {"uv": [0, 0, 1, 1], "texture": "#0"},
				"south": {"uv": [0, 0, 1, 1], "texture": "#0"},
				"west": {"uv": [0, 0, 1, 1], "texture": "#0"},
				"up": {"uv": [0, 0, 1, 1], "texture": "#0"},
				"down": {"uv": [0, 0, 1, 1], "texture": "#0"}
			}
		},
		{
			"name": "hexadecagon",
			"from": [6.9, 5.8, 9.7812],
			"to": [9.1, 6, 10.2188],
			"rotation": {"angle": 0, "axis": "y", "origin": [8, 6.3, 10]},
			"faces": {
				"north": {"uv": [0, 0, 1, 1], "texture": "#0"},
				"east": {"uv": [0, 0, 1, 1], "texture": "#0"},
				"south": {"uv": [0, 0, 1, 1], "texture": "#0"},
				"west": {"uv": [0, 0, 1, 1], "texture": "#0"},
				"up": {"uv": [0, 0, 1, 1], "texture": "#0"},
				"down": {"uv": [0, 0, 1, 1], "texture": "#0"}
			}
		},
		{
			"name": "hexadecagon",
			"from": [6.9, 5.8, 9.7812],
			"to": [9.1, 6, 10.2188],
			"rotation": {"angle": 22.5, "axis": "y", "origin": [8, 6.3, 10]},
			"faces": {
				"north": {"uv": [0, 0, 1, 1], "texture": "#0"},
				"east": {"uv": [0, 0, 1, 1], "texture": "#0"},
				"south": {"uv": [0, 0, 1, 1], "texture": "#0"},
				"west": {"uv": [0, 0, 1, 1], "texture": "#0"},
				"up": {"uv": [0, 0, 1, 1], "texture": "#0"},
				"down": {"uv": [0, 0, 1, 1], "texture": "#0"}
			}
		},
		{
			"name": "hexadecagon",
			"from": [7.7812, 6.1, 8.9],
			"to": [8.2188, 6.3, 11.1],
			"rotation": {"angle": -45, "axis": "y", "origin": [8, 6.6, 10]},
			"faces": {
				"north": {"uv": [0, 0, 1, 1], "texture": "#0"},
				"east": {"uv": [0, 0, 1, 1], "texture": "#0"},
				"south": {"uv": [0, 0, 1, 1], "texture": "#0"},
				"west": {"uv": [0, 0, 1, 1], "texture": "#0"},
				"up": {"uv": [0, 0, 1, 1], "texture": "#0"},
				"down": {"uv": [0, 0, 1, 1], "texture": "#0"}
			}
		},
		{
			"name": "hexadecagon",
			"from": [7.7812, 6.1, 8.9],
			"to": [8.2188, 6.3, 11.1],
			"rotation": {"angle": -22.5, "axis": "y", "origin": [8, 6.6, 10]},
			"faces": {
				"north": {"uv": [0, 0, 1, 1], "texture": "#0"},
				"east": {"uv": [0, 0, 1, 1], "texture": "#0"},
				"south": {"uv": [0, 0, 1, 1], "texture": "#0"},
				"west": {"uv": [0, 0, 1, 1], "texture": "#0"},
				"up": {"uv": [0, 0, 1, 1], "texture": "#0"},
				"down": {"uv": [0, 0, 1, 1], "texture": "#0"}
			}
		},
		{
			"name": "hexadecagon",
			"from": [7.7812, 6.1, 8.9],
			"to": [8.2188, 6.3, 11.1],
			"rotation": {"angle": 0, "axis": "y", "origin": [8, 6.6, 10]},
			"faces": {
				"north": {"uv": [0, 0, 1, 1], "texture": "#0"},
				"east": {"uv": [0, 0, 1, 1], "texture": "#0"},
				"south": {"uv": [0, 0, 1, 1], "texture": "#0"},
				"west": {"uv": [0, 0, 1, 1], "texture": "#0"},
				"up": {"uv": [0, 0, 1, 1], "texture": "#0"},
				"down": {"uv": [0, 0, 1, 1], "texture": "#0"}
			}
		},
		{
			"name": "hexadecagon",
			"from": [7.7812, 6.1, 8.9],
			"to": [8.2188, 6.3, 11.1],
			"rotation": {"angle": 22.5, "axis": "y", "origin": [8, 6.6, 10]},
			"faces": {
				"north": {"uv": [0, 0, 1, 1], "texture": "#0"},
				"east": {"uv": [0, 0, 1, 1], "texture": "#0"},
				"south": {"uv": [0, 0, 1, 1], "texture": "#0"},
				"west": {"uv": [0, 0, 1, 1], "texture": "#0"},
				"up": {"uv": [0, 0, 1, 1], "texture": "#0"},
				"down": {"uv": [0, 0, 1, 1], "texture": "#0"}
			}
		},
		{
			"name": "hexadecagon",
			"from": [7.7812, 6.1, 8.9],
			"to": [8.2188, 6.3, 11.1],
			"rotation": {"angle": 45, "axis": "y", "origin": [8, 6.6, 10]},
			"faces": {
				"north": {"uv": [0, 0, 1, 1], "texture": "#0"},
				"east": {"uv": [0, 0, 1, 1], "texture": "#0"},
				"south": {"uv": [0, 0, 1, 1], "texture": "#0"},
				"west": {"uv": [0, 0, 1, 1], "texture": "#0"},
				"up": {"uv": [0, 0, 1, 1], "texture": "#0"},
				"down": {"uv": [0, 0, 1, 1], "texture": "#0"}
			}
		},
		{
			"name": "hexadecagon",
			"from": [6.9, 6.1, 9.7812],
			"to": [9.1, 6.3, 10.2188],
			"rotation": {"angle": -22.5, "axis": "y", "origin": [8, 6.6, 10]},
			"faces": {
				"north": {"uv": [0, 0, 1, 1], "texture": "#0"},
				"east": {"uv": [0, 0, 1, 1], "texture": "#0"},
				"south": {"uv": [0, 0, 1, 1], "texture": "#0"},
				"west": {"uv": [0, 0, 1, 1], "texture": "#0"},
				"up": {"uv": [0, 0, 1, 1], "texture": "#0"},
				"down": {"uv": [0, 0, 1, 1], "texture": "#0"}
			}
		},
		{
			"name": "hexadecagon",
			"from": [6.9, 6.1, 9.7812],
			"to": [9.1, 6.3, 10.2188],
			"rotation": {"angle": 0, "axis": "y", "origin": [8, 6.6, 10]},
			"faces": {
				"north": {"uv": [0, 0, 1, 1], "texture": "#0"},
				"east": {"uv": [0, 0, 1, 1], "texture": "#0"},
				"south": {"uv": [0, 0, 1, 1], "texture": "#0"},
				"west": {"uv": [0, 0, 1, 1], "texture": "#0"},
				"up": {"uv": [0, 0, 1, 1], "texture": "#0"},
				"down": {"uv": [0, 0, 1, 1], "texture": "#0"}
			}
		},
		{
			"name": "hexadecagon",
			"from": [6.9, 6.1, 9.7812],
			"to": [9.1, 6.3, 10.2188],
			"rotation": {"angle": 22.5, "axis": "y", "origin": [8, 6.6, 10]},
			"faces": {
				"north": {"uv": [0, 0, 1, 1], "texture": "#0"},
				"east": {"uv": [0, 0, 1, 1], "texture": "#0"},
				"south": {"uv": [0, 0, 1, 1], "texture": "#0"},
				"west": {"uv": [0, 0, 1, 1], "texture": "#0"},
				"up": {"uv": [0, 0, 1, 1], "texture": "#0"},
				"down": {"uv": [0, 0, 1, 1], "texture": "#0"}
			}
		},
		{
			"name": "hexadecagon",
			"from": [7.7812, 6.4, 8.9],
			"to": [8.2188, 6.6, 11.1],
			"rotation": {"angle": -45, "axis": "y", "origin": [8, 6.9, 10]},
			"faces": {
				"north": {"uv": [0, 0, 1, 1], "texture": "#0"},
				"east": {"uv": [0, 0, 1, 1], "texture": "#0"},
				"south": {"uv": [0, 0, 1, 1], "texture": "#0"},
				"west": {"uv": [0, 0, 1, 1], "texture": "#0"},
				"up": {"uv": [0, 0, 1, 1], "texture": "#0"},
				"down": {"uv": [0, 0, 1, 1], "texture": "#0"}
			}
		},
		{
			"name": "hexadecagon",
			"from": [7.7812, 6.4, 8.9],
			"to": [8.2188, 6.6, 11.1],
			"rotation": {"angle": -22.5, "axis": "y", "origin": [8, 6.9, 10]},
			"faces": {
				"north": {"uv": [0, 0, 1, 1], "texture": "#0"},
				"east": {"uv": [0, 0, 1, 1], "texture": "#0"},
				"south": {"uv": [0, 0, 1, 1], "texture": "#0"},
				"west": {"uv": [0, 0, 1, 1], "texture": "#0"},
				"up": {"uv": [0, 0, 1, 1], "texture": "#0"},
				"down": {"uv": [0, 0, 1, 1], "texture": "#0"}
			}
		},
		{
			"name": "hexadecagon",
			"from": [7.7812, 6.4, 8.9],
			"to": [8.2188, 6.6, 11.1],
			"rotation": {"angle": 0, "axis": "y", "origin": [8, 6.9, 10]},
			"faces": {
				"north": {"uv": [0, 0, 1, 1], "texture": "#0"},
				"east": {"uv": [0, 0, 1, 1], "texture": "#0"},
				"south": {"uv": [0, 0, 1, 1], "texture": "#0"},
				"west": {"uv": [0, 0, 1, 1], "texture": "#0"},
				"up": {"uv": [0, 0, 1, 1], "texture": "#0"},
				"down": {"uv": [0, 0, 1, 1], "texture": "#0"}
			}
		},
		{
			"name": "hexadecagon",
			"from": [7.7812, 6.4, 8.9],
			"to": [8.2188, 6.6, 11.1],
			"rotation": {"angle": 22.5, "axis": "y", "origin": [8, 6.9, 10]},
			"faces": {
				"north": {"uv": [0, 0, 1, 1], "texture": "#0"},
				"east": {"uv": [0, 0, 1, 1], "texture": "#0"},
				"south": {"uv": [0, 0, 1, 1], "texture": "#0"},
				"west": {"uv": [0, 0, 1, 1], "texture": "#0"},
				"up": {"uv": [0, 0, 1, 1], "texture": "#0"},
				"down": {"uv": [0, 0, 1, 1], "texture": "#0"}
			}
		},
		{
			"name": "hexadecagon",
			"from": [7.7812, 6.4, 8.9],
			"to": [8.2188, 6.6, 11.1],
			"rotation": {"angle": 45, "axis": "y", "origin": [8, 6.9, 10]},
			"faces": {
				"north": {"uv": [0, 0, 1, 1], "texture": "#0"},
				"east": {"uv": [0, 0, 1, 1], "texture": "#0"},
				"south": {"uv": [0, 0, 1, 1], "texture": "#0"},
				"west": {"uv": [0, 0, 1, 1], "texture": "#0"},
				"up": {"uv": [0, 0, 1, 1], "texture": "#0"},
				"down": {"uv": [0, 0, 1, 1], "texture": "#0"}
			}
		},
		{
			"name": "hexadecagon",
			"from": [6.9, 6.4, 9.7812],
			"to": [9.1, 6.6, 10.2188],
			"rotation": {"angle": -22.5, "axis": "y", "origin": [8, 6.9, 10]},
			"faces": {
				"north": {"uv": [0, 0, 1, 1], "texture": "#0"},
				"east": {"uv": [0, 0, 1, 1], "texture": "#0"},
				"south": {"uv": [0, 0, 1, 1], "texture": "#0"},
				"west": {"uv": [0, 0, 1, 1], "texture": "#0"},
				"up": {"uv": [0, 0, 1, 1], "texture": "#0"},
				"down": {"uv": [0, 0, 1, 1], "texture": "#0"}
			}
		},
		{
			"name": "hexadecagon",
			"from": [6.9, 6.4, 9.7812],
			"to": [9.1, 6.6, 10.2188],
			"rotation": {"angle": 0, "axis": "y", "origin": [8, 6.9, 10]},
			"faces": {
				"north": {"uv": [0, 0, 1, 1], "texture": "#0"},
				"east": {"uv": [0, 0, 1, 1], "texture": "#0"},
				"south": {"uv": [0, 0, 1, 1], "texture": "#0"},
				"west": {"uv": [0, 0, 1, 1], "texture": "#0"},
				"up": {"uv": [0, 0, 1, 1], "texture": "#0"},
				"down": {"uv": [0, 0, 1, 1], "texture": "#0"}
			}
		},
		{
			"name": "hexadecagon",
			"from": [6.9, 6.4, 9.7812],
			"to": [9.1, 6.6, 10.2188],
			"rotation": {"angle": 22.5, "axis": "y", "origin": [8, 6.9, 10]},
			"faces": {
				"north": {"uv": [0, 0, 1, 1], "texture": "#0"},
				"east": {"uv": [0, 0, 1, 1], "texture": "#0"},
				"south": {"uv": [0, 0, 1, 1], "texture": "#0"},
				"west": {"uv": [0, 0, 1, 1], "texture": "#0"},
				"up": {"uv": [0, 0, 1, 1], "texture": "#0"},
				"down": {"uv": [0, 0, 1, 1], "texture": "#0"}
			}
		},
		{
			"name": "hexadecagon",
			"from": [7.7812, 6.7, 8.9],
			"to": [8.2188, 6.9, 11.1],
			"rotation": {"angle": -45, "axis": "y", "origin": [8, 7.2, 10]},
			"faces": {
				"north": {"uv": [0, 0, 1, 1], "texture": "#0"},
				"east": {"uv": [0, 0, 1, 1], "texture": "#0"},
				"south": {"uv": [0, 0, 1, 1], "texture": "#0"},
				"west": {"uv": [0, 0, 1, 1], "texture": "#0"},
				"up": {"uv": [0, 0, 1, 1], "texture": "#0"},
				"down": {"uv": [0, 0, 1, 1], "texture": "#0"}
			}
		},
		{
			"name": "hexadecagon",
			"from": [7.7812, 6.7, 8.9],
			"to": [8.2188, 6.9, 11.1],
			"rotation": {"angle": -22.5, "axis": "y", "origin": [8, 7.2, 10]},
			"faces": {
				"north": {"uv": [0, 0, 1, 1], "texture": "#0"},
				"east": {"uv": [0, 0, 1, 1], "texture": "#0"},
				"south": {"uv": [0, 0, 1, 1], "texture": "#0"},
				"west": {"uv": [0, 0, 1, 1], "texture": "#0"},
				"up": {"uv": [0, 0, 1, 1], "texture": "#0"},
				"down": {"uv": [0, 0, 1, 1], "texture": "#0"}
			}
		},
		{
			"name": "hexadecagon",
			"from": [7.7812, 6.7, 8.9],
			"to": [8.2188, 6.9, 11.1],
			"rotation": {"angle": 0, "axis": "y", "origin": [8, 7.2, 10]},
			"faces": {
				"north": {"uv": [0, 0, 1, 1], "texture": "#0"},
				"east": {"uv": [0, 0, 1, 1], "texture": "#0"},
				"south": {"uv": [0, 0, 1, 1], "texture": "#0"},
				"west": {"uv": [0, 0, 1, 1], "texture": "#0"},
				"up": {"uv": [0, 0, 1, 1], "texture": "#0"},
				"down": {"uv": [0, 0, 1, 1], "texture": "#0"}
			}
		},
		{
			"name": "hexadecagon",
			"from": [7.7812, 6.7, 8.9],
			"to": [8.2188, 6.9, 11.1],
			"rotation": {"angle": 22.5, "axis": "y", "origin": [8, 7.2, 10]},
			"faces": {
				"north": {"uv": [0, 0, 1, 1], "texture": "#0"},
				"east": {"uv": [0, 0, 1, 1], "texture": "#0"},
				"south": {"uv": [0, 0, 1, 1], "texture": "#0"},
				"west": {"uv": [0, 0, 1, 1], "texture": "#0"},
				"up": {"uv": [0, 0, 1, 1], "texture": "#0"},
				"down": {"uv": [0, 0, 1, 1], "texture": "#0"}
			}
		},
		{
			"name": "hexadecagon",
			"from": [7.7812, 6.7, 8.9],
			"to": [8.2188, 6.9, 11.1],
			"rotation": {"angle": 45, "axis": "y", "origin": [8, 7.2, 10]},
			"faces": {
				"north": {"uv": [0, 0, 1, 1], "texture": "#0"},
				"east": {"uv": [0, 0, 1, 1], "texture": "#0"},
				"south": {"uv": [0, 0, 1, 1], "texture": "#0"},
				"west": {"uv": [0, 0, 1, 1], "texture": "#0"},
				"up": {"uv": [0, 0, 1, 1], "texture": "#0"},
				"down": {"uv": [0, 0, 1, 1], "texture": "#0"}
			}
		},
		{
			"name": "hexadecagon",
			"from": [6.9, 6.7, 9.7812],
			"to": [9.1, 6.9, 10.2188],
			"rotation": {"angle": -22.5, "axis": "y", "origin": [8, 7.2, 10]},
			"faces": {
				"north": {"uv": [0, 0, 1, 1], "texture": "#0"},
				"east": {"uv": [0, 0, 1, 1], "texture": "#0"},
				"south": {"uv": [0, 0, 1, 1], "texture": "#0"},
				"west": {"uv": [0, 0, 1, 1], "texture": "#0"},
				"up": {"uv": [0, 0, 1, 1], "texture": "#0"},
				"down": {"uv": [0, 0, 1, 1], "texture": "#0"}
			}
		},
		{
			"name": "hexadecagon",
			"from": [6.9, 6.7, 9.7812],
			"to": [9.1, 6.9, 10.2188],
			"rotation": {"angle": 0, "axis": "y", "origin": [8, 7.2, 10]},
			"faces": {
				"north": {"uv": [0, 0, 1, 1], "texture": "#0"},
				"east": {"uv": [0, 0, 1, 1], "texture": "#0"},
				"south": {"uv": [0, 0, 1, 1], "texture": "#0"},
				"west": {"uv": [0, 0, 1, 1], "texture": "#0"},
				"up": {"uv": [0, 0, 1, 1], "texture": "#0"},
				"down": {"uv": [0, 0, 1, 1], "texture": "#0"}
			}
		},
		{
			"name": "hexadecagon",
			"from": [6.9, 6.7, 9.7812],
			"to": [9.1, 6.9, 10.2188],
			"rotation": {"angle": 22.5, "axis": "y", "origin": [8, 7.2, 10]},
			"faces": {
				"north": {"uv": [0, 0, 1, 1], "texture": "#0"},
				"east": {"uv": [0, 0, 1, 1], "texture": "#0"},
				"south": {"uv": [0, 0, 1, 1], "texture": "#0"},
				"west": {"uv": [0, 0, 1, 1], "texture": "#0"},
				"up": {"uv": [0, 0, 1, 1], "texture": "#0"},
				"down": {"uv": [0, 0, 1, 1], "texture": "#0"}
			}
		},
		{
			"name": "hexadecagon",
			"from": [7.7812, 7, 8.9],
			"to": [8.2188, 7.2, 11.1],
			"rotation": {"angle": -45, "axis": "y", "origin": [8, 7.5, 10]},
			"faces": {
				"north": {"uv": [0, 0, 1, 1], "texture": "#0"},
				"east": {"uv": [0, 0, 1, 1], "texture": "#0"},
				"south": {"uv": [0, 0, 1, 1], "texture": "#0"},
				"west": {"uv": [0, 0, 1, 1], "texture": "#0"},
				"up": {"uv": [0, 0, 1, 1], "texture": "#0"},
				"down": {"uv": [0, 0, 1, 1], "texture": "#0"}
			}
		},
		{
			"name": "hexadecagon",
			"from": [7.7812, 7, 8.9],
			"to": [8.2188, 7.2, 11.1],
			"rotation": {"angle": -22.5, "axis": "y", "origin": [8, 7.5, 10]},
			"faces": {
				"north": {"uv": [0, 0, 1, 1], "texture": "#0"},
				"east": {"uv": [0, 0, 1, 1], "texture": "#0"},
				"south": {"uv": [0, 0, 1, 1], "texture": "#0"},
				"west": {"uv": [0, 0, 1, 1], "texture": "#0"},
				"up": {"uv": [0, 0, 1, 1], "texture": "#0"},
				"down": {"uv": [0, 0, 1, 1], "texture": "#0"}
			}
		},
		{
			"name": "hexadecagon",
			"from": [7.7812, 7, 8.9],
			"to": [8.2188, 7.2, 11.1],
			"rotation": {"angle": 0, "axis": "y", "origin": [8, 7.5, 10]},
			"faces": {
				"north": {"uv": [0, 0, 1, 1], "texture": "#0"},
				"east": {"uv": [0, 0, 1, 1], "texture": "#0"},
				"south": {"uv": [0, 0, 1, 1], "texture": "#0"},
				"west": {"uv": [0, 0, 1, 1], "texture": "#0"},
				"up": {"uv": [0, 0, 1, 1], "texture": "#0"},
				"down": {"uv": [0, 0, 1, 1], "texture": "#0"}
			}
		},
		{
			"name": "hexadecagon",
			"from": [7.7812, 7, 8.9],
			"to": [8.2188, 7.2, 11.1],
			"rotation": {"angle": 22.5, "axis": "y", "origin": [8, 7.5, 10]},
			"faces": {
				"north": {"uv": [0, 0, 1, 1], "texture": "#0"},
				"east": {"uv": [0, 0, 1, 1], "texture": "#0"},
				"south": {"uv": [0, 0, 1, 1], "texture": "#0"},
				"west": {"uv": [0, 0, 1, 1], "texture": "#0"},
				"up": {"uv": [0, 0, 1, 1], "texture": "#0"},
				"down": {"uv": [0, 0, 1, 1], "texture": "#0"}
			}
		},
		{
			"name": "hexadecagon",
			"from": [7.7812, 7, 8.9],
			"to": [8.2188, 7.2, 11.1],
			"rotation": {"angle": 45, "axis": "y", "origin": [8, 7.5, 10]},
			"faces": {
				"north": {"uv": [0, 0, 1, 1], "texture": "#0"},
				"east": {"uv": [0, 0, 1, 1], "texture": "#0"},
				"south": {"uv": [0, 0, 1, 1], "texture": "#0"},
				"west": {"uv": [0, 0, 1, 1], "texture": "#0"},
				"up": {"uv": [0, 0, 1, 1], "texture": "#0"},
				"down": {"uv": [0, 0, 1, 1], "texture": "#0"}
			}
		},
		{
			"name": "hexadecagon",
			"from": [6.9, 7, 9.7812],
			"to": [9.1, 7.2, 10.2188],
			"rotation": {"angle": -22.5, "axis": "y", "origin": [8, 7.5, 10]},
			"faces": {
				"north": {"uv": [0, 0, 1, 1], "texture": "#0"},
				"east": {"uv": [0, 0, 1, 1], "texture": "#0"},
				"south": {"uv": [0, 0, 1, 1], "texture": "#0"},
				"west": {"uv": [0, 0, 1, 1], "texture": "#0"},
				"up": {"uv": [0, 0, 1, 1], "texture": "#0"},
				"down": {"uv": [0, 0, 1, 1], "texture": "#0"}
			}
		},
		{
			"name": "hexadecagon",
			"from": [6.9, 7, 9.7812],
			"to": [9.1, 7.2, 10.2188],
			"rotation": {"angle": 0, "axis": "y", "origin": [8, 7.5, 10]},
			"faces": {
				"north": {"uv": [0, 0, 1, 1], "texture": "#0"},
				"east": {"uv": [0, 0, 1, 1], "texture": "#0"},
				"south": {"uv": [0, 0, 1, 1], "texture": "#0"},
				"west": {"uv": [0, 0, 1, 1], "texture": "#0"},
				"up": {"uv": [0, 0, 1, 1], "texture": "#0"},
				"down": {"uv": [0, 0, 1, 1], "texture": "#0"}
			}
		},
		{
			"name": "hexadecagon",
			"from": [6.9, 7, 9.7812],
			"to": [9.1, 7.2, 10.2188],
			"rotation": {"angle": 22.5, "axis": "y", "origin": [8, 7.5, 10]},
			"faces": {
				"north": {"uv": [0, 0, 1, 1], "texture": "#0"},
				"east": {"uv": [0, 0, 1, 1], "texture": "#0"},
				"south": {"uv": [0, 0, 1, 1], "texture": "#0"},
				"west": {"uv": [0, 0, 1, 1], "texture": "#0"},
				"up": {"uv": [0, 0, 1, 1], "texture": "#0"},
				"down": {"uv": [0, 0, 1, 1], "texture": "#0"}
			}
		},
		{
			"name": "hexadecagon",
			"from": [7.7812, 3.6, 8.9],
			"to": [8.2188, 3.8, 11.1],
			"rotation": {"angle": -45, "axis": "y", "origin": [8, 4.1, 10]},
			"faces": {
				"north": {"uv": [0, 0, 1, 1], "texture": "#0"},
				"east": {"uv": [0, 0, 1, 1], "texture": "#0"},
				"south": {"uv": [0, 0, 1, 1], "texture": "#0"},
				"west": {"uv": [0, 0, 1, 1], "texture": "#0"},
				"up": {"uv": [0, 0, 1, 1], "texture": "#0"},
				"down": {"uv": [0, 0, 1, 1], "texture": "#0"}
			}
		},
		{
			"name": "hexadecagon",
			"from": [7.7812, 3.6, 8.9],
			"to": [8.2188, 3.8, 11.1],
			"rotation": {"angle": -22.5, "axis": "y", "origin": [8, 4.1, 10]},
			"faces": {
				"north": {"uv": [0, 0, 1, 1], "texture": "#0"},
				"east": {"uv": [0, 0, 1, 1], "texture": "#0"},
				"south": {"uv": [0, 0, 1, 1], "texture": "#0"},
				"west": {"uv": [0, 0, 1, 1], "texture": "#0"},
				"up": {"uv": [0, 0, 1, 1], "texture": "#0"},
				"down": {"uv": [0, 0, 1, 1], "texture": "#0"}
			}
		},
		{
			"name": "hexadecagon",
			"from": [7.7812, 3.6, 8.9],
			"to": [8.2188, 3.8, 11.1],
			"rotation": {"angle": 0, "axis": "y", "origin": [8, 4.1, 10]},
			"faces": {
				"north": {"uv": [0, 0, 1, 1], "texture": "#0"},
				"east": {"uv": [0, 0, 1, 1], "texture": "#0"},
				"south": {"uv": [0, 0, 1, 1], "texture": "#0"},
				"west": {"uv": [0, 0, 1, 1], "texture": "#0"},
				"up": {"uv": [0, 0, 1, 1], "texture": "#0"},
				"down": {"uv": [0, 0, 1, 1], "texture": "#0"}
			}
		},
		{
			"name": "hexadecagon",
			"from": [7.7812, 3.6, 8.9],
			"to": [8.2188, 3.8, 11.1],
			"rotation": {"angle": 22.5, "axis": "y", "origin": [8, 4.1, 10]},
			"faces": {
				"north": {"uv": [0, 0, 1, 1], "texture": "#0"},
				"east": {"uv": [0, 0, 1, 1], "texture": "#0"},
				"south": {"uv": [0, 0, 1, 1], "texture": "#0"},
				"west": {"uv": [0, 0, 1, 1], "texture": "#0"},
				"up": {"uv": [0, 0, 1, 1], "texture": "#0"},
				"down": {"uv": [0, 0, 1, 1], "texture": "#0"}
			}
		},
		{
			"name": "hexadecagon",
			"from": [7.7812, 3.6, 8.9],
			"to": [8.2188, 3.8, 11.1],
			"rotation": {"angle": 45, "axis": "y", "origin": [8, 4.1, 10]},
			"faces": {
				"north": {"uv": [0, 0, 1, 1], "texture": "#0"},
				"east": {"uv": [0, 0, 1, 1], "texture": "#0"},
				"south": {"uv": [0, 0, 1, 1], "texture": "#0"},
				"west": {"uv": [0, 0, 1, 1], "texture": "#0"},
				"up": {"uv": [0, 0, 1, 1], "texture": "#0"},
				"down": {"uv": [0, 0, 1, 1], "texture": "#0"}
			}
		},
		{
			"name": "hexadecagon",
			"from": [6.9, 3.6, 9.7812],
			"to": [9.1, 3.8, 10.2188],
			"rotation": {"angle": -22.5, "axis": "y", "origin": [8, 4.1, 10]},
			"faces": {
				"north": {"uv": [0, 0, 1, 1], "texture": "#0"},
				"east": {"uv": [0, 0, 1, 1], "texture": "#0"},
				"south": {"uv": [0, 0, 1, 1], "texture": "#0"},
				"west": {"uv": [0, 0, 1, 1], "texture": "#0"},
				"up": {"uv": [0, 0, 1, 1], "texture": "#0"},
				"down": {"uv": [0, 0, 1, 1], "texture": "#0"}
			}
		},
		{
			"name": "hexadecagon",
			"from": [6.9, 3.6, 9.7812],
			"to": [9.1, 3.8, 10.2188],
			"rotation": {"angle": 0, "axis": "y", "origin": [8, 4.1, 10]},
			"faces": {
				"north": {"uv": [0, 0, 1, 1], "texture": "#0"},
				"east": {"uv": [0, 0, 1, 1], "texture": "#0"},
				"south": {"uv": [0, 0, 1, 1], "texture": "#0"},
				"west": {"uv": [0, 0, 1, 1], "texture": "#0"},
				"up": {"uv": [0, 0, 1, 1], "texture": "#0"},
				"down": {"uv": [0, 0, 1, 1], "texture": "#0"}
			}
		},
		{
			"name": "hexadecagon",
			"from": [6.9, 3.6, 9.7812],
			"to": [9.1, 3.8, 10.2188],
			"rotation": {"angle": 22.5, "axis": "y", "origin": [8, 4.1, 10]},
			"faces": {
				"north": {"uv": [0, 0, 1, 1], "texture": "#0"},
				"east": {"uv": [0, 0, 1, 1], "texture": "#0"},
				"south": {"uv": [0, 0, 1, 1], "texture": "#0"},
				"west": {"uv": [0, 0, 1, 1], "texture": "#0"},
				"up": {"uv": [0, 0, 1, 1], "texture": "#0"},
				"down": {"uv": [0, 0, 1, 1], "texture": "#0"}
			}
		},
		{
			"name": "hexadecagon",
			"from": [7.84087, 7.5, 9.2],
			"to": [8.15913, 16.5, 10.8],
			"rotation": {"angle": -45, "axis": "y", "origin": [8, 8, 10]},
			"faces": {
				"north": {"uv": [1, 2, 2, 3], "texture": "#3"},
				"east": {"uv": [1, 2, 2, 3], "texture": "#3"},
				"south": {"uv": [1, 2, 2, 3], "texture": "#3"},
				"west": {"uv": [1, 2, 2, 3], "texture": "#3"},
				"up": {"uv": [1, 2, 2, 3], "texture": "#3"},
				"down": {"uv": [1, 2, 2, 3], "texture": "#3"}
			}
		},
		{
			"name": "hexadecagon",
			"from": [7.84087, 7.5, 9.2],
			"to": [8.15913, 16.5, 10.8],
			"rotation": {"angle": -22.5, "axis": "y", "origin": [8, 8, 10]},
			"faces": {
				"north": {"uv": [1, 2, 2, 3], "texture": "#3"},
				"east": {"uv": [1, 2, 2, 3], "texture": "#3"},
				"south": {"uv": [1, 2, 2, 3], "texture": "#3"},
				"west": {"uv": [1, 2, 2, 3], "texture": "#3"},
				"up": {"uv": [1, 2, 2, 3], "texture": "#3"},
				"down": {"uv": [1, 2, 2, 3], "texture": "#3"}
			}
		},
		{
			"name": "hexadecagon",
			"from": [7.84087, 7.5, 9.2],
			"to": [8.15913, 16.5, 10.8],
			"rotation": {"angle": 0, "axis": "y", "origin": [8, 8, 10]},
			"faces": {
				"north": {"uv": [1, 2, 2, 3], "texture": "#3"},
				"east": {"uv": [1, 2, 2, 3], "texture": "#3"},
				"south": {"uv": [1, 2, 2, 3], "texture": "#3"},
				"west": {"uv": [1, 2, 2, 3], "texture": "#3"},
				"up": {"uv": [1, 2, 2, 3], "texture": "#3"},
				"down": {"uv": [1, 2, 2, 3], "texture": "#3"}
			}
		},
		{
			"name": "hexadecagon",
			"from": [7.84087, 7.5, 9.2],
			"to": [8.15913, 16.5, 10.8],
			"rotation": {"angle": 22.5, "axis": "y", "origin": [8, 8, 10]},
			"faces": {
				"north": {"uv": [1, 2, 2, 3], "texture": "#3"},
				"east": {"uv": [1, 2, 2, 3], "texture": "#3"},
				"south": {"uv": [1, 2, 2, 3], "texture": "#3"},
				"west": {"uv": [1, 2, 2, 3], "texture": "#3"},
				"up": {"uv": [1, 2, 2, 3], "texture": "#3"},
				"down": {"uv": [1, 2, 2, 3], "texture": "#3"}
			}
		},
		{
			"name": "hexadecagon",
			"from": [7.84087, 7.5, 9.2],
			"to": [8.15913, 16.5, 10.8],
			"rotation": {"angle": 45, "axis": "y", "origin": [8, 8, 10]},
			"faces": {
				"north": {"uv": [1, 2, 2, 3], "texture": "#3"},
				"east": {"uv": [1, 2, 2, 3], "texture": "#3"},
				"south": {"uv": [1, 2, 2, 3], "texture": "#3"},
				"west": {"uv": [1, 2, 2, 3], "texture": "#3"},
				"up": {"uv": [1, 2, 2, 3], "texture": "#3"},
				"down": {"uv": [1, 2, 2, 3], "texture": "#3"}
			}
		},
		{
			"name": "hexadecagon",
			"from": [7.2, 7.5, 9.84087],
			"to": [8.8, 16.5, 10.15913],
			"rotation": {"angle": -22.5, "axis": "y", "origin": [8, 8, 10]},
			"faces": {
				"north": {"uv": [1, 2, 2, 3], "texture": "#3"},
				"east": {"uv": [1, 2, 2, 3], "texture": "#3"},
				"south": {"uv": [1, 2, 2, 3], "texture": "#3"},
				"west": {"uv": [1, 2, 2, 3], "texture": "#3"},
				"up": {"uv": [1, 2, 2, 3], "texture": "#3"},
				"down": {"uv": [1, 2, 2, 3], "texture": "#3"}
			}
		},
		{
			"name": "hexadecagon",
			"from": [7.2, 7.5, 9.84087],
			"to": [8.8, 16.5, 10.15913],
			"rotation": {"angle": 0, "axis": "y", "origin": [8, 8, 10]},
			"faces": {
				"north": {"uv": [1, 2, 2, 3], "texture": "#3"},
				"east": {"uv": [1, 2, 2, 3], "texture": "#3"},
				"south": {"uv": [1, 2, 2, 3], "texture": "#3"},
				"west": {"uv": [1, 2, 2, 3], "texture": "#3"},
				"up": {"uv": [1, 2, 2, 3], "texture": "#3"},
				"down": {"uv": [1, 2, 2, 3], "texture": "#3"}
			}
		},
		{
			"name": "hexadecagon",
			"from": [7.2, 7.5, 9.84087],
			"to": [8.8, 16.5, 10.15913],
			"rotation": {"angle": 22.5, "axis": "y", "origin": [8, 8, 10]},
			"faces": {
				"north": {"uv": [1, 2, 2, 3], "texture": "#3"},
				"east": {"uv": [1, 2, 2, 3], "texture": "#3"},
				"south": {"uv": [1, 2, 2, 3], "texture": "#3"},
				"west": {"uv": [1, 2, 2, 3], "texture": "#3"},
				"up": {"uv": [1, 2, 2, 3], "texture": "#3"},
				"down": {"uv": [1, 2, 2, 3], "texture": "#3"}
			}
		},
		{
			"name": "hexadecagon",
			"from": [7.86076, 16.5, 9.3],
			"to": [8.13924, 24.5, 10.7],
			"rotation": {"angle": -45, "axis": "y", "origin": [8, 22, 10]},
			"faces": {
				"north": {"uv": [0.75, 1.5, 1.75, 2.5], "texture": "#3"},
				"east": {"uv": [0.75, 1.5, 1.75, 2.5], "texture": "#3"},
				"south": {"uv": [0.75, 1.5, 1.75, 2.5], "texture": "#3"},
				"west": {"uv": [0.75, 1.5, 1.75, 2.5], "texture": "#3"},
				"up": {"uv": [0.75, 1.5, 1.75, 2.5], "texture": "#3"},
				"down": {"uv": [0.75, 1.5, 1.75, 2.5], "texture": "#3"}
			}
		},
		{
			"name": "hexadecagon",
			"from": [7.86076, 16.5, 9.3],
			"to": [8.13924, 24.5, 10.7],
			"rotation": {"angle": -22.5, "axis": "y", "origin": [8, 22, 10]},
			"faces": {
				"north": {"uv": [0.75, 1.5, 1.75, 2.5], "texture": "#3"},
				"east": {"uv": [0.75, 1.5, 1.75, 2.5], "texture": "#3"},
				"south": {"uv": [0.75, 1.5, 1.75, 2.5], "texture": "#3"},
				"west": {"uv": [0.75, 1.5, 1.75, 2.5], "texture": "#3"},
				"up": {"uv": [0.75, 1.5, 1.75, 2.5], "texture": "#3"},
				"down": {"uv": [0.75, 1.5, 1.75, 2.5], "texture": "#3"}
			}
		},
		{
			"name": "hexadecagon",
			"from": [7.86076, 16.5, 9.3],
			"to": [8.13924, 24.5, 10.7],
			"rotation": {"angle": 0, "axis": "y", "origin": [8, 22, 10]},
			"faces": {
				"north": {"uv": [0.75, 1.5, 1.75, 2.5], "texture": "#3"},
				"east": {"uv": [0.75, 1.5, 1.75, 2.5], "texture": "#3"},
				"south": {"uv": [0.75, 1.5, 1.75, 2.5], "texture": "#3"},
				"west": {"uv": [0.75, 1.5, 1.75, 2.5], "texture": "#3"},
				"up": {"uv": [0.75, 1.5, 1.75, 2.5], "texture": "#3"},
				"down": {"uv": [0.75, 1.5, 1.75, 2.5], "texture": "#3"}
			}
		},
		{
			"name": "hexadecagon",
			"from": [7.86076, 16.5, 9.3],
			"to": [8.13924, 24.5, 10.7],
			"rotation": {"angle": 22.5, "axis": "y", "origin": [8, 22, 10]},
			"faces": {
				"north": {"uv": [0.75, 1.5, 1.75, 2.5], "texture": "#3"},
				"east": {"uv": [0.75, 1.5, 1.75, 2.5], "texture": "#3"},
				"south": {"uv": [0.75, 1.5, 1.75, 2.5], "texture": "#3"},
				"west": {"uv": [0.75, 1.5, 1.75, 2.5], "texture": "#3"},
				"up": {"uv": [0.75, 1.5, 1.75, 2.5], "texture": "#3"},
				"down": {"uv": [0.75, 1.5, 1.75, 2.5], "texture": "#3"}
			}
		},
		{
			"name": "hexadecagon",
			"from": [7.86076, 16.5, 9.3],
			"to": [8.13924, 24.5, 10.7],
			"rotation": {"angle": 45, "axis": "y", "origin": [8, 22, 10]},
			"faces": {
				"north": {"uv": [0.75, 1.5, 1.75, 2.5], "texture": "#3"},
				"east": {"uv": [0.75, 1.5, 1.75, 2.5], "texture": "#3"},
				"south": {"uv": [0.75, 1.5, 1.75, 2.5], "texture": "#3"},
				"west": {"uv": [0.75, 1.5, 1.75, 2.5], "texture": "#3"},
				"up": {"uv": [0.75, 1.5, 1.75, 2.5], "texture": "#3"},
				"down": {"uv": [0.75, 1.5, 1.75, 2.5], "texture": "#3"}
			}
		},
		{
			"name": "hexadecagon",
			"from": [7.3, 16.5, 9.86076],
			"to": [8.7, 24.5, 10.13924],
			"rotation": {"angle": -22.5, "axis": "y", "origin": [8, 22, 10]},
			"faces": {
				"north": {"uv": [0.75, 1.5, 1.75, 2.5], "texture": "#3"},
				"east": {"uv": [0.75, 1.5, 1.75, 2.5], "texture": "#3"},
				"south": {"uv": [0.75, 1.5, 1.75, 2.5], "texture": "#3"},
				"west": {"uv": [0.75, 1.5, 1.75, 2.5], "texture": "#3"},
				"up": {"uv": [0.75, 1.5, 1.75, 2.5], "texture": "#3"},
				"down": {"uv": [0.75, 1.5, 1.75, 2.5], "texture": "#3"}
			}
		},
		{
			"name": "hexadecagon",
			"from": [7.3, 16.5, 9.86076],
			"to": [8.7, 24.5, 10.13924],
			"rotation": {"angle": 0, "axis": "y", "origin": [8, 22, 10]},
			"faces": {
				"north": {"uv": [0.75, 1.5, 1.75, 2.5], "texture": "#3"},
				"east": {"uv": [0.75, 1.5, 1.75, 2.5], "texture": "#3"},
				"south": {"uv": [0.75, 1.5, 1.75, 2.5], "texture": "#3"},
				"west": {"uv": [0.75, 1.5, 1.75, 2.5], "texture": "#3"},
				"up": {"uv": [0.75, 1.5, 1.75, 2.5], "texture": "#3"},
				"down": {"uv": [0.75, 1.5, 1.75, 2.5], "texture": "#3"}
			}
		},
		{
			"name": "hexadecagon",
			"from": [7.3, 16.5, 9.86076],
			"to": [8.7, 24.5, 10.13924],
			"rotation": {"angle": 22.5, "axis": "y", "origin": [8, 22, 10]},
			"faces": {
				"north": {"uv": [0.75, 1.5, 1.75, 2.5], "texture": "#3"},
				"east": {"uv": [0.75, 1.5, 1.75, 2.5], "texture": "#3"},
				"south": {"uv": [0.75, 1.5, 1.75, 2.5], "texture": "#3"},
				"west": {"uv": [0.75, 1.5, 1.75, 2.5], "texture": "#3"},
				"up": {"uv": [0.75, 1.5, 1.75, 2.5], "texture": "#3"},
				"down": {"uv": [0.75, 1.5, 1.75, 2.5], "texture": "#3"}
			}
		},
		{
			"name": "hexadecagon",
			"from": [7.88065, 24.5, 9.4],
			"to": [8.11935, 28.5, 10.6],
			"rotation": {"angle": -45, "axis": "y", "origin": [8, 26, 10]},
			"faces": {
				"north": {"uv": [3, 2.25, 4, 3.25], "texture": "#3"},
				"east": {"uv": [3, 2.25, 4, 3.25], "texture": "#3"},
				"south": {"uv": [3, 2.25, 4, 3.25], "texture": "#3"},
				"west": {"uv": [3, 2.25, 4, 3.25], "texture": "#3"},
				"up": {"uv": [3, 2.25, 4, 3.25], "texture": "#3"},
				"down": {"uv": [3, 2.25, 4, 3.25], "texture": "#3"}
			}
		},
		{
			"name": "hexadecagon",
			"from": [7.88065, 24.5, 9.4],
			"to": [8.11935, 28.5, 10.6],
			"rotation": {"angle": -22.5, "axis": "y", "origin": [8, 26, 10]},
			"faces": {
				"north": {"uv": [3, 2.25, 4, 3.25], "texture": "#3"},
				"east": {"uv": [3, 2.25, 4, 3.25], "texture": "#3"},
				"south": {"uv": [3, 2.25, 4, 3.25], "texture": "#3"},
				"west": {"uv": [3, 2.25, 4, 3.25], "texture": "#3"},
				"up": {"uv": [3, 2.25, 4, 3.25], "texture": "#3"},
				"down": {"uv": [3, 2.25, 4, 3.25], "texture": "#3"}
			}
		},
		{
			"name": "hexadecagon",
			"from": [7.88065, 24.5, 9.4],
			"to": [8.11935, 28.5, 10.6],
			"rotation": {"angle": 0, "axis": "y", "origin": [8, 26, 10]},
			"faces": {
				"north": {"uv": [3, 2.25, 4, 3.25], "texture": "#3"},
				"east": {"uv": [3, 2.25, 4, 3.25], "texture": "#3"},
				"south": {"uv": [3, 2.25, 4, 3.25], "texture": "#3"},
				"west": {"uv": [3, 2.25, 4, 3.25], "texture": "#3"},
				"up": {"uv": [3, 2.25, 4, 3.25], "texture": "#3"},
				"down": {"uv": [3, 2.25, 4, 3.25], "texture": "#3"}
			}
		},
		{
			"name": "hexadecagon",
			"from": [7.88065, 24.5, 9.4],
			"to": [8.11935, 28.5, 10.6],
			"rotation": {"angle": 22.5, "axis": "y", "origin": [8, 26, 10]},
			"faces": {
				"north": {"uv": [3, 2.25, 4, 3.25], "texture": "#3"},
				"east": {"uv": [3, 2.25, 4, 3.25], "texture": "#3"},
				"south": {"uv": [3, 2.25, 4, 3.25], "texture": "#3"},
				"west": {"uv": [3, 2.25, 4, 3.25], "texture": "#3"},
				"up": {"uv": [3, 2.25, 4, 3.25], "texture": "#3"},
				"down": {"uv": [3, 2.25, 4, 3.25], "texture": "#3"}
			}
		},
		{
			"name": "hexadecagon",
			"from": [7.88065, 24.5, 9.4],
			"to": [8.11935, 28.5, 10.6],
			"rotation": {"angle": 45, "axis": "y", "origin": [8, 26, 10]},
			"faces": {
				"north": {"uv": [3, 2.25, 4, 3.25], "texture": "#3"},
				"east": {"uv": [3, 2.25, 4, 3.25], "texture": "#3"},
				"south": {"uv": [3, 2.25, 4, 3.25], "texture": "#3"},
				"west": {"uv": [3, 2.25, 4, 3.25], "texture": "#3"},
				"up": {"uv": [3, 2.25, 4, 3.25], "texture": "#3"},
				"down": {"uv": [3, 2.25, 4, 3.25], "texture": "#3"}
			}
		},
		{
			"name": "hexadecagon",
			"from": [7.4, 24.5, 9.88065],
			"to": [8.6, 28.5, 10.11935],
			"rotation": {"angle": -22.5, "axis": "y", "origin": [8, 26, 10]},
			"faces": {
				"north": {"uv": [3, 2.25, 4, 3.25], "texture": "#3"},
				"east": {"uv": [3, 2.25, 4, 3.25], "texture": "#3"},
				"south": {"uv": [3, 2.25, 4, 3.25], "texture": "#3"},
				"west": {"uv": [3, 2.25, 4, 3.25], "texture": "#3"},
				"up": {"uv": [3, 2.25, 4, 3.25], "texture": "#3"},
				"down": {"uv": [3, 2.25, 4, 3.25], "texture": "#3"}
			}
		},
		{
			"name": "hexadecagon",
			"from": [7.4, 24.5, 9.88065],
			"to": [8.6, 28.5, 10.11935],
			"rotation": {"angle": 0, "axis": "y", "origin": [8, 26, 10]},
			"faces": {
				"north": {"uv": [3, 2.25, 4, 3.25], "texture": "#3"},
				"east": {"uv": [3, 2.25, 4, 3.25], "texture": "#3"},
				"south": {"uv": [3, 2.25, 4, 3.25], "texture": "#3"},
				"west": {"uv": [3, 2.25, 4, 3.25], "texture": "#3"},
				"up": {"uv": [3, 2.25, 4, 3.25], "texture": "#3"},
				"down": {"uv": [3, 2.25, 4, 3.25], "texture": "#3"}
			}
		},
		{
			"name": "hexadecagon",
			"from": [7.4, 24.5, 9.88065],
			"to": [8.6, 28.5, 10.11935],
			"rotation": {"angle": 22.5, "axis": "y", "origin": [8, 26, 10]},
			"faces": {
				"north": {"uv": [3, 2.25, 4, 3.25], "texture": "#3"},
				"east": {"uv": [3, 2.25, 4, 3.25], "texture": "#3"},
				"south": {"uv": [3, 2.25, 4, 3.25], "texture": "#3"},
				"west": {"uv": [3, 2.25, 4, 3.25], "texture": "#3"},
				"up": {"uv": [3, 2.25, 4, 3.25], "texture": "#3"},
				"down": {"uv": [3, 2.25, 4, 3.25], "texture": "#3"}
			}
		}
	],
	"display": {
		"thirdperson_righthand": {
			"rotation": [51.25, 0, 0],
			"translation": [0, 4.75, 2.75]
		},
		"thirdperson_lefthand": {
			"rotation": [51.25, 0, 0],
			"translation": [0, 4.75, 2.75]
		},
		"firstperson_righthand": {
			"rotation": [-19, 0, 0],
			"translation": [0, 2, 0],
			"scale": [1, 0.68, 1]
		},
		"firstperson_lefthand": {
			"rotation": [-19, 0, 0],
			"translation": [0, 2, 0],
			"scale": [1, 0.68, 1]
		},
		"gui": {
			"rotation": [0, 0, 39],
			"translation": [2.75, -3, 0],
			"scale": [0.7, 0.7, 0.7]
		},
		"fixed": {
			"rotation": [0, 0, -45],
			"translation": [-4, -3.5, -3.75],
			"scale": [0.83, 0.83, 0.83]
		}
	},
	"groups": [
		{
			"name": "hexadecagon",
			"origin": [8, 8, 8],
			"children": [0, 1, 2, 3, 4, 5, 6, 7]
		},
		{
			"name": "hexadecagon",
			"origin": [8, 8, 8],
			"children": [8, 9, 10, 11, 12, 13, 14, 15]
		},
		{
			"name": "hexadecagon",
			"origin": [8, 8, 8],
			"children": [16, 17, 18, 19, 20, 21, 22, 23]
		},
		{
			"name": "hexadecagon",
			"origin": [8, 8, 8],
			"children": [24, 25, 26, 27, 28, 29, 30, 31]
		},
		{
			"name": "hexadecagon",
			"origin": [8, 8, 8],
			"children": [32, 33, 34, 35, 36, 37, 38, 39]
		},
		{
			"name": "hexadecagon",
			"origin": [8, 8, 8],
			"children": [40, 41, 42, 43, 44, 45, 46, 47]
		},
		{
			"name": "hexadecagon",
			"origin": [8, 8, 8],
			"children": [48, 49, 50, 51, 52, 53, 54, 55]
		},
		{
			"name": "hexadecagon",
			"origin": [8, 8, 8],
			"children": [56, 57, 58, 59, 60, 61, 62, 63]
		},
		{
			"name": "hexadecagon",
			"origin": [8, 8, 8],
			"children": [64, 65, 66, 67, 68, 69, 70, 71]
		},
		{
			"name": "hexadecagon",
			"origin": [8, 8, 8],
			"children": [72, 73, 74, 75, 76, 77, 78, 79]
		},
		{
			"name": "hexadecagon",
			"origin": [8, 8, 8],
			"children": [80, 81, 82, 83, 84, 85, 86, 87]
		},
		{
			"name": "hexadecagon",
			"origin": [8, 8, 8],
			"children": [88, 89, 90, 91, 92, 93, 94, 95]
		},
		{
			"name": "hexadecagon",
			"origin": [8, 8, 8],
			"children": [96, 97, 98, 99, 100, 101, 102, 103]
		},
		{
			"name": "hexadecagon",
			"origin": [8, 8, 8],
			"children": [104, 105, 106, 107, 108, 109, 110, 111]
		},
		{
			"name": "hexadecagon",
			"origin": [8, 8, 8],
			"children": [112, 113, 114, 115, 116, 117, 118, 119]
		},
		{
			"name": "hexadecagon",
			"origin": [8, 8, 8],
			"children": [120, 121, 122, 123, 124, 125, 126, 127]
		},
		{
			"name": "hexadecagon",
			"origin": [8, 8, 8],
			"children": [128, 129, 130, 131, 132, 133, 134, 135]
		}
	]
}
