{
	"credit": "Made with Blockbench by halofreak894",
	"textures": {
		"0": "blocks/daylight_detector_inverted_top",
		"1": "blocks/wool_colored_gray",
		"2": "custom/christmasmb",
		"particle": "blocks/daylight_detector_inverted_top"
	},
	"elements": [
		{
			"from": [3, 9.1, 6],
			"to": [13, 10.02, 9],
			"faces": {
				"north": {"uv": [3.25, 5, 4, 5.75], "texture": "#0"},
				"east": {"uv": [3.25, 5, 4, 5.75], "texture": "#0"},
				"south": {"uv": [3.25, 5, 4, 5.75], "texture": "#0"},
				"west": {"uv": [3.25, 5, 4, 5.75], "texture": "#0"},
				"up": {"uv": [0.938, 1.063, 1.688, 1.813], "texture": "#2"},
				"down": {"uv": [3.25, 5, 4, 5.75], "texture": "#1"}
			}
		},
		{
			"from": [9.3, 9.12, 5.7],
			"to": [11.7, 10.02, 8.8],
			"rotation": {"angle": 22.5, "axis": "y", "origin": [12, 9.5, 7.5]},
			"faces": {
				"north": {"uv": [3.25, 5, 4, 5.75], "texture": "#0"},
				"east": {"uv": [3.25, 5, 4, 5.75], "texture": "#0"},
				"south": {"uv": [3.25, 5, 4, 5.75], "texture": "#0"},
				"west": {"uv": [3.25, 5, 4, 5.75], "texture": "#0"},
				"up": {"uv": [0.938, 1.063, 1.688, 1.813], "texture": "#2"},
				"down": {"uv": [3.25, 5, 4, 5.75], "texture": "#1"}
			}
		},
		{
			"from": [9.3, 9.12, 6.2],
			"to": [11.7, 10.02, 9.2],
			"rotation": {"angle": -22.5, "axis": "y", "origin": [12, 9.5, 7.5]},
			"faces": {
				"north": {"uv": [3.25, 5, 4, 5.75], "texture": "#0"},
				"east": {"uv": [3.25, 5, 4, 5.75], "texture": "#0"},
				"south": {"uv": [3.25, 5, 4, 5.75], "texture": "#0"},
				"west": {"uv": [3.25, 5, 4, 5.75], "texture": "#0"},
				"up": {"uv": [0.938, 1.063, 1.688, 1.813], "texture": "#2"},
				"down": {"uv": [3.25, 5, 4, 5.75], "texture": "#1"}
			}
		},
		{
			"from": [5.14, 9.12, 5.255],
			"to": [10.04, 10.02, 6.155],
			"faces": {
				"north": {"uv": [3.25, 5, 4, 5.75], "texture": "#0"},
				"east": {"uv": [3.25, 5, 4, 5.75], "texture": "#0"},
				"south": {"uv": [3.25, 5, 4, 5.75], "texture": "#0"},
				"west": {"uv": [3.25, 5, 4, 5.75], "texture": "#0"},
				"up": {"uv": [0.938, 1.063, 1.688, 1.813], "texture": "#2"},
				"down": {"uv": [3.25, 5, 4, 5.75], "texture": "#1"}
			}
		},
		{
			"from": [3.5, 9.12, 6.2],
			"to": [5.9, 10.02, 9.2],
			"rotation": {"angle": 22.5, "axis": "y", "origin": [3.2, 9.5, 7.5]},
			"faces": {
				"north": {"uv": [3.25, 5, 4, 5.75], "texture": "#0"},
				"east": {"uv": [3.25, 5, 4, 5.75], "texture": "#0"},
				"south": {"uv": [3.25, 5, 4, 5.75], "texture": "#0"},
				"west": {"uv": [3.25, 5, 4, 5.75], "texture": "#0"},
				"up": {"uv": [0.938, 1.063, 1.688, 1.813], "texture": "#2"},
				"down": {"uv": [3.25, 5, 4, 5.75], "texture": "#1"}
			}
		},
		{
			"from": [3.5, 9.12, 5.7],
			"to": [5.9, 10.02, 8.8],
			"rotation": {"angle": -22.5, "axis": "y", "origin": [3.2, 9.5, 7.5]},
			"faces": {
				"north": {"uv": [3.25, 5, 4, 5.75], "texture": "#0"},
				"east": {"uv": [3.25, 5, 4, 5.75], "texture": "#0"},
				"south": {"uv": [3.25, 5, 4, 5.75], "texture": "#0"},
				"west": {"uv": [3.25, 5, 4, 5.75], "texture": "#0"},
				"up": {"uv": [0.938, 1.063, 1.688, 1.813], "texture": "#2"},
				"down": {"uv": [3.25, 5, 4, 5.75], "texture": "#1"}
			}
		},
		{
			"name": "hexadecagon",
			"from": [7.10109, 9.9, 6.5],
			"to": [7.49891, 10.1, 8.5],
			"rotation": {"angle": -45, "axis": "y", "origin": [7.3, 10, 7.5]},
			"faces": {
				"north": {"uv": [2.25, 5.75, 3, 6.5], "texture": "#0"},
				"east": {"uv": [2.25, 5.75, 3, 6.5], "texture": "#0"},
				"south": {"uv": [2.25, 5.75, 3, 6.5], "texture": "#0"},
				"west": {"uv": [2.25, 5.75, 3, 6.5], "texture": "#0"},
				"up": {"uv": [2.25, 5.75, 3, 6.5], "texture": "#0"},
				"down": {"uv": [2.25, 5.75, 3, 6.5], "texture": "#0"}
			}
		},
		{
			"name": "hexadecagon",
			"from": [7.10109, 9.9, 6.5],
			"to": [7.49891, 10.1, 8.5],
			"rotation": {"angle": -22.5, "axis": "y", "origin": [7.3, 10, 7.5]},
			"faces": {
				"north": {"uv": [2.25, 5.75, 3, 6.5], "texture": "#0"},
				"east": {"uv": [2.25, 5.75, 3, 6.5], "texture": "#0"},
				"south": {"uv": [2.25, 5.75, 3, 6.5], "texture": "#0"},
				"west": {"uv": [2.25, 5.75, 3, 6.5], "texture": "#0"},
				"up": {"uv": [2.25, 5.75, 3, 6.5], "texture": "#0"},
				"down": {"uv": [2.25, 5.75, 3, 6.5], "texture": "#0"}
			}
		},
		{
			"name": "hexadecagon",
			"from": [7.10109, 9.9, 6.5],
			"to": [7.49891, 10.1, 8.5],
			"faces": {
				"north": {"uv": [2.25, 5.75, 3, 6.5], "texture": "#0"},
				"east": {"uv": [2.25, 5.75, 3, 6.5], "texture": "#0"},
				"south": {"uv": [2.25, 5.75, 3, 6.5], "texture": "#0"},
				"west": {"uv": [2.25, 5.75, 3, 6.5], "texture": "#0"},
				"up": {"uv": [2.25, 5.75, 3, 6.5], "texture": "#0"},
				"down": {"uv": [2.25, 5.75, 3, 6.5], "texture": "#0"}
			}
		},
		{
			"name": "hexadecagon",
			"from": [7.10109, 9.9, 6.5],
			"to": [7.49891, 10.1, 8.5],
			"rotation": {"angle": 22.5, "axis": "y", "origin": [7.3, 10, 7.5]},
			"faces": {
				"north": {"uv": [2.25, 5.75, 3, 6.5], "texture": "#0"},
				"east": {"uv": [2.25, 5.75, 3, 6.5], "texture": "#0"},
				"south": {"uv": [2.25, 5.75, 3, 6.5], "texture": "#0"},
				"west": {"uv": [2.25, 5.75, 3, 6.5], "texture": "#0"},
				"up": {"uv": [2.25, 5.75, 3, 6.5], "texture": "#0"},
				"down": {"uv": [2.25, 5.75, 3, 6.5], "texture": "#0"}
			}
		},
		{
			"name": "hexadecagon",
			"from": [7.10109, 9.9, 6.5],
			"to": [7.49891, 10.1, 8.5],
			"rotation": {"angle": 45, "axis": "y", "origin": [7.3, 10, 7.5]},
			"faces": {
				"north": {"uv": [2.25, 5.75, 3, 6.5], "texture": "#0"},
				"east": {"uv": [2.25, 5.75, 3, 6.5], "texture": "#0"},
				"south": {"uv": [2.25, 5.75, 3, 6.5], "texture": "#0"},
				"west": {"uv": [2.25, 5.75, 3, 6.5], "texture": "#0"},
				"up": {"uv": [2.25, 5.75, 3, 6.5], "texture": "#0"},
				"down": {"uv": [2.25, 5.75, 3, 6.5], "texture": "#0"}
			}
		},
		{
			"name": "hexadecagon",
			"from": [6.3, 9.9, 7.30109],
			"to": [8.3, 10.1, 7.69891],
			"rotation": {"angle": -22.5, "axis": "y", "origin": [7.3, 10, 7.5]},
			"faces": {
				"north": {"uv": [2.25, 5.75, 3, 6.5], "texture": "#0"},
				"east": {"uv": [2.25, 5.75, 3, 6.5], "texture": "#0"},
				"south": {"uv": [2.25, 5.75, 3, 6.5], "texture": "#0"},
				"west": {"uv": [2.25, 5.75, 3, 6.5], "texture": "#0"},
				"up": {"uv": [2.25, 5.75, 3, 6.5], "texture": "#0"},
				"down": {"uv": [2.25, 5.75, 3, 6.5], "texture": "#0"}
			}
		},
		{
			"name": "hexadecagon",
			"from": [6.3, 9.9, 7.30109],
			"to": [8.3, 10.1, 7.69891],
			"faces": {
				"north": {"uv": [2.25, 5.75, 3, 6.5], "texture": "#0"},
				"east": {"uv": [2.25, 5.75, 3, 6.5], "texture": "#0"},
				"south": {"uv": [2.25, 5.75, 3, 6.5], "texture": "#0"},
				"west": {"uv": [2.25, 5.75, 3, 6.5], "texture": "#0"},
				"up": {"uv": [2.25, 5.75, 3, 6.5], "texture": "#0"},
				"down": {"uv": [2.25, 5.75, 3, 6.5], "texture": "#0"}
			}
		},
		{
			"name": "hexadecagon",
			"from": [6.3, 9.9, 7.30109],
			"to": [8.3, 10.1, 7.69891],
			"rotation": {"angle": 22.5, "axis": "y", "origin": [7.3, 10, 7.5]},
			"faces": {
				"north": {"uv": [2.25, 5.75, 3, 6.5], "texture": "#0"},
				"east": {"uv": [2.25, 5.75, 3, 6.5], "texture": "#0"},
				"south": {"uv": [2.25, 5.75, 3, 6.5], "texture": "#0"},
				"west": {"uv": [2.25, 5.75, 3, 6.5], "texture": "#0"},
				"up": {"uv": [2.25, 5.75, 3, 6.5], "texture": "#0"},
				"down": {"uv": [2.25, 5.75, 3, 6.5], "texture": "#0"}
			}
		},
		{
			"name": "hexadecagon",
			"from": [8.30054, 9.9, 6.2],
			"to": [8.49946, 10.1, 7.2],
			"rotation": {"angle": -45, "axis": "y", "origin": [8.4, 10, 6.7]},
			"faces": {
				"north": {"uv": [2.25, 5.75, 3, 6.5], "texture": "#0"},
				"east": {"uv": [2.25, 5.75, 3, 6.5], "texture": "#0"},
				"south": {"uv": [2.25, 5.75, 3, 6.5], "texture": "#0"},
				"west": {"uv": [2.25, 5.75, 3, 6.5], "texture": "#0"},
				"up": {"uv": [2.25, 5.75, 3, 6.5], "texture": "#0"},
				"down": {"uv": [2.25, 5.75, 3, 6.5], "texture": "#0"}
			}
		},
		{
			"name": "hexadecagon",
			"from": [8.30054, 9.9, 6.2],
			"to": [8.49946, 10.1, 7.2],
			"rotation": {"angle": -22.5, "axis": "y", "origin": [8.4, 10, 6.7]},
			"faces": {
				"north": {"uv": [2.25, 5.75, 3, 6.5], "texture": "#0"},
				"east": {"uv": [2.25, 5.75, 3, 6.5], "texture": "#0"},
				"south": {"uv": [2.25, 5.75, 3, 6.5], "texture": "#0"},
				"west": {"uv": [2.25, 5.75, 3, 6.5], "texture": "#0"},
				"up": {"uv": [2.25, 5.75, 3, 6.5], "texture": "#0"},
				"down": {"uv": [2.25, 5.75, 3, 6.5], "texture": "#0"}
			}
		},
		{
			"name": "hexadecagon",
			"from": [8.30054, 9.9, 6.2],
			"to": [8.49946, 10.1, 7.2],
			"faces": {
				"north": {"uv": [2.25, 5.75, 3, 6.5], "texture": "#0"},
				"east": {"uv": [2.25, 5.75, 3, 6.5], "texture": "#0"},
				"south": {"uv": [2.25, 5.75, 3, 6.5], "texture": "#0"},
				"west": {"uv": [2.25, 5.75, 3, 6.5], "texture": "#0"},
				"up": {"uv": [2.25, 5.75, 3, 6.5], "texture": "#0"},
				"down": {"uv": [2.25, 5.75, 3, 6.5], "texture": "#0"}
			}
		},
		{
			"name": "hexadecagon",
			"from": [8.30054, 9.9, 6.2],
			"to": [8.49946, 10.1, 7.2],
			"rotation": {"angle": 22.5, "axis": "y", "origin": [8.4, 10, 6.7]},
			"faces": {
				"north": {"uv": [2.25, 5.75, 3, 6.5], "texture": "#0"},
				"east": {"uv": [2.25, 5.75, 3, 6.5], "texture": "#0"},
				"south": {"uv": [2.25, 5.75, 3, 6.5], "texture": "#0"},
				"west": {"uv": [2.25, 5.75, 3, 6.5], "texture": "#0"},
				"up": {"uv": [2.25, 5.75, 3, 6.5], "texture": "#0"},
				"down": {"uv": [2.25, 5.75, 3, 6.5], "texture": "#0"}
			}
		},
		{
			"name": "hexadecagon",
			"from": [8.30054, 9.9, 6.2],
			"to": [8.49946, 10.1, 7.2],
			"rotation": {"angle": 45, "axis": "y", "origin": [8.4, 10, 6.7]},
			"faces": {
				"north": {"uv": [2.25, 5.75, 3, 6.5], "texture": "#0"},
				"east": {"uv": [2.25, 5.75, 3, 6.5], "texture": "#0"},
				"south": {"uv": [2.25, 5.75, 3, 6.5], "texture": "#0"},
				"west": {"uv": [2.25, 5.75, 3, 6.5], "texture": "#0"},
				"up": {"uv": [2.25, 5.75, 3, 6.5], "texture": "#0"},
				"down": {"uv": [2.25, 5.75, 3, 6.5], "texture": "#0"}
			}
		},
		{
			"name": "hexadecagon",
			"from": [7.9, 9.9, 6.60054],
			"to": [8.9, 10.1, 6.79946],
			"rotation": {"angle": -22.5, "axis": "y", "origin": [8.4, 10, 6.7]},
			"faces": {
				"north": {"uv": [2.25, 5.75, 3, 6.5], "texture": "#0"},
				"east": {"uv": [2.25, 5.75, 3, 6.5], "texture": "#0"},
				"south": {"uv": [2.25, 5.75, 3, 6.5], "texture": "#0"},
				"west": {"uv": [2.25, 5.75, 3, 6.5], "texture": "#0"},
				"up": {"uv": [2.25, 5.75, 3, 6.5], "texture": "#0"},
				"down": {"uv": [2.25, 5.75, 3, 6.5], "texture": "#0"}
			}
		},
		{
			"name": "hexadecagon",
			"from": [7.9, 9.9, 6.60054],
			"to": [8.9, 10.1, 6.79946],
			"faces": {
				"north": {"uv": [2.25, 5.75, 3, 6.5], "texture": "#0"},
				"east": {"uv": [2.25, 5.75, 3, 6.5], "texture": "#0"},
				"south": {"uv": [2.25, 5.75, 3, 6.5], "texture": "#0"},
				"west": {"uv": [2.25, 5.75, 3, 6.5], "texture": "#0"},
				"up": {"uv": [2.25, 5.75, 3, 6.5], "texture": "#0"},
				"down": {"uv": [2.25, 5.75, 3, 6.5], "texture": "#0"}
			}
		},
		{
			"name": "hexadecagon",
			"from": [7.9, 9.9, 6.60054],
			"to": [8.9, 10.1, 6.79946],
			"rotation": {"angle": 22.5, "axis": "y", "origin": [8.4, 10, 6.7]},
			"faces": {
				"north": {"uv": [2.25, 5.75, 3, 6.5], "texture": "#0"},
				"east": {"uv": [2.25, 5.75, 3, 6.5], "texture": "#0"},
				"south": {"uv": [2.25, 5.75, 3, 6.5], "texture": "#0"},
				"west": {"uv": [2.25, 5.75, 3, 6.5], "texture": "#0"},
				"up": {"uv": [2.25, 5.75, 3, 6.5], "texture": "#0"},
				"down": {"uv": [2.25, 5.75, 3, 6.5], "texture": "#0"}
			}
		},
		{
			"name": "hexadecagon",
			"from": [7.9, 9.9, 8.20054],
			"to": [8.9, 10.1, 8.39946],
			"rotation": {"angle": 22.5, "axis": "y", "origin": [8.4, 10, 8.3]},
			"faces": {
				"north": {"uv": [2.25, 5.75, 3, 6.5], "texture": "#0"},
				"east": {"uv": [2.25, 5.75, 3, 6.5], "texture": "#0"},
				"south": {"uv": [2.25, 5.75, 3, 6.5], "texture": "#0"},
				"west": {"uv": [2.25, 5.75, 3, 6.5], "texture": "#0"},
				"up": {"uv": [2.25, 5.75, 3, 6.5], "texture": "#0"},
				"down": {"uv": [2.25, 5.75, 3, 6.5], "texture": "#0"}
			}
		},
		{
			"name": "hexadecagon",
			"from": [8.30054, 9.9, 7.8],
			"to": [8.49946, 10.1, 8.8],
			"rotation": {"angle": -45, "axis": "y", "origin": [8.4, 10, 8.3]},
			"faces": {
				"north": {"uv": [2.25, 5.75, 3, 6.5], "texture": "#0"},
				"east": {"uv": [2.25, 5.75, 3, 6.5], "texture": "#0"},
				"south": {"uv": [2.25, 5.75, 3, 6.5], "texture": "#0"},
				"west": {"uv": [2.25, 5.75, 3, 6.5], "texture": "#0"},
				"up": {"uv": [2.25, 5.75, 3, 6.5], "texture": "#0"},
				"down": {"uv": [2.25, 5.75, 3, 6.5], "texture": "#0"}
			}
		},
		{
			"name": "hexadecagon",
			"from": [8.30054, 9.9, 7.8],
			"to": [8.49946, 10.1, 8.8],
			"rotation": {"angle": -22.5, "axis": "y", "origin": [8.4, 10, 8.3]},
			"faces": {
				"north": {"uv": [2.25, 5.75, 3, 6.5], "texture": "#0"},
				"east": {"uv": [2.25, 5.75, 3, 6.5], "texture": "#0"},
				"south": {"uv": [2.25, 5.75, 3, 6.5], "texture": "#0"},
				"west": {"uv": [2.25, 5.75, 3, 6.5], "texture": "#0"},
				"up": {"uv": [2.25, 5.75, 3, 6.5], "texture": "#0"},
				"down": {"uv": [2.25, 5.75, 3, 6.5], "texture": "#0"}
			}
		},
		{
			"name": "hexadecagon",
			"from": [8.30054, 9.9, 7.8],
			"to": [8.49946, 10.1, 8.8],
			"faces": {
				"north": {"uv": [2.25, 5.75, 3, 6.5], "texture": "#0"},
				"east": {"uv": [2.25, 5.75, 3, 6.5], "texture": "#0"},
				"south": {"uv": [2.25, 5.75, 3, 6.5], "texture": "#0"},
				"west": {"uv": [2.25, 5.75, 3, 6.5], "texture": "#0"},
				"up": {"uv": [2.25, 5.75, 3, 6.5], "texture": "#0"},
				"down": {"uv": [2.25, 5.75, 3, 6.5], "texture": "#0"}
			}
		},
		{
			"name": "hexadecagon",
			"from": [8.30054, 9.9, 7.8],
			"to": [8.49946, 10.1, 8.8],
			"rotation": {"angle": 22.5, "axis": "y", "origin": [8.4, 10, 8.3]},
			"faces": {
				"north": {"uv": [2.25, 5.75, 3, 6.5], "texture": "#0"},
				"east": {"uv": [2.25, 5.75, 3, 6.5], "texture": "#0"},
				"south": {"uv": [2.25, 5.75, 3, 6.5], "texture": "#0"},
				"west": {"uv": [2.25, 5.75, 3, 6.5], "texture": "#0"},
				"up": {"uv": [2.25, 5.75, 3, 6.5], "texture": "#0"},
				"down": {"uv": [2.25, 5.75, 3, 6.5], "texture": "#0"}
			}
		},
		{
			"name": "hexadecagon",
			"from": [8.30054, 9.9, 7.8],
			"to": [8.49946, 10.1, 8.8],
			"rotation": {"angle": 45, "axis": "y", "origin": [8.4, 10, 8.3]},
			"faces": {
				"north": {"uv": [2.25, 5.75, 3, 6.5], "texture": "#0"},
				"east": {"uv": [2.25, 5.75, 3, 6.5], "texture": "#0"},
				"south": {"uv": [2.25, 5.75, 3, 6.5], "texture": "#0"},
				"west": {"uv": [2.25, 5.75, 3, 6.5], "texture": "#0"},
				"up": {"uv": [2.25, 5.75, 3, 6.5], "texture": "#0"},
				"down": {"uv": [2.25, 5.75, 3, 6.5], "texture": "#0"}
			}
		},
		{
			"name": "hexadecagon",
			"from": [7.9, 9.9, 8.20054],
			"to": [8.9, 10.1, 8.39946],
			"rotation": {"angle": -22.5, "axis": "y", "origin": [8.4, 10, 8.3]},
			"faces": {
				"north": {"uv": [2.25, 5.75, 3, 6.5], "texture": "#0"},
				"east": {"uv": [2.25, 5.75, 3, 6.5], "texture": "#0"},
				"south": {"uv": [2.25, 5.75, 3, 6.5], "texture": "#0"},
				"west": {"uv": [2.25, 5.75, 3, 6.5], "texture": "#0"},
				"up": {"uv": [2.25, 5.75, 3, 6.5], "texture": "#0"},
				"down": {"uv": [2.25, 5.75, 3, 6.5], "texture": "#0"}
			}
		},
		{
			"name": "hexadecagon",
			"from": [7.9, 9.9, 8.20054],
			"to": [8.9, 10.1, 8.39946],
			"faces": {
				"north": {"uv": [2.25, 5.75, 3, 6.5], "texture": "#0"},
				"east": {"uv": [2.25, 5.75, 3, 6.5], "texture": "#0"},
				"south": {"uv": [2.25, 5.75, 3, 6.5], "texture": "#0"},
				"west": {"uv": [2.25, 5.75, 3, 6.5], "texture": "#0"},
				"up": {"uv": [2.25, 5.75, 3, 6.5], "texture": "#0"},
				"down": {"uv": [2.25, 5.75, 3, 6.5], "texture": "#0"}
			}
		},
		{
			"from": [5.14, 9.12, 8.82],
			"to": [10.04, 10.02, 9.72],
			"faces": {
				"north": {"uv": [3.25, 5, 4, 5.75], "texture": "#0"},
				"east": {"uv": [3.25, 5, 4, 5.75], "texture": "#0"},
				"south": {"uv": [3.25, 5, 4, 5.75], "texture": "#0"},
				"west": {"uv": [3.25, 5, 4, 5.75], "texture": "#0"},
				"up": {"uv": [0.938, 1.063, 1.688, 1.813], "texture": "#2"},
				"down": {"uv": [3.25, 5, 4, 5.75], "texture": "#1"}
			}
		},
		{
			"name": "hexadecagon",
			"from": [8.28065, 9.95, 6.1],
			"to": [8.51935, 10.05, 7.3],
			"rotation": {"angle": -45, "axis": "y", "origin": [8.4, 10, 6.7]},
			"faces": {
				"north": {"uv": [0, 7.25, 0.75, 8], "texture": "#0"},
				"east": {"uv": [0, 7.25, 0.75, 8], "texture": "#0"},
				"south": {"uv": [0, 7.25, 0.75, 8], "texture": "#0"},
				"west": {"uv": [0, 7.25, 0.75, 8], "texture": "#0"},
				"up": {"uv": [0, 7.25, 0.75, 8], "texture": "#0"},
				"down": {"uv": [0, 7.25, 0.75, 8], "texture": "#0"}
			}
		},
		{
			"name": "hexadecagon",
			"from": [8.28065, 9.95, 6.1],
			"to": [8.51935, 10.05, 7.3],
			"rotation": {"angle": -22.5, "axis": "y", "origin": [8.4, 10, 6.7]},
			"faces": {
				"north": {"uv": [0, 7.25, 0.75, 8], "texture": "#0"},
				"east": {"uv": [0, 7.25, 0.75, 8], "texture": "#0"},
				"south": {"uv": [0, 7.25, 0.75, 8], "texture": "#0"},
				"west": {"uv": [0, 7.25, 0.75, 8], "texture": "#0"},
				"up": {"uv": [0, 7.25, 0.75, 8], "texture": "#0"},
				"down": {"uv": [0, 7.25, 0.75, 8], "texture": "#0"}
			}
		},
		{
			"name": "hexadecagon",
			"from": [8.28065, 9.95, 6.1],
			"to": [8.51935, 10.05, 7.3],
			"faces": {
				"north": {"uv": [0, 7.25, 0.75, 8], "texture": "#0"},
				"east": {"uv": [0, 7.25, 0.75, 8], "texture": "#0"},
				"south": {"uv": [0, 7.25, 0.75, 8], "texture": "#0"},
				"west": {"uv": [0, 7.25, 0.75, 8], "texture": "#0"},
				"up": {"uv": [0, 7.25, 0.75, 8], "texture": "#0"},
				"down": {"uv": [0, 7.25, 0.75, 8], "texture": "#0"}
			}
		},
		{
			"name": "hexadecagon",
			"from": [8.28065, 9.95, 6.1],
			"to": [8.51935, 10.05, 7.3],
			"rotation": {"angle": 22.5, "axis": "y", "origin": [8.4, 10, 6.7]},
			"faces": {
				"north": {"uv": [0, 7.25, 0.75, 8], "texture": "#0"},
				"east": {"uv": [0, 7.25, 0.75, 8], "texture": "#0"},
				"south": {"uv": [0, 7.25, 0.75, 8], "texture": "#0"},
				"west": {"uv": [0, 7.25, 0.75, 8], "texture": "#0"},
				"up": {"uv": [0, 7.25, 0.75, 8], "texture": "#0"},
				"down": {"uv": [0, 7.25, 0.75, 8], "texture": "#0"}
			}
		},
		{
			"name": "hexadecagon",
			"from": [8.28065, 9.95, 6.1],
			"to": [8.51935, 10.05, 7.3],
			"rotation": {"angle": 45, "axis": "y", "origin": [8.4, 10, 6.7]},
			"faces": {
				"north": {"uv": [0, 7.25, 0.75, 8], "texture": "#0"},
				"east": {"uv": [0, 7.25, 0.75, 8], "texture": "#0"},
				"south": {"uv": [0, 7.25, 0.75, 8], "texture": "#0"},
				"west": {"uv": [0, 7.25, 0.75, 8], "texture": "#0"},
				"up": {"uv": [0, 7.25, 0.75, 8], "texture": "#0"},
				"down": {"uv": [0, 7.25, 0.75, 8], "texture": "#0"}
			}
		},
		{
			"name": "hexadecagon",
			"from": [7.8, 9.95, 6.58065],
			"to": [9, 10.05, 6.81935],
			"rotation": {"angle": -22.5, "axis": "y", "origin": [8.4, 10, 6.7]},
			"faces": {
				"north": {"uv": [0, 7.25, 0.75, 8], "texture": "#0"},
				"east": {"uv": [0, 7.25, 0.75, 8], "texture": "#0"},
				"south": {"uv": [0, 7.25, 0.75, 8], "texture": "#0"},
				"west": {"uv": [0, 7.25, 0.75, 8], "texture": "#0"},
				"up": {"uv": [0, 7.25, 0.75, 8], "texture": "#0"},
				"down": {"uv": [0, 7.25, 0.75, 8], "texture": "#0"}
			}
		},
		{
			"name": "hexadecagon",
			"from": [7.8, 9.95, 6.58065],
			"to": [9, 10.05, 6.81935],
			"faces": {
				"north": {"uv": [0, 7.25, 0.75, 8], "texture": "#0"},
				"east": {"uv": [0, 7.25, 0.75, 8], "texture": "#0"},
				"south": {"uv": [0, 7.25, 0.75, 8], "texture": "#0"},
				"west": {"uv": [0, 7.25, 0.75, 8], "texture": "#0"},
				"up": {"uv": [0, 7.25, 0.75, 8], "texture": "#0"},
				"down": {"uv": [0, 7.25, 0.75, 8], "texture": "#0"}
			}
		},
		{
			"name": "hexadecagon",
			"from": [7.8, 9.95, 6.58065],
			"to": [9, 10.05, 6.81935],
			"rotation": {"angle": 22.5, "axis": "y", "origin": [8.4, 10, 6.7]},
			"faces": {
				"north": {"uv": [0, 7.25, 0.75, 8], "texture": "#0"},
				"east": {"uv": [0, 7.25, 0.75, 8], "texture": "#0"},
				"south": {"uv": [0, 7.25, 0.75, 8], "texture": "#0"},
				"west": {"uv": [0, 7.25, 0.75, 8], "texture": "#0"},
				"up": {"uv": [0, 7.25, 0.75, 8], "texture": "#0"},
				"down": {"uv": [0, 7.25, 0.75, 8], "texture": "#0"}
			}
		},
		{
			"name": "hexadecagon",
			"from": [8.28065, 9.95, 7.7],
			"to": [8.51935, 10.05, 8.9],
			"rotation": {"angle": -45, "axis": "y", "origin": [8.4, 10, 8.3]},
			"faces": {
				"north": {"uv": [0, 7.25, 0.75, 8], "texture": "#0"},
				"east": {"uv": [0, 7.25, 0.75, 8], "texture": "#0"},
				"south": {"uv": [0, 7.25, 0.75, 8], "texture": "#0"},
				"west": {"uv": [0, 7.25, 0.75, 8], "texture": "#0"},
				"up": {"uv": [0, 7.25, 0.75, 8], "texture": "#0"},
				"down": {"uv": [0, 7.25, 0.75, 8], "texture": "#0"}
			}
		},
		{
			"name": "hexadecagon",
			"from": [8.28065, 9.95, 7.7],
			"to": [8.51935, 10.05, 8.9],
			"rotation": {"angle": -22.5, "axis": "y", "origin": [8.4, 10, 8.3]},
			"faces": {
				"north": {"uv": [0, 7.25, 0.75, 8], "texture": "#0"},
				"east": {"uv": [0, 7.25, 0.75, 8], "texture": "#0"},
				"south": {"uv": [0, 7.25, 0.75, 8], "texture": "#0"},
				"west": {"uv": [0, 7.25, 0.75, 8], "texture": "#0"},
				"up": {"uv": [0, 7.25, 0.75, 8], "texture": "#0"},
				"down": {"uv": [0, 7.25, 0.75, 8], "texture": "#0"}
			}
		},
		{
			"name": "hexadecagon",
			"from": [8.28065, 9.95, 7.7],
			"to": [8.51935, 10.05, 8.9],
			"faces": {
				"north": {"uv": [0, 7.25, 0.75, 8], "texture": "#0"},
				"east": {"uv": [0, 7.25, 0.75, 8], "texture": "#0"},
				"south": {"uv": [0, 7.25, 0.75, 8], "texture": "#0"},
				"west": {"uv": [0, 7.25, 0.75, 8], "texture": "#0"},
				"up": {"uv": [0, 7.25, 0.75, 8], "texture": "#0"},
				"down": {"uv": [0, 7.25, 0.75, 8], "texture": "#0"}
			}
		},
		{
			"name": "hexadecagon",
			"from": [8.28065, 9.95, 7.7],
			"to": [8.51935, 10.05, 8.9],
			"rotation": {"angle": 22.5, "axis": "y", "origin": [8.4, 10, 8.3]},
			"faces": {
				"north": {"uv": [0, 7.25, 0.75, 8], "texture": "#0"},
				"east": {"uv": [0, 7.25, 0.75, 8], "texture": "#0"},
				"south": {"uv": [0, 7.25, 0.75, 8], "texture": "#0"},
				"west": {"uv": [0, 7.25, 0.75, 8], "texture": "#0"},
				"up": {"uv": [0, 7.25, 0.75, 8], "texture": "#0"},
				"down": {"uv": [0, 7.25, 0.75, 8], "texture": "#0"}
			}
		},
		{
			"name": "hexadecagon",
			"from": [8.28065, 9.95, 7.7],
			"to": [8.51935, 10.05, 8.9],
			"rotation": {"angle": 45, "axis": "y", "origin": [8.4, 10, 8.3]},
			"faces": {
				"north": {"uv": [0, 7.25, 0.75, 8], "texture": "#0"},
				"east": {"uv": [0, 7.25, 0.75, 8], "texture": "#0"},
				"south": {"uv": [0, 7.25, 0.75, 8], "texture": "#0"},
				"west": {"uv": [0, 7.25, 0.75, 8], "texture": "#0"},
				"up": {"uv": [0, 7.25, 0.75, 8], "texture": "#0"},
				"down": {"uv": [0, 7.25, 0.75, 8], "texture": "#0"}
			}
		},
		{
			"name": "hexadecagon",
			"from": [7.8, 9.95, 8.18065],
			"to": [9, 10.05, 8.41935],
			"rotation": {"angle": -22.5, "axis": "y", "origin": [8.4, 10, 8.3]},
			"faces": {
				"north": {"uv": [0, 7.25, 0.75, 8], "texture": "#0"},
				"east": {"uv": [0, 7.25, 0.75, 8], "texture": "#0"},
				"south": {"uv": [0, 7.25, 0.75, 8], "texture": "#0"},
				"west": {"uv": [0, 7.25, 0.75, 8], "texture": "#0"},
				"up": {"uv": [0, 7.25, 0.75, 8], "texture": "#0"},
				"down": {"uv": [0, 7.25, 0.75, 8], "texture": "#0"}
			}
		},
		{
			"name": "hexadecagon",
			"from": [7.8, 9.95, 8.18065],
			"to": [9, 10.05, 8.41935],
			"faces": {
				"north": {"uv": [0, 7.25, 0.75, 8], "texture": "#0"},
				"east": {"uv": [0, 7.25, 0.75, 8], "texture": "#0"},
				"south": {"uv": [0, 7.25, 0.75, 8], "texture": "#0"},
				"west": {"uv": [0, 7.25, 0.75, 8], "texture": "#0"},
				"up": {"uv": [0, 7.25, 0.75, 8], "texture": "#0"},
				"down": {"uv": [0, 7.25, 0.75, 8], "texture": "#0"}
			}
		},
		{
			"name": "hexadecagon",
			"from": [7.8, 9.95, 8.18065],
			"to": [9, 10.05, 8.41935],
			"rotation": {"angle": 22.5, "axis": "y", "origin": [8.4, 10, 8.3]},
			"faces": {
				"north": {"uv": [0, 7.25, 0.75, 8], "texture": "#0"},
				"east": {"uv": [0, 7.25, 0.75, 8], "texture": "#0"},
				"south": {"uv": [0, 7.25, 0.75, 8], "texture": "#0"},
				"west": {"uv": [0, 7.25, 0.75, 8], "texture": "#0"},
				"up": {"uv": [0, 7.25, 0.75, 8], "texture": "#0"},
				"down": {"uv": [0, 7.25, 0.75, 8], "texture": "#0"}
			}
		},
		{
			"name": "hexadecagon",
			"from": [7.0812, 9.95, 6.4],
			"to": [7.5188, 10.05, 8.6],
			"rotation": {"angle": -45, "axis": "y", "origin": [7.3, 10, 7.5]},
			"faces": {
				"north": {"uv": [0, 7.25, 0.75, 8], "texture": "#0"},
				"east": {"uv": [0, 7.25, 0.75, 8], "texture": "#0"},
				"south": {"uv": [0, 7.25, 0.75, 8], "texture": "#0"},
				"west": {"uv": [0, 7.25, 0.75, 8], "texture": "#0"},
				"up": {"uv": [0, 7.25, 0.75, 8], "texture": "#0"},
				"down": {"uv": [0, 7.25, 0.75, 8], "texture": "#0"}
			}
		},
		{
			"name": "hexadecagon",
			"from": [7.0812, 9.95, 6.4],
			"to": [7.5188, 10.05, 8.6],
			"rotation": {"angle": -22.5, "axis": "y", "origin": [7.3, 10, 7.5]},
			"faces": {
				"north": {"uv": [0, 7.25, 0.75, 8], "texture": "#0"},
				"east": {"uv": [0, 7.25, 0.75, 8], "texture": "#0"},
				"south": {"uv": [0, 7.25, 0.75, 8], "texture": "#0"},
				"west": {"uv": [0, 7.25, 0.75, 8], "texture": "#0"},
				"up": {"uv": [0, 7.25, 0.75, 8], "texture": "#0"},
				"down": {"uv": [0, 7.25, 0.75, 8], "texture": "#0"}
			}
		},
		{
			"name": "hexadecagon",
			"from": [7.0812, 9.95, 6.4],
			"to": [7.5188, 10.05, 8.6],
			"faces": {
				"north": {"uv": [0, 7.25, 0.75, 8], "texture": "#0"},
				"east": {"uv": [0, 7.25, 0.75, 8], "texture": "#0"},
				"south": {"uv": [0, 7.25, 0.75, 8], "texture": "#0"},
				"west": {"uv": [0, 7.25, 0.75, 8], "texture": "#0"},
				"up": {"uv": [0, 7.25, 0.75, 8], "texture": "#0"},
				"down": {"uv": [0, 7.25, 0.75, 8], "texture": "#0"}
			}
		},
		{
			"name": "hexadecagon",
			"from": [7.0812, 9.95, 6.4],
			"to": [7.5188, 10.05, 8.6],
			"rotation": {"angle": 22.5, "axis": "y", "origin": [7.3, 10, 7.5]},
			"faces": {
				"north": {"uv": [0, 7.25, 0.75, 8], "texture": "#0"},
				"east": {"uv": [0, 7.25, 0.75, 8], "texture": "#0"},
				"south": {"uv": [0, 7.25, 0.75, 8], "texture": "#0"},
				"west": {"uv": [0, 7.25, 0.75, 8], "texture": "#0"},
				"up": {"uv": [0, 7.25, 0.75, 8], "texture": "#0"},
				"down": {"uv": [0, 7.25, 0.75, 8], "texture": "#0"}
			}
		},
		{
			"name": "hexadecagon",
			"from": [7.0812, 9.95, 6.4],
			"to": [7.5188, 10.05, 8.6],
			"rotation": {"angle": 45, "axis": "y", "origin": [7.3, 10, 7.5]},
			"faces": {
				"north": {"uv": [0, 7.25, 0.75, 8], "texture": "#0"},
				"east": {"uv": [0, 7.25, 0.75, 8], "texture": "#0"},
				"south": {"uv": [0, 7.25, 0.75, 8], "texture": "#0"},
				"west": {"uv": [0, 7.25, 0.75, 8], "texture": "#0"},
				"up": {"uv": [0, 7.25, 0.75, 8], "texture": "#0"},
				"down": {"uv": [0, 7.25, 0.75, 8], "texture": "#0"}
			}
		},
		{
			"name": "hexadecagon",
			"from": [6.2, 9.95, 7.2812],
			"to": [8.4, 10.05, 7.7188],
			"rotation": {"angle": -22.5, "axis": "y", "origin": [7.3, 10, 7.5]},
			"faces": {
				"north": {"uv": [0, 7.25, 0.75, 8], "texture": "#0"},
				"east": {"uv": [0, 7.25, 0.75, 8], "texture": "#0"},
				"south": {"uv": [0, 7.25, 0.75, 8], "texture": "#0"},
				"west": {"uv": [0, 7.25, 0.75, 8], "texture": "#0"},
				"up": {"uv": [0, 7.25, 0.75, 8], "texture": "#0"},
				"down": {"uv": [0, 7.25, 0.75, 8], "texture": "#0"}
			}
		},
		{
			"name": "hexadecagon",
			"from": [6.2, 9.95, 7.2812],
			"to": [8.4, 10.05, 7.7188],
			"faces": {
				"north": {"uv": [0, 7.25, 0.75, 8], "texture": "#0"},
				"east": {"uv": [0, 7.25, 0.75, 8], "texture": "#0"},
				"south": {"uv": [0, 7.25, 0.75, 8], "texture": "#0"},
				"west": {"uv": [0, 7.25, 0.75, 8], "texture": "#0"},
				"up": {"uv": [0, 7.25, 0.75, 8], "texture": "#0"},
				"down": {"uv": [0, 7.25, 0.75, 8], "texture": "#0"}
			}
		},
		{
			"name": "hexadecagon",
			"from": [6.2, 9.95, 7.2812],
			"to": [8.4, 10.05, 7.7188],
			"rotation": {"angle": 22.5, "axis": "y", "origin": [7.3, 10, 7.5]},
			"faces": {
				"north": {"uv": [0, 7.25, 0.75, 8], "texture": "#0"},
				"east": {"uv": [0, 7.25, 0.75, 8], "texture": "#0"},
				"south": {"uv": [0, 7.25, 0.75, 8], "texture": "#0"},
				"west": {"uv": [0, 7.25, 0.75, 8], "texture": "#0"},
				"up": {"uv": [0, 7.25, 0.75, 8], "texture": "#0"},
				"down": {"uv": [0, 7.25, 0.75, 8], "texture": "#0"}
			}
		},
		{
			"name": "hexadecagon",
			"from": [7.70218, 9.9, 5.5],
			"to": [8.49782, 10.1, 5.6],
			"rotation": {"angle": -45, "axis": "y", "origin": [8.1, 10, 7.5]},
			"faces": {
				"north": {"uv": [1, 3, 2, 4], "texture": "#1"},
				"east": {"uv": [1, 3, 2, 4], "texture": "#1"},
				"south": {"uv": [1, 3, 2, 4], "texture": "#1"},
				"west": {"uv": [1, 3, 2, 4], "texture": "#1"},
				"up": {"uv": [1, 3, 2, 4], "texture": "#1"},
				"down": {"uv": [1, 3, 2, 4], "texture": "#1"}
			}
		},
		{
			"name": "hexadecagon",
			"from": [7.70218, 9.9, 5.5],
			"to": [8.49782, 10.1, 5.6],
			"rotation": {"angle": -22.5, "axis": "y", "origin": [8.1, 10, 7.5]},
			"faces": {
				"north": {"uv": [1, 3, 2, 4], "texture": "#1"},
				"east": {"uv": [1, 3, 2, 4], "texture": "#1"},
				"south": {"uv": [1, 3, 2, 4], "texture": "#1"},
				"west": {"uv": [1, 3, 2, 4], "texture": "#1"},
				"up": {"uv": [1, 3, 2, 4], "texture": "#1"},
				"down": {"uv": [1, 3, 2, 4], "texture": "#1"}
			}
		},
		{
			"name": "hexadecagon",
			"from": [6.70218, 9.9, 5.5],
			"to": [8.49782, 10.1, 5.6],
			"faces": {
				"north": {"uv": [1, 3, 2, 4], "texture": "#1"},
				"east": {"uv": [1, 3, 2, 4], "texture": "#1"},
				"south": {"uv": [1, 3, 2, 4], "texture": "#1"},
				"west": {"uv": [1, 3, 2, 4], "texture": "#1"},
				"up": {"uv": [1, 3, 2, 4], "texture": "#1"},
				"down": {"uv": [1, 3, 2, 4], "texture": "#1"}
			}
		},
		{
			"name": "hexadecagon",
			"from": [6.70218, 9.9, 5.5],
			"to": [7.49782, 10.1, 5.6],
			"rotation": {"angle": 22.5, "axis": "y", "origin": [7.1, 10, 7.5]},
			"faces": {
				"north": {"uv": [1, 3, 2, 4], "texture": "#1"},
				"east": {"uv": [1, 3, 2, 4], "texture": "#1"},
				"south": {"uv": [1, 3, 2, 4], "texture": "#1"},
				"west": {"uv": [1, 3, 2, 4], "texture": "#1"},
				"up": {"uv": [1, 3, 2, 4], "texture": "#1"},
				"down": {"uv": [1, 3, 2, 4], "texture": "#1"}
			}
		},
		{
			"name": "hexadecagon",
			"from": [6.70218, 9.9, 5.5],
			"to": [7.49782, 10.1, 5.6],
			"rotation": {"angle": 45, "axis": "y", "origin": [7.1, 10, 7.5]},
			"faces": {
				"north": {"uv": [1, 3, 2, 4], "texture": "#1"},
				"east": {"uv": [1, 3, 2, 4], "texture": "#1"},
				"south": {"uv": [1, 3, 2, 4], "texture": "#1"},
				"west": {"uv": [1, 3, 2, 4], "texture": "#1"},
				"up": {"uv": [1, 3, 2, 4], "texture": "#1"},
				"down": {"uv": [1, 3, 2, 4], "texture": "#1"}
			}
		},
		{
			"name": "hexadecagon",
			"from": [6.70218, 9.9, 9.4],
			"to": [7.49782, 10.1, 9.5],
			"rotation": {"angle": -45, "axis": "y", "origin": [7.1, 10, 7.5]},
			"faces": {
				"north": {"uv": [1, 3, 2, 4], "texture": "#1"},
				"east": {"uv": [1, 3, 2, 4], "texture": "#1"},
				"south": {"uv": [1, 3, 2, 4], "texture": "#1"},
				"west": {"uv": [1, 3, 2, 4], "texture": "#1"},
				"up": {"uv": [1, 3, 2, 4], "texture": "#1"},
				"down": {"uv": [1, 3, 2, 4], "texture": "#1"}
			}
		},
		{
			"name": "hexadecagon",
			"from": [6.70218, 9.9, 9.4],
			"to": [7.49782, 10.1, 9.5],
			"rotation": {"angle": -22.5, "axis": "y", "origin": [7.1, 10, 7.5]},
			"faces": {
				"north": {"uv": [1, 3, 2, 4], "texture": "#1"},
				"east": {"uv": [1, 3, 2, 4], "texture": "#1"},
				"south": {"uv": [1, 3, 2, 4], "texture": "#1"},
				"west": {"uv": [1, 3, 2, 4], "texture": "#1"},
				"up": {"uv": [1, 3, 2, 4], "texture": "#1"},
				"down": {"uv": [1, 3, 2, 4], "texture": "#1"}
			}
		},
		{
			"name": "hexadecagon",
			"from": [6.70218, 9.9, 9.4],
			"to": [8.49782, 10.1, 9.5],
			"faces": {
				"north": {"uv": [1, 3, 2, 4], "texture": "#1"},
				"east": {"uv": [1, 3, 2, 4], "texture": "#1"},
				"south": {"uv": [1, 3, 2, 4], "texture": "#1"},
				"west": {"uv": [1, 3, 2, 4], "texture": "#1"},
				"up": {"uv": [1, 3, 2, 4], "texture": "#1"},
				"down": {"uv": [1, 3, 2, 4], "texture": "#1"}
			}
		},
		{
			"name": "hexadecagon",
			"from": [7.70218, 9.9, 9.4],
			"to": [8.49782, 10.1, 9.5],
			"rotation": {"angle": 22.5, "axis": "y", "origin": [8.1, 10, 7.5]},
			"faces": {
				"north": {"uv": [1, 3, 2, 4], "texture": "#1"},
				"east": {"uv": [1, 3, 2, 4], "texture": "#1"},
				"south": {"uv": [1, 3, 2, 4], "texture": "#1"},
				"west": {"uv": [1, 3, 2, 4], "texture": "#1"},
				"up": {"uv": [1, 3, 2, 4], "texture": "#1"},
				"down": {"uv": [1, 3, 2, 4], "texture": "#1"}
			}
		},
		{
			"name": "hexadecagon",
			"from": [7.70218, 9.9, 9.4],
			"to": [8.49782, 10.1, 9.5],
			"rotation": {"angle": 45, "axis": "y", "origin": [8.1, 10, 7.5]},
			"faces": {
				"north": {"uv": [1, 3, 2, 4], "texture": "#1"},
				"east": {"uv": [1, 3, 2, 4], "texture": "#1"},
				"south": {"uv": [1, 3, 2, 4], "texture": "#1"},
				"west": {"uv": [1, 3, 2, 4], "texture": "#1"},
				"up": {"uv": [1, 3, 2, 4], "texture": "#1"},
				"down": {"uv": [1, 3, 2, 4], "texture": "#1"}
			}
		},
		{
			"name": "hexadecagon",
			"from": [5.1, 9.9, 7.10218],
			"to": [5.2, 10.1, 7.89782],
			"rotation": {"angle": -22.5, "axis": "y", "origin": [7.1, 10, 7.5]},
			"faces": {
				"north": {"uv": [1, 3, 2, 4], "texture": "#1"},
				"east": {"uv": [1, 3, 2, 4], "texture": "#1"},
				"south": {"uv": [1, 3, 2, 4], "texture": "#1"},
				"west": {"uv": [1, 3, 2, 4], "texture": "#1"},
				"up": {"uv": [1, 3, 2, 4], "texture": "#1"},
				"down": {"uv": [1, 3, 2, 4], "texture": "#1"}
			}
		},
		{
			"name": "hexadecagon",
			"from": [5.1, 9.9, 7.10218],
			"to": [5.2, 10.1, 7.89782],
			"faces": {
				"north": {"uv": [1, 3, 2, 4], "texture": "#1"},
				"east": {"uv": [1, 3, 2, 4], "texture": "#1"},
				"south": {"uv": [1, 3, 2, 4], "texture": "#1"},
				"west": {"uv": [1, 3, 2, 4], "texture": "#1"},
				"up": {"uv": [1, 3, 2, 4], "texture": "#1"},
				"down": {"uv": [1, 3, 2, 4], "texture": "#1"}
			}
		},
		{
			"name": "hexadecagon",
			"from": [5.1, 9.9, 7.10218],
			"to": [5.2, 10.1, 7.89782],
			"rotation": {"angle": 22.5, "axis": "y", "origin": [7.1, 10, 7.5]},
			"faces": {
				"north": {"uv": [1, 3, 2, 4], "texture": "#1"},
				"east": {"uv": [1, 3, 2, 4], "texture": "#1"},
				"south": {"uv": [1, 3, 2, 4], "texture": "#1"},
				"west": {"uv": [1, 3, 2, 4], "texture": "#1"},
				"up": {"uv": [1, 3, 2, 4], "texture": "#1"},
				"down": {"uv": [1, 3, 2, 4], "texture": "#1"}
			}
		},
		{
			"name": "hexadecagon",
			"from": [10, 9.9, 7.10218],
			"to": [10.1, 10.1, 7.89782],
			"rotation": {"angle": -22.5, "axis": "y", "origin": [8.1, 10, 7.5]},
			"faces": {
				"north": {"uv": [1, 3, 2, 4], "texture": "#1"},
				"east": {"uv": [1, 3, 2, 4], "texture": "#1"},
				"south": {"uv": [1, 3, 2, 4], "texture": "#1"},
				"west": {"uv": [1, 3, 2, 4], "texture": "#1"},
				"up": {"uv": [1, 3, 2, 4], "texture": "#1"},
				"down": {"uv": [1, 3, 2, 4], "texture": "#1"}
			}
		},
		{
			"name": "hexadecagon",
			"from": [10, 9.9, 7.10218],
			"to": [10.1, 10.1, 7.89782],
			"faces": {
				"north": {"uv": [1, 3, 2, 4], "texture": "#1"},
				"east": {"uv": [1, 3, 2, 4], "texture": "#1"},
				"south": {"uv": [1, 3, 2, 4], "texture": "#1"},
				"west": {"uv": [1, 3, 2, 4], "texture": "#1"},
				"up": {"uv": [1, 3, 2, 4], "texture": "#1"},
				"down": {"uv": [1, 3, 2, 4], "texture": "#1"}
			}
		},
		{
			"name": "hexadecagon",
			"from": [10, 9.9, 7.10218],
			"to": [10.1, 10.1, 7.89782],
			"rotation": {"angle": 22.5, "axis": "y", "origin": [8.1, 10, 7.5]},
			"faces": {
				"north": {"uv": [1, 3, 2, 4], "texture": "#1"},
				"east": {"uv": [1, 3, 2, 4], "texture": "#1"},
				"south": {"uv": [1, 3, 2, 4], "texture": "#1"},
				"west": {"uv": [1, 3, 2, 4], "texture": "#1"},
				"up": {"uv": [1, 3, 2, 4], "texture": "#1"},
				"down": {"uv": [1, 3, 2, 4], "texture": "#1"}
			}
		},
		{
			"from": [14.565, 2.97, 5.9],
			"to": [15.565, 4.97, 9.1],
			"rotation": {"angle": -22.5, "axis": "z", "origin": [13.74692, 0.76139, 7.4]},
			"faces": {
				"north": {"uv": [3.25, 5, 4, 5.75], "rotation": 270, "texture": "#0"},
				"east": {"uv": [0, 9, 16, 12], "texture": "#2"},
				"south": {"uv": [3.25, 5, 4, 5.75], "rotation": 270, "texture": "#0"},
				"west": {"uv": [3.25, 5, 4, 5.75], "rotation": 270, "texture": "#1"},
				"up": {"uv": [3.25, 5, 4, 5.75], "rotation": 270, "texture": "#0"},
				"down": {"uv": [3.25, 5, 4, 5.75], "rotation": 270, "texture": "#0"}
			}
		},
		{
			"from": [14.47, -0.08, 5.9],
			"to": [16.47, 0.92, 9.1],
			"rotation": {"angle": 45, "axis": "z", "origin": [13.74692, 0.76139, 7.4]},
			"faces": {
				"north": {"uv": [3.25, 5, 4, 5.75], "texture": "#0"},
				"east": {"uv": [3.25, 5, 4, 5.75], "texture": "#0"},
				"south": {"uv": [3.25, 5, 4, 5.75], "texture": "#0"},
				"west": {"uv": [3.25, 5, 4, 5.75], "texture": "#0"},
				"up": {"uv": [3.25, 5, 4, 5.75], "texture": "#1"},
				"down": {"uv": [0, 11.875, 16, 14.875], "rotation": 90, "texture": "#2"}
			}
		},
		{
			"from": [12.6, -1.2, 5.9],
			"to": [14.6, -0.2, 9.1],
			"rotation": {"angle": 22.5, "axis": "z", "origin": [10, 0.4, 7.4]},
			"faces": {
				"north": {"uv": [3.25, 5, 4, 5.75], "texture": "#0"},
				"east": {"uv": [3.25, 5, 4, 5.75], "texture": "#0"},
				"south": {"uv": [3.25, 5, 4, 5.75], "texture": "#0"},
				"west": {"uv": [3.25, 5, 4, 5.75], "texture": "#0"},
				"up": {"uv": [3.25, 5, 4, 5.75], "texture": "#1"},
				"down": {"uv": [0, 14.938, 16, 16], "rotation": 90, "texture": "#2"}
			}
		},
		{
			"from": [3, -0.1, 5.9],
			"to": [13, 0.9, 9.1],
			"faces": {
				"north": {"uv": [3.25, 5, 4, 5.75], "texture": "#0"},
				"east": {"uv": [3.25, 5, 4, 5.75], "texture": "#0"},
				"south": {"uv": [3.25, 5, 4, 5.75], "texture": "#0"},
				"west": {"uv": [3.25, 5, 4, 5.75], "texture": "#0"},
				"up": {"uv": [3.25, 5, 4, 5.75], "texture": "#1"},
				"down": {"uv": [0.938, 1.063, 1.688, 1.813], "texture": "#2"}
			}
		},
		{
			"from": [1.4, -1.2, 5.9],
			"to": [3.4, -0.2, 9.1],
			"rotation": {"angle": -22.5, "axis": "z", "origin": [6, 0.4, 7.4]},
			"faces": {
				"north": {"uv": [3.25, 5, 4, 5.75], "texture": "#0"},
				"east": {"uv": [3.25, 5, 4, 5.75], "texture": "#0"},
				"south": {"uv": [3.25, 5, 4, 5.75], "texture": "#0"},
				"west": {"uv": [3.25, 5, 4, 5.75], "texture": "#0"},
				"up": {"uv": [3.25, 5, 4, 5.75], "texture": "#1"},
				"down": {"uv": [0, 14.938, 16, 16], "rotation": 270, "texture": "#2"}
			}
		},
		{
			"from": [-0.47, -0.08, 5.9],
			"to": [1.53, 0.92, 9.1],
			"rotation": {"angle": -45, "axis": "z", "origin": [2.25308, 0.76139, 7.4]},
			"faces": {
				"north": {"uv": [3.25, 5, 4, 5.75], "texture": "#0"},
				"east": {"uv": [3.25, 5, 4, 5.75], "texture": "#0"},
				"south": {"uv": [3.25, 5, 4, 5.75], "texture": "#0"},
				"west": {"uv": [3.25, 5, 4, 5.75], "texture": "#0"},
				"up": {"uv": [3.25, 5, 4, 5.75], "texture": "#1"},
				"down": {"uv": [0, 11.875, 16, 14.875], "rotation": 270, "texture": "#2"}
			}
		},
		{
			"from": [0.435, 2.97, 5.9],
			"to": [1.435, 4.97, 9.1],
			"rotation": {"angle": 22.5, "axis": "z", "origin": [2.25308, 0.76139, 7.4]},
			"faces": {
				"north": {"uv": [3.25, 5, 4, 5.75], "rotation": 270, "texture": "#0"},
				"east": {"uv": [3.25, 5, 4, 5.75], "rotation": 270, "texture": "#1"},
				"south": {"uv": [3.25, 5, 4, 5.75], "rotation": 270, "texture": "#0"},
				"west": {"uv": [0, 9, 16, 12], "texture": "#2"},
				"up": {"uv": [3.25, 5, 4, 5.75], "rotation": 270, "texture": "#0"},
				"down": {"uv": [3.25, 5, 4, 5.75], "rotation": 270, "texture": "#0"}
			}
		},
		{
			"from": [-1.035, 3.95, 5.9],
			"to": [-0.035, 5.95, 9.1],
			"faces": {
				"north": {"uv": [3.25, 5, 4, 5.75], "rotation": 270, "texture": "#0"},
				"east": {"uv": [3.25, 5, 4, 5.75], "rotation": 270, "texture": "#1"},
				"south": {"uv": [3.25, 5, 4, 5.75], "rotation": 270, "texture": "#0"},
				"west": {"uv": [0, 6, 16, 9], "texture": "#2"},
				"up": {"uv": [3.25, 5, 4, 5.75], "rotation": 270, "texture": "#0"},
				"down": {"uv": [3.25, 5, 4, 5.75], "rotation": 270, "texture": "#0"}
			}
		},
		{
			"from": [0.435, 4.93, 5.9],
			"to": [1.435, 6.93, 9.1],
			"rotation": {"angle": -22.5, "axis": "z", "origin": [2.25308, 9.13861, 7.4]},
			"faces": {
				"north": {"uv": [3.25, 5, 4, 5.75], "rotation": 270, "texture": "#0"},
				"east": {"uv": [3.25, 5, 4, 5.75], "rotation": 270, "texture": "#1"},
				"south": {"uv": [3.25, 5, 4, 5.75], "rotation": 270, "texture": "#0"},
				"west": {"uv": [0, 3, 16, 6], "texture": "#2"},
				"up": {"uv": [3.25, 5, 4, 5.75], "rotation": 270, "texture": "#0"},
				"down": {"uv": [3.25, 5, 4, 5.75], "rotation": 270, "texture": "#0"}
			}
		},
		{
			"from": [-0.47, 8.98, 5.9],
			"to": [1.53, 9.98, 9.1],
			"rotation": {"angle": 45, "axis": "z", "origin": [2.25308, 9.13861, 7.4]},
			"faces": {
				"north": {"uv": [3.25, 5, 4, 5.75], "texture": "#0"},
				"east": {"uv": [3.25, 5, 4, 5.75], "texture": "#0"},
				"south": {"uv": [3.25, 5, 4, 5.75], "texture": "#0"},
				"west": {"uv": [3.25, 5, 4, 5.75], "texture": "#0"},
				"up": {"uv": [0, 0, 16, 3], "rotation": 90, "texture": "#2"},
				"down": {"uv": [3.25, 5, 4, 5.75], "texture": "#1"}
			}
		},
		{
			"from": [1.4, 10.1, 5.9],
			"to": [3.4, 11.1, 9.1],
			"rotation": {"angle": 22.5, "axis": "z", "origin": [6, 9.5, 7.4]},
			"faces": {
				"north": {"uv": [3.25, 5, 4, 5.75], "texture": "#0"},
				"east": {"uv": [3.25, 5, 4, 5.75], "texture": "#0"},
				"south": {"uv": [3.25, 5, 4, 5.75], "texture": "#0"},
				"west": {"uv": [3.25, 5, 4, 5.75], "texture": "#0"},
				"up": {"uv": [0.938, 1.063, 1.688, 1.813], "texture": "#2"},
				"down": {"uv": [3.25, 5, 4, 5.75], "texture": "#1"}
			}
		},
		{
			"from": [3.5, 9.12, 6.1],
			"to": [5.9, 10.02, 9.3],
			"rotation": {"angle": 22.5, "axis": "y", "origin": [3.2, 9.5, 7.4]},
			"faces": {
				"north": {"uv": [3.25, 5, 4, 5.75], "texture": "#0"},
				"east": {"uv": [3.25, 5, 4, 5.75], "texture": "#0"},
				"south": {"uv": [3.25, 5, 4, 5.75], "texture": "#0"},
				"west": {"uv": [3.25, 5, 4, 5.75], "texture": "#0"},
				"up": {"uv": [0.938, 1.063, 1.688, 1.813], "texture": "#2"},
				"down": {"uv": [3.25, 5, 4, 5.75], "texture": "#1"}
			}
		},
		{
			"from": [3, 9.1, 5.9],
			"to": [13, 10.02, 9.1],
			"faces": {
				"north": {"uv": [3.25, 5, 4, 5.75], "texture": "#0"},
				"east": {"uv": [3.25, 5, 4, 5.75], "texture": "#0"},
				"south": {"uv": [3.25, 5, 4, 5.75], "texture": "#0"},
				"west": {"uv": [3.25, 5, 4, 5.75], "texture": "#0"},
				"up": {"uv": [0.938, 1.063, 1.688, 1.813], "texture": "#2"},
				"down": {"uv": [0, 0, 0.75, 0.75], "texture": "#1"}
			}
		},
		{
			"from": [3.5, 9.12, 5.6],
			"to": [5.9, 10.02, 8.9],
			"rotation": {"angle": -22.5, "axis": "y", "origin": [3.2, 9.5, 7.4]},
			"faces": {
				"north": {"uv": [3.25, 5, 4, 5.75], "texture": "#0"},
				"east": {"uv": [3.25, 5, 4, 5.75], "texture": "#0"},
				"south": {"uv": [3.25, 5, 4, 5.75], "texture": "#0"},
				"west": {"uv": [3.25, 5, 4, 5.75], "texture": "#0"},
				"up": {"uv": [0.938, 1.063, 1.688, 1.813], "texture": "#2"},
				"down": {"uv": [3.25, 5, 4, 5.75], "texture": "#1"}
			}
		},
		{
			"from": [5.14, 9.12, 8.72],
			"to": [10.04, 10.02, 9.82],
			"faces": {
				"north": {"uv": [3.25, 5, 4, 5.75], "texture": "#0"},
				"east": {"uv": [3.25, 5, 4, 5.75], "texture": "#0"},
				"south": {"uv": [3.25, 5, 4, 5.75], "texture": "#0"},
				"west": {"uv": [3.25, 5, 4, 5.75], "texture": "#0"},
				"up": {"uv": [0.938, 1.063, 1.688, 1.813], "texture": "#2"},
				"down": {"uv": [3.25, 5, 4, 5.75], "texture": "#1"}
			}
		},
		{
			"from": [5.14, 9.12, 5.155],
			"to": [10.04, 10.02, 6.255],
			"faces": {
				"north": {"uv": [3.25, 5, 4, 5.75], "texture": "#0"},
				"east": {"uv": [3.25, 5, 4, 5.75], "texture": "#0"},
				"south": {"uv": [3.25, 5, 4, 5.75], "texture": "#0"},
				"west": {"uv": [3.25, 5, 4, 5.75], "texture": "#0"},
				"up": {"uv": [0.938, 1.063, 1.688, 1.813], "texture": "#2"},
				"down": {"uv": [3.25, 5, 4, 5.75], "texture": "#1"}
			}
		},
		{
			"from": [9.3, 9.12, 6.1],
			"to": [11.7, 10.02, 9.3],
			"rotation": {"angle": -22.5, "axis": "y", "origin": [12, 9.5, 7.4]},
			"faces": {
				"north": {"uv": [3.25, 5, 4, 5.75], "texture": "#0"},
				"east": {"uv": [3.25, 5, 4, 5.75], "texture": "#0"},
				"south": {"uv": [3.25, 5, 4, 5.75], "texture": "#0"},
				"west": {"uv": [3.25, 5, 4, 5.75], "texture": "#0"},
				"up": {"uv": [0.938, 1.063, 1.688, 1.813], "texture": "#2"},
				"down": {"uv": [3.25, 5, 4, 5.75], "texture": "#1"}
			}
		},
		{
			"from": [9.3, 9.12, 5.6],
			"to": [11.7, 10.02, 8.9],
			"rotation": {"angle": 22.5, "axis": "y", "origin": [12, 9.5, 7.4]},
			"faces": {
				"north": {"uv": [3.25, 5, 4, 5.75], "texture": "#0"},
				"east": {"uv": [3.25, 5, 4, 5.75], "texture": "#0"},
				"south": {"uv": [3.25, 5, 4, 5.75], "texture": "#0"},
				"west": {"uv": [3.25, 5, 4, 5.75], "texture": "#0"},
				"up": {"uv": [0.938, 1.063, 1.688, 1.813], "texture": "#2"},
				"down": {"uv": [3.25, 5, 4, 5.75], "texture": "#1"}
			}
		},
		{
			"from": [12.6, 10.1, 5.9],
			"to": [14.6, 11.1, 9.1],
			"rotation": {"angle": -22.5, "axis": "z", "origin": [10, 9.5, 7.4]},
			"faces": {
				"north": {"uv": [3.25, 5, 4, 5.75], "texture": "#0"},
				"east": {"uv": [3.25, 5, 4, 5.75], "texture": "#0"},
				"south": {"uv": [3.25, 5, 4, 5.75], "texture": "#0"},
				"west": {"uv": [3.25, 5, 4, 5.75], "texture": "#0"},
				"up": {"uv": [0.938, 1.063, 1.688, 1.813], "texture": "#2"},
				"down": {"uv": [3.25, 5, 4, 5.75], "texture": "#1"}
			}
		},
		{
			"from": [14.47, 8.98, 5.9],
			"to": [16.47, 9.98, 9.1],
			"rotation": {"angle": -45, "axis": "z", "origin": [13.74692, 9.13861, 7.4]},
			"faces": {
				"north": {"uv": [3.25, 5, 4, 5.75], "texture": "#0"},
				"east": {"uv": [3.25, 5, 4, 5.75], "texture": "#0"},
				"south": {"uv": [3.25, 5, 4, 5.75], "texture": "#0"},
				"west": {"uv": [3.25, 5, 4, 5.75], "texture": "#0"},
				"up": {"uv": [0, 0, 16, 3], "rotation": 270, "texture": "#2"},
				"down": {"uv": [3.25, 5, 4, 5.75], "texture": "#1"}
			}
		},
		{
			"from": [14.565, 4.93, 5.9],
			"to": [15.565, 6.93, 9.1],
			"rotation": {"angle": 22.5, "axis": "z", "origin": [13.74692, 9.13861, 7.4]},
			"faces": {
				"north": {"uv": [3.25, 5, 4, 5.75], "rotation": 270, "texture": "#0"},
				"east": {"uv": [0, 3, 16, 6], "texture": "#2"},
				"south": {"uv": [3.25, 5, 4, 5.75], "rotation": 270, "texture": "#0"},
				"west": {"uv": [3.25, 5, 4, 5.75], "rotation": 270, "texture": "#1"},
				"up": {"uv": [3.25, 5, 4, 5.75], "rotation": 270, "texture": "#0"},
				"down": {"uv": [3.25, 5, 4, 5.75], "rotation": 270, "texture": "#0"}
			}
		},
		{
			"from": [16.035, 3.95, 5.9],
			"to": [17.035, 5.95, 9.1],
			"faces": {
				"north": {"uv": [3.25, 5, 4, 5.75], "rotation": 270, "texture": "#0"},
				"east": {"uv": [0, 6, 16, 9], "texture": "#2"},
				"south": {"uv": [3.25, 5, 4, 5.75], "rotation": 270, "texture": "#0"},
				"west": {"uv": [3.25, 5, 4, 5.75], "rotation": 270, "texture": "#1"},
				"up": {"uv": [3.25, 5, 4, 5.75], "rotation": 270, "texture": "#0"},
				"down": {"uv": [3.25, 5, 4, 5.75], "rotation": 270, "texture": "#0"}
			}
		},
		{
			"from": [5.14, 9.12, 4.955],
			"to": [10.04, 10.02, 5.155],
			"faces": {
				"north": {"uv": [3.25, 5, 4, 5.75], "texture": "#1"},
				"east": {"uv": [3.25, 5, 4, 5.75], "texture": "#1"},
				"south": {"uv": [3.25, 5, 4, 5.75], "texture": "#1"},
				"west": {"uv": [3.25, 5, 4, 5.75], "texture": "#1"},
				"up": {"uv": [3.25, 5, 4, 5.75], "texture": "#1"},
				"down": {"uv": [3.25, 5, 4, 5.75], "texture": "#1"}
			}
		},
		{
			"from": [9.2, 9.12, 5.9],
			"to": [11.2, 10.02, 6.1],
			"rotation": {"angle": -22.5, "axis": "y", "origin": [12, 9.5, 7.4]},
			"faces": {
				"north": {"uv": [3.25, 5, 4, 5.75], "texture": "#1"},
				"east": {"uv": [3.25, 5, 4, 5.75], "texture": "#1"},
				"south": {"uv": [3.25, 5, 4, 5.75], "texture": "#1"},
				"west": {"uv": [3.25, 5, 4, 5.75], "texture": "#1"},
				"up": {"uv": [3.25, 5, 4, 5.75], "texture": "#1"},
				"down": {"uv": [3.25, 5, 4, 5.75], "texture": "#1"}
			}
		},
		{
			"from": [11.7, 9.1, 5.7],
			"to": [13, 10.02, 5.9],
			"faces": {
				"north": {"uv": [3.25, 5, 4, 5.75], "texture": "#1"},
				"east": {"uv": [3.25, 5, 4, 5.75], "texture": "#1"},
				"south": {"uv": [3.25, 5, 4, 5.75], "texture": "#1"},
				"west": {"uv": [3.25, 5, 4, 5.75], "texture": "#1"},
				"up": {"uv": [3.25, 5, 4, 5.75], "texture": "#1"},
				"down": {"uv": [3.25, 5, 4, 5.75], "texture": "#1"}
			}
		},
		{
			"from": [12.6, 10.1, 5.7],
			"to": [14.6, 11.1, 5.9],
			"rotation": {"angle": -22.5, "axis": "z", "origin": [10, 9.5, 7.4]},
			"faces": {
				"north": {"uv": [3.25, 5, 4, 5.75], "texture": "#1"},
				"east": {"uv": [3.25, 5, 4, 5.75], "texture": "#1"},
				"south": {"uv": [3.25, 5, 4, 5.75], "texture": "#1"},
				"west": {"uv": [3.25, 5, 4, 5.75], "texture": "#1"},
				"up": {"uv": [3.25, 5, 4, 5.75], "texture": "#1"},
				"down": {"uv": [3.25, 5, 4, 5.75], "texture": "#1"}
			}
		},
		{
			"from": [14.47, 8.98, 5.7],
			"to": [16.47, 9.98, 5.9],
			"rotation": {"angle": -45, "axis": "z", "origin": [13.74692, 9.13861, 7.4]},
			"faces": {
				"north": {"uv": [3.25, 5, 4, 5.75], "texture": "#1"},
				"east": {"uv": [3.25, 5, 4, 5.75], "texture": "#1"},
				"south": {"uv": [3.25, 5, 4, 5.75], "texture": "#1"},
				"west": {"uv": [3.25, 5, 4, 5.75], "texture": "#1"},
				"up": {"uv": [3.25, 5, 4, 5.75], "texture": "#1"},
				"down": {"uv": [3.25, 5, 4, 5.75], "texture": "#1"}
			}
		},
		{
			"from": [14.565, 4.93, 5.7],
			"to": [15.565, 6.93, 5.9],
			"rotation": {"angle": 22.5, "axis": "z", "origin": [13.74692, 9.13861, 7.4]},
			"faces": {
				"north": {"uv": [3.25, 5, 4, 5.75], "rotation": 270, "texture": "#1"},
				"east": {"uv": [3.25, 5, 4, 5.75], "rotation": 270, "texture": "#1"},
				"south": {"uv": [3.25, 5, 4, 5.75], "rotation": 270, "texture": "#1"},
				"west": {"uv": [3.25, 5, 4, 5.75], "rotation": 270, "texture": "#1"},
				"up": {"uv": [3.25, 5, 4, 5.75], "rotation": 270, "texture": "#1"},
				"down": {"uv": [3.25, 5, 4, 5.75], "rotation": 270, "texture": "#1"}
			}
		},
		{
			"from": [16.035, 3.95, 5.7],
			"to": [17.035, 5.95, 5.9],
			"faces": {
				"north": {"uv": [3.25, 5, 4, 5.75], "rotation": 270, "texture": "#1"},
				"east": {"uv": [3.25, 5, 4, 5.75], "rotation": 270, "texture": "#1"},
				"south": {"uv": [3.25, 5, 4, 5.75], "rotation": 270, "texture": "#1"},
				"west": {"uv": [3.25, 5, 4, 5.75], "rotation": 270, "texture": "#1"},
				"up": {"uv": [3.25, 5, 4, 5.75], "rotation": 270, "texture": "#1"},
				"down": {"uv": [3.25, 5, 4, 5.75], "rotation": 270, "texture": "#1"}
			}
		},
		{
			"from": [14.565, 2.97, 5.7],
			"to": [15.565, 4.97, 5.9],
			"rotation": {"angle": -22.5, "axis": "z", "origin": [13.74692, 0.76139, 7.4]},
			"faces": {
				"north": {"uv": [3.25, 5, 4, 5.75], "rotation": 270, "texture": "#1"},
				"east": {"uv": [3.25, 5, 4, 5.75], "rotation": 270, "texture": "#1"},
				"south": {"uv": [3.25, 5, 4, 5.75], "rotation": 270, "texture": "#1"},
				"west": {"uv": [3.25, 5, 4, 5.75], "rotation": 270, "texture": "#1"},
				"up": {"uv": [3.25, 5, 4, 5.75], "rotation": 270, "texture": "#1"},
				"down": {"uv": [3.25, 5, 4, 5.75], "rotation": 270, "texture": "#1"}
			}
		},
		{
			"from": [14.47, -0.08, 5.7],
			"to": [16.47, 0.92, 5.9],
			"rotation": {"angle": 45, "axis": "z", "origin": [13.74692, 0.76139, 7.4]},
			"faces": {
				"north": {"uv": [3.25, 5, 4, 5.75], "texture": "#1"},
				"east": {"uv": [3.25, 5, 4, 5.75], "texture": "#1"},
				"south": {"uv": [3.25, 5, 4, 5.75], "texture": "#1"},
				"west": {"uv": [3.25, 5, 4, 5.75], "texture": "#1"},
				"up": {"uv": [3.25, 5, 4, 5.75], "texture": "#1"},
				"down": {"uv": [3.25, 5, 4, 5.75], "texture": "#1"}
			}
		},
		{
			"from": [12.6, -1.2, 5.7],
			"to": [14.6, -0.2, 5.9],
			"rotation": {"angle": 22.5, "axis": "z", "origin": [10, 0.4, 7.4]},
			"faces": {
				"north": {"uv": [3.25, 5, 4, 5.75], "texture": "#1"},
				"east": {"uv": [3.25, 5, 4, 5.75], "texture": "#1"},
				"south": {"uv": [3.25, 5, 4, 5.75], "texture": "#1"},
				"west": {"uv": [3.25, 5, 4, 5.75], "texture": "#1"},
				"up": {"uv": [3.25, 5, 4, 5.75], "texture": "#1"},
				"down": {"uv": [3.25, 5, 4, 5.75], "texture": "#1"}
			}
		},
		{
			"from": [3, -0.1, 5.7],
			"to": [13, 0.9, 5.9],
			"faces": {
				"north": {"uv": [3.25, 5, 4, 5.75], "texture": "#1"},
				"east": {"uv": [3.25, 5, 4, 5.75], "texture": "#1"},
				"south": {"uv": [3.25, 5, 4, 5.75], "texture": "#1"},
				"west": {"uv": [3.25, 5, 4, 5.75], "texture": "#1"},
				"up": {"uv": [3.25, 5, 4, 5.75], "texture": "#1"},
				"down": {"uv": [3.25, 5, 4, 5.75], "texture": "#1"}
			}
		},
		{
			"from": [1.4, -1.2, 5.7],
			"to": [3.4, -0.2, 5.9],
			"rotation": {"angle": -22.5, "axis": "z", "origin": [6, 0.4, 7.4]},
			"faces": {
				"north": {"uv": [4, 5, 3.25, 5.75], "texture": "#1"},
				"east": {"uv": [4, 5, 3.25, 5.75], "texture": "#1"},
				"south": {"uv": [4, 5, 3.25, 5.75], "texture": "#1"},
				"west": {"uv": [4, 5, 3.25, 5.75], "texture": "#1"},
				"up": {"uv": [4, 5, 3.25, 5.75], "texture": "#1"},
				"down": {"uv": [4, 5, 3.25, 5.75], "texture": "#1"}
			}
		},
		{
			"from": [-0.47, -0.08, 5.7],
			"to": [1.53, 0.92, 5.9],
			"rotation": {"angle": -45, "axis": "z", "origin": [2.25308, 0.76139, 7.4]},
			"faces": {
				"north": {"uv": [4, 5, 3.25, 5.75], "texture": "#1"},
				"east": {"uv": [4, 5, 3.25, 5.75], "texture": "#1"},
				"south": {"uv": [4, 5, 3.25, 5.75], "texture": "#1"},
				"west": {"uv": [4, 5, 3.25, 5.75], "texture": "#1"},
				"up": {"uv": [4, 5, 3.25, 5.75], "texture": "#1"},
				"down": {"uv": [4, 5, 3.25, 5.75], "texture": "#1"}
			}
		},
		{
			"from": [0.435, 2.97, 5.7],
			"to": [1.435, 4.97, 5.9],
			"rotation": {"angle": 22.5, "axis": "z", "origin": [2.25308, 0.76139, 7.4]},
			"faces": {
				"north": {"uv": [3.25, 5.75, 4, 5], "rotation": 270, "texture": "#1"},
				"east": {"uv": [3.25, 5.75, 4, 5], "rotation": 270, "texture": "#1"},
				"south": {"uv": [3.25, 5.75, 4, 5], "rotation": 270, "texture": "#1"},
				"west": {"uv": [3.25, 5.75, 4, 5], "rotation": 270, "texture": "#1"},
				"up": {"uv": [3.25, 5.75, 4, 5], "rotation": 270, "texture": "#1"},
				"down": {"uv": [3.25, 5.75, 4, 5], "rotation": 270, "texture": "#1"}
			}
		},
		{
			"from": [-1.035, 3.95, 5.7],
			"to": [-0.035, 5.95, 5.9],
			"faces": {
				"north": {"uv": [3.25, 5.75, 4, 5], "rotation": 270, "texture": "#1"},
				"east": {"uv": [3.25, 5.75, 4, 5], "rotation": 270, "texture": "#1"},
				"south": {"uv": [3.25, 5.75, 4, 5], "rotation": 270, "texture": "#1"},
				"west": {"uv": [3.25, 5.75, 4, 5], "rotation": 270, "texture": "#1"},
				"up": {"uv": [3.25, 5.75, 4, 5], "rotation": 270, "texture": "#1"},
				"down": {"uv": [3.25, 5.75, 4, 5], "rotation": 270, "texture": "#1"}
			}
		},
		{
			"from": [0.435, 4.93, 5.7],
			"to": [1.435, 6.93, 5.9],
			"rotation": {"angle": -22.5, "axis": "z", "origin": [2.25308, 9.13861, 7.4]},
			"faces": {
				"north": {"uv": [3.25, 5.75, 4, 5], "rotation": 270, "texture": "#1"},
				"east": {"uv": [3.25, 5.75, 4, 5], "rotation": 270, "texture": "#1"},
				"south": {"uv": [3.25, 5.75, 4, 5], "rotation": 270, "texture": "#1"},
				"west": {"uv": [3.25, 5.75, 4, 5], "rotation": 270, "texture": "#1"},
				"up": {"uv": [3.25, 5.75, 4, 5], "rotation": 270, "texture": "#1"},
				"down": {"uv": [3.25, 5.75, 4, 5], "rotation": 270, "texture": "#1"}
			}
		},
		{
			"from": [-0.47, 8.98, 5.7],
			"to": [1.53, 9.98, 5.9],
			"rotation": {"angle": 45, "axis": "z", "origin": [2.25308, 9.13861, 7.4]},
			"faces": {
				"north": {"uv": [4, 5, 3.25, 5.75], "texture": "#1"},
				"east": {"uv": [4, 5, 3.25, 5.75], "texture": "#1"},
				"south": {"uv": [4, 5, 3.25, 5.75], "texture": "#1"},
				"west": {"uv": [4, 5, 3.25, 5.75], "texture": "#1"},
				"up": {"uv": [4, 5, 3.25, 5.75], "texture": "#1"},
				"down": {"uv": [4, 5, 3.25, 5.75], "texture": "#1"}
			}
		},
		{
			"from": [1.4, 10.1, 5.7],
			"to": [3.4, 11.1, 5.9],
			"rotation": {"angle": 22.5, "axis": "z", "origin": [6, 9.5, 7.4]},
			"faces": {
				"north": {"uv": [4, 5, 3.25, 5.75], "texture": "#1"},
				"east": {"uv": [4, 5, 3.25, 5.75], "texture": "#1"},
				"south": {"uv": [4, 5, 3.25, 5.75], "texture": "#1"},
				"west": {"uv": [4, 5, 3.25, 5.75], "texture": "#1"},
				"up": {"uv": [4, 5, 3.25, 5.75], "texture": "#1"},
				"down": {"uv": [4, 5, 3.25, 5.75], "texture": "#1"}
			}
		},
		{
			"from": [3, 9.1, 5.7],
			"to": [3.4, 10.02, 5.9],
			"faces": {
				"north": {"uv": [4, 5, 3.25, 5.75], "texture": "#1"},
				"east": {"uv": [4, 5, 3.25, 5.75], "texture": "#1"},
				"south": {"uv": [4, 5, 3.25, 5.75], "texture": "#1"},
				"west": {"uv": [4, 5, 3.25, 5.75], "texture": "#1"},
				"up": {"uv": [4, 5, 3.25, 5.75], "texture": "#1"},
				"down": {"uv": [4, 5, 3.25, 5.75], "texture": "#1"}
			}
		},
		{
			"from": [4, 9.12, 5.6],
			"to": [6, 10.02, 5.8],
			"rotation": {"angle": 22.5, "axis": "y", "origin": [4, 9.5, 7.4]},
			"faces": {
				"north": {"uv": [4, 5, 3.25, 5.75], "texture": "#1"},
				"east": {"uv": [4, 5, 3.25, 5.75], "texture": "#1"},
				"south": {"uv": [4, 5, 3.25, 5.75], "texture": "#1"},
				"west": {"uv": [4, 5, 3.25, 5.75], "texture": "#1"},
				"up": {"uv": [4, 5, 3.25, 5.75], "texture": "#1"},
				"down": {"uv": [4, 5, 3.25, 5.75], "texture": "#1"}
			}
		},
		{
			"from": [12.6, 10.1, 9.1],
			"to": [14.6, 11.1, 9.3],
			"rotation": {"angle": -22.5, "axis": "z", "origin": [10, 9.5, 7.6]},
			"faces": {
				"north": {"uv": [4, 5, 3.25, 5.75], "texture": "#1"},
				"east": {"uv": [4, 5, 3.25, 5.75], "texture": "#1"},
				"south": {"uv": [4, 5, 3.25, 5.75], "texture": "#1"},
				"west": {"uv": [4, 5, 3.25, 5.75], "texture": "#1"},
				"up": {"uv": [3.25, 5.75, 4, 5], "texture": "#1"},
				"down": {"uv": [3.25, 5.75, 4, 5], "texture": "#1"}
			}
		},
		{
			"from": [11.7, 9.1, 9.1],
			"to": [13, 10.02, 9.3],
			"faces": {
				"north": {"uv": [4, 5, 3.25, 5.75], "texture": "#1"},
				"east": {"uv": [4, 5, 3.25, 5.75], "texture": "#1"},
				"south": {"uv": [4, 5, 3.25, 5.75], "texture": "#1"},
				"west": {"uv": [4, 5, 3.25, 5.75], "texture": "#1"},
				"up": {"uv": [3.25, 5.75, 4, 5], "texture": "#1"},
				"down": {"uv": [3.25, 5.75, 4, 5], "texture": "#1"}
			}
		},
		{
			"from": [9.2, 9.12, 8.9],
			"to": [11.2, 10.02, 9.1],
			"rotation": {"angle": 22.5, "axis": "y", "origin": [12, 9.5, 7.6]},
			"faces": {
				"north": {"uv": [4, 5, 3.25, 5.75], "texture": "#1"},
				"east": {"uv": [4, 5, 3.25, 5.75], "texture": "#1"},
				"south": {"uv": [4, 5, 3.25, 5.75], "texture": "#1"},
				"west": {"uv": [4, 5, 3.25, 5.75], "texture": "#1"},
				"up": {"uv": [3.25, 5.75, 4, 5], "texture": "#1"},
				"down": {"uv": [3.25, 5.75, 4, 5], "texture": "#1"}
			}
		},
		{
			"from": [5.14, 9.12, 9.845],
			"to": [10.04, 10.02, 10.045],
			"faces": {
				"north": {"uv": [4, 5, 3.25, 5.75], "texture": "#1"},
				"east": {"uv": [4, 5, 3.25, 5.75], "texture": "#1"},
				"south": {"uv": [4, 5, 3.25, 5.75], "texture": "#1"},
				"west": {"uv": [4, 5, 3.25, 5.75], "texture": "#1"},
				"up": {"uv": [3.25, 5.75, 4, 5], "texture": "#1"},
				"down": {"uv": [3.25, 5.75, 4, 5], "texture": "#1"}
			}
		},
		{
			"from": [4, 9.12, 9.2],
			"to": [6, 10.02, 9.4],
			"rotation": {"angle": -22.5, "axis": "y", "origin": [4, 9.5, 7.6]},
			"faces": {
				"north": {"uv": [3.25, 5, 4, 5.75], "texture": "#1"},
				"east": {"uv": [3.25, 5, 4, 5.75], "texture": "#1"},
				"south": {"uv": [3.25, 5, 4, 5.75], "texture": "#1"},
				"west": {"uv": [3.25, 5, 4, 5.75], "texture": "#1"},
				"up": {"uv": [4, 5.75, 3.25, 5], "texture": "#1"},
				"down": {"uv": [4, 5.75, 3.25, 5], "texture": "#1"}
			}
		},
		{
			"from": [1.4, 10.1, 9.1],
			"to": [3.4, 11.1, 9.3],
			"rotation": {"angle": 22.5, "axis": "z", "origin": [6, 9.5, 7.6]},
			"faces": {
				"north": {"uv": [3.25, 5, 4, 5.75], "texture": "#1"},
				"east": {"uv": [3.25, 5, 4, 5.75], "texture": "#1"},
				"south": {"uv": [3.25, 5, 4, 5.75], "texture": "#1"},
				"west": {"uv": [3.25, 5, 4, 5.75], "texture": "#1"},
				"up": {"uv": [4, 5.75, 3.25, 5], "texture": "#1"},
				"down": {"uv": [4, 5.75, 3.25, 5], "texture": "#1"}
			}
		},
		{
			"from": [-0.47, 8.98, 9.1],
			"to": [1.53, 9.98, 9.3],
			"rotation": {"angle": 45, "axis": "z", "origin": [2.25308, 9.13861, 7.6]},
			"faces": {
				"north": {"uv": [3.25, 5, 4, 5.75], "texture": "#1"},
				"east": {"uv": [3.25, 5, 4, 5.75], "texture": "#1"},
				"south": {"uv": [3.25, 5, 4, 5.75], "texture": "#1"},
				"west": {"uv": [3.25, 5, 4, 5.75], "texture": "#1"},
				"up": {"uv": [4, 5.75, 3.25, 5], "texture": "#1"},
				"down": {"uv": [4, 5.75, 3.25, 5], "texture": "#1"}
			}
		},
		{
			"from": [3, 9.1, 9.1],
			"to": [3.4, 10.02, 9.3],
			"faces": {
				"north": {"uv": [3.25, 5, 4, 5.75], "texture": "#1"},
				"east": {"uv": [3.25, 5, 4, 5.75], "texture": "#1"},
				"south": {"uv": [3.25, 5, 4, 5.75], "texture": "#1"},
				"west": {"uv": [3.25, 5, 4, 5.75], "texture": "#1"},
				"up": {"uv": [4, 5.75, 3.25, 5], "texture": "#1"},
				"down": {"uv": [4, 5.75, 3.25, 5], "texture": "#1"}
			}
		},
		{
			"from": [0.435, 4.93, 9.1],
			"to": [1.435, 6.93, 9.3],
			"rotation": {"angle": -22.5, "axis": "z", "origin": [2.25308, 9.13861, 7.6]},
			"faces": {
				"north": {"uv": [3.25, 5, 4, 5.75], "rotation": 270, "texture": "#1"},
				"east": {"uv": [3.25, 5, 4, 5.75], "rotation": 270, "texture": "#1"},
				"south": {"uv": [3.25, 5, 4, 5.75], "rotation": 270, "texture": "#1"},
				"west": {"uv": [3.25, 5, 4, 5.75], "rotation": 270, "texture": "#1"},
				"up": {"uv": [4, 5.75, 3.25, 5], "rotation": 270, "texture": "#1"},
				"down": {"uv": [4, 5.75, 3.25, 5], "rotation": 270, "texture": "#1"}
			}
		},
		{
			"from": [-1.035, 3.95, 9.1],
			"to": [-0.035, 5.95, 9.3],
			"faces": {
				"north": {"uv": [3.25, 5, 4, 5.75], "rotation": 270, "texture": "#1"},
				"east": {"uv": [3.25, 5, 4, 5.75], "rotation": 270, "texture": "#1"},
				"south": {"uv": [3.25, 5, 4, 5.75], "rotation": 270, "texture": "#1"},
				"west": {"uv": [3.25, 5, 4, 5.75], "rotation": 270, "texture": "#1"},
				"up": {"uv": [4, 5.75, 3.25, 5], "rotation": 270, "texture": "#1"},
				"down": {"uv": [4, 5.75, 3.25, 5], "rotation": 270, "texture": "#1"}
			}
		},
		{
			"from": [0.435, 2.97, 9.1],
			"to": [1.435, 4.97, 9.3],
			"rotation": {"angle": 22.5, "axis": "z", "origin": [2.25308, 0.76139, 7.6]},
			"faces": {
				"north": {"uv": [3.25, 5, 4, 5.75], "rotation": 270, "texture": "#1"},
				"east": {"uv": [3.25, 5, 4, 5.75], "rotation": 270, "texture": "#1"},
				"south": {"uv": [3.25, 5, 4, 5.75], "rotation": 270, "texture": "#1"},
				"west": {"uv": [3.25, 5, 4, 5.75], "rotation": 270, "texture": "#1"},
				"up": {"uv": [4, 5.75, 3.25, 5], "rotation": 270, "texture": "#1"},
				"down": {"uv": [4, 5.75, 3.25, 5], "rotation": 270, "texture": "#1"}
			}
		},
		{
			"from": [-0.47, -0.08, 9.1],
			"to": [1.53, 0.92, 9.3],
			"rotation": {"angle": -45, "axis": "z", "origin": [2.25308, 0.76139, 7.6]},
			"faces": {
				"north": {"uv": [3.25, 5, 4, 5.75], "texture": "#1"},
				"east": {"uv": [3.25, 5, 4, 5.75], "texture": "#1"},
				"south": {"uv": [3.25, 5, 4, 5.75], "texture": "#1"},
				"west": {"uv": [3.25, 5, 4, 5.75], "texture": "#1"},
				"up": {"uv": [4, 5.75, 3.25, 5], "texture": "#1"},
				"down": {"uv": [4, 5.75, 3.25, 5], "texture": "#1"}
			}
		},
		{
			"from": [1.4, -1.2, 9.1],
			"to": [3.4, -0.2, 9.3],
			"rotation": {"angle": -22.5, "axis": "z", "origin": [6, 0.4, 7.6]},
			"faces": {
				"north": {"uv": [3.25, 5, 4, 5.75], "texture": "#1"},
				"east": {"uv": [3.25, 5, 4, 5.75], "texture": "#1"},
				"south": {"uv": [3.25, 5, 4, 5.75], "texture": "#1"},
				"west": {"uv": [3.25, 5, 4, 5.75], "texture": "#1"},
				"up": {"uv": [4, 5.75, 3.25, 5], "texture": "#1"},
				"down": {"uv": [4, 5.75, 3.25, 5], "texture": "#1"}
			}
		},
		{
			"from": [3, -0.1, 9.1],
			"to": [13, 0.9, 9.3],
			"faces": {
				"north": {"uv": [4, 5, 3.25, 5.75], "texture": "#1"},
				"east": {"uv": [4, 5, 3.25, 5.75], "texture": "#1"},
				"south": {"uv": [4, 5, 3.25, 5.75], "texture": "#1"},
				"west": {"uv": [4, 5, 3.25, 5.75], "texture": "#1"},
				"up": {"uv": [3.25, 5.75, 4, 5], "texture": "#1"},
				"down": {"uv": [3.25, 5.75, 4, 5], "texture": "#1"}
			}
		},
		{
			"from": [12.6, -1.2, 9.1],
			"to": [14.6, -0.2, 9.3],
			"rotation": {"angle": 22.5, "axis": "z", "origin": [10, 0.4, 7.6]},
			"faces": {
				"north": {"uv": [4, 5, 3.25, 5.75], "texture": "#1"},
				"east": {"uv": [4, 5, 3.25, 5.75], "texture": "#1"},
				"south": {"uv": [4, 5, 3.25, 5.75], "texture": "#1"},
				"west": {"uv": [4, 5, 3.25, 5.75], "texture": "#1"},
				"up": {"uv": [3.25, 5.75, 4, 5], "texture": "#1"},
				"down": {"uv": [3.25, 5.75, 4, 5], "texture": "#1"}
			}
		},
		{
			"from": [14.47, -0.08, 9.1],
			"to": [16.47, 0.92, 9.3],
			"rotation": {"angle": 45, "axis": "z", "origin": [13.74692, 0.76139, 7.6]},
			"faces": {
				"north": {"uv": [4, 5, 3.25, 5.75], "texture": "#1"},
				"east": {"uv": [4, 5, 3.25, 5.75], "texture": "#1"},
				"south": {"uv": [4, 5, 3.25, 5.75], "texture": "#1"},
				"west": {"uv": [4, 5, 3.25, 5.75], "texture": "#1"},
				"up": {"uv": [3.25, 5.75, 4, 5], "texture": "#1"},
				"down": {"uv": [3.25, 5.75, 4, 5], "texture": "#1"}
			}
		},
		{
			"from": [14.565, 2.97, 9.1],
			"to": [15.565, 4.97, 9.3],
			"rotation": {"angle": -22.5, "axis": "z", "origin": [13.74692, 0.76139, 7.6]},
			"faces": {
				"north": {"uv": [3.25, 5.75, 4, 5], "rotation": 270, "texture": "#1"},
				"east": {"uv": [3.25, 5.75, 4, 5], "rotation": 270, "texture": "#1"},
				"south": {"uv": [3.25, 5.75, 4, 5], "rotation": 270, "texture": "#1"},
				"west": {"uv": [3.25, 5.75, 4, 5], "rotation": 270, "texture": "#1"},
				"up": {"uv": [4, 5, 3.25, 5.75], "rotation": 270, "texture": "#1"},
				"down": {"uv": [4, 5, 3.25, 5.75], "rotation": 270, "texture": "#1"}
			}
		},
		{
			"from": [16.035, 3.95, 9.1],
			"to": [17.035, 5.95, 9.3],
			"faces": {
				"north": {"uv": [3.25, 5.75, 4, 5], "rotation": 270, "texture": "#1"},
				"east": {"uv": [3.25, 5.75, 4, 5], "rotation": 270, "texture": "#1"},
				"south": {"uv": [3.25, 5.75, 4, 5], "rotation": 270, "texture": "#1"},
				"west": {"uv": [3.25, 5.75, 4, 5], "rotation": 270, "texture": "#1"},
				"up": {"uv": [4, 5, 3.25, 5.75], "rotation": 270, "texture": "#1"},
				"down": {"uv": [4, 5, 3.25, 5.75], "rotation": 270, "texture": "#1"}
			}
		},
		{
			"from": [14.565, 4.93, 9.1],
			"to": [15.565, 6.93, 9.3],
			"rotation": {"angle": 22.5, "axis": "z", "origin": [13.74692, 9.13861, 7.6]},
			"faces": {
				"north": {"uv": [3.25, 5.75, 4, 5], "rotation": 270, "texture": "#1"},
				"east": {"uv": [3.25, 5.75, 4, 5], "rotation": 270, "texture": "#1"},
				"south": {"uv": [3.25, 5.75, 4, 5], "rotation": 270, "texture": "#1"},
				"west": {"uv": [3.25, 5.75, 4, 5], "rotation": 270, "texture": "#1"},
				"up": {"uv": [4, 5, 3.25, 5.75], "rotation": 270, "texture": "#1"},
				"down": {"uv": [4, 5, 3.25, 5.75], "rotation": 270, "texture": "#1"}
			}
		},
		{
			"from": [14.47, 8.98, 9.1],
			"to": [16.47, 9.98, 9.3],
			"rotation": {"angle": -45, "axis": "z", "origin": [13.74692, 9.13861, 7.6]},
			"faces": {
				"north": {"uv": [4, 5, 3.25, 5.75], "texture": "#1"},
				"east": {"uv": [4, 5, 3.25, 5.75], "texture": "#1"},
				"south": {"uv": [4, 5, 3.25, 5.75], "texture": "#1"},
				"west": {"uv": [4, 5, 3.25, 5.75], "texture": "#1"},
				"up": {"uv": [3.25, 5.75, 4, 5], "texture": "#1"},
				"down": {"uv": [3.25, 5.75, 4, 5], "texture": "#1"}
			}
		}
	],
	"display": {
		"thirdperson_righthand": {
			"rotation": [0, 0, -90],
			"translation": [1.6, -2, 2.5],
			"scale": [0.29, 0.53, 0.39]
		},
		"thirdperson_lefthand": {
			"translation": [0, -0.25, 2.5],
			"scale": [0.28, 0.56, 0.39]
		},
		"firstperson_righthand": {
			"rotation": [0, 180, 0],
			"translation": [1.5, 1, 2.25]
		},
		"firstperson_lefthand": {
			"translation": [1.5, 0.5, 2.5]
		},
		"gui": {
			"rotation": [1, 63, 90],
			"translation": [-0.5, -0.25, 0],
			"scale": [0.83, 1, 1]
		},
		"head": {
			"rotation": [0, -90, 90],
			"translation": [-0.5, 4.5, -3]
		},
		"fixed": {
			"rotation": [0, -90, 90],
			"translation": [-0.5, 0, 0]
		}
	},
	"groups": [0, 1, 2, 3, 4, 5,
		{
			"name": "hexadecagon",
			"children": []
		},
		{
			"name": "hexadecagon",
			"children": []
		},
		{
			"name": "hexadecagon",
			"children": []
		},
		{
			"name": "hexadecagon",
			"children": [6, 7, 8, 9, 10, 11, 12, 13]
		},
		{
			"name": "hexadecagon",
			"children": [14, 15, 16, 17, 18, 19, 20, 21, 22, 23, 24, 25, 26, 27, 28, 29]
		}, 30,
		{
			"name": "hexadecagon",
			"children": [31, 32, 33, 34, 35, 36, 37, 38, 39, 40, 41, 42, 43, 44, 45, 46]
		},
		{
			"name": "hexadecagon",
			"children": [47, 48, 49, 50, 51, 52, 53, 54]
		},
		{
			"name": "hexadecagon",
			"children": [55, 56, 57, 58, 59, 60, 61, 62, 63, 64, 65, 66, 67, 68, 69, 70]
		}, 71, 72, 73, 74, 75, 76, 77, 78, 79, 80, 81, 82, 83, 84, 85, 86, 87, 88, 89, 90, 91, 92, 93, 94, 95, 96, 97, 98, 99, 100, 101, 102, 103, 104, 105, 106, 107, 108, 109, 110, 111, 112, 113, 114, 115, 116, 117, 118, 119, 120, 121, 122, 123, 124, 125, 126, 127, 128, 129, 130, 131, 132]
}
