{
	"credit": "Made with Blockbench",
	"textures": {
		"3": "custom/typhoon2",
		"4": "custom/typhoon1"
	},
	"elements": [
		{
			"from": [-8, 0, 0],
			"to": [8, 15, 1],
			"rotation": {"angle": 0, "axis": "y", "origin": [-8, 8, 8]},
			"faces": {
				"north": {"uv": [0.032, 0.782, 16, 15.219], "texture": "#4"},
				"east": {"uv": [2.282, 1.25, 2.282, 1.25], "texture": "#4"},
				"south": {"uv": [0.032, 0.782, 16, 15.219], "texture": "#3"},
				"west": {"uv": [2.282, 1.25, 2.282, 1.25], "texture": "#4"},
				"up": {"uv": [2.282, 1.25, 2.282, 1.25], "texture": "#4"},
				"down": {"uv": [2.282, 1.25, 2.282, 1.25], "texture": "#4"}
			}
		},
		{
			"from": [8, 0, 0],
			"to": [24, 15, 1],
			"faces": {
				"north": {"uv": [0.032, 0.782, 16, 15.219], "texture": "#3"},
				"east": {"uv": [2.282, 1.25, 2.282, 1.25], "texture": "#4"},
				"south": {"uv": [0.032, 0.782, 16, 15.219], "texture": "#4"},
				"west": {"uv": [2.282, 1.25, 2.282, 1.25], "texture": "#4"},
				"up": {"uv": [2.282, 1.25, 2.282, 1.25], "texture": "#4"},
				"down": {"uv": [2.282, 1.25, 2.282, 1.25], "texture": "#4"}
			}
		}
	],
	"display": {
		"thirdperson_righthand": {
			"translation": [-5.75, 1.25, 3.25],
			"scale": [0.46, 0.46, 0.46]
		},
		"thirdperson_lefthand": {
			"translation": [-5.75, 1.25, 3.25],
			"scale": [0.46, 0.46, 0.46]
		},
		"firstperson_righthand": {
			"translation": [-8.75, 8.75, 2.5]
		},
		"firstperson_lefthand": {
			"translation": [-8.75, 8.75, 2.5]
		},
		"gui": {
			"rotation": [0, -180, 0],
			"translation": [0.5, 0, 6.5],
			"scale": [0.46, 0.5, 0.87]
		},
		"fixed": {
			"translation": [0, 0, 6.5],
			"scale": [0.51, 0.65, 0.87]
		}
	}
}