{
	"credit": "Made with Blockbench",
	"texture_size": [1350, 1350],
	"textures": {
		"0": "custom/nook_phone_inner",
		"2": "custom/phone_exterior_flat",
		"particle": "custom/nook_phone_inner"
	},
	"elements": [
		{
			"from": [6, 25.05468, 5],
			"to": [8, 27.05468, 14],
			"rotation": {"angle": 0, "axis": "y", "origin": [14, 19.05468, 5]},
			"faces": {
				"north": {"uv": [10.96875, 4.87111, 11.96875, 5.86667], "rotation": 180, "texture": "#2"},
				"east": {"uv": [10.96875, 4.87111, 11.96875, 5.86667], "rotation": 180, "texture": "#2"},
				"south": {"uv": [10.96875, 4.87111, 11.96875, 5.86667], "rotation": 180, "texture": "#2"},
				"west": {"uv": [10.96875, 4.87111, 11.96875, 5.86667], "rotation": 180, "texture": "#2"},
				"up": {"uv": [10.96875, 4.87111, 11.96875, 5.86667], "rotation": 180, "texture": "#2"},
				"down": {"uv": [10.96875, 4.87111, 11.96875, 5.86667], "rotation": 180, "texture": "#2"}
			}
		},
		{
			"from": [6, 24.74812, 13.5412],
			"to": [8, 26.74812, 15.5412],
			"rotation": {"angle": 22.5, "axis": "x", "origin": [7, 25.74812, 14.5412]},
			"faces": {
				"north": {"uv": [10.96875, 4.87111, 11.96875, 5.86667], "rotation": 180, "texture": "#2"},
				"east": {"uv": [10.96875, 4.87111, 11.96875, 5.86667], "rotation": 180, "texture": "#2"},
				"south": {"uv": [10.96875, 4.87111, 11.96875, 5.86667], "rotation": 180, "texture": "#2"},
				"west": {"uv": [10.96875, 4.87111, 11.96875, 5.86667], "rotation": 180, "texture": "#2"},
				"up": {"uv": [10.96875, 4.87111, 11.96875, 5.86667], "rotation": 180, "texture": "#2"},
				"down": {"uv": [10.96875, 4.87111, 11.96875, 5.86667], "rotation": 180, "texture": "#2"}
			}
		},
		{
			"from": [6, 22.56854, 1.27922],
			"to": [8, 24.56854, 3.27922],
			"rotation": {"angle": 22.5, "axis": "x", "origin": [7, 23.56854, 2.27922]},
			"faces": {
				"north": {"uv": [10.96875, 4.87111, 11.96875, 5.86667], "rotation": 180, "texture": "#2"},
				"east": {"uv": [10.96875, 4.87111, 11.96875, 5.86667], "rotation": 180, "texture": "#2"},
				"south": {"uv": [10.96875, 4.87111, 11.96875, 5.86667], "rotation": 180, "texture": "#2"},
				"west": {"uv": [10.96875, 4.87111, 11.96875, 5.86667], "rotation": 180, "texture": "#2"},
				"up": {"uv": [10.96875, 4.87111, 11.96875, 5.86667], "rotation": 180, "texture": "#2"},
				"down": {"uv": [10.96875, 4.87111, 11.96875, 5.86667], "rotation": 180, "texture": "#2"}
			}
		},
		{
			"from": [6, 23.8751, 14.84776],
			"to": [8, 25.8751, 16.84776],
			"rotation": {"angle": 45, "axis": "x", "origin": [7, 24.8751, 15.84776]},
			"faces": {
				"north": {"uv": [10.96875, 4.87111, 11.96875, 5.86667], "rotation": 180, "texture": "#2"},
				"east": {"uv": [10.96875, 4.87111, 11.96875, 5.86667], "rotation": 180, "texture": "#2"},
				"south": {"uv": [10.96875, 4.87111, 11.96875, 5.86667], "rotation": 180, "texture": "#2"},
				"west": {"uv": [10.96875, 4.87111, 11.96875, 5.86667], "rotation": 180, "texture": "#2"},
				"up": {"uv": [10.96875, 4.87111, 11.96875, 5.86667], "rotation": 180, "texture": "#2"},
				"down": {"uv": [10.96875, 4.87111, 11.96875, 5.86667], "rotation": 180, "texture": "#2"}
			}
		},
		{
			"from": [6, 23.8751, 2.15224],
			"to": [8, 25.8751, 4.15224],
			"rotation": {"angle": 45, "axis": "x", "origin": [7, 24.8751, 3.15224]},
			"faces": {
				"north": {"uv": [10.96875, 4.87111, 11.96875, 5.86667], "rotation": 180, "texture": "#2"},
				"east": {"uv": [10.96875, 4.87111, 11.96875, 5.86667], "rotation": 180, "texture": "#2"},
				"south": {"uv": [10.96875, 4.87111, 11.96875, 5.86667], "rotation": 180, "texture": "#2"},
				"west": {"uv": [10.96875, 4.87111, 11.96875, 5.86667], "rotation": 180, "texture": "#2"},
				"up": {"uv": [10.96875, 4.87111, 11.96875, 5.86667], "rotation": 180, "texture": "#2"},
				"down": {"uv": [10.96875, 4.87111, 11.96875, 5.86667], "rotation": 180, "texture": "#2"}
			}
		},
		{
			"from": [6, 22.56854, 15.72078],
			"to": [8, 24.56854, 17.72078],
			"rotation": {"angle": -22.5, "axis": "x", "origin": [7, 23.56854, 16.72078]},
			"faces": {
				"north": {"uv": [10.96875, 4.87111, 11.96875, 5.86667], "rotation": 180, "texture": "#2"},
				"east": {"uv": [10.96875, 4.87111, 11.96875, 5.86667], "rotation": 180, "texture": "#2"},
				"south": {"uv": [10.96875, 4.87111, 11.96875, 5.86667], "rotation": 180, "texture": "#2"},
				"west": {"uv": [10.96875, 4.87111, 11.96875, 5.86667], "rotation": 180, "texture": "#2"},
				"up": {"uv": [10.96875, 4.87111, 11.96875, 5.86667], "rotation": 180, "texture": "#2"},
				"down": {"uv": [10.96875, 4.87111, 11.96875, 5.86667], "rotation": 180, "texture": "#2"}
			}
		},
		{
			"from": [6, 24.74812, 3.4588],
			"to": [8, 26.74812, 5.4588],
			"rotation": {"angle": -22.5, "axis": "x", "origin": [7, 25.74812, 4.4588]},
			"faces": {
				"north": {"uv": [10.96875, 4.87111, 11.96875, 5.86667], "rotation": 180, "texture": "#2"},
				"east": {"uv": [10.96875, 4.87111, 11.96875, 5.86667], "rotation": 180, "texture": "#2"},
				"south": {"uv": [10.96875, 4.87111, 11.96875, 5.86667], "rotation": 180, "texture": "#2"},
				"west": {"uv": [10.96875, 4.87111, 11.96875, 5.86667], "rotation": 180, "texture": "#2"},
				"up": {"uv": [10.96875, 4.87111, 11.96875, 5.86667], "rotation": 180, "texture": "#2"},
				"down": {"uv": [10.96875, 4.87111, 11.96875, 5.86667], "rotation": 180, "texture": "#2"}
			}
		},
		{
			"from": [6, 4.05468, 16.02734],
			"to": [8, 23.02734, 18.02734],
			"rotation": {"angle": 0, "axis": "y", "origin": [7, 22.02734, 17.02734]},
			"faces": {
				"north": {"uv": [10.96875, 4.87111, 12.0625, 5.38074], "rotation": 180, "texture": "#2"},
				"east": {"uv": [10.96875, 4.87111, 12.0625, 5.38074], "rotation": 180, "texture": "#2"},
				"south": {"uv": [10.96875, 4.87111, 12.0625, 5.38074], "rotation": 180, "texture": "#2"},
				"west": {"uv": [10.96875, 4.87111, 12.0625, 5.38074], "rotation": 180, "texture": "#2"},
				"up": {"uv": [10.96875, 4.87111, 12.0625, 5.38074], "rotation": 180, "texture": "#2"},
				"down": {"uv": [10.96875, 4.87111, 12.0625, 5.38074], "rotation": 180, "texture": "#2"}
			}
		},
		{
			"from": [6, 0, 5],
			"to": [8, 2, 14],
			"rotation": {"angle": 0, "axis": "y", "origin": [14, 8, 14]},
			"faces": {
				"north": {"uv": [10.96875, 4.87111, 11.96875, 5.86667], "texture": "#2"},
				"east": {"uv": [10.96875, 4.87111, 11.96875, 5.86667], "texture": "#2"},
				"south": {"uv": [10.96875, 4.87111, 11.96875, 5.86667], "texture": "#2"},
				"west": {"uv": [10.96875, 4.87111, 11.96875, 5.86667], "texture": "#2"},
				"up": {"uv": [10.96875, 4.87111, 11.96875, 5.86667], "texture": "#2"},
				"down": {"uv": [10.96875, 4.87111, 11.96875, 5.86667], "texture": "#2"}
			}
		},
		{
			"from": [6, 0.30656, 3.4588],
			"to": [8, 2.30656, 5.4588],
			"rotation": {"angle": 22.5, "axis": "x", "origin": [7, 1.30656, 4.4588]},
			"faces": {
				"north": {"uv": [10.96875, 4.87111, 11.96875, 5.86667], "texture": "#2"},
				"east": {"uv": [10.96875, 4.87111, 11.96875, 5.86667], "texture": "#2"},
				"south": {"uv": [10.96875, 4.87111, 11.96875, 5.86667], "texture": "#2"},
				"west": {"uv": [10.96875, 4.87111, 11.96875, 5.86667], "texture": "#2"},
				"up": {"uv": [10.96875, 4.87111, 11.96875, 5.86667], "texture": "#2"},
				"down": {"uv": [10.96875, 4.87111, 11.96875, 5.86667], "texture": "#2"}
			}
		},
		{
			"from": [6, 2.48614, 15.72078],
			"to": [8, 4.48614, 17.72078],
			"rotation": {"angle": 22.5, "axis": "x", "origin": [7, 3.48614, 16.72078]},
			"faces": {
				"north": {"uv": [10.96875, 4.87111, 11.96875, 5.86667], "rotation": 180, "texture": "#2"},
				"east": {"uv": [10.96875, 4.87111, 11.96875, 5.86667], "rotation": 180, "texture": "#2"},
				"south": {"uv": [10.96875, 4.87111, 11.96875, 5.86667], "rotation": 180, "texture": "#2"},
				"west": {"uv": [10.96875, 4.87111, 11.96875, 5.86667], "rotation": 180, "texture": "#2"},
				"up": {"uv": [10.96875, 4.87111, 11.96875, 5.86667], "rotation": 180, "texture": "#2"},
				"down": {"uv": [10.96875, 4.87111, 11.96875, 5.86667], "rotation": 180, "texture": "#2"}
			}
		},
		{
			"from": [6, 1.17958, 2.15224],
			"to": [8, 3.17958, 4.15224],
			"rotation": {"angle": 45, "axis": "x", "origin": [7, 2.17958, 3.15224]},
			"faces": {
				"north": {"uv": [10.96875, 4.87111, 11.96875, 5.86667], "texture": "#2"},
				"east": {"uv": [10.96875, 4.87111, 11.96875, 5.86667], "texture": "#2"},
				"south": {"uv": [10.96875, 4.87111, 11.96875, 5.86667], "texture": "#2"},
				"west": {"uv": [10.96875, 4.87111, 11.96875, 5.86667], "texture": "#2"},
				"up": {"uv": [10.96875, 4.87111, 11.96875, 5.86667], "texture": "#2"},
				"down": {"uv": [10.96875, 4.87111, 11.96875, 5.86667], "texture": "#2"}
			}
		},
		{
			"from": [6, 1.17958, 14.84776],
			"to": [8, 3.17958, 16.84776],
			"rotation": {"angle": 45, "axis": "x", "origin": [7, 2.17958, 15.84776]},
			"faces": {
				"north": {"uv": [10.96875, 4.87111, 11.96875, 5.86667], "rotation": 180, "texture": "#2"},
				"east": {"uv": [10.96875, 4.87111, 11.96875, 5.86667], "rotation": 180, "texture": "#2"},
				"south": {"uv": [10.96875, 4.87111, 11.96875, 5.86667], "rotation": 180, "texture": "#2"},
				"west": {"uv": [10.96875, 4.87111, 11.96875, 5.86667], "rotation": 180, "texture": "#2"},
				"up": {"uv": [10.96875, 4.87111, 11.96875, 5.86667], "rotation": 180, "texture": "#2"},
				"down": {"uv": [10.96875, 4.87111, 11.96875, 5.86667], "rotation": 180, "texture": "#2"}
			}
		},
		{
			"from": [6, 2.48614, 1.27922],
			"to": [8, 4.48614, 3.27922],
			"rotation": {"angle": -22.5, "axis": "x", "origin": [7, 3.48614, 2.27922]},
			"faces": {
				"north": {"uv": [12.875, 11.23556, 13.29688, 11.62667], "texture": "#2"},
				"east": {"uv": [10.96875, 4.87111, 11.96875, 5.86667], "rotation": 180, "texture": "#2"},
				"south": {"uv": [10.96875, 4.87111, 11.96875, 5.86667], "rotation": 180, "texture": "#2"},
				"west": {"uv": [10.96875, 4.87111, 11.96875, 5.86667], "rotation": 180, "texture": "#2"},
				"up": {"uv": [10.96875, 4.87111, 11.96875, 5.86667], "rotation": 180, "texture": "#2"},
				"down": {"uv": [10.96875, 4.87111, 11.96875, 5.86667], "rotation": 180, "texture": "#2"}
			}
		},
		{
			"from": [6, 0.30656, 13.5412],
			"to": [8, 2.30656, 15.5412],
			"rotation": {"angle": -22.5, "axis": "x", "origin": [7, 1.30656, 14.5412]},
			"faces": {
				"north": {"uv": [10.96875, 4.87111, 11.96875, 5.86667], "texture": "#2"},
				"east": {"uv": [10.96875, 4.87111, 11.96875, 5.86667], "texture": "#2"},
				"south": {"uv": [10.96875, 4.87111, 11.96875, 5.86667], "texture": "#2"},
				"west": {"uv": [10.96875, 4.87111, 11.96875, 5.86667], "texture": "#2"},
				"up": {"uv": [10.96875, 4.87111, 11.96875, 5.86667], "texture": "#2"},
				"down": {"uv": [10.96875, 4.87111, 11.96875, 5.86667], "texture": "#2"}
			}
		},
		{
			"from": [6, 4.02734, 0.97266],
			"to": [8, 23.02734, 2.97266],
			"rotation": {"angle": 0, "axis": "y", "origin": [7, 5.02734, 1.97266]},
			"faces": {
				"north": {"uv": [10.96875, 4.87111, 12.03125, 5.59407], "rotation": 180, "texture": "#2"},
				"east": {"uv": [10.96875, 4.87111, 12.03125, 5.59407], "rotation": 180, "texture": "#2"},
				"south": {"uv": [10.96875, 4.87111, 12.03125, 5.59407], "rotation": 180, "texture": "#2"},
				"west": {"uv": [10.96875, 4.87111, 12.03125, 5.59407], "rotation": 180, "texture": "#2"},
				"up": {"uv": [10.96875, 4.87111, 12.03125, 5.59407], "rotation": 180, "texture": "#2"},
				"down": {"uv": [10.96875, 4.87111, 12.03125, 5.59407], "rotation": 180, "texture": "#2"}
			}
		},
		{
			"from": [8, 23.05468, 5],
			"to": [10, 27.05468, 14],
			"rotation": {"angle": 0, "axis": "y", "origin": [16, 19.05468, 5]},
			"faces": {
				"north": {"uv": [10.60938, 4.93037, 11.34375, 6.93333], "rotation": 180, "texture": "#2"},
				"east": {"uv": [10.60938, 4.93037, 11.34375, 6.93333], "rotation": 180, "texture": "#2"},
				"south": {"uv": [10.60938, 4.93037, 11.34375, 6.93333], "rotation": 180, "texture": "#2"},
				"west": {"uv": [10.60938, 4.93037, 11.34375, 6.93333], "rotation": 180, "texture": "#2"},
				"up": {"uv": [10.60938, 4.93037, 11.34375, 6.93333], "rotation": 180, "texture": "#2"},
				"down": {"uv": [10.60938, 4.93037, 11.34375, 6.93333], "rotation": 180, "texture": "#2"}
			}
		},
		{
			"from": [8, 23.74812, 13.5412],
			"to": [10, 26.74812, 15.5412],
			"rotation": {"angle": 22.5, "axis": "x", "origin": [9, 25.74812, 14.5412]},
			"faces": {
				"north": {"uv": [10.60938, 4.93037, 11.34375, 6.93333], "rotation": 180, "texture": "#2"},
				"east": {"uv": [10.60938, 4.93037, 11.34375, 6.93333], "rotation": 180, "texture": "#2"},
				"south": {"uv": [10.60938, 4.93037, 11.34375, 6.93333], "rotation": 180, "texture": "#2"},
				"west": {"uv": [10.60938, 4.93037, 11.34375, 6.93333], "rotation": 180, "texture": "#2"},
				"up": {"uv": [10.60938, 4.93037, 11.34375, 6.93333], "rotation": 180, "texture": "#2"},
				"down": {"uv": [10.60938, 4.93037, 11.34375, 6.93333], "rotation": 180, "texture": "#2"}
			}
		},
		{
			"from": [8, 22.56854, 1.27922],
			"to": [10, 24.56854, 5.27922],
			"rotation": {"angle": 22.5, "axis": "x", "origin": [9, 23.56854, 2.27922]},
			"faces": {
				"north": {"uv": [10.60938, 4.93037, 11.34375, 6.93333], "rotation": 180, "texture": "#2"},
				"east": {"uv": [10.60938, 4.93037, 11.34375, 6.93333], "rotation": 180, "texture": "#2"},
				"south": {"uv": [10.60938, 4.93037, 11.34375, 6.93333], "rotation": 180, "texture": "#2"},
				"west": {"uv": [10.60938, 4.93037, 11.34375, 6.93333], "rotation": 180, "texture": "#2"},
				"up": {"uv": [10.60938, 4.93037, 11.34375, 6.93333], "rotation": 180, "texture": "#2"},
				"down": {"uv": [10.60938, 4.93037, 11.34375, 6.93333], "rotation": 180, "texture": "#2"}
			}
		},
		{
			"from": [8, 21.8751, 14.84776],
			"to": [10, 25.8751, 16.84776],
			"rotation": {"angle": 45, "axis": "x", "origin": [9, 24.8751, 15.84776]},
			"faces": {
				"north": {"uv": [10.60938, 4.93037, 11.34375, 6.93333], "rotation": 180, "texture": "#2"},
				"east": {"uv": [10.60938, 4.93037, 11.34375, 6.93333], "rotation": 180, "texture": "#2"},
				"south": {"uv": [10.60938, 4.93037, 11.34375, 6.93333], "rotation": 180, "texture": "#2"},
				"west": {"uv": [10.60938, 4.93037, 11.34375, 6.93333], "rotation": 180, "texture": "#2"},
				"up": {"uv": [10.60938, 4.93037, 11.34375, 6.93333], "rotation": 180, "texture": "#2"},
				"down": {"uv": [10.60938, 4.93037, 11.34375, 6.93333], "rotation": 180, "texture": "#2"}
			}
		},
		{
			"from": [8, 23.8751, 2.15224],
			"to": [10, 25.8751, 6.15224],
			"rotation": {"angle": 45, "axis": "x", "origin": [9, 24.8751, 3.15224]},
			"faces": {
				"north": {"uv": [10.60938, 4.93037, 11.34375, 6.93333], "rotation": 180, "texture": "#2"},
				"east": {"uv": [10.60938, 4.93037, 11.34375, 6.93333], "rotation": 180, "texture": "#2"},
				"south": {"uv": [10.60938, 4.93037, 11.34375, 6.93333], "rotation": 180, "texture": "#2"},
				"west": {"uv": [10.60938, 4.93037, 11.34375, 6.93333], "rotation": 180, "texture": "#2"},
				"up": {"uv": [10.60938, 4.93037, 11.34375, 6.93333], "rotation": 180, "texture": "#2"},
				"down": {"uv": [10.60938, 4.93037, 11.34375, 6.93333], "rotation": 180, "texture": "#2"}
			}
		},
		{
			"from": [8, 22.56854, 13.72078],
			"to": [10, 24.56854, 17.72078],
			"rotation": {"angle": -22.5, "axis": "x", "origin": [9, 23.56854, 16.72078]},
			"faces": {
				"north": {"uv": [10.60938, 4.93037, 11.34375, 6.93333], "rotation": 180, "texture": "#2"},
				"east": {"uv": [10.60938, 4.93037, 11.34375, 6.93333], "rotation": 180, "texture": "#2"},
				"south": {"uv": [10.60938, 4.93037, 11.34375, 6.93333], "rotation": 180, "texture": "#2"},
				"west": {"uv": [10.60938, 4.93037, 11.34375, 6.93333], "rotation": 180, "texture": "#2"},
				"up": {"uv": [10.60938, 4.93037, 11.34375, 6.93333], "rotation": 180, "texture": "#2"},
				"down": {"uv": [10.60938, 4.93037, 11.34375, 6.93333], "rotation": 180, "texture": "#2"}
			}
		},
		{
			"from": [8, 22.74812, 3.4588],
			"to": [10, 26.74812, 5.4588],
			"rotation": {"angle": -22.5, "axis": "x", "origin": [9, 25.74812, 4.4588]},
			"faces": {
				"north": {"uv": [10.60938, 4.93037, 11.34375, 6.93333], "rotation": 180, "texture": "#2"},
				"east": {"uv": [10.60938, 4.93037, 11.34375, 6.93333], "rotation": 180, "texture": "#2"},
				"south": {"uv": [10.60938, 4.93037, 11.34375, 6.93333], "rotation": 180, "texture": "#2"},
				"west": {"uv": [10.60938, 4.93037, 11.34375, 6.93333], "rotation": 180, "texture": "#2"},
				"up": {"uv": [10.60938, 4.93037, 11.34375, 6.93333], "rotation": 180, "texture": "#2"},
				"down": {"uv": [10.60938, 4.93037, 11.34375, 6.93333], "rotation": 180, "texture": "#2"}
			}
		},
		{
			"from": [8, 4.05468, 16.02734],
			"to": [10, 23.02734, 18.02734],
			"rotation": {"angle": 0, "axis": "y", "origin": [9, 22.02734, 17.02734]},
			"faces": {
				"north": {"uv": [10.60938, 4.93037, 11.34375, 6.93333], "rotation": 180, "texture": "#2"},
				"east": {"uv": [10.60938, 4.93037, 11.34375, 6.93333], "rotation": 180, "texture": "#2"},
				"south": {"uv": [10.60938, 4.93037, 11.34375, 6.93333], "rotation": 180, "texture": "#2"},
				"west": {"uv": [10.60938, 4.93037, 11.34375, 6.93333], "rotation": 180, "texture": "#2"},
				"up": {"uv": [10.60938, 4.93037, 11.34375, 6.93333], "rotation": 180, "texture": "#2"},
				"down": {"uv": [10.60938, 4.93037, 11.34375, 6.93333], "rotation": 180, "texture": "#2"}
			}
		},
		{
			"from": [8, 0, 5],
			"to": [10, 4, 14],
			"rotation": {"angle": 0, "axis": "y", "origin": [16, 8, 14]},
			"faces": {
				"north": {"uv": [10.60938, 4.93037, 11.34375, 6.93333], "texture": "#2"},
				"east": {"uv": [10.60938, 4.93037, 11.34375, 6.93333], "texture": "#2"},
				"south": {"uv": [10.60938, 4.93037, 11.34375, 6.93333], "texture": "#2"},
				"west": {"uv": [10.60938, 4.93037, 11.34375, 6.93333], "texture": "#2"},
				"up": {"uv": [10.60938, 4.93037, 11.34375, 6.93333], "texture": "#2"},
				"down": {"uv": [10.60938, 4.93037, 11.34375, 6.93333], "texture": "#2"}
			}
		},
		{
			"from": [8, 0.30656, 3.4588],
			"to": [10, 4.30656, 5.4588],
			"rotation": {"angle": 22.5, "axis": "x", "origin": [9, 1.30656, 4.4588]},
			"faces": {
				"north": {"uv": [10.60938, 4.93037, 11.34375, 6.93333], "texture": "#2"},
				"east": {"uv": [10.60938, 4.93037, 11.34375, 6.93333], "texture": "#2"},
				"south": {"uv": [10.60938, 4.93037, 11.34375, 6.93333], "texture": "#2"},
				"west": {"uv": [10.60938, 4.93037, 11.34375, 6.93333], "texture": "#2"},
				"up": {"uv": [10.60938, 4.93037, 11.34375, 6.93333], "texture": "#2"},
				"down": {"uv": [10.60938, 4.93037, 11.34375, 6.93333], "texture": "#2"}
			}
		},
		{
			"from": [8, 2.48614, 13.72078],
			"to": [10, 4.48614, 17.72078],
			"rotation": {"angle": 22.5, "axis": "x", "origin": [9, 3.48614, 16.72078]},
			"faces": {
				"north": {"uv": [10.60938, 4.93037, 11.34375, 6.93333], "rotation": 180, "texture": "#2"},
				"east": {"uv": [10.60938, 4.93037, 11.34375, 6.93333], "rotation": 180, "texture": "#2"},
				"south": {"uv": [10.60938, 4.93037, 11.34375, 6.93333], "rotation": 180, "texture": "#2"},
				"west": {"uv": [10.60938, 4.93037, 11.34375, 6.93333], "rotation": 180, "texture": "#2"},
				"up": {"uv": [10.60938, 4.93037, 11.34375, 6.93333], "rotation": 180, "texture": "#2"},
				"down": {"uv": [10.60938, 4.93037, 11.34375, 6.93333], "rotation": 180, "texture": "#2"}
			}
		},
		{
			"from": [8, 1.17958, 2.15224],
			"to": [10, 5.17958, 4.15224],
			"rotation": {"angle": 45, "axis": "x", "origin": [9, 2.17958, 3.15224]},
			"faces": {
				"north": {"uv": [10.60938, 4.93037, 11.34375, 6.93333], "texture": "#2"},
				"east": {"uv": [10.60938, 4.93037, 11.34375, 6.93333], "texture": "#2"},
				"south": {"uv": [10.60938, 4.93037, 11.34375, 6.93333], "texture": "#2"},
				"west": {"uv": [10.60938, 4.93037, 11.34375, 6.93333], "texture": "#2"},
				"up": {"uv": [10.60938, 4.93037, 11.34375, 6.93333], "texture": "#2"},
				"down": {"uv": [10.60938, 4.93037, 11.34375, 6.93333], "texture": "#2"}
			}
		},
		{
			"from": [8, 1.17958, 12.84776],
			"to": [10, 3.17958, 16.84776],
			"rotation": {"angle": 45, "axis": "x", "origin": [9, 2.17958, 15.84776]},
			"faces": {
				"north": {"uv": [10.60938, 4.93037, 11.34375, 6.93333], "rotation": 180, "texture": "#2"},
				"east": {"uv": [10.60938, 4.93037, 11.34375, 6.93333], "rotation": 180, "texture": "#2"},
				"south": {"uv": [10.60938, 4.93037, 11.34375, 6.93333], "rotation": 180, "texture": "#2"},
				"west": {"uv": [10.60938, 4.93037, 11.34375, 6.93333], "rotation": 180, "texture": "#2"},
				"up": {"uv": [10.60938, 4.93037, 11.34375, 6.93333], "rotation": 180, "texture": "#2"},
				"down": {"uv": [10.60938, 4.93037, 11.34375, 6.93333], "rotation": 180, "texture": "#2"}
			}
		},
		{
			"from": [8, 2.48614, 1.27922],
			"to": [10, 4.48614, 4.27922],
			"rotation": {"angle": -22.5, "axis": "x", "origin": [9, 3.48614, 2.27922]},
			"faces": {
				"north": {"uv": [12.875, 11.23556, 13.29688, 11.62667], "texture": "#2"},
				"east": {"uv": [10.60938, 4.93037, 11.34375, 6.93333], "rotation": 180, "texture": "#2"},
				"south": {"uv": [10.60938, 4.93037, 11.34375, 6.93333], "rotation": 180, "texture": "#2"},
				"west": {"uv": [10.60938, 4.93037, 11.34375, 6.93333], "rotation": 180, "texture": "#2"},
				"up": {"uv": [10.60938, 4.93037, 11.34375, 6.93333], "rotation": 180, "texture": "#2"},
				"down": {"uv": [10.60938, 4.93037, 11.34375, 6.93333], "rotation": 180, "texture": "#2"}
			}
		},
		{
			"from": [8, 0.30656, 13.5412],
			"to": [10, 4.30656, 15.5412],
			"rotation": {"angle": -22.5, "axis": "x", "origin": [9, 1.30656, 14.5412]},
			"faces": {
				"north": {"uv": [10.60938, 4.93037, 11.34375, 6.93333], "texture": "#2"},
				"east": {"uv": [10.60938, 4.93037, 11.34375, 6.93333], "texture": "#2"},
				"south": {"uv": [10.60938, 4.93037, 11.34375, 6.93333], "texture": "#2"},
				"west": {"uv": [10.60938, 4.93037, 11.34375, 6.93333], "texture": "#2"},
				"up": {"uv": [10.60938, 4.93037, 11.34375, 6.93333], "texture": "#2"},
				"down": {"uv": [10.60938, 4.93037, 11.34375, 6.93333], "texture": "#2"}
			}
		},
		{
			"from": [8, 4.02734, 0.97266],
			"to": [10, 23.02734, 15.97266],
			"rotation": {"angle": 0, "axis": "y", "origin": [9, 5.02734, 1.97266]},
			"faces": {
				"north": {"uv": [10.60938, 4.93037, 11.34375, 6.93333], "rotation": 180, "texture": "#2"},
				"east": {"uv": [10.60938, 4.93037, 11.34375, 6.93333], "rotation": 180, "texture": "#2"},
				"south": {"uv": [10.60938, 4.93037, 11.34375, 6.93333], "rotation": 180, "texture": "#2"},
				"west": {"uv": [10.60938, 4.93037, 11.34375, 6.93333], "rotation": 180, "texture": "#2"},
				"up": {"uv": [10.60938, 4.93037, 11.34375, 6.93333], "rotation": 180, "texture": "#2"},
				"down": {"uv": [10.60938, 4.93037, 11.34375, 6.93333], "rotation": 180, "texture": "#2"}
			}
		},
		{
			"from": [10.1, 0, 1],
			"to": [10.1, 27, 18],
			"rotation": {"angle": 0, "axis": "y", "origin": [18, 8, 8]},
			"faces": {
				"north": {"uv": [0, 0, 0.01563, 0.32], "texture": "#2"},
				"east": {"uv": [3.02778, 0.16667, 13.02778, 15.83333], "texture": "#2"},
				"south": {"uv": [0, 0, 0.01563, 0.32], "texture": "#2"},
				"west": {"uv": [0.02778, 0, 0.29341, 0.32], "texture": "#2"},
				"up": {"uv": [0, 0, 0.01563, 0.20148], "texture": "#2"},
				"down": {"uv": [0, 0, 0.01563, 0.20148], "texture": "#2"}
			}
		},
		{
			"from": [6.9, 2, 2],
			"to": [6.9, 25, 17],
			"rotation": {"angle": 0, "axis": "y", "origin": [15, 8, 8]},
			"faces": {
				"north": {"uv": [0, 0, 0.01563, 0.32], "texture": "#2"},
				"east": {"uv": [0.08296, 0.16593, 1.93185, 3.8637], "texture": "#2"},
				"south": {"uv": [0, 0, 0.01563, 0.32], "texture": "#2"},
				"west": {"uv": [2.74963, 0, 13.30963, 16], "texture": "#0"},
				"up": {"uv": [0, 0, 0.01563, 0.20148], "texture": "#2"},
				"down": {"uv": [0, 0, 0.01563, 0.20148], "texture": "#2"}
			}
		}
	],
	"display": {
		"thirdperson_righthand": {
			"rotation": [28, 79, -3.5],
			"translation": [-0.25, 1.5, 0],
			"scale": [0.2, 0.2, 0.2]
		},
		"thirdperson_lefthand": {
			"rotation": [0, -122, 0],
			"scale": [0.2, 0.2, 0.2]
		},
		"firstperson_righthand": {
			"rotation": [0, 48, 0],
			"translation": [0, 1.75, 0],
			"scale": [0.3, 0.3, 0.3]
		},
		"firstperson_lefthand": {
			"rotation": [0, -129, 0],
			"scale": [0.3, 0.3, 0.3]
		},
		"ground": {
			"scale": [0.3, 0.3, 0.3]
		},
		"gui": {
			"rotation": [0, 71, -3],
			"translation": [-1, -3.25, 0],
			"scale": [0.6, 0.6, 0.6]
		},
		"head": {
			"rotation": [32, 0, 0],
			"translation": [7, -2.5, -2],
			"scale": [0.3, 0.3, 0.3]
		},
		"fixed": {
			"rotation": [0, -90, 0],
			"translation": [1.5, -2.5, -1],
			"scale": [0.5, 0.5, 0.5]
		}
	},
	"groups": [
		{
			"name": "phone",
			"origin": [8, 8, 8],
			"children": [
				{
					"name": "group",
					"origin": [7, 5.02734, 1.97266],
					"children": [0, 1, 2, 3, 4, 5, 6, 7]
				},
				{
					"name": "group",
					"origin": [7, 5.02734, 1.97266],
					"children": [8, 9, 10, 11, 12, 13, 14, 15]
				}
			]
		},
		{
			"name": "phone",
			"origin": [8, 8, 8],
			"children": [
				{
					"name": "group",
					"origin": [7, 5.02734, 1.97266],
					"children": [16, 17, 18, 19, 20, 21, 22, 23]
				},
				{
					"name": "group",
					"origin": [7, 5.02734, 1.97266],
					"children": [24, 25, 26, 27, 28, 29, 30, 31]
				}
			]
		}, 32, 33]
}
