{
	"credit": "Made with Blockbench",
	"textures": {
		"0": "custom/tot1",
		"1": "block/astrogrill",
		"2": "block/daylight_detector_side",
		"3": "block/lapis_ore",
		"particle": "custom/tot1"
	},
	"elements": [
		{
			"from": [8.16392, 1.5, 4.13561],
			"to": [8.66392, 4.75, 4.63561],
			"rotation": {"angle": 22.5, "axis": "y", "origin": [15.91392, 9.5, 11.88561]},
			"faces": {
				"north": {"uv": [0, 0, 0.5, 3.25], "texture": "#1"},
				"east": {"uv": [0, 0, 0.5, 3.25], "texture": "#1"},
				"south": {"uv": [0, 0, 0.5, 3.25], "texture": "#1"},
				"west": {"uv": [0, 0, 0.5, 3.25], "texture": "#1"},
				"up": {"uv": [0, 0, 0.5, 0.5], "texture": "#1"},
				"down": {"uv": [0, 0, 0.5, 0.5], "texture": "#1"}
			}
		},
		{
			"from": [8.64466, 1.5, 0.2949],
			"to": [9.14466, 4.75, 0.7949],
			"rotation": {"angle": 45, "axis": "y", "origin": [16.39466, 9.5, 8.0449]},
			"faces": {
				"north": {"uv": [0, 0, 0.5, 3.25], "texture": "#1"},
				"east": {"uv": [0, 0, 0.5, 3.25], "texture": "#1"},
				"south": {"uv": [0, 0, 0.5, 3.25], "texture": "#1"},
				"west": {"uv": [0, 0, 0.5, 3.25], "texture": "#1"},
				"up": {"uv": [0, 0, 0.5, 0.5], "texture": "#1"},
				"down": {"uv": [0, 0, 0.5, 0.5], "texture": "#1"}
			}
		},
		{
			"from": [7.61903, 1.5, 11.56257],
			"to": [8.11903, 4.75, 12.06257],
			"rotation": {"angle": -22.5, "axis": "y", "origin": [15.36903, 9.5, 4.31257]},
			"faces": {
				"north": {"uv": [0, 0, 0.5, 3.25], "texture": "#1"},
				"east": {"uv": [0, 0, 0.5, 3.25], "texture": "#1"},
				"south": {"uv": [0, 0, 0.5, 3.25], "texture": "#1"},
				"west": {"uv": [0, 0, 0.5, 3.25], "texture": "#1"},
				"up": {"uv": [0, 0, 0.5, 0.5], "rotation": 270, "texture": "#1"},
				"down": {"uv": [0, 0, 0.5, 0.5], "rotation": 90, "texture": "#1"}
			}
		},
		{
			"from": [5.24317, 1.5, 8.50683],
			"to": [5.74317, 4.75, 9.00683],
			"rotation": {"angle": 0, "axis": "y", "origin": [12.99317, 9.5, 1.25683]},
			"faces": {
				"north": {"uv": [0, 0, 0.5, 3.25], "texture": "#1"},
				"east": {"uv": [0, 0, 0.5, 3.25], "texture": "#1"},
				"south": {"uv": [0, 0, 0.5, 3.25], "texture": "#1"},
				"west": {"uv": [0, 0, 0.5, 3.25], "texture": "#1"},
				"up": {"uv": [0, 0, 0.5, 0.5], "rotation": 270, "texture": "#1"},
				"down": {"uv": [0, 0, 0.5, 0.5], "rotation": 90, "texture": "#1"}
			}
		},
		{
			"from": [4.33608, 1.5, 4.13561],
			"to": [4.83608, 4.75, 4.63561],
			"rotation": {"angle": -22.5, "axis": "y", "origin": [-2.91392, 9.5, 11.88561]},
			"faces": {
				"north": {"uv": [0.5, 0, 1, 3.25], "texture": "#1"},
				"east": {"uv": [0.5, 0, 1, 3.25], "texture": "#1"},
				"south": {"uv": [0.5, 0, 1, 3.25], "texture": "#1"},
				"west": {"uv": [0.5, 0, 1, 3.25], "texture": "#1"},
				"up": {"uv": [0.5, 0, 1, 0.5], "texture": "#1"},
				"down": {"uv": [0.5, 0, 1, 0.5], "texture": "#1"}
			}
		},
		{
			"from": [4.88097, 1.5, 11.56257],
			"to": [5.38097, 4.75, 12.06257],
			"rotation": {"angle": 22.5, "axis": "y", "origin": [-2.36903, 9.5, 4.31257]},
			"faces": {
				"north": {"uv": [0.5, 0, 1, 3.25], "texture": "#1"},
				"east": {"uv": [0.5, 0, 1, 3.25], "texture": "#1"},
				"south": {"uv": [0.5, 0, 1, 3.25], "texture": "#1"},
				"west": {"uv": [0.5, 0, 1, 3.25], "texture": "#1"},
				"up": {"uv": [0, 0.5, 0.5, 1], "rotation": 270, "texture": "#1"},
				"down": {"uv": [0, 0.5, 0.5, 1], "rotation": 90, "texture": "#1"}
			}
		},
		{
			"from": [3.85534, 1.5, 0.2949],
			"to": [4.35534, 4.75, 0.7949],
			"rotation": {"angle": -45, "axis": "y", "origin": [-3.39466, 9.5, 8.0449]},
			"faces": {
				"north": {"uv": [0.5, 0, 1, 3.25], "texture": "#1"},
				"east": {"uv": [0.5, 0, 1, 3.25], "texture": "#1"},
				"south": {"uv": [0.5, 0, 1, 3.25], "texture": "#1"},
				"west": {"uv": [0.5, 0, 1, 3.25], "texture": "#1"},
				"up": {"uv": [0.5, 0, 1, 0.5], "texture": "#1"},
				"down": {"uv": [0.5, 0, 1, 0.5], "texture": "#1"}
			}
		},
		{
			"from": [7.25683, 1.5, 8.50683],
			"to": [7.75683, 4.75, 9.00683],
			"rotation": {"angle": 0, "axis": "y", "origin": [0.00683, 9.5, 1.25683]},
			"faces": {
				"north": {"uv": [0.5, 0, 1, 3.25], "texture": "#1"},
				"east": {"uv": [0.5, 0, 1, 3.25], "texture": "#1"},
				"south": {"uv": [0.5, 0, 1, 3.25], "texture": "#1"},
				"west": {"uv": [0.5, 0, 1, 3.25], "texture": "#1"},
				"up": {"uv": [0, 0.5, 0.5, 1], "rotation": 270, "texture": "#1"},
				"down": {"uv": [0, 0.5, 0.5, 1], "rotation": 90, "texture": "#1"}
			}
		},
		{
			"from": [4.88097, 1.5, 11.56257],
			"to": [5.38097, 4.75, 12.06257],
			"rotation": {"angle": 22.5, "axis": "y", "origin": [-2.36903, 9.5, 4.31257]},
			"faces": {
				"north": {"uv": [0.5, 0, 1, 3.25], "texture": "#1"},
				"east": {"uv": [0.5, 0, 1, 3.25], "texture": "#1"},
				"south": {"uv": [0.5, 0, 1, 3.25], "texture": "#1"},
				"west": {"uv": [0.5, 0, 1, 3.25], "texture": "#1"},
				"up": {"uv": [0, 0.5, 0.5, 1], "rotation": 270, "texture": "#1"},
				"down": {"uv": [0, 0.5, 0.5, 1], "rotation": 90, "texture": "#1"}
			}
		},
		{
			"from": [3.85534, 1.5, 0.2949],
			"to": [4.35534, 4.75, 0.7949],
			"rotation": {"angle": -45, "axis": "y", "origin": [-3.39466, 9.5, 8.0449]},
			"faces": {
				"north": {"uv": [0.5, 0, 1, 3.25], "texture": "#1"},
				"east": {"uv": [0.5, 0, 1, 3.25], "texture": "#1"},
				"south": {"uv": [0.5, 0, 1, 3.25], "texture": "#1"},
				"west": {"uv": [0.5, 0, 1, 3.25], "texture": "#1"},
				"up": {"uv": [0.5, 0, 1, 0.5], "texture": "#1"},
				"down": {"uv": [0.5, 0, 1, 0.5], "texture": "#1"}
			}
		},
		{
			"from": [4.33608, 1.5, 4.13561],
			"to": [4.83608, 4.75, 4.63561],
			"rotation": {"angle": -22.5, "axis": "y", "origin": [-2.91392, 9.5, 11.88561]},
			"faces": {
				"north": {"uv": [0.5, 0, 1, 3.25], "texture": "#1"},
				"east": {"uv": [0.5, 0, 1, 3.25], "texture": "#1"},
				"south": {"uv": [0.5, 0, 1, 3.25], "texture": "#1"},
				"west": {"uv": [0.5, 0, 1, 3.25], "texture": "#1"},
				"up": {"uv": [0.5, 0, 1, 0.5], "texture": "#1"},
				"down": {"uv": [0.5, 0, 1, 0.5], "texture": "#1"}
			}
		},
		{
			"from": [8.16392, 1.5, 4.13561],
			"to": [8.66392, 4.75, 4.63561],
			"rotation": {"angle": 22.5, "axis": "y", "origin": [15.91392, 9.5, 11.88561]},
			"faces": {
				"north": {"uv": [0, 0, 0.5, 3.25], "texture": "#1"},
				"east": {"uv": [0, 0, 0.5, 3.25], "texture": "#1"},
				"south": {"uv": [0, 0, 0.5, 3.25], "texture": "#1"},
				"west": {"uv": [0, 0, 0.5, 3.25], "texture": "#1"},
				"up": {"uv": [0, 0, 0.5, 0.5], "texture": "#1"},
				"down": {"uv": [0, 0, 0.5, 0.5], "texture": "#1"}
			}
		},
		{
			"from": [8.64466, 1.5, 0.2949],
			"to": [9.14466, 4.75, 0.7949],
			"rotation": {"angle": 45, "axis": "y", "origin": [16.39466, 9.5, 8.0449]},
			"faces": {
				"north": {"uv": [0, 0, 0.5, 3.25], "texture": "#1"},
				"east": {"uv": [0, 0, 0.5, 3.25], "texture": "#1"},
				"south": {"uv": [0, 0, 0.5, 3.25], "texture": "#1"},
				"west": {"uv": [0, 0, 0.5, 3.25], "texture": "#1"},
				"up": {"uv": [0, 0, 0.5, 0.5], "texture": "#1"},
				"down": {"uv": [0, 0, 0.5, 0.5], "texture": "#1"}
			}
		},
		{
			"from": [7.61903, 1.5, 11.56257],
			"to": [8.11903, 4.75, 12.06257],
			"rotation": {"angle": -22.5, "axis": "y", "origin": [15.36903, 9.5, 4.31257]},
			"faces": {
				"north": {"uv": [0, 0, 0.5, 3.25], "texture": "#1"},
				"east": {"uv": [0, 0, 0.5, 3.25], "texture": "#1"},
				"south": {"uv": [0, 0, 0.5, 3.25], "texture": "#1"},
				"west": {"uv": [0, 0, 0.5, 3.25], "texture": "#1"},
				"up": {"uv": [0, 0, 0.5, 0.5], "rotation": 270, "texture": "#1"},
				"down": {"uv": [0, 0, 0.5, 0.5], "rotation": 90, "texture": "#1"}
			}
		},
		{
			"from": [4.88097, 1.5, 5.4511],
			"to": [5.38097, 4.75, 5.9511],
			"rotation": {"angle": -22.5, "axis": "y", "origin": [-2.36903, 9.5, 13.2011]},
			"faces": {
				"north": {"uv": [1, 0, 1.5, 3.25], "texture": "#1"},
				"east": {"uv": [1, 0, 1.5, 3.25], "texture": "#1"},
				"south": {"uv": [1, 0, 1.5, 3.25], "texture": "#1"},
				"west": {"uv": [1, 0, 1.5, 3.25], "texture": "#1"},
				"up": {"uv": [0.5, 0.5, 1, 1], "rotation": 270, "texture": "#1"},
				"down": {"uv": [0.5, 0.5, 1, 1], "rotation": 90, "texture": "#1"}
			}
		},
		{
			"from": [3.85534, 1.5, 16.71877],
			"to": [4.35534, 4.75, 17.21877],
			"rotation": {"angle": 45, "axis": "y", "origin": [-3.39466, 9.5, 9.46877]},
			"faces": {
				"north": {"uv": [1, 0, 1.5, 3.25], "texture": "#1"},
				"east": {"uv": [1, 0, 1.5, 3.25], "texture": "#1"},
				"south": {"uv": [1, 0, 1.5, 3.25], "texture": "#1"},
				"west": {"uv": [1, 0, 1.5, 3.25], "texture": "#1"},
				"up": {"uv": [0.5, 0.5, 1, 1], "texture": "#1"},
				"down": {"uv": [0.5, 0.5, 1, 1], "texture": "#1"}
			}
		},
		{
			"from": [4.33608, 1.5, 12.87806],
			"to": [4.83608, 4.75, 13.37806],
			"rotation": {"angle": 22.5, "axis": "y", "origin": [-2.91392, 9.5, 5.62806]},
			"faces": {
				"north": {"uv": [1, 0, 1.5, 3.25], "texture": "#1"},
				"east": {"uv": [1, 0, 1.5, 3.25], "texture": "#1"},
				"south": {"uv": [1, 0, 1.5, 3.25], "texture": "#1"},
				"west": {"uv": [1, 0, 1.5, 3.25], "texture": "#1"},
				"up": {"uv": [0.5, 0.5, 1, 1], "texture": "#1"},
				"down": {"uv": [0.5, 0.5, 1, 1], "texture": "#1"}
			}
		},
		{
			"from": [8.64466, 1.5, 16.71877],
			"to": [9.14466, 4.75, 17.21877],
			"rotation": {"angle": -45, "axis": "y", "origin": [16.39466, 9.5, 9.46877]},
			"faces": {
				"north": {"uv": [0.5, 0, 1, 3.25], "texture": "#1"},
				"east": {"uv": [0.5, 0, 1, 3.25], "texture": "#1"},
				"south": {"uv": [0.5, 0, 1, 3.25], "texture": "#1"},
				"west": {"uv": [0.5, 0, 1, 3.25], "texture": "#1"},
				"up": {"uv": [0, 0.5, 0.5, 1], "texture": "#1"},
				"down": {"uv": [0, 0.5, 0.5, 1], "texture": "#1"}
			}
		},
		{
			"from": [7.61903, 1.5, 5.4511],
			"to": [8.11903, 4.75, 5.9511],
			"rotation": {"angle": 22.5, "axis": "y", "origin": [15.36903, 9.5, 13.2011]},
			"faces": {
				"north": {"uv": [0.5, 0, 1, 3.25], "texture": "#1"},
				"east": {"uv": [0.5, 0, 1, 3.25], "texture": "#1"},
				"south": {"uv": [0.5, 0, 1, 3.25], "texture": "#1"},
				"west": {"uv": [0.5, 0, 1, 3.25], "texture": "#1"},
				"up": {"uv": [0.5, 0, 1, 0.5], "rotation": 270, "texture": "#1"},
				"down": {"uv": [0.5, 0, 1, 0.5], "rotation": 90, "texture": "#1"}
			}
		},
		{
			"from": [6.25, 1.5, 9.51367],
			"to": [6.75, 4.75, 10.01367],
			"rotation": {"angle": 0, "axis": "y", "origin": [14, 9.5, 2.01367]},
			"faces": {
				"north": {"uv": [0.5, 0, 1, 3.25], "texture": "#1"},
				"east": {"uv": [0.5, 0, 1, 3.25], "texture": "#1"},
				"south": {"uv": [0.5, 0, 1, 3.25], "texture": "#1"},
				"west": {"uv": [0.5, 0, 1, 3.25], "texture": "#1"},
				"up": {"uv": [0, 0.5, 0.5, 1], "texture": "#1"},
				"down": {"uv": [0, 0.5, 0.5, 1], "texture": "#1"}
			}
		},
		{
			"from": [6.25, 1.5, 7.5],
			"to": [6.75, 4.75, 8],
			"rotation": {"angle": 0, "axis": "y", "origin": [14, 9.5, 15.5]},
			"faces": {
				"north": {"uv": [0, 0, 0.5, 3.25], "texture": "#1"},
				"east": {"uv": [0, 0, 0.5, 3.25], "texture": "#1"},
				"south": {"uv": [0, 0, 0.5, 3.25], "texture": "#1"},
				"west": {"uv": [0, 0, 0.5, 3.25], "texture": "#1"},
				"up": {"uv": [0, 0, 0.5, 0.5], "texture": "#1"},
				"down": {"uv": [0, 0, 0.5, 0.5], "texture": "#1"}
			}
		},
		{
			"from": [8.16392, 1.5, 12.87806],
			"to": [8.66392, 4.75, 13.37806],
			"rotation": {"angle": -22.5, "axis": "y", "origin": [15.91392, 9.5, 5.62806]},
			"faces": {
				"north": {"uv": [0.5, 0, 1, 3.25], "texture": "#1"},
				"east": {"uv": [0.5, 0, 1, 3.25], "texture": "#1"},
				"south": {"uv": [0.5, 0, 1, 3.25], "texture": "#1"},
				"west": {"uv": [0.5, 0, 1, 3.25], "texture": "#1"},
				"up": {"uv": [0, 0.5, 0.5, 1], "texture": "#1"},
				"down": {"uv": [0, 0.5, 0.5, 1], "texture": "#1"}
			}
		},
		{
			"from": [7.33608, 1.5, 4.13561],
			"to": [7.83608, 4.75, 4.63561],
			"rotation": {"angle": -22.5, "axis": "y", "origin": [0.08608, 9.5, 11.88561]},
			"faces": {
				"north": {"uv": [0.5, 0, 1, 3.25], "texture": "#1"},
				"east": {"uv": [0.5, 0, 1, 3.25], "texture": "#1"},
				"south": {"uv": [0.5, 0, 1, 3.25], "texture": "#1"},
				"west": {"uv": [0.5, 0, 1, 3.25], "texture": "#1"},
				"up": {"uv": [0.5, 0, 1, 0.5], "texture": "#1"},
				"down": {"uv": [0.5, 0, 1, 0.5], "texture": "#1"}
			}
		},
		{
			"from": [6.85534, 1.5, 0.2949],
			"to": [7.35534, 4.75, 0.7949],
			"rotation": {"angle": -45, "axis": "y", "origin": [-0.39466, 9.5, 8.0449]},
			"faces": {
				"north": {"uv": [0.5, 0, 1, 3.25], "texture": "#1"},
				"east": {"uv": [0.5, 0, 1, 3.25], "texture": "#1"},
				"south": {"uv": [0.5, 0, 1, 3.25], "texture": "#1"},
				"west": {"uv": [0.5, 0, 1, 3.25], "texture": "#1"},
				"up": {"uv": [0.5, 0, 1, 0.5], "texture": "#1"},
				"down": {"uv": [0.5, 0, 1, 0.5], "texture": "#1"}
			}
		},
		{
			"from": [7.88097, 1.5, 11.56257],
			"to": [8.38097, 4.75, 12.06257],
			"rotation": {"angle": 22.5, "axis": "y", "origin": [0.63097, 9.5, 4.31257]},
			"faces": {
				"north": {"uv": [0.5, 0, 1, 3.25], "texture": "#1"},
				"east": {"uv": [0.5, 0, 1, 3.25], "texture": "#1"},
				"south": {"uv": [0.5, 0, 1, 3.25], "texture": "#1"},
				"west": {"uv": [0.5, 0, 1, 3.25], "texture": "#1"},
				"up": {"uv": [0, 0.5, 0.5, 1], "rotation": 270, "texture": "#1"},
				"down": {"uv": [0, 0.5, 0.5, 1], "rotation": 90, "texture": "#1"}
			}
		},
		{
			"from": [10.25683, 1.5, 8.50683],
			"to": [10.75683, 4.75, 9.00683],
			"rotation": {"angle": 0, "axis": "y", "origin": [3.00683, 9.5, 1.25683]},
			"faces": {
				"north": {"uv": [0.5, 0, 1, 3.25], "texture": "#1"},
				"east": {"uv": [0.5, 0, 1, 3.25], "texture": "#1"},
				"south": {"uv": [0.5, 0, 1, 3.25], "texture": "#1"},
				"west": {"uv": [0.5, 0, 1, 3.25], "texture": "#1"},
				"up": {"uv": [0, 0.5, 0.5, 1], "rotation": 270, "texture": "#1"},
				"down": {"uv": [0, 0.5, 0.5, 1], "rotation": 90, "texture": "#1"}
			}
		},
		{
			"from": [11.16392, 1.5, 4.13561],
			"to": [11.66392, 4.75, 4.63561],
			"rotation": {"angle": 22.5, "axis": "y", "origin": [18.91392, 9.5, 11.88561]},
			"faces": {
				"north": {"uv": [1, 0, 1.5, 3.25], "texture": "#1"},
				"east": {"uv": [1, 0, 1.5, 3.25], "texture": "#1"},
				"south": {"uv": [1, 0, 1.5, 3.25], "texture": "#1"},
				"west": {"uv": [1, 0, 1.5, 3.25], "texture": "#1"},
				"up": {"uv": [1, 0, 1.5, 0.5], "texture": "#1"},
				"down": {"uv": [1, 0, 1.5, 0.5], "texture": "#1"}
			}
		},
		{
			"from": [10.61903, 1.5, 11.56257],
			"to": [11.11903, 4.75, 12.06257],
			"rotation": {"angle": -22.5, "axis": "y", "origin": [18.36903, 9.5, 4.31257]},
			"faces": {
				"north": {"uv": [1, 0, 1.5, 3.25], "texture": "#1"},
				"east": {"uv": [1, 0, 1.5, 3.25], "texture": "#1"},
				"south": {"uv": [1, 0, 1.5, 3.25], "texture": "#1"},
				"west": {"uv": [1, 0, 1.5, 3.25], "texture": "#1"},
				"up": {"uv": [0, 1, 0.5, 1.5], "rotation": 270, "texture": "#1"},
				"down": {"uv": [0, 1, 0.5, 1.5], "rotation": 90, "texture": "#1"}
			}
		},
		{
			"from": [11.64466, 1.5, 0.2949],
			"to": [12.14466, 4.75, 0.7949],
			"rotation": {"angle": 45, "axis": "y", "origin": [19.39466, 9.5, 8.0449]},
			"faces": {
				"north": {"uv": [1, 0, 1.5, 3.25], "texture": "#1"},
				"east": {"uv": [1, 0, 1.5, 3.25], "texture": "#1"},
				"south": {"uv": [1, 0, 1.5, 3.25], "texture": "#1"},
				"west": {"uv": [1, 0, 1.5, 3.25], "texture": "#1"},
				"up": {"uv": [1, 0, 1.5, 0.5], "texture": "#1"},
				"down": {"uv": [1, 0, 1.5, 0.5], "texture": "#1"}
			}
		},
		{
			"from": [8.24317, 1.5, 8.50683],
			"to": [8.74317, 4.75, 9.00683],
			"rotation": {"angle": 0, "axis": "y", "origin": [15.99317, 9.5, 1.25683]},
			"faces": {
				"north": {"uv": [1, 0, 1.5, 3.25], "texture": "#1"},
				"east": {"uv": [1, 0, 1.5, 3.25], "texture": "#1"},
				"south": {"uv": [1, 0, 1.5, 3.25], "texture": "#1"},
				"west": {"uv": [1, 0, 1.5, 3.25], "texture": "#1"},
				"up": {"uv": [0, 1, 0.5, 1.5], "rotation": 270, "texture": "#1"},
				"down": {"uv": [0, 1, 0.5, 1.5], "rotation": 90, "texture": "#1"}
			}
		},
		{
			"from": [10.61903, 1.5, 11.56257],
			"to": [11.11903, 4.75, 12.06257],
			"rotation": {"angle": -22.5, "axis": "y", "origin": [18.36903, 9.5, 4.31257]},
			"faces": {
				"north": {"uv": [1, 0, 1.5, 3.25], "texture": "#1"},
				"east": {"uv": [1, 0, 1.5, 3.25], "texture": "#1"},
				"south": {"uv": [1, 0, 1.5, 3.25], "texture": "#1"},
				"west": {"uv": [1, 0, 1.5, 3.25], "texture": "#1"},
				"up": {"uv": [0, 1, 0.5, 1.5], "rotation": 270, "texture": "#1"},
				"down": {"uv": [0, 1, 0.5, 1.5], "rotation": 90, "texture": "#1"}
			}
		},
		{
			"from": [11.64466, 1.5, 0.2949],
			"to": [12.14466, 4.75, 0.7949],
			"rotation": {"angle": 45, "axis": "y", "origin": [19.39466, 9.5, 8.0449]},
			"faces": {
				"north": {"uv": [1, 0, 1.5, 3.25], "texture": "#1"},
				"east": {"uv": [1, 0, 1.5, 3.25], "texture": "#1"},
				"south": {"uv": [1, 0, 1.5, 3.25], "texture": "#1"},
				"west": {"uv": [1, 0, 1.5, 3.25], "texture": "#1"},
				"up": {"uv": [1, 0, 1.5, 0.5], "texture": "#1"},
				"down": {"uv": [1, 0, 1.5, 0.5], "texture": "#1"}
			}
		},
		{
			"from": [11.16392, 1.5, 4.13561],
			"to": [11.66392, 4.75, 4.63561],
			"rotation": {"angle": 22.5, "axis": "y", "origin": [18.91392, 9.5, 11.88561]},
			"faces": {
				"north": {"uv": [1, 0, 1.5, 3.25], "texture": "#1"},
				"east": {"uv": [1, 0, 1.5, 3.25], "texture": "#1"},
				"south": {"uv": [1, 0, 1.5, 3.25], "texture": "#1"},
				"west": {"uv": [1, 0, 1.5, 3.25], "texture": "#1"},
				"up": {"uv": [1, 0, 1.5, 0.5], "texture": "#1"},
				"down": {"uv": [1, 0, 1.5, 0.5], "texture": "#1"}
			}
		},
		{
			"from": [7.33608, 1.5, 4.13561],
			"to": [7.83608, 4.75, 4.63561],
			"rotation": {"angle": -22.5, "axis": "y", "origin": [0.08608, 9.5, 11.88561]},
			"faces": {
				"north": {"uv": [0.5, 0, 1, 3.25], "texture": "#1"},
				"east": {"uv": [0.5, 0, 1, 3.25], "texture": "#1"},
				"south": {"uv": [0.5, 0, 1, 3.25], "texture": "#1"},
				"west": {"uv": [0.5, 0, 1, 3.25], "texture": "#1"},
				"up": {"uv": [0.5, 0, 1, 0.5], "texture": "#1"},
				"down": {"uv": [0.5, 0, 1, 0.5], "texture": "#1"}
			}
		},
		{
			"from": [6.85534, 1.5, 0.2949],
			"to": [7.35534, 4.75, 0.7949],
			"rotation": {"angle": -45, "axis": "y", "origin": [-0.39466, 9.5, 8.0449]},
			"faces": {
				"north": {"uv": [0.5, 0, 1, 3.25], "texture": "#1"},
				"east": {"uv": [0.5, 0, 1, 3.25], "texture": "#1"},
				"south": {"uv": [0.5, 0, 1, 3.25], "texture": "#1"},
				"west": {"uv": [0.5, 0, 1, 3.25], "texture": "#1"},
				"up": {"uv": [0.5, 0, 1, 0.5], "texture": "#1"},
				"down": {"uv": [0.5, 0, 1, 0.5], "texture": "#1"}
			}
		},
		{
			"from": [7.88097, 1.5, 11.56257],
			"to": [8.38097, 4.75, 12.06257],
			"rotation": {"angle": 22.5, "axis": "y", "origin": [0.63097, 9.5, 4.31257]},
			"faces": {
				"north": {"uv": [0.5, 0, 1, 3.25], "texture": "#1"},
				"east": {"uv": [0.5, 0, 1, 3.25], "texture": "#1"},
				"south": {"uv": [0.5, 0, 1, 3.25], "texture": "#1"},
				"west": {"uv": [0.5, 0, 1, 3.25], "texture": "#1"},
				"up": {"uv": [0, 0.5, 0.5, 1], "rotation": 270, "texture": "#1"},
				"down": {"uv": [0, 0.5, 0.5, 1], "rotation": 90, "texture": "#1"}
			}
		},
		{
			"from": [10.61903, 1.5, 5.4511],
			"to": [11.11903, 4.75, 5.9511],
			"rotation": {"angle": 22.5, "axis": "y", "origin": [18.36903, 9.5, 13.2011]},
			"faces": {
				"north": {"uv": [1.5, 0, 2, 3.25], "texture": "#1"},
				"east": {"uv": [1.5, 0, 2, 3.25], "texture": "#1"},
				"south": {"uv": [1.5, 0, 2, 3.25], "texture": "#1"},
				"west": {"uv": [1.5, 0, 2, 3.25], "texture": "#1"},
				"up": {"uv": [0.5, 1, 1, 1.5], "rotation": 270, "texture": "#1"},
				"down": {"uv": [0.5, 1, 1, 1.5], "rotation": 90, "texture": "#1"}
			}
		},
		{
			"from": [11.64466, 1.5, 16.71877],
			"to": [12.14466, 4.75, 17.21877],
			"rotation": {"angle": -45, "axis": "y", "origin": [19.39466, 9.5, 9.46877]},
			"faces": {
				"north": {"uv": [1.5, 0, 2, 3.25], "texture": "#1"},
				"east": {"uv": [1.5, 0, 2, 3.25], "texture": "#1"},
				"south": {"uv": [1.5, 0, 2, 3.25], "texture": "#1"},
				"west": {"uv": [1.5, 0, 2, 3.25], "texture": "#1"},
				"up": {"uv": [1, 0.5, 1.5, 1], "texture": "#1"},
				"down": {"uv": [1, 0.5, 1.5, 1], "texture": "#1"}
			}
		},
		{
			"from": [11.16392, 1.5, 12.87806],
			"to": [11.66392, 4.75, 13.37806],
			"rotation": {"angle": -22.5, "axis": "y", "origin": [18.91392, 9.5, 5.62806]},
			"faces": {
				"north": {"uv": [1.5, 0, 2, 3.25], "texture": "#1"},
				"east": {"uv": [1.5, 0, 2, 3.25], "texture": "#1"},
				"south": {"uv": [1.5, 0, 2, 3.25], "texture": "#1"},
				"west": {"uv": [1.5, 0, 2, 3.25], "texture": "#1"},
				"up": {"uv": [1, 0.5, 1.5, 1], "texture": "#1"},
				"down": {"uv": [1, 0.5, 1.5, 1], "texture": "#1"}
			}
		},
		{
			"from": [6.85534, 1.5, 16.71877],
			"to": [7.35534, 4.75, 17.21877],
			"rotation": {"angle": 45, "axis": "y", "origin": [-0.39466, 9.5, 9.46877]},
			"faces": {
				"north": {"uv": [1, 0, 1.5, 3.25], "texture": "#1"},
				"east": {"uv": [1, 0, 1.5, 3.25], "texture": "#1"},
				"south": {"uv": [1, 0, 1.5, 3.25], "texture": "#1"},
				"west": {"uv": [1, 0, 1.5, 3.25], "texture": "#1"},
				"up": {"uv": [0.5, 0.5, 1, 1], "texture": "#1"},
				"down": {"uv": [0.5, 0.5, 1, 1], "texture": "#1"}
			}
		},
		{
			"from": [7.88097, 1.5, 5.4511],
			"to": [8.38097, 4.75, 5.9511],
			"rotation": {"angle": -22.5, "axis": "y", "origin": [0.63097, 9.5, 13.2011]},
			"faces": {
				"north": {"uv": [1, 0, 1.5, 3.25], "texture": "#1"},
				"east": {"uv": [1, 0, 1.5, 3.25], "texture": "#1"},
				"south": {"uv": [1, 0, 1.5, 3.25], "texture": "#1"},
				"west": {"uv": [1, 0, 1.5, 3.25], "texture": "#1"},
				"up": {"uv": [0.5, 0.5, 1, 1], "rotation": 270, "texture": "#1"},
				"down": {"uv": [0.5, 0.5, 1, 1], "rotation": 90, "texture": "#1"}
			}
		},
		{
			"from": [9.25, 1.5, 9.51367],
			"to": [9.75, 4.75, 10.01367],
			"rotation": {"angle": 0, "axis": "y", "origin": [2, 9.5, 2.01367]},
			"faces": {
				"north": {"uv": [1, 0, 1.5, 3.25], "texture": "#1"},
				"east": {"uv": [1, 0, 1.5, 3.25], "texture": "#1"},
				"south": {"uv": [1, 0, 1.5, 3.25], "texture": "#1"},
				"west": {"uv": [1, 0, 1.5, 3.25], "texture": "#1"},
				"up": {"uv": [0.5, 0.5, 1, 1], "texture": "#1"},
				"down": {"uv": [0.5, 0.5, 1, 1], "texture": "#1"}
			}
		},
		{
			"from": [9.25, 1.5, 7.5],
			"to": [9.75, 4.75, 8],
			"rotation": {"angle": 0, "axis": "y", "origin": [2, 9.5, 15.5]},
			"faces": {
				"north": {"uv": [0.5, 0, 1, 3.25], "texture": "#1"},
				"east": {"uv": [0.5, 0, 1, 3.25], "texture": "#1"},
				"south": {"uv": [0.5, 0, 1, 3.25], "texture": "#1"},
				"west": {"uv": [0.5, 0, 1, 3.25], "texture": "#1"},
				"up": {"uv": [0.5, 0, 1, 0.5], "texture": "#1"},
				"down": {"uv": [0.5, 0, 1, 0.5], "texture": "#1"}
			}
		},
		{
			"from": [7.33608, 1.5, 12.87806],
			"to": [7.83608, 4.75, 13.37806],
			"rotation": {"angle": 22.5, "axis": "y", "origin": [0.08608, 9.5, 5.62806]},
			"faces": {
				"north": {"uv": [1, 0, 1.5, 3.25], "texture": "#1"},
				"east": {"uv": [1, 0, 1.5, 3.25], "texture": "#1"},
				"south": {"uv": [1, 0, 1.5, 3.25], "texture": "#1"},
				"west": {"uv": [1, 0, 1.5, 3.25], "texture": "#1"},
				"up": {"uv": [0.5, 0.5, 1, 1], "texture": "#1"},
				"down": {"uv": [0.5, 0.5, 1, 1], "texture": "#1"}
			}
		},
		{
			"from": [8.1, 1, 7.5],
			"to": [11.1, 1.5, 11],
			"rotation": {"angle": 0, "axis": "y", "origin": [16, 8, 16]},
			"faces": {
				"north": {"uv": [0, 0, 3, 0.5], "texture": "#2"},
				"east": {"uv": [0, 0, 3.25, 0.25], "texture": "#2"},
				"south": {"uv": [0, 0, 3, 0.5], "texture": "#2"},
				"west": {"uv": [0, 0, 3.5, 0.5], "texture": "#2"},
				"up": {"uv": [0, 0, 3, 3.5], "texture": "#2"},
				"down": {"uv": [0, 0, 3, 3.5], "texture": "#2"}
			}
		},
		{
			"from": [8.1, 0, 7],
			"to": [11.1, 1.2, 11],
			"rotation": {"angle": 0, "axis": "y", "origin": [16, 8, 15]},
			"faces": {
				"north": {"uv": [0, 0, 3, 1.2], "texture": "#2"},
				"east": {"uv": [0, 0, 16, 16], "texture": "#2"},
				"south": {"uv": [0, 0, 3, 1.2], "texture": "#2"},
				"west": {"uv": [0, 0, 4, 1.2], "texture": "#2"},
				"up": {"uv": [0, 0, 3, 4], "texture": "#2"},
				"down": {"uv": [0, 0, 3, 4], "texture": "#2"}
			}
		},
		{
			"from": [4.9, 1, 7.5],
			"to": [7.9, 1.5, 11],
			"rotation": {"angle": 0, "axis": "y", "origin": [13, 8, 16]},
			"faces": {
				"north": {"uv": [0, 0, 3, 0.5], "texture": "#2"},
				"east": {"uv": [0, 0, 3.25, 0.25], "texture": "#2"},
				"south": {"uv": [0, 0, 3, 0.5], "texture": "#2"},
				"west": {"uv": [0, 0, 3.5, 0.5], "texture": "#2"},
				"up": {"uv": [0, 0, 3, 3.5], "texture": "#2"},
				"down": {"uv": [0, 0, 3, 3.5], "texture": "#2"}
			}
		},
		{
			"from": [4.9, 3.29224, 3.7184],
			"to": [7.9, 3.59224, 4.4184],
			"rotation": {"angle": -22.5, "axis": "x", "origin": [13, 10.29224, 11.2184]},
			"faces": {
				"north": {"uv": [0, 0, 3, 0.3], "texture": "#2"},
				"east": {"uv": [0, 0, 3.25, 0.25], "texture": "#2"},
				"south": {"uv": [0, 0, 3, 0.3], "texture": "#2"},
				"west": {"uv": [0, 0, 0.7, 0.3], "texture": "#2"},
				"up": {"uv": [0, 0, 3, 0.7], "texture": "#2"},
				"down": {"uv": [0, 0, 3, 0.7], "texture": "#2"}
			}
		},
		{
			"from": [8.1, 3.29224, 3.7184],
			"to": [11.1, 3.59224, 4.4184],
			"rotation": {"angle": -22.5, "axis": "x", "origin": [16.2, 10.29224, 11.2184]},
			"faces": {
				"north": {"uv": [0, 0, 3, 0.3], "texture": "#2"},
				"east": {"uv": [0, 0, 3.25, 0.25], "texture": "#2"},
				"south": {"uv": [0, 0, 3, 0.3], "texture": "#2"},
				"west": {"uv": [0, 0, 0.7, 0.3], "texture": "#2"},
				"up": {"uv": [0, 0, 3, 0.7], "texture": "#2"},
				"down": {"uv": [0, 0, 3, 0.7], "texture": "#2"}
			}
		},
		{
			"from": [8.1, 3.02436, 3.07169],
			"to": [9.1, 3.32436, 3.77169],
			"rotation": {"angle": -22.5, "axis": "x", "origin": [14.2, 10.02436, 10.57169]},
			"faces": {
				"north": {"uv": [0, 0, 1, 0.3], "texture": "#2"},
				"east": {"uv": [0, 0, 3.25, 0.25], "texture": "#2"},
				"south": {"uv": [0, 0, 1, 0.3], "texture": "#2"},
				"west": {"uv": [0, 0, 0.7, 0.3], "texture": "#2"},
				"up": {"uv": [0, 0, 1, 0.7], "texture": "#2"},
				"down": {"uv": [0, 0, 1, 0.7], "texture": "#2"}
			}
		},
		{
			"from": [6.9, 3.02436, 3.07169],
			"to": [7.9, 3.32436, 3.77169],
			"rotation": {"angle": -22.5, "axis": "x", "origin": [1.8, 10.02436, 10.57169]},
			"faces": {
				"north": {"uv": [1, 0, 0, 0.3], "texture": "#2"},
				"east": {"uv": [0, 0, 3.25, 0.25], "texture": "#2"},
				"south": {"uv": [1, 0, 0, 0.3], "texture": "#2"},
				"west": {"uv": [0.7, 0, 0, 0.3], "texture": "#2"},
				"up": {"uv": [1, 0, 0, 0.7], "texture": "#2"},
				"down": {"uv": [1, 0, 0, 0.7], "texture": "#2"}
			}
		},
		{
			"from": [10.1, 3.02436, 3.07169],
			"to": [11.1, 3.32436, 3.77169],
			"rotation": {"angle": -22.5, "axis": "x", "origin": [16.2, 10.02436, 10.57169]},
			"faces": {
				"north": {"uv": [0, 0, 1, 0.3], "texture": "#2"},
				"east": {"uv": [0, 0, 3.25, 0.25], "texture": "#2"},
				"south": {"uv": [0, 0, 1, 0.3], "texture": "#2"},
				"west": {"uv": [0, 0, 0.7, 0.3], "texture": "#2"},
				"up": {"uv": [0, 0, 1, 0.7], "texture": "#2"},
				"down": {"uv": [0, 0, 1, 0.7], "texture": "#2"}
			}
		},
		{
			"from": [4.9, 3.02436, 3.07169],
			"to": [5.9, 3.32436, 3.77169],
			"rotation": {"angle": -22.5, "axis": "x", "origin": [-0.2, 10.02436, 10.57169]},
			"faces": {
				"north": {"uv": [1, 0, 0, 0.3], "texture": "#2"},
				"east": {"uv": [0, 0, 3.25, 0.25], "texture": "#2"},
				"south": {"uv": [1, 0, 0, 0.3], "texture": "#2"},
				"west": {"uv": [0.7, 0, 0, 0.3], "texture": "#2"},
				"up": {"uv": [1, 0, 0, 0.7], "texture": "#2"},
				"down": {"uv": [1, 0, 0, 0.7], "texture": "#2"}
			}
		},
		{
			"from": [4.9, 0, 7],
			"to": [7.9, 1.2, 11],
			"rotation": {"angle": 0, "axis": "y", "origin": [13, 8, 15]},
			"faces": {
				"north": {"uv": [0, 0, 3, 1.2], "texture": "#2"},
				"east": {"uv": [0, 0, 3.25, 0.25], "texture": "#2"},
				"south": {"uv": [0, 0, 3, 1.2], "texture": "#2"},
				"west": {"uv": [0, 0, 4, 1.2], "texture": "#2"},
				"up": {"uv": [0, 0, 3, 4], "texture": "#2"},
				"down": {"uv": [13.047, 6.698, 16, 10.698], "texture": "#2"}
			}
		},
		{
			"from": [8.1, 0, 6.2],
			"to": [9.1, 0.96, 7],
			"rotation": {"angle": 0, "axis": "y", "origin": [3, 8, 14.2]},
			"faces": {
				"north": {"uv": [1, 0, 2, 0.96], "texture": "#2"},
				"east": {"uv": [0, 0, 3.25, 0.25], "texture": "#2"},
				"south": {"uv": [1, 0, 2, 0.96], "texture": "#2"},
				"west": {"uv": [1, 0, 1.8, 0.96], "texture": "#2"},
				"up": {"uv": [1, 0, 2, 0.8], "texture": "#2"},
				"down": {"uv": [1, 0, 2, 0.8], "texture": "#2"}
			}
		},
		{
			"from": [6.9, 0, 6.2],
			"to": [7.9, 0.96, 7],
			"rotation": {"angle": 0, "axis": "y", "origin": [13, 8, 14.2]},
			"faces": {
				"north": {"uv": [2, 0, 1, 0.96], "texture": "#2"},
				"east": {"uv": [0, 0, 3.25, 0.25], "texture": "#2"},
				"south": {"uv": [2, 0, 1, 0.96], "texture": "#2"},
				"west": {"uv": [1.8, 0, 1, 0.96], "texture": "#2"},
				"up": {"uv": [2, 0, 1, 0.8], "texture": "#2"},
				"down": {"uv": [2, 0, 1, 0.8], "texture": "#2"}
			}
		},
		{
			"from": [10.1, 0, 6.2],
			"to": [11.1, 0.96, 7],
			"rotation": {"angle": 0, "axis": "y", "origin": [5, 8, 14.2]},
			"faces": {
				"north": {"uv": [1, 0, 2, 0.96], "texture": "#2"},
				"east": {"uv": [0, 0, 3.25, 0.25], "texture": "#2"},
				"south": {"uv": [1, 0, 2, 0.96], "texture": "#2"},
				"west": {"uv": [1, 0, 1.8, 0.96], "texture": "#2"},
				"up": {"uv": [1, 0, 2, 0.8], "texture": "#2"},
				"down": {"uv": [1, 0, 2, 0.8], "texture": "#2"}
			}
		},
		{
			"from": [4.9, 0, 6.2],
			"to": [5.9, 0.96, 7],
			"rotation": {"angle": 0, "axis": "y", "origin": [11, 8, 14.2]},
			"faces": {
				"north": {"uv": [2, 0, 1, 0.96], "texture": "#2"},
				"east": {"uv": [0, 0, 3.25, 0.25], "texture": "#2"},
				"south": {"uv": [2, 0, 1, 0.96], "texture": "#2"},
				"west": {"uv": [1.8, 0, 1, 0.96], "texture": "#2"},
				"up": {"uv": [2, 0, 1, 0.8], "texture": "#2"},
				"down": {"uv": [2, 0, 1, 0.8], "texture": "#2"}
			}
		},
		{
			"from": [10.38, 14.75, 4.2],
			"to": [12, 17.65, 5.2],
			"rotation": {"angle": 0, "axis": "y", "origin": [11.5, 16.5, 4.7]},
			"faces": {
				"north": {"uv": [2.62, 0, 4.24, 2.9], "texture": "#0"},
				"east": {"uv": [2, 0, 3, 2.9], "texture": "#0"},
				"south": {"uv": [2.62, 0, 4.24, 2.9], "texture": "#0"},
				"west": {"uv": [2, 0, 3, 2.9], "texture": "#0"},
				"up": {"uv": [2.62, 0, 4.24, 1], "texture": "#0"},
				"down": {"uv": [2.62, 0, 4.24, 1], "texture": "#0"}
			}
		},
		{
			"from": [4, 14.75, 4.2],
			"to": [5.62, 17.65, 5.2],
			"rotation": {"angle": 0, "axis": "y", "origin": [4.5, 16.5, 4.7]},
			"faces": {
				"north": {"uv": [4.24, 0, 5.86, 2.9], "texture": "#0"},
				"east": {"uv": [3, 0, 4, 2.9], "texture": "#0"},
				"south": {"uv": [4.24, 0, 5.86, 2.9], "texture": "#0"},
				"west": {"uv": [3, 0, 4, 2.9], "texture": "#0"},
				"up": {"uv": [4.24, 0, 5.86, 1], "texture": "#0"},
				"down": {"uv": [4.24, 0, 5.86, 1], "texture": "#0"}
			}
		},
		{
			"from": [7.86062, 13.59327, 4.2],
			"to": [8.16062, 14.59327, 5.2],
			"rotation": {"angle": 22.5, "axis": "z", "origin": [0.86062, 21.59327, 12.2]},
			"faces": {
				"north": {"uv": [1, 0, 1.3, 1], "texture": "#0"},
				"east": {"uv": [1, 0, 2, 1], "texture": "#0"},
				"south": {"uv": [1, 0, 1.3, 1], "texture": "#0"},
				"west": {"uv": [1, 0, 2, 1], "texture": "#0"},
				"up": {"uv": [1, 0, 1.3, 1], "texture": "#0"},
				"down": {"uv": [1, 0, 1.3, 1], "texture": "#0"}
			}
		},
		{
			"from": [7.86062, 17.75673, 4.2],
			"to": [8.16062, 18.75673, 5.2],
			"rotation": {"angle": -22.5, "axis": "z", "origin": [0.86062, 10.75673, 12.2]},
			"faces": {
				"north": {"uv": [1, 1, 1.3, 2], "texture": "#0"},
				"east": {"uv": [1, 1, 2, 2], "texture": "#0"},
				"south": {"uv": [1, 1, 1.3, 2], "texture": "#0"},
				"west": {"uv": [1, 1, 2, 2], "texture": "#0"},
				"up": {"uv": [1, 1, 1.3, 2], "texture": "#0"},
				"down": {"uv": [1, 1, 1.3, 2], "texture": "#0"}
			}
		},
		{
			"from": [7.83938, 13.59327, 4.2],
			"to": [8.13938, 14.59327, 5.2],
			"rotation": {"angle": -22.5, "axis": "z", "origin": [15.13938, 21.59327, 12.2]},
			"faces": {
				"north": {"uv": [1.3, 0, 1.6, 1], "texture": "#0"},
				"east": {"uv": [2, 0, 3, 1], "texture": "#0"},
				"south": {"uv": [1.3, 0, 1.6, 1], "texture": "#0"},
				"west": {"uv": [2, 0, 3, 1], "texture": "#0"},
				"up": {"uv": [1.3, 0, 1.6, 1], "texture": "#0"},
				"down": {"uv": [1.3, 0, 1.6, 1], "texture": "#0"}
			}
		},
		{
			"from": [7.83938, 17.75673, 4.2],
			"to": [8.13938, 18.75673, 5.2],
			"rotation": {"angle": 22.5, "axis": "z", "origin": [15.13938, 10.75673, 12.2]},
			"faces": {
				"north": {"uv": [1.3, 1, 1.6, 2], "texture": "#0"},
				"east": {"uv": [2, 1, 3, 2], "texture": "#0"},
				"south": {"uv": [1.3, 1, 1.6, 2], "texture": "#0"},
				"west": {"uv": [2, 1, 3, 2], "texture": "#0"},
				"up": {"uv": [1.3, 1, 1.6, 2], "texture": "#0"},
				"down": {"uv": [1.3, 1, 1.6, 2], "texture": "#0"}
			}
		},
		{
			"from": [13.21819, 19.7162, 4.2],
			"to": [14.21819, 20.0162, 5.2],
			"rotation": {"angle": -22.5, "axis": "z", "origin": [6.21819, 27.7162, 12.2]},
			"faces": {
				"north": {"uv": [1, 0, 2, 0.3], "texture": "#0"},
				"east": {"uv": [1, 0, 2, 0.3], "texture": "#0"},
				"south": {"uv": [1, 0, 2, 0.3], "texture": "#0"},
				"west": {"uv": [1, 0, 2, 0.3], "texture": "#0"},
				"up": {"uv": [1, 0, 2, 1], "texture": "#0"},
				"down": {"uv": [1, 0, 2, 1], "texture": "#0"}
			}
		},
		{
			"from": [13.21819, 12.3338, 4.2],
			"to": [14.21819, 12.6338, 5.2],
			"rotation": {"angle": 22.5, "axis": "z", "origin": [6.21819, 4.6338, 12.2]},
			"faces": {
				"north": {"uv": [1, 0.3, 2, 0.6], "texture": "#0"},
				"east": {"uv": [1, 0.3, 2, 0.6], "texture": "#0"},
				"south": {"uv": [1, 0.3, 2, 0.6], "texture": "#0"},
				"west": {"uv": [1, 0.3, 2, 0.6], "texture": "#0"},
				"up": {"uv": [1, 1, 2, 2], "texture": "#0"},
				"down": {"uv": [1, 1, 2, 2], "texture": "#0"}
			}
		},
		{
			"from": [1.78181, 19.7162, 4.2],
			"to": [2.78181, 20.0162, 5.2],
			"rotation": {"angle": 22.5, "axis": "z", "origin": [9.78181, 27.7162, 12.2]},
			"faces": {
				"north": {"uv": [2, 0, 3, 0.3], "texture": "#0"},
				"east": {"uv": [2, 0, 3, 0.3], "texture": "#0"},
				"south": {"uv": [2, 0, 3, 0.3], "texture": "#0"},
				"west": {"uv": [2, 0, 3, 0.3], "texture": "#0"},
				"up": {"uv": [2, 0, 3, 1], "texture": "#0"},
				"down": {"uv": [2, 0, 3, 1], "texture": "#0"}
			}
		},
		{
			"from": [1.78181, 12.3338, 4.2],
			"to": [2.78181, 12.6338, 5.2],
			"rotation": {"angle": -22.5, "axis": "z", "origin": [9.78181, 4.6338, 12.2]},
			"faces": {
				"north": {"uv": [2, 0.3, 3, 0.6], "texture": "#0"},
				"east": {"uv": [2, 0.3, 3, 0.6], "texture": "#0"},
				"south": {"uv": [2, 0.3, 3, 0.6], "texture": "#0"},
				"west": {"uv": [2, 0.3, 3, 0.6], "texture": "#0"},
				"up": {"uv": [2, 1, 3, 2], "texture": "#0"},
				"down": {"uv": [2, 1, 3, 2], "texture": "#0"}
			}
		},
		{
			"from": [4, 17.65, 4.2],
			"to": [12, 19.25, 5.2],
			"rotation": {"angle": 0, "axis": "y", "origin": [19, 26.65, 12.2]},
			"faces": {
				"north": {"uv": [0, 0, 8, 1.6], "texture": "#0"},
				"east": {"uv": [0, 0, 1, 1.6], "texture": "#0"},
				"south": {"uv": [0, 0, 8, 1.6], "texture": "#0"},
				"west": {"uv": [0, 0, 1, 1.6], "texture": "#0"},
				"up": {"uv": [0, 0, 8, 1], "texture": "#0"},
				"down": {"uv": [0, 0, 8, 1], "texture": "#0"}
			}
		},
		{
			"from": [4, 12.25, 4.2],
			"to": [12, 14.75, 5.2],
			"rotation": {"angle": 0, "axis": "y", "origin": [19, 21.25, 12.2]},
			"faces": {
				"north": {"uv": [0, 0, 8, 2.5], "texture": "#0"},
				"east": {"uv": [0, 0, 1, 2.5], "texture": "#0"},
				"south": {"uv": [0, 0, 8, 2.5], "texture": "#0"},
				"west": {"uv": [0, 0, 1, 2.5], "texture": "#0"},
				"up": {"uv": [0, 0, 8, 1], "texture": "#0"},
				"down": {"uv": [0, 0, 8, 1], "texture": "#0"}
			}
		},
		{
			"name": "hexadecagon",
			"from": [12, 17.35082, 10.52418],
			"to": [12.5, 17.64918, 12.02418],
			"rotation": {"angle": -45, "axis": "x", "origin": [12, 17.5, 11.27418]},
			"faces": {
				"north": {"uv": [15, 11.75, 16, 12.75], "texture": "#2"},
				"east": {"uv": [15, 11.75, 16, 12.75], "texture": "#2"},
				"south": {"uv": [15, 11.75, 16, 12.75], "texture": "#2"},
				"west": {"uv": [15, 11.75, 16, 12.75], "texture": "#2"},
				"up": {"uv": [15, 11.75, 16, 12.75], "texture": "#2"},
				"down": {"uv": [15, 11.75, 16, 12.75], "texture": "#2"}
			}
		},
		{
			"name": "hexadecagon",
			"from": [12, 17.35082, 10.52418],
			"to": [12.5, 17.64918, 12.02418],
			"rotation": {"angle": -22.5, "axis": "x", "origin": [12, 17.5, 11.27418]},
			"faces": {
				"north": {"uv": [15, 11.75, 16, 12.75], "texture": "#2"},
				"east": {"uv": [15, 11.75, 16, 12.75], "texture": "#2"},
				"south": {"uv": [15, 11.75, 16, 12.75], "texture": "#2"},
				"west": {"uv": [15, 11.75, 16, 12.75], "texture": "#2"},
				"up": {"uv": [15, 11.75, 16, 12.75], "texture": "#2"},
				"down": {"uv": [15, 11.75, 16, 12.75], "texture": "#2"}
			}
		},
		{
			"name": "hexadecagon",
			"from": [12, 17.35082, 10.52418],
			"to": [12.5, 17.64918, 12.02418],
			"rotation": {"angle": 0, "axis": "y", "origin": [12, 17.5, 11.27418]},
			"faces": {
				"north": {"uv": [15, 11.75, 16, 12.75], "texture": "#2"},
				"east": {"uv": [15, 11.75, 16, 12.75], "texture": "#2"},
				"south": {"uv": [15, 11.75, 16, 12.75], "texture": "#2"},
				"west": {"uv": [15, 11.75, 16, 12.75], "texture": "#2"},
				"up": {"uv": [15, 11.75, 16, 12.75], "texture": "#2"},
				"down": {"uv": [15, 11.75, 16, 12.75], "texture": "#2"}
			}
		},
		{
			"name": "hexadecagon",
			"from": [12, 17.35082, 10.52418],
			"to": [12.5, 17.64918, 12.02418],
			"rotation": {"angle": 22.5, "axis": "x", "origin": [12, 17.5, 11.27418]},
			"faces": {
				"north": {"uv": [15, 11.75, 16, 12.75], "texture": "#2"},
				"east": {"uv": [15, 11.75, 16, 12.75], "texture": "#2"},
				"south": {"uv": [15, 11.75, 16, 12.75], "texture": "#2"},
				"west": {"uv": [15, 11.75, 16, 12.75], "texture": "#2"},
				"up": {"uv": [15, 11.75, 16, 12.75], "texture": "#2"},
				"down": {"uv": [15, 11.75, 16, 12.75], "texture": "#2"}
			}
		},
		{
			"name": "hexadecagon",
			"from": [12, 17.35082, 10.52418],
			"to": [12.5, 17.64918, 12.02418],
			"rotation": {"angle": 45, "axis": "x", "origin": [12, 17.5, 11.27418]},
			"faces": {
				"north": {"uv": [15, 11.75, 16, 12.75], "texture": "#2"},
				"east": {"uv": [15, 11.75, 16, 12.75], "texture": "#2"},
				"south": {"uv": [15, 11.75, 16, 12.75], "texture": "#2"},
				"west": {"uv": [15, 11.75, 16, 12.75], "texture": "#2"},
				"up": {"uv": [15, 11.75, 16, 12.75], "texture": "#2"},
				"down": {"uv": [15, 11.75, 16, 12.75], "texture": "#2"}
			}
		},
		{
			"name": "hexadecagon",
			"from": [12, 16.75, 11.125],
			"to": [12.5, 18.25, 11.42337],
			"rotation": {"angle": -22.5, "axis": "x", "origin": [12, 17.5, 11.27418]},
			"faces": {
				"north": {"uv": [15, 11.75, 16, 12.75], "texture": "#2"},
				"east": {"uv": [15, 11.75, 16, 12.75], "texture": "#2"},
				"south": {"uv": [15, 11.75, 16, 12.75], "texture": "#2"},
				"west": {"uv": [15, 11.75, 16, 12.75], "texture": "#2"},
				"up": {"uv": [15, 11.75, 16, 12.75], "texture": "#2"},
				"down": {"uv": [15, 11.75, 16, 12.75], "texture": "#2"}
			}
		},
		{
			"name": "hexadecagon",
			"from": [12, 16.75, 11.125],
			"to": [12.5, 18.25, 11.42337],
			"rotation": {"angle": 0, "axis": "y", "origin": [12, 18, 11]},
			"faces": {
				"north": {"uv": [15, 11.75, 16, 12.75], "texture": "#2"},
				"east": {"uv": [15, 11.75, 16, 12.75], "texture": "#2"},
				"south": {"uv": [15, 11.75, 16, 12.75], "texture": "#2"},
				"west": {"uv": [15, 11.75, 16, 12.75], "texture": "#2"},
				"up": {"uv": [15, 11.75, 16, 12.75], "texture": "#2"},
				"down": {"uv": [15, 11.75, 16, 12.75], "texture": "#2"}
			}
		},
		{
			"name": "hexadecagon",
			"from": [12, 16.75, 11.125],
			"to": [12.5, 18.25, 11.42337],
			"rotation": {"angle": 22.5, "axis": "x", "origin": [12, 17.5, 11.27418]},
			"faces": {
				"north": {"uv": [15, 11.75, 16, 12.75], "texture": "#2"},
				"east": {"uv": [15, 11.75, 16, 12.75], "texture": "#2"},
				"south": {"uv": [15, 11.75, 16, 12.75], "texture": "#2"},
				"west": {"uv": [15, 11.75, 16, 12.75], "texture": "#2"},
				"up": {"uv": [15, 11.75, 16, 12.75], "texture": "#2"},
				"down": {"uv": [15, 11.75, 16, 12.75], "texture": "#2"}
			}
		},
		{
			"name": "hexadecagon",
			"from": [12, 14.85082, 10.52418],
			"to": [12.5, 15.14918, 12.02418],
			"rotation": {"angle": -45, "axis": "x", "origin": [12.05, 15, 11.27418]},
			"faces": {
				"north": {"uv": [15, 12.25, 16, 13.25], "texture": "#2"},
				"east": {"uv": [15, 12.25, 16, 13.25], "texture": "#2"},
				"south": {"uv": [15, 12.25, 16, 13.25], "texture": "#2"},
				"west": {"uv": [15, 12.25, 16, 13.25], "texture": "#2"},
				"up": {"uv": [15, 12.25, 16, 13.25], "texture": "#2"},
				"down": {"uv": [15, 12.25, 16, 13.25], "texture": "#2"}
			}
		},
		{
			"name": "hexadecagon",
			"from": [12, 14.85082, 10.52418],
			"to": [12.5, 15.14918, 12.02418],
			"rotation": {"angle": -22.5, "axis": "x", "origin": [12.05, 15, 11.27418]},
			"faces": {
				"north": {"uv": [15, 12.25, 16, 13.25], "texture": "#2"},
				"east": {"uv": [15, 12.25, 16, 13.25], "texture": "#2"},
				"south": {"uv": [15, 12.25, 16, 13.25], "texture": "#2"},
				"west": {"uv": [15, 12.25, 16, 13.25], "texture": "#2"},
				"up": {"uv": [15, 12.25, 16, 13.25], "texture": "#2"},
				"down": {"uv": [15, 12.25, 16, 13.25], "texture": "#2"}
			}
		},
		{
			"name": "hexadecagon",
			"from": [12, 14.85082, 10.52418],
			"to": [12.5, 15.14918, 12.02418],
			"rotation": {"angle": 0, "axis": "y", "origin": [12.05, 15, 11.27418]},
			"faces": {
				"north": {"uv": [15, 12.25, 16, 13.25], "texture": "#2"},
				"east": {"uv": [15, 12.25, 16, 13.25], "texture": "#2"},
				"south": {"uv": [15, 12.25, 16, 13.25], "texture": "#2"},
				"west": {"uv": [15, 12.25, 16, 13.25], "texture": "#2"},
				"up": {"uv": [15, 12.25, 16, 13.25], "texture": "#2"},
				"down": {"uv": [15, 12.25, 16, 13.25], "texture": "#2"}
			}
		},
		{
			"name": "hexadecagon",
			"from": [12, 14.85082, 10.52418],
			"to": [12.5, 15.14918, 12.02418],
			"rotation": {"angle": 22.5, "axis": "x", "origin": [12.05, 15, 11.27418]},
			"faces": {
				"north": {"uv": [15, 12.25, 16, 13.25], "texture": "#2"},
				"east": {"uv": [15, 12.25, 16, 13.25], "texture": "#2"},
				"south": {"uv": [15, 12.25, 16, 13.25], "texture": "#2"},
				"west": {"uv": [15, 12.25, 16, 13.25], "texture": "#2"},
				"up": {"uv": [15, 12.25, 16, 13.25], "texture": "#2"},
				"down": {"uv": [15, 12.25, 16, 13.25], "texture": "#2"}
			}
		},
		{
			"name": "hexadecagon",
			"from": [12, 14.85082, 10.52418],
			"to": [12.5, 15.14918, 12.02418],
			"rotation": {"angle": 45, "axis": "x", "origin": [12.05, 15, 11.27418]},
			"faces": {
				"north": {"uv": [15, 12.25, 16, 13.25], "texture": "#2"},
				"east": {"uv": [15, 12.25, 16, 13.25], "texture": "#2"},
				"south": {"uv": [15, 12.25, 16, 13.25], "texture": "#2"},
				"west": {"uv": [15, 12.25, 16, 13.25], "texture": "#2"},
				"up": {"uv": [15, 12.25, 16, 13.25], "texture": "#2"},
				"down": {"uv": [15, 12.25, 16, 13.25], "texture": "#2"}
			}
		},
		{
			"name": "hexadecagon",
			"from": [12, 14.25, 11.125],
			"to": [12.5, 15.75, 11.42337],
			"rotation": {"angle": -22.5, "axis": "x", "origin": [12.05, 15, 11.27418]},
			"faces": {
				"north": {"uv": [15, 12.25, 16, 13.25], "texture": "#2"},
				"east": {"uv": [15, 12.25, 16, 13.25], "texture": "#2"},
				"south": {"uv": [15, 12.25, 16, 13.25], "texture": "#2"},
				"west": {"uv": [15, 12.25, 16, 13.25], "texture": "#2"},
				"up": {"uv": [15, 12.25, 16, 13.25], "texture": "#2"},
				"down": {"uv": [15, 12.25, 16, 13.25], "texture": "#2"}
			}
		},
		{
			"name": "hexadecagon",
			"from": [12, 14.25, 11.125],
			"to": [12.5, 15.75, 11.42337],
			"rotation": {"angle": 0, "axis": "y", "origin": [12.05, 15.5, 11.27663]},
			"faces": {
				"north": {"uv": [15, 12.25, 16, 13.25], "texture": "#2"},
				"east": {"uv": [15, 12.25, 16, 13.25], "texture": "#2"},
				"south": {"uv": [15, 12.25, 16, 13.25], "texture": "#2"},
				"west": {"uv": [15, 12.25, 16, 13.25], "texture": "#2"},
				"up": {"uv": [15, 12.25, 16, 13.25], "texture": "#2"},
				"down": {"uv": [15, 12.25, 16, 13.25], "texture": "#2"}
			}
		},
		{
			"name": "hexadecagon",
			"from": [12, 14.25, 11.125],
			"to": [12.5, 15.75, 11.42337],
			"rotation": {"angle": 22.5, "axis": "x", "origin": [12.05, 15, 11.27418]},
			"faces": {
				"north": {"uv": [15, 12.25, 16, 13.25], "texture": "#2"},
				"east": {"uv": [15, 12.25, 16, 13.25], "texture": "#2"},
				"south": {"uv": [15, 12.25, 16, 13.25], "texture": "#2"},
				"west": {"uv": [15, 12.25, 16, 13.25], "texture": "#2"},
				"up": {"uv": [15, 12.25, 16, 13.25], "texture": "#2"},
				"down": {"uv": [15, 12.25, 16, 13.25], "texture": "#2"}
			}
		},
		{
			"name": "hexadecagon",
			"from": [3.8, 16.20163, 9.92337],
			"to": [4, 16.79837, 12.92337],
			"rotation": {"angle": -45, "axis": "x", "origin": [3.95, 16.5, 11.42337]},
			"faces": {
				"north": {"uv": [15, 13, 16, 14], "texture": "#2"},
				"east": {"uv": [15, 13, 16, 14], "texture": "#2"},
				"south": {"uv": [15, 13, 16, 14], "texture": "#2"},
				"west": {"uv": [15, 13, 16, 14], "texture": "#2"},
				"up": {"uv": [15, 13, 16, 14], "texture": "#2"},
				"down": {"uv": [15, 13, 16, 14], "texture": "#2"}
			}
		},
		{
			"name": "hexadecagon",
			"from": [3.8, 16.20163, 9.92337],
			"to": [4, 16.79837, 12.92337],
			"rotation": {"angle": -22.5, "axis": "x", "origin": [3.95, 16.5, 11.42337]},
			"faces": {
				"north": {"uv": [15, 13, 16, 14], "texture": "#2"},
				"east": {"uv": [15, 13, 16, 14], "texture": "#2"},
				"south": {"uv": [15, 13, 16, 14], "texture": "#2"},
				"west": {"uv": [15, 13, 16, 14], "texture": "#2"},
				"up": {"uv": [15, 13, 16, 14], "texture": "#2"},
				"down": {"uv": [15, 13, 16, 14], "texture": "#2"}
			}
		},
		{
			"name": "hexadecagon",
			"from": [3.8, 16.20163, 9.92337],
			"to": [4, 16.79837, 12.92337],
			"rotation": {"angle": 0, "axis": "y", "origin": [3.95, 16.5, 11.42337]},
			"faces": {
				"north": {"uv": [15, 13, 16, 14], "texture": "#2"},
				"east": {"uv": [15, 13, 16, 14], "texture": "#2"},
				"south": {"uv": [15, 13, 16, 14], "texture": "#2"},
				"west": {"uv": [15, 13, 16, 14], "texture": "#2"},
				"up": {"uv": [15, 13, 16, 14], "texture": "#2"},
				"down": {"uv": [15, 13, 16, 14], "texture": "#2"}
			}
		},
		{
			"name": "hexadecagon",
			"from": [3.8, 16.20163, 9.92337],
			"to": [4, 16.79837, 12.92337],
			"rotation": {"angle": 22.5, "axis": "x", "origin": [3.95, 16.5, 11.42337]},
			"faces": {
				"north": {"uv": [15, 13, 16, 14], "texture": "#2"},
				"east": {"uv": [15, 13, 16, 14], "texture": "#2"},
				"south": {"uv": [15, 13, 16, 14], "texture": "#2"},
				"west": {"uv": [15, 13, 16, 14], "texture": "#2"},
				"up": {"uv": [15, 13, 16, 14], "texture": "#2"},
				"down": {"uv": [15, 13, 16, 14], "texture": "#2"}
			}
		},
		{
			"name": "hexadecagon",
			"from": [3.8, 16.20163, 9.92337],
			"to": [4, 16.79837, 12.92337],
			"rotation": {"angle": 45, "axis": "x", "origin": [3.95, 16.5, 11.42337]},
			"faces": {
				"north": {"uv": [15, 13, 16, 14], "texture": "#2"},
				"east": {"uv": [15, 13, 16, 14], "texture": "#2"},
				"south": {"uv": [15, 13, 16, 14], "texture": "#2"},
				"west": {"uv": [15, 13, 16, 14], "texture": "#2"},
				"up": {"uv": [15, 13, 16, 14], "texture": "#2"},
				"down": {"uv": [15, 13, 16, 14], "texture": "#2"}
			}
		},
		{
			"name": "hexadecagon",
			"from": [3.8, 15, 11.125],
			"to": [4, 18, 11.72174],
			"rotation": {"angle": -22.5, "axis": "x", "origin": [3.95, 16.5, 11.42337]},
			"faces": {
				"north": {"uv": [15, 13, 16, 14], "texture": "#2"},
				"east": {"uv": [15, 13, 16, 14], "texture": "#2"},
				"south": {"uv": [15, 13, 16, 14], "texture": "#2"},
				"west": {"uv": [15, 13, 16, 14], "texture": "#2"},
				"up": {"uv": [15, 13, 16, 14], "texture": "#2"},
				"down": {"uv": [15, 13, 16, 14], "texture": "#2"}
			}
		},
		{
			"name": "hexadecagon",
			"from": [3.8, 15, 11.125],
			"to": [4, 18, 11.72174],
			"rotation": {"angle": 0, "axis": "y", "origin": [3.95, 17.75, 13.00163]},
			"faces": {
				"north": {"uv": [15, 13, 16, 14], "texture": "#2"},
				"east": {"uv": [15, 13, 16, 14], "texture": "#2"},
				"south": {"uv": [15, 13, 16, 14], "texture": "#2"},
				"west": {"uv": [15, 13, 16, 14], "texture": "#2"},
				"up": {"uv": [15, 13, 16, 14], "texture": "#2"},
				"down": {"uv": [15, 13, 16, 14], "texture": "#2"}
			}
		},
		{
			"name": "hexadecagon",
			"from": [3.8, 15, 11.125],
			"to": [4, 18, 11.72174],
			"rotation": {"angle": 22.5, "axis": "x", "origin": [3.95, 16.5, 11.42337]},
			"faces": {
				"north": {"uv": [15, 13, 16, 14], "texture": "#2"},
				"east": {"uv": [15, 13, 16, 14], "texture": "#2"},
				"south": {"uv": [15, 13, 16, 14], "texture": "#2"},
				"west": {"uv": [15, 13, 16, 14], "texture": "#2"},
				"up": {"uv": [15, 13, 16, 14], "texture": "#2"},
				"down": {"uv": [15, 13, 16, 14], "texture": "#2"}
			}
		},
		{
			"name": "hexadecagon",
			"from": [3.9, 13.9, 4.65],
			"to": [4, 16, 5.8],
			"rotation": {"angle": 0, "axis": "y", "origin": [3.95, 14.04674, 8.52663]},
			"faces": {
				"north": {"uv": [0, 0, 16, 0], "texture": "#1"},
				"east": {"uv": [0, 0, 16, 0], "texture": "#1"},
				"south": {"uv": [0, 0, 16, 0], "texture": "#1"},
				"west": {"uv": [0, 0, 16, 0], "texture": "#1"},
				"up": {"uv": [0, 0, 16, 0], "texture": "#1"},
				"down": {"uv": [0, 0, 16, 0], "texture": "#1"}
			}
		},
		{
			"name": "hexadecagon",
			"from": [3.9, 14.1, 6.45],
			"to": [4, 15.85, 7.65],
			"rotation": {"angle": 0, "axis": "y", "origin": [3.95, 15.04674, 9.52663]},
			"faces": {
				"north": {"uv": [0, 0, 1, 1], "texture": "#1"},
				"east": {"uv": [0, 0, 1, 1], "texture": "#1"},
				"south": {"uv": [0, 0, 1, 1], "texture": "#1"},
				"west": {"uv": [0, 0, 16, 0.25], "texture": "#1"},
				"up": {"uv": [0, 0, 1, 1], "texture": "#1"},
				"down": {"uv": [0, 0, 1, 1], "texture": "#1"}
			}
		},
		{
			"name": "hexadecagon",
			"from": [3.9, 17.5, 4.65],
			"to": [4, 18.09674, 7.65],
			"rotation": {"angle": 0, "axis": "y", "origin": [3.95, 17.5, 6.42337]},
			"faces": {
				"north": {"uv": [0, 0, 1, 1], "texture": "#1"},
				"east": {"uv": [0, 0, 1, 1], "texture": "#1"},
				"south": {"uv": [0, 0, 1, 1], "texture": "#1"},
				"west": {"uv": [0, 0, 16, 0.25], "texture": "#1"},
				"up": {"uv": [0, 0, 1, 1], "texture": "#1"},
				"down": {"uv": [0, 0, 1, 1], "texture": "#1"}
			}
		},
		{
			"name": "hexadecagon",
			"from": [3.9, 17.05, 4.65],
			"to": [4, 18.55, 5.24674],
			"rotation": {"angle": 0, "axis": "y", "origin": [3.95, 18.04674, 6.52663]},
			"faces": {
				"north": {"uv": [0, 0, 1, 1], "texture": "#1"},
				"east": {"uv": [0, 0, 1, 1], "texture": "#1"},
				"south": {"uv": [0, 0, 1, 1], "texture": "#1"},
				"west": {"uv": [0, 0, 16, 0.25], "texture": "#1"},
				"up": {"uv": [0, 0, 1, 1], "texture": "#1"},
				"down": {"uv": [0, 0, 1, 1], "texture": "#1"}
			}
		},
		{
			"from": [12, 14.25, 5.2],
			"to": [12.1, 18.25, 7.7],
			"rotation": {"angle": 0, "axis": "y", "origin": [26, 12, -10]},
			"faces": {
				"north": {"uv": [2, 7, 16, 7.25], "rotation": 90, "texture": "#1"},
				"east": {"uv": [0, 11.75, 16, 15], "rotation": 90, "texture": "#2"},
				"south": {"uv": [2, 7, 16, 7.25], "rotation": 90, "texture": "#1"},
				"west": {"uv": [2, 7, 16, 7.25], "rotation": 90, "texture": "#1"},
				"up": {"uv": [2, 7, 16, 7.25], "rotation": 90, "texture": "#1"},
				"down": {"uv": [2, 7, 16, 7.25], "rotation": 90, "texture": "#1"}
			}
		},
		{
			"from": [12, 14.25, 4.7],
			"to": [12.1, 15, 5.2],
			"rotation": {"angle": 0, "axis": "y", "origin": [26, 8.5, -10.5]},
			"faces": {
				"north": {"uv": [2, 7, 16, 7.25], "texture": "#1"},
				"east": {"uv": [2, 7, 16, 7.25], "texture": "#1"},
				"south": {"uv": [2, 7, 16, 7.25], "texture": "#1"},
				"west": {"uv": [2, 7, 16, 7.25], "texture": "#1"},
				"up": {"uv": [2, 7, 16, 7.25], "texture": "#1"},
				"down": {"uv": [2, 7, 16, 7.25], "texture": "#1"}
			}
		},
		{
			"from": [12, 17.5, 4.7],
			"to": [12.1, 18.25, 5.2],
			"rotation": {"angle": 0, "axis": "y", "origin": [26, 11.75, -10.5]},
			"faces": {
				"north": {"uv": [2, 7, 16, 7.25], "texture": "#1"},
				"east": {"uv": [2, 7, 16, 7.25], "texture": "#1"},
				"south": {"uv": [2, 7, 16, 7.25], "texture": "#1"},
				"west": {"uv": [2, 7, 16, 7.25], "texture": "#1"},
				"up": {"uv": [2, 7, 16, 7.25], "texture": "#1"},
				"down": {"uv": [2, 7, 16, 7.25], "texture": "#1"}
			}
		},
		{
			"from": [12, 15.815, 4.7],
			"to": [12.1, 16.565, 5.2],
			"rotation": {"angle": 0, "axis": "y", "origin": [26, 9, -10.5]},
			"faces": {
				"north": {"uv": [2, 7, 16, 7.25], "texture": "#1"},
				"east": {"uv": [2, 7, 16, 7.25], "texture": "#1"},
				"south": {"uv": [2, 7, 16, 7.25], "texture": "#1"},
				"west": {"uv": [2, 7, 16, 7.25], "texture": "#1"},
				"up": {"uv": [2, 7, 16, 7.25], "texture": "#1"},
				"down": {"uv": [2, 7, 16, 7.25], "texture": "#1"}
			}
		},
		{
			"from": [5, 9, 4.1],
			"to": [11, 11.25, 4.2],
			"rotation": {"angle": 0, "axis": "y", "origin": [19, 17.25, -14.1]},
			"faces": {
				"north": {"uv": [0.25, 11, 1, 13.5], "texture": "#2"},
				"east": {"uv": [6, 0, 11.75, 0.25], "texture": "#1"},
				"south": {"uv": [6, 0, 11.75, 0.25], "texture": "#1"},
				"west": {"uv": [6, 0, 11.75, 0.25], "texture": "#1"},
				"up": {"uv": [6, 0, 11.75, 0.25], "texture": "#1"},
				"down": {"uv": [6, 0, 11.75, 0.25], "texture": "#1"}
			}
		},
		{
			"from": [5, 5.5, 4.1],
			"to": [7.5, 9, 4.2],
			"rotation": {"angle": 0, "axis": "y", "origin": [19, 13.75, -14.1]},
			"faces": {
				"north": {"uv": [0.75, 13.25, 1.5, 16], "texture": "#2"},
				"east": {"uv": [6, 0, 11.75, 0.25], "texture": "#1"},
				"south": {"uv": [6, 0, 11.75, 0.25], "texture": "#1"},
				"west": {"uv": [6, 0, 11.75, 0.25], "texture": "#1"},
				"up": {"uv": [6, 0, 11.75, 0.25], "texture": "#1"},
				"down": {"uv": [6, 0, 11.75, 0.25], "texture": "#1"}
			}
		},
		{
			"name": "hexadecagon",
			"from": [9, 6.3, 4.1],
			"to": [9.3481, 8.05, 4.2],
			"rotation": {"angle": -45, "axis": "z", "origin": [9.17405, 7.175, 4.15]},
			"faces": {
				"north": {"uv": [0, 0, 16, 0.25], "texture": "#1"},
				"east": {"uv": [0, 0, 1, 1], "texture": "#1"},
				"south": {"uv": [0, 0, 1, 1], "texture": "#1"},
				"west": {"uv": [0, 0, 1, 1], "texture": "#1"},
				"up": {"uv": [0, 0, 1, 1], "texture": "#1"},
				"down": {"uv": [0, 0, 1, 1], "texture": "#1"}
			}
		},
		{
			"name": "hexadecagon",
			"from": [9, 6.3, 4.1],
			"to": [9.3481, 8.05, 4.2],
			"rotation": {"angle": -22.5, "axis": "z", "origin": [9.17405, 7.175, 4.15]},
			"faces": {
				"north": {"uv": [0, 0, 16, 0.25], "texture": "#1"},
				"east": {"uv": [0, 0, 1, 1], "texture": "#1"},
				"south": {"uv": [0, 0, 1, 1], "texture": "#1"},
				"west": {"uv": [0, 0, 1, 1], "texture": "#1"},
				"up": {"uv": [0, 0, 1, 1], "texture": "#1"},
				"down": {"uv": [0, 0, 1, 1], "texture": "#1"}
			}
		},
		{
			"name": "hexadecagon",
			"from": [9, 6.3, 4.1],
			"to": [9.3481, 8.05, 4.2],
			"rotation": {"angle": 0, "axis": "y", "origin": [9.17405, 6.125, 4.15]},
			"faces": {
				"north": {"uv": [0, 0, 16, 0.25], "texture": "#1"},
				"east": {"uv": [0, 0, 1, 1], "texture": "#1"},
				"south": {"uv": [0, 0, 1, 1], "texture": "#1"},
				"west": {"uv": [0, 0, 1, 1], "texture": "#1"},
				"up": {"uv": [0, 0, 1, 1], "texture": "#1"},
				"down": {"uv": [0, 0, 1, 1], "texture": "#1"}
			}
		},
		{
			"name": "hexadecagon",
			"from": [9, 6.3, 4.1],
			"to": [9.3481, 8.05, 4.2],
			"rotation": {"angle": 22.5, "axis": "z", "origin": [9.17405, 7.175, 4.15]},
			"faces": {
				"north": {"uv": [0, 0, 16, 0.25], "texture": "#1"},
				"east": {"uv": [0, 0, 1, 1], "texture": "#1"},
				"south": {"uv": [0, 0, 1, 1], "texture": "#1"},
				"west": {"uv": [0, 0, 1, 1], "texture": "#1"},
				"up": {"uv": [0, 0, 1, 1], "texture": "#1"},
				"down": {"uv": [0, 0, 1, 1], "texture": "#1"}
			}
		},
		{
			"name": "hexadecagon",
			"from": [9, 6.3, 4.1],
			"to": [9.3481, 8.05, 4.2],
			"rotation": {"angle": 45, "axis": "z", "origin": [9.17405, 7.175, 4.15]},
			"faces": {
				"north": {"uv": [0, 0, 16, 0.25], "texture": "#1"},
				"east": {"uv": [0, 0, 1, 1], "texture": "#1"},
				"south": {"uv": [0, 0, 1, 1], "texture": "#1"},
				"west": {"uv": [0, 0, 1, 1], "texture": "#1"},
				"up": {"uv": [0, 0, 1, 1], "texture": "#1"},
				"down": {"uv": [0, 0, 1, 1], "texture": "#1"}
			}
		},
		{
			"name": "hexadecagon",
			"from": [8.29905, 7.00095, 4.1],
			"to": [10.04905, 7.34905, 4.2],
			"rotation": {"angle": -22.5, "axis": "z", "origin": [9.17405, 7.175, 4.15]},
			"faces": {
				"north": {"uv": [0, 0, 16, 0.25], "texture": "#1"},
				"east": {"uv": [0, 0, 1, 1], "texture": "#1"},
				"south": {"uv": [0, 0, 1, 1], "texture": "#1"},
				"west": {"uv": [0, 0, 1, 1], "texture": "#1"},
				"up": {"uv": [0, 0, 1, 1], "texture": "#1"},
				"down": {"uv": [0, 0, 1, 1], "texture": "#1"}
			}
		},
		{
			"name": "hexadecagon",
			"from": [8.29905, 7.00095, 4.1],
			"to": [10.04905, 7.34905, 4.2],
			"rotation": {"angle": 0, "axis": "y", "origin": [9.17405, 7.175, 4.15]},
			"faces": {
				"north": {"uv": [0, 0, 16, 0.25], "texture": "#1"},
				"east": {"uv": [0, 0, 1, 1], "texture": "#1"},
				"south": {"uv": [0, 0, 1, 1], "texture": "#1"},
				"west": {"uv": [0, 0, 1, 1], "texture": "#1"},
				"up": {"uv": [0, 0, 1, 1], "texture": "#1"},
				"down": {"uv": [0, 0, 1, 1], "texture": "#1"}
			}
		},
		{
			"name": "hexadecagon",
			"from": [8.29905, 7.00095, 4.1],
			"to": [10.04905, 7.34905, 4.2],
			"rotation": {"angle": 22.5, "axis": "z", "origin": [9.17405, 7.175, 4.15]},
			"faces": {
				"north": {"uv": [0, 0, 16, 0.25], "texture": "#1"},
				"east": {"uv": [0, 0, 1, 1], "texture": "#1"},
				"south": {"uv": [0, 0, 1, 1], "texture": "#1"},
				"west": {"uv": [0, 0, 1, 1], "texture": "#1"},
				"up": {"uv": [0, 0, 1, 1], "texture": "#1"},
				"down": {"uv": [0, 0, 1, 1], "texture": "#1"}
			}
		},
		{
			"name": "hexadecagon",
			"from": [6.62, 16.5, 5.1],
			"to": [6.71946, 17, 5.2],
			"rotation": {"angle": -45, "axis": "z", "origin": [6.66973, 16.75, 5.15]},
			"faces": {
				"north": {"uv": [4, 12, 5, 13], "texture": "#3"},
				"east": {"uv": [7, 12, 8, 13], "texture": "#3"},
				"south": {"uv": [7, 12, 8, 13], "texture": "#3"},
				"west": {"uv": [7, 12, 8, 13], "texture": "#3"},
				"up": {"uv": [7, 12, 8, 13], "texture": "#3"},
				"down": {"uv": [7, 12, 8, 13], "texture": "#3"}
			}
		},
		{
			"name": "hexadecagon",
			"from": [6.62, 16.5, 5.1],
			"to": [6.71946, 17, 5.2],
			"rotation": {"angle": -22.5, "axis": "z", "origin": [6.66973, 16.75, 5.15]},
			"faces": {
				"north": {"uv": [4, 12, 5, 13], "texture": "#3"},
				"east": {"uv": [7, 12, 8, 13], "texture": "#3"},
				"south": {"uv": [7, 12, 8, 13], "texture": "#3"},
				"west": {"uv": [7, 12, 8, 13], "texture": "#3"},
				"up": {"uv": [7, 12, 8, 13], "texture": "#3"},
				"down": {"uv": [7, 12, 8, 13], "texture": "#3"}
			}
		},
		{
			"name": "hexadecagon",
			"from": [6.62, 16.5, 5.1],
			"to": [6.71946, 17, 5.2],
			"rotation": {"angle": 0, "axis": "y", "origin": [6.66973, 16.4, 5.25]},
			"faces": {
				"north": {"uv": [4, 12, 5, 13], "texture": "#3"},
				"east": {"uv": [7, 12, 8, 13], "texture": "#3"},
				"south": {"uv": [7, 12, 8, 13], "texture": "#3"},
				"west": {"uv": [7, 12, 8, 13], "texture": "#3"},
				"up": {"uv": [7, 12, 8, 13], "texture": "#3"},
				"down": {"uv": [7, 12, 8, 13], "texture": "#3"}
			}
		},
		{
			"name": "hexadecagon",
			"from": [6.62, 16.5, 5.1],
			"to": [6.71946, 17, 5.2],
			"rotation": {"angle": 22.5, "axis": "z", "origin": [6.66973, 16.75, 5.15]},
			"faces": {
				"north": {"uv": [4, 12, 5, 13], "texture": "#3"},
				"east": {"uv": [7, 12, 8, 13], "texture": "#3"},
				"south": {"uv": [7, 12, 8, 13], "texture": "#3"},
				"west": {"uv": [7, 12, 8, 13], "texture": "#3"},
				"up": {"uv": [7, 12, 8, 13], "texture": "#3"},
				"down": {"uv": [7, 12, 8, 13], "texture": "#3"}
			}
		},
		{
			"name": "hexadecagon",
			"from": [6.62, 16.5, 5.1],
			"to": [6.71946, 17, 5.2],
			"rotation": {"angle": 45, "axis": "z", "origin": [6.66973, 16.75, 5.15]},
			"faces": {
				"north": {"uv": [4, 12, 5, 13], "texture": "#3"},
				"east": {"uv": [7, 12, 8, 13], "texture": "#3"},
				"south": {"uv": [7, 12, 8, 13], "texture": "#3"},
				"west": {"uv": [7, 12, 8, 13], "texture": "#3"},
				"up": {"uv": [7, 12, 8, 13], "texture": "#3"},
				"down": {"uv": [7, 12, 8, 13], "texture": "#3"}
			}
		},
		{
			"name": "hexadecagon",
			"from": [6.41973, 16.70027, 5.1],
			"to": [6.91973, 16.79973, 5.2],
			"rotation": {"angle": -22.5, "axis": "z", "origin": [6.66973, 16.75, 5.15]},
			"faces": {
				"north": {"uv": [4, 12, 5, 13], "texture": "#3"},
				"east": {"uv": [7, 12, 8, 13], "texture": "#3"},
				"south": {"uv": [7, 12, 8, 13], "texture": "#3"},
				"west": {"uv": [7, 12, 8, 13], "texture": "#3"},
				"up": {"uv": [7, 12, 8, 13], "texture": "#3"},
				"down": {"uv": [7, 12, 8, 13], "texture": "#3"}
			}
		},
		{
			"name": "hexadecagon",
			"from": [6.41973, 16.70027, 5.1],
			"to": [6.91973, 16.79973, 5.2],
			"rotation": {"angle": 0, "axis": "y", "origin": [6.66973, 16.75, 5.15]},
			"faces": {
				"north": {"uv": [4, 12, 5, 13], "texture": "#3"},
				"east": {"uv": [7, 12, 8, 13], "texture": "#3"},
				"south": {"uv": [7, 12, 8, 13], "texture": "#3"},
				"west": {"uv": [7, 12, 8, 13], "texture": "#3"},
				"up": {"uv": [7, 12, 8, 13], "texture": "#3"},
				"down": {"uv": [7, 12, 8, 13], "texture": "#3"}
			}
		},
		{
			"name": "hexadecagon",
			"from": [6.41973, 16.70027, 5.1],
			"to": [6.91973, 16.79973, 5.2],
			"rotation": {"angle": 22.5, "axis": "z", "origin": [6.66973, 16.75, 5.15]},
			"faces": {
				"north": {"uv": [4, 12, 5, 13], "texture": "#3"},
				"east": {"uv": [7, 12, 8, 13], "texture": "#3"},
				"south": {"uv": [7, 12, 8, 13], "texture": "#3"},
				"west": {"uv": [7, 12, 8, 13], "texture": "#3"},
				"up": {"uv": [7, 12, 8, 13], "texture": "#3"},
				"down": {"uv": [7, 12, 8, 13], "texture": "#3"}
			}
		},
		{
			"name": "hexadecagon",
			"from": [8, 16, 5.1],
			"to": [8.8, 17, 5.2],
			"rotation": {"angle": 0, "axis": "y", "origin": [8.66973, 15.4, 5.25]},
			"faces": {
				"north": {"uv": [15, 10.75, 16, 11.75], "texture": "#2"},
				"east": {"uv": [0, 0, 1, 1], "texture": "#2"},
				"south": {"uv": [0, 0, 1, 1], "texture": "#2"},
				"west": {"uv": [0, 0, 1, 1], "texture": "#2"},
				"up": {"uv": [0, 0, 1, 1], "texture": "#2"},
				"down": {"uv": [0, 0, 1, 1], "texture": "#2"}
			}
		},
		{
			"name": "hexadecagon",
			"from": [8.4, 15.1, 5.1],
			"to": [9.2, 15.6, 5.2],
			"rotation": {"angle": 0, "axis": "y", "origin": [9.06973, 14.5, 5.25]},
			"faces": {
				"north": {"uv": [15, 10.75, 16, 11.75], "texture": "#2"},
				"east": {"uv": [0, 0, 1, 1], "texture": "#2"},
				"south": {"uv": [0, 0, 1, 1], "texture": "#2"},
				"west": {"uv": [0, 0, 1, 1], "texture": "#2"},
				"up": {"uv": [0, 0, 1, 1], "texture": "#2"},
				"down": {"uv": [0, 0, 1, 1], "texture": "#2"}
			}
		},
		{
			"name": "hexadecagon",
			"from": [9, 16, 5.1],
			"to": [9.4, 17, 5.2],
			"rotation": {"angle": 0, "axis": "y", "origin": [8.66973, 15.4, 5.25]},
			"faces": {
				"north": {"uv": [15, 10.75, 16, 11.75], "texture": "#2"},
				"east": {"uv": [0, 0, 1, 1], "texture": "#2"},
				"south": {"uv": [0, 0, 1, 1], "texture": "#2"},
				"west": {"uv": [0, 0, 1, 1], "texture": "#2"},
				"up": {"uv": [0, 0, 1, 1], "texture": "#2"},
				"down": {"uv": [0, 0, 1, 1], "texture": "#2"}
			}
		},
		{
			"name": "hexadecagon",
			"from": [7, 15.3, 5.1],
			"to": [8.4, 15.6, 5.2],
			"rotation": {"angle": 0, "axis": "y", "origin": [7.66973, 15, 5.25]},
			"faces": {
				"north": {"uv": [15, 10.75, 16, 11.75], "texture": "#2"},
				"east": {"uv": [0, 0, 1, 1], "texture": "#2"},
				"south": {"uv": [0, 0, 1, 1], "texture": "#2"},
				"west": {"uv": [0, 0, 1, 1], "texture": "#2"},
				"up": {"uv": [0, 0, 1, 1], "texture": "#2"},
				"down": {"uv": [0, 0, 1, 1], "texture": "#2"}
			}
		},
		{
			"name": "hexadecagon",
			"from": [7.1, 16.1, 5.1],
			"to": [7.16962, 16.45, 5.2],
			"rotation": {"angle": -45, "axis": "z", "origin": [7.13481, 16.275, 5.15]},
			"faces": {
				"north": {"uv": [1, 1.25, 2, 2.25], "texture": "#3"},
				"east": {"uv": [1.5, 1.5, 2.5, 2.5], "texture": "#3"},
				"south": {"uv": [1.5, 1.5, 2.5, 2.5], "texture": "#3"},
				"west": {"uv": [1.5, 1.5, 2.5, 2.5], "texture": "#3"},
				"up": {"uv": [1.5, 1.5, 2.5, 2.5], "texture": "#3"},
				"down": {"uv": [1.5, 1.5, 2.5, 2.5], "texture": "#3"}
			}
		},
		{
			"name": "hexadecagon",
			"from": [7.1, 16.1, 5.1],
			"to": [7.16962, 16.45, 5.2],
			"rotation": {"angle": -22.5, "axis": "z", "origin": [7.13481, 16.275, 5.15]},
			"faces": {
				"north": {"uv": [1, 1.25, 2, 2.25], "texture": "#3"},
				"east": {"uv": [1.5, 1.5, 2.5, 2.5], "texture": "#3"},
				"south": {"uv": [1.5, 1.5, 2.5, 2.5], "texture": "#3"},
				"west": {"uv": [1.5, 1.5, 2.5, 2.5], "texture": "#3"},
				"up": {"uv": [1.5, 1.5, 2.5, 2.5], "texture": "#3"},
				"down": {"uv": [1.5, 1.5, 2.5, 2.5], "texture": "#3"}
			}
		},
		{
			"name": "hexadecagon",
			"from": [7.1, 16.1, 5.1],
			"to": [7.16962, 16.45, 5.2],
			"rotation": {"angle": 0, "axis": "y", "origin": [6.09615, 16.21306, 5.15]},
			"faces": {
				"north": {"uv": [1, 1.25, 2, 2.25], "texture": "#3"},
				"east": {"uv": [1.5, 1.5, 2.5, 2.5], "texture": "#3"},
				"south": {"uv": [1.5, 1.5, 2.5, 2.5], "texture": "#3"},
				"west": {"uv": [1.5, 1.5, 2.5, 2.5], "texture": "#3"},
				"up": {"uv": [1.5, 1.5, 2.5, 2.5], "texture": "#3"},
				"down": {"uv": [1.5, 1.5, 2.5, 2.5], "texture": "#3"}
			}
		},
		{
			"name": "hexadecagon",
			"from": [7.1, 16.1, 5.1],
			"to": [7.16962, 16.45, 5.2],
			"rotation": {"angle": 22.5, "axis": "z", "origin": [7.13481, 16.275, 5.15]},
			"faces": {
				"north": {"uv": [1, 1.25, 2, 2.25], "texture": "#3"},
				"east": {"uv": [1.5, 1.5, 2.5, 2.5], "texture": "#3"},
				"south": {"uv": [1.5, 1.5, 2.5, 2.5], "texture": "#3"},
				"west": {"uv": [1.5, 1.5, 2.5, 2.5], "texture": "#3"},
				"up": {"uv": [1.5, 1.5, 2.5, 2.5], "texture": "#3"},
				"down": {"uv": [1.5, 1.5, 2.5, 2.5], "texture": "#3"}
			}
		},
		{
			"name": "hexadecagon",
			"from": [7.1, 16.1, 5.1],
			"to": [7.16962, 16.45, 5.2],
			"rotation": {"angle": 45, "axis": "z", "origin": [7.13481, 16.275, 5.15]},
			"faces": {
				"north": {"uv": [1, 1.25, 2, 2.25], "texture": "#3"},
				"east": {"uv": [1.5, 1.5, 2.5, 2.5], "texture": "#3"},
				"south": {"uv": [1.5, 1.5, 2.5, 2.5], "texture": "#3"},
				"west": {"uv": [1.5, 1.5, 2.5, 2.5], "texture": "#3"},
				"up": {"uv": [1.5, 1.5, 2.5, 2.5], "texture": "#3"},
				"down": {"uv": [1.5, 1.5, 2.5, 2.5], "texture": "#3"}
			}
		},
		{
			"name": "hexadecagon",
			"from": [6.95981, 16.24019, 5.1],
			"to": [7.30981, 16.30981, 5.2],
			"rotation": {"angle": -22.5, "axis": "z", "origin": [7.13481, 16.275, 5.15]},
			"faces": {
				"north": {"uv": [1, 1.25, 2, 2.25], "texture": "#3"},
				"east": {"uv": [1.5, 1.5, 2.5, 2.5], "texture": "#3"},
				"south": {"uv": [1.5, 1.5, 2.5, 2.5], "texture": "#3"},
				"west": {"uv": [1.5, 1.5, 2.5, 2.5], "texture": "#3"},
				"up": {"uv": [1.5, 1.5, 2.5, 2.5], "texture": "#3"},
				"down": {"uv": [1.5, 1.5, 2.5, 2.5], "texture": "#3"}
			}
		},
		{
			"name": "hexadecagon",
			"from": [6.95981, 16.24019, 5.1],
			"to": [7.30981, 16.30981, 5.2],
			"rotation": {"angle": 0, "axis": "y", "origin": [7.13481, 16.275, 5.15]},
			"faces": {
				"north": {"uv": [1, 1.25, 2, 2.25], "texture": "#3"},
				"east": {"uv": [1.5, 1.5, 2.5, 2.5], "texture": "#3"},
				"south": {"uv": [1.5, 1.5, 2.5, 2.5], "texture": "#3"},
				"west": {"uv": [1.5, 1.5, 2.5, 2.5], "texture": "#3"},
				"up": {"uv": [1.5, 1.5, 2.5, 2.5], "texture": "#3"},
				"down": {"uv": [1.5, 1.5, 2.5, 2.5], "texture": "#3"}
			}
		},
		{
			"name": "hexadecagon",
			"from": [6.95981, 16.24019, 5.1],
			"to": [7.30981, 16.30981, 5.2],
			"rotation": {"angle": 22.5, "axis": "z", "origin": [7.13481, 16.275, 5.15]},
			"faces": {
				"north": {"uv": [1, 1.25, 2, 2.25], "texture": "#3"},
				"east": {"uv": [1.5, 1.5, 2.5, 2.5], "texture": "#3"},
				"south": {"uv": [1.5, 1.5, 2.5, 2.5], "texture": "#3"},
				"west": {"uv": [1.5, 1.5, 2.5, 2.5], "texture": "#3"},
				"up": {"uv": [1.5, 1.5, 2.5, 2.5], "texture": "#3"},
				"down": {"uv": [1.5, 1.5, 2.5, 2.5], "texture": "#3"}
			}
		},
		{
			"from": [4, 4.75, 9.3],
			"to": [12, 11.75, 13.3],
			"rotation": {"angle": 0, "axis": "y", "origin": [18, 13, 28]},
			"faces": {
				"north": {"uv": [0, 0, 16, 16], "texture": "#0"},
				"east": {"uv": [0, 0, 16, 16], "texture": "#0"},
				"south": {"uv": [0, 0, 16, 16], "texture": "#0"},
				"west": {"uv": [0, 0, 16, 16], "texture": "#0"},
				"up": {"uv": [0, 0, 16, 16], "texture": "#0"},
				"down": {"uv": [0, 0, 16, 16], "texture": "#0"}
			}
		},
		{
			"from": [4, 4.75, 4.2],
			"to": [12, 11.75, 8.2],
			"rotation": {"angle": 0, "axis": "y", "origin": [18, 13, -10]},
			"faces": {
				"north": {"uv": [6, 0, 14, 7], "texture": "#0"},
				"east": {"uv": [2, 0, 6, 7], "texture": "#0"},
				"south": {"uv": [6, 0, 14, 7], "texture": "#0"},
				"west": {"uv": [2, 0, 6, 7], "texture": "#0"},
				"up": {"uv": [0, 2, 8, 6], "texture": "#0"},
				"down": {"uv": [0, 2, 8, 6], "texture": "#0"}
			}
		},
		{
			"from": [4, 12.25, 9.3],
			"to": [12, 19.25, 13.3],
			"rotation": {"angle": 0, "axis": "y", "origin": [18, 12, 28]},
			"faces": {
				"north": {"uv": [0, 7, 8, 14], "texture": "#0"},
				"east": {"uv": [0, 7, 4, 14], "texture": "#0"},
				"south": {"uv": [0, 7, 8, 14], "texture": "#0"},
				"west": {"uv": [0, 7, 4, 14], "texture": "#0"},
				"up": {"uv": [0, 4, 8, 8], "texture": "#0"},
				"down": {"uv": [0, 4, 8, 8], "texture": "#0"}
			}
		},
		{
			"from": [5, 13.25, 8.2],
			"to": [11, 19.25, 9.3],
			"rotation": {"angle": 0, "axis": "y", "origin": [18, 12, 25.9]},
			"faces": {
				"north": {"uv": [0, 6, 6, 12], "texture": "#0"},
				"east": {"uv": [0, 6, 1.1, 12], "texture": "#0"},
				"south": {"uv": [0, 6, 6, 12], "texture": "#0"},
				"west": {"uv": [0, 6, 1.1, 12], "texture": "#0"},
				"up": {"uv": [0, 1.1, 6, 2.2], "texture": "#0"},
				"down": {"uv": [0, 1.1, 6, 2.2], "texture": "#0"}
			}
		},
		{
			"from": [5, 4.75, 8.2],
			"to": [11, 11.75, 9.3],
			"rotation": {"angle": 0, "axis": "y", "origin": [18, 2, 25.9]},
			"faces": {
				"north": {"uv": [0, 6, 6, 13], "texture": "#0"},
				"east": {"uv": [0, 6, 1.1, 13], "texture": "#0"},
				"south": {"uv": [0, 6, 6, 13], "texture": "#0"},
				"west": {"uv": [0, 6, 1.1, 13], "texture": "#0"},
				"up": {"uv": [0, 1.1, 6, 2.2], "texture": "#0"},
				"down": {"uv": [0, 1.1, 6, 2.2], "texture": "#0"}
			}
		},
		{
			"from": [4, 11.25, 8.2],
			"to": [12, 13.25, 9.3],
			"rotation": {"angle": 0, "axis": "y", "origin": [18, 12, 25.9]},
			"faces": {
				"north": {"uv": [0, 1, 8, 3], "texture": "#0"},
				"east": {"uv": [0, 1, 1.1, 3], "texture": "#0"},
				"south": {"uv": [0, 1, 8, 3], "texture": "#0"},
				"west": {"uv": [0, 1, 1.1, 3], "texture": "#0"},
				"up": {"uv": [0, 1.1, 8, 2.2], "texture": "#0"},
				"down": {"uv": [0, 1.1, 8, 2.2], "texture": "#0"}
			}
		},
		{
			"from": [4, 12.25, 5.2],
			"to": [12, 19.25, 8.2],
			"rotation": {"angle": 0, "axis": "y", "origin": [18, 12, -10]},
			"faces": {
				"north": {"uv": [6, 7, 14, 14], "texture": "#0"},
				"east": {"uv": [2, 7, 5, 14], "texture": "#0"},
				"south": {"uv": [6, 7, 14, 14], "texture": "#0"},
				"west": {"uv": [2, 7, 5, 14], "texture": "#0"},
				"up": {"uv": [0, 6, 8, 9], "texture": "#0"},
				"down": {"uv": [0, 6, 8, 9], "texture": "#0"}
			}
		},
		{
			"from": [3.75, 11.75, 3.95],
			"to": [12.25, 12.75, 13.45],
			"rotation": {"angle": 0, "axis": "y", "origin": [4.5, 12.25, 4.7]},
			"faces": {
				"north": {"uv": [6.5, 12.25, 16, 13.25], "texture": "#2"},
				"east": {"uv": [6.5, 12.25, 16, 13.25], "texture": "#2"},
				"south": {"uv": [6.5, 12.25, 16, 13.25], "texture": "#2"},
				"west": {"uv": [6.5, 12.25, 16, 13.25], "texture": "#2"},
				"up": {"uv": [6.5, 12.25, 16, 13.25], "texture": "#2"},
				"down": {"uv": [6.5, 12.25, 16, 13.25], "texture": "#2"}
			}
		},
		{
			"from": [9.25, 1.78633, 9.48633],
			"to": [9.75, 2.28633, 10.48633],
			"rotation": {"angle": 0, "axis": "y", "origin": [17, -5.71367, 17.68633]},
			"faces": {
				"north": {"uv": [0, 15, 16, 16], "rotation": 270, "texture": "#2"},
				"east": {"uv": [0, 15, 16, 16], "rotation": 270, "texture": "#2"},
				"south": {"uv": [0, 15, 16, 16], "rotation": 270, "texture": "#2"},
				"west": {"uv": [0, 15, 16, 16], "rotation": 270, "texture": "#2"},
				"up": {"uv": [0, 15, 16, 16], "rotation": 270, "texture": "#2"},
				"down": {"uv": [0, 15, 16, 16], "rotation": 270, "texture": "#2"}
			}
		},
		{
			"from": [9.25, 5.49524, 12.73227],
			"to": [9.75, 5.99524, 13.73227],
			"rotation": {"angle": -22.5, "axis": "x", "origin": [17, -2.00476, 20.93227]},
			"faces": {
				"north": {"uv": [0, 15, 16, 16], "rotation": 270, "texture": "#2"},
				"east": {"uv": [0, 15, 16, 16], "rotation": 270, "texture": "#2"},
				"south": {"uv": [0, 15, 16, 16], "rotation": 270, "texture": "#2"},
				"west": {"uv": [0, 15, 16, 16], "rotation": 270, "texture": "#2"},
				"up": {"uv": [0, 15, 16, 16], "rotation": 270, "texture": "#2"},
				"down": {"uv": [0, 15, 16, 16], "rotation": 270, "texture": "#2"}
			}
		},
		{
			"from": [9.25, -5.53601, 14.51179],
			"to": [9.75, -4.53601, 15.01179],
			"rotation": {"angle": 45, "axis": "x", "origin": [17, 2.66399, 22.51179]},
			"faces": {
				"north": {"uv": [0, 15, 16, 16], "texture": "#2"},
				"east": {"uv": [0, 15, 16, 16], "texture": "#2"},
				"south": {"uv": [0, 15, 16, 16], "texture": "#2"},
				"west": {"uv": [0, 15, 16, 16], "texture": "#2"},
				"up": {"uv": [0, 15, 16, 16], "texture": "#2"},
				"down": {"uv": [0, 15, 16, 16], "texture": "#2"}
			}
		},
		{
			"from": [9.25, -0.61819, 14.18442],
			"to": [9.75, 0.38181, 14.68442],
			"rotation": {"angle": 22.5, "axis": "x", "origin": [17, 7.58181, 22.18442]},
			"faces": {
				"north": {"uv": [0, 15, 16, 16], "texture": "#2"},
				"east": {"uv": [0, 15, 16, 16], "texture": "#2"},
				"south": {"uv": [0, 15, 16, 16], "texture": "#2"},
				"west": {"uv": [0, 15, 16, 16], "texture": "#2"},
				"up": {"uv": [0, 15, 16, 16], "texture": "#2"},
				"down": {"uv": [0, 15, 16, 16], "texture": "#2"}
			}
		},
		{
			"from": [9.25, 3.8, 12],
			"to": [9.75, 4.8, 12.5],
			"rotation": {"angle": 0, "axis": "y", "origin": [17, 12, 20]},
			"faces": {
				"north": {"uv": [0, 15, 16, 16], "texture": "#2"},
				"east": {"uv": [0, 15, 16, 16], "texture": "#2"},
				"south": {"uv": [0, 15, 16, 16], "texture": "#2"},
				"west": {"uv": [0, 15, 16, 16], "texture": "#2"},
				"up": {"uv": [0, 15, 16, 16], "texture": "#2"},
				"down": {"uv": [0, 15, 16, 16], "texture": "#2"}
			}
		},
		{
			"name": "hexadecagon",
			"from": [11.95, 15.22911, 10.62763],
			"to": [12.45, 15.92911, 10.926],
			"rotation": {"angle": -22.5, "axis": "x", "origin": [12.05, 14.92911, 10.77682]},
			"faces": {
				"north": {"uv": [3, 15, 11.5, 16], "rotation": 180, "texture": "#2"},
				"east": {"uv": [3, 15, 11.5, 16], "rotation": 180, "texture": "#2"},
				"south": {"uv": [3, 15, 11.5, 16], "rotation": 180, "texture": "#2"},
				"west": {"uv": [3, 15, 11.5, 16], "rotation": 180, "texture": "#2"},
				"up": {"uv": [3, 15, 11.5, 16], "rotation": 180, "texture": "#2"},
				"down": {"uv": [3, 15, 11.5, 16], "rotation": 180, "texture": "#2"}
			}
		},
		{
			"name": "hexadecagon",
			"from": [11.95, 15.7959, 10.25631],
			"to": [12.45, 16.7959, 10.55467],
			"rotation": {"angle": 0, "axis": "y", "origin": [12.5, 15.68172, 10.27902]},
			"faces": {
				"north": {"uv": [3, 15, 11.5, 16], "rotation": 180, "texture": "#2"},
				"east": {"uv": [3, 15, 11.5, 16], "rotation": 180, "texture": "#2"},
				"south": {"uv": [3, 15, 11.5, 16], "rotation": 180, "texture": "#2"},
				"west": {"uv": [3, 15, 11.5, 16], "rotation": 180, "texture": "#2"},
				"up": {"uv": [3, 15, 11.5, 16], "rotation": 180, "texture": "#2"},
				"down": {"uv": [3, 15, 11.5, 16], "rotation": 180, "texture": "#2"}
			}
		},
		{
			"name": "hexadecagon",
			"from": [11.95, 16.57544, 10.113],
			"to": [12.45, 17.27544, 10.41137],
			"rotation": {"angle": 22.5, "axis": "x", "origin": [12.05, 16.32544, 10.73881]},
			"faces": {
				"north": {"uv": [3, 15, 11.5, 16], "rotation": 180, "texture": "#2"},
				"east": {"uv": [3, 15, 11.5, 16], "rotation": 180, "texture": "#2"},
				"south": {"uv": [3, 15, 11.5, 16], "rotation": 180, "texture": "#2"},
				"west": {"uv": [3, 15, 11.5, 16], "rotation": 180, "texture": "#2"},
				"up": {"uv": [3, 15, 11.5, 16], "rotation": 180, "texture": "#2"},
				"down": {"uv": [3, 15, 11.5, 16], "rotation": 180, "texture": "#2"}
			}
		},
		{
			"name": "hexadecagon",
			"from": [11.95, 15.22127, 11.60838],
			"to": [12.45, 15.97127, 11.90675],
			"rotation": {"angle": 22.5, "axis": "x", "origin": [12, 14.92127, 11.75756]},
			"faces": {
				"north": {"uv": [3, 15, 11.5, 16], "texture": "#2"},
				"east": {"uv": [3, 15, 11.5, 16], "texture": "#2"},
				"south": {"uv": [3, 15, 11.5, 16], "texture": "#2"},
				"west": {"uv": [3, 15, 11.5, 16], "texture": "#2"},
				"up": {"uv": [3, 15, 11.5, 16], "texture": "#2"},
				"down": {"uv": [3, 15, 11.5, 16], "texture": "#2"}
			}
		},
		{
			"name": "hexadecagon",
			"from": [11.95, 15.83425, 11.99884],
			"to": [12.45, 16.83425, 12.29721],
			"rotation": {"angle": 0, "axis": "y", "origin": [12.45, 15.72007, 12.2745]},
			"faces": {
				"north": {"uv": [3, 15, 11.5, 16], "texture": "#2"},
				"east": {"uv": [3, 15, 11.5, 16], "texture": "#2"},
				"south": {"uv": [3, 15, 11.5, 16], "texture": "#2"},
				"west": {"uv": [3, 15, 11.5, 16], "texture": "#2"},
				"up": {"uv": [3, 15, 11.5, 16], "texture": "#2"},
				"down": {"uv": [3, 15, 11.5, 16], "texture": "#2"}
			}
		},
		{
			"name": "hexadecagon",
			"from": [11.95, 16.8, 12.125],
			"to": [12.45, 17.5, 12.42337],
			"rotation": {"angle": -22.5, "axis": "x", "origin": [12, 16.5, 12.27418]},
			"faces": {
				"north": {"uv": [3, 15, 11.5, 16], "texture": "#2"},
				"east": {"uv": [3, 15, 11.5, 16], "texture": "#2"},
				"south": {"uv": [3, 15, 11.5, 16], "texture": "#2"},
				"west": {"uv": [3, 15, 11.5, 16], "texture": "#2"},
				"up": {"uv": [3, 15, 11.5, 16], "texture": "#2"},
				"down": {"uv": [3, 15, 11.5, 16], "texture": "#2"}
			}
		},
		{
			"from": [6.5, 16.8, 13.25],
			"to": [9.5, 17.55, 13.5],
			"rotation": {"angle": 0, "axis": "y", "origin": [14, 24.8, 22]},
			"faces": {
				"north": {"uv": [0, 0, 3, 0.75], "texture": "#2"},
				"east": {"uv": [0, 0, 0.25, 0.75], "texture": "#2"},
				"south": {"uv": [0.75, 12.25, 3.75, 13], "texture": "#2"},
				"west": {"uv": [0, 0, 0.25, 0.75], "texture": "#2"},
				"up": {"uv": [0, 0, 3, 0.25], "texture": "#2"},
				"down": {"uv": [0, 0, 3, 0.25], "texture": "#2"}
			}
		},
		{
			"from": [6.5, 15.6, 13.25],
			"to": [9.5, 16.35, 13.5],
			"rotation": {"angle": 0, "axis": "y", "origin": [14, 23.6, 22]},
			"faces": {
				"north": {"uv": [0, 0, 3, 0.75], "texture": "#2"},
				"east": {"uv": [0, 0, 0.25, 0.75], "texture": "#2"},
				"south": {"uv": [0.75, 12.25, 3.75, 13], "texture": "#2"},
				"west": {"uv": [0, 0, 0.25, 0.75], "texture": "#2"},
				"up": {"uv": [0, 0, 3, 0.25], "texture": "#2"},
				"down": {"uv": [0, 0, 3, 0.25], "texture": "#2"}
			}
		},
		{
			"from": [6.5, 14.4, 13.25],
			"to": [9.5, 15.15, 13.5],
			"rotation": {"angle": 0, "axis": "y", "origin": [14, 22.4, 22]},
			"faces": {
				"north": {"uv": [0, 0, 3, 0.75], "texture": "#2"},
				"east": {"uv": [0, 0, 0.25, 0.75], "texture": "#2"},
				"south": {"uv": [0.75, 12.25, 3.75, 13], "texture": "#2"},
				"west": {"uv": [0, 0, 0.25, 0.75], "texture": "#2"},
				"up": {"uv": [0, 0, 3, 0.25], "texture": "#2"},
				"down": {"uv": [0, 0, 3, 0.25], "texture": "#2"}
			}
		}
	],
	"display": {
		"thirdperson_righthand": {
			"rotation": [28, 57, 0],
			"translation": [0, 0, -1.25],
			"scale": [0.44, 0.44, 0.47]
		},
		"thirdperson_lefthand": {
			"rotation": [28, 57, 0],
			"translation": [0, 0, -1.25],
			"scale": [0.44, 0.44, 0.47]
		},
		"firstperson_righthand": {
			"rotation": [0, 102, 0],
			"translation": [5.75, -2.25, 0],
			"scale": [0.75, 0.75, 0.75]
		},
		"firstperson_lefthand": {
			"rotation": [0, 102, 0],
			"translation": [5.75, -2.25, 0],
			"scale": [0.75, 0.75, 0.75]
		},
		"gui": {
			"rotation": [-29, -149, 0],
			"scale": [0.6, 0.6, 0.6]
		},
		"head": {
			"translation": [0, -32, -1.25],
			"scale": [1.58, 1.58, 2.01]
		},
		"fixed": {
			"translation": [0, -1.75, 0]
		}
	},
	"groups": [
		{
			"name": "Leg 1",
			"origin": [13.91392, 9.5, 5.62806],
			"children": [0, 1, 2, 3, 4, 5, 6, 7, 8, 9, 10, 11, 12, 13, 14, 15, 16, 17, 18, 19, 20, 21]
		},
		{
			"name": "Leg 2",
			"origin": [13.91392, 9.5, 5.62806],
			"children": [22, 23, 24, 25, 26, 27, 28, 29, 30, 31, 32, 33, 34, 35, 36, 37, 38, 39, 40, 41, 42, 43]
		},
		{
			"name": "Feet",
			"origin": [13, 8, 14],
			"children": [44, 45, 46, 47, 48, 49, 50, 51, 52, 53, 54, 55, 56, 57]
		},
		{
			"name": "group",
			"origin": [17.29289, 20.95711, 12.2],
			"children": [58, 59, 60, 61, 62, 63, 64, 65, 66, 67, 68, 69]
		},
		{
			"name": "hexadecagon",
			"origin": [8, 8, 8],
			"children": [70, 71, 72, 73, 74, 75, 76, 77]
		},
		{
			"name": "hexadecagon",
			"origin": [8, 8, 8],
			"children": [78, 79, 80, 81, 82, 83, 84, 85]
		},
		{
			"name": "hexadecagon",
			"origin": [8, 8, 8],
			"children": [86, 87, 88, 89, 90, 91, 92, 93]
		},
		{
			"name": "group",
			"origin": [3.95, 16.04674, 6.52663],
			"children": [94, 95, 96, 97]
		},
		{
			"name": "group",
			"origin": [26, 8, -10.5],
			"children": [98, 99, 100, 101]
		},
		{
			"name": "group",
			"origin": [18, 13, -10],
			"children": [102, 103]
		},
		{
			"name": "hexadecagon",
			"origin": [8, 8, 8],
			"children": [104, 105, 106, 107, 108, 109, 110, 111]
		},
		{
			"name": "hexadecagon",
			"origin": [8, 8, 8],
			"children": [112, 113, 114, 115, 116, 117, 118, 119]
		},
		{
			"name": "group",
			"origin": [8.66973, 13.4, 5.25],
			"children": [120, 121, 122, 123]
		},
		{
			"name": "hexadecagon",
			"origin": [8, 8, 8],
			"children": [124, 125, 126, 127, 128, 129, 130, 131]
		},
		{
			"name": "group",
			"origin": [18, 25.07023, 12.2],
			"children": [132, 133, 134, 135, 136, 137, 138, 139]
		},
		{
			"name": "group",
			"origin": [17, 12, 20],
			"children": [140, 141, 142, 143, 144]
		},
		{
			"name": "group",
			"origin": [12, 16.5, 12.27418],
			"children": [145, 146, 147, 148, 149, 150]
		},
		{
			"name": "group",
			"origin": [14, 22.4, 22],
			"children": [151, 152, 153]
		}
	]
}